run,source_file,round_number,agent_id,agent_group,institution_choice,contribution,wealth_end_of_round,contribution_capacity,stage1_cap_from_end_wealth,prop_of_wealth,prop_of_capacity,prop_of_stage1_cap,note
20260731_013853,results/To_Use/simulation_llama3.1_8b_Full_scnldf_sh1_ldf1_seed1_26agents_30rounds_20260731_013853.json,1,0,developing,SFI,0.0,45768.57142857143,0.1,45768.0,0.0,0.0,0.0,proportional columns are analyst-derived; stage1_cap uses end-of-round wealth (approx)
20260731_013853,results/To_Use/simulation_llama3.1_8b_Full_scnldf_sh1_ldf1_seed1_26agents_30rounds_20260731_013853.json,1,1,developing,SFI,1000.0,34288.57142857143,0.1,34288.0,0.02916423631364053,10000.0,0.02916472235184321,proportional columns are analyst-derived; stage1_cap uses end-of-round wealth (approx)
20260731_013853,results/To_Use/simulation_llama3.1_8b_Full_scnldf_sh1_ldf1_seed1_26agents_30rounds_20260731_013853.json,1,2,developed,SI,30000.0,1845699.3333333333,1.0,1845699.0,0.016254001644904967,30000.0,0.01625400458037849,proportional columns are analyst-derived; stage1_cap uses end-of-round wealth (approx)
20260731_013853,results/To_Use/simulation_llama3.1_8b_Full_scnldf_sh1_ldf1_seed1_26agents_30rounds_20260731_013853.json,1,3,developed,SI,0.0,1875073.3333333333,1.0,1875073.0,0.0,0.0,0.0,proportional columns are analyst-derived; stage1_cap uses end-of-round wealth (approx)
20260731_013853,results/To_Use/simulation_llama3.1_8b_Full_scnldf_sh1_ldf1_seed1_26agents_30rounds_20260731_013853.json,1,4,developing,SFI,100.0,3608.5714285714284,0.1,3608.0,0.027711797307996833,1000.0,0.02771618625277162,proportional columns are analyst-derived; stage1_cap uses end-of-round wealth (approx)
20260731_013853,results/To_Use/simulation_llama3.1_8b_Full_scnldf_sh1_ldf1_seed1_26agents_30rounds_20260731_013853.json,1,5,developed,SI,0.0,5953827.333333333,1.0,5953827.0,0.0,0.0,0.0,proportional columns are analyst-derived; stage1_cap uses end-of-round wealth (approx)
20260731_013853,results/To_Use/simulation_llama3.1_8b_Full_scnldf_sh1_ldf1_seed1_26agents_30rounds_20260731_013853.json,1,6,developed,SI,200000.0,3450683.333333333,1.0,3450683.0,0.057959534584937286,200000.0,0.05795954018378391,proportional columns are analyst-derived; stage1_cap uses end-of-round wealth (approx)
20260731_013853,results/To_Use/simulation_llama3.1_8b_Full_scnldf_sh1_ldf1_seed1_26agents_30rounds_20260731_013853.json,1,7,developing,SFI,0.0,26998.571428571428,0.1,26998.0,0.0,0.0,0.0,proportional columns are analyst-derived; stage1_cap uses end-of-round wealth (approx)
20260731_013853,results/To_Use/simulation_llama3.1_8b_Full_scnldf_sh1_ldf1_seed1_26agents_30rounds_20260731_013853.json,1,8,developing,SFI,0.0,365088.5714285714,0.1,365088.0,0.0,0.0,0.0,proportional columns are analyst-derived; stage1_cap uses end-of-round wealth (approx)
20260731_013853,results/To_Use/simulation_llama3.1_8b_Full_scnldf_sh1_ldf1_seed1_26agents_30rounds_20260731_013853.json,1,9,developing,SFI,0.0,381648.5714285714,0.1,381648.0,0.0,0.0,0.0,proportional columns are analyst-derived; stage1_cap uses end-of-round wealth (approx)
20260731_013853,results/To_Use/simulation_llama3.1_8b_Full_scnldf_sh1_ldf1_seed1_26agents_30rounds_20260731_013853.json,1,10,developed,SI,0.0,2200178.333333333,1.0,2200178.0,0.0,0.0,0.0,proportional columns are analyst-derived; stage1_cap uses end-of-round wealth (approx)
20260731_013853,results/To_Use/simulation_llama3.1_8b_Full_scnldf_sh1_ldf1_seed1_26agents_30rounds_20260731_013853.json,1,11,developing,SFI,0.0,409378.5714285714,0.1,409378.0,0.0,0.0,0.0,proportional columns are analyst-derived; stage1_cap uses end-of-round wealth (approx)
20260731_013853,results/To_Use/simulation_llama3.1_8b_Full_scnldf_sh1_ldf1_seed1_26agents_30rounds_20260731_013853.json,1,12,developing,SFI,0.0,534288.5714285715,0.1,534288.0,0.0,0.0,0.0,proportional columns are analyst-derived; stage1_cap uses end-of-round wealth (approx)
20260731_013853,results/To_Use/simulation_llama3.1_8b_Full_scnldf_sh1_ldf1_seed1_26agents_30rounds_20260731_013853.json,1,13,developed,SI,22500.0,29998368.333333332,1.0,29998368.0,0.0007500407938854008,22500.0,0.0007500408022196408,proportional columns are analyst-derived; stage1_cap uses end-of-round wealth (approx)
20260731_013853,results/To_Use/simulation_llama3.1_8b_Full_scnldf_sh1_ldf1_seed1_26agents_30rounds_20260731_013853.json,1,14,developed,SI,880000.0,2153976.333333333,1.0,2153976.0,0.4085467358121701,880000.0,0.4085467990358296,proportional columns are analyst-derived; stage1_cap uses end-of-round wealth (approx)
20260731_013853,results/To_Use/simulation_llama3.1_8b_Full_scnldf_sh1_ldf1_seed1_26agents_30rounds_20260731_013853.json,1,15,developing,SFI,1000.0,7188.571428571428,0.1,7188.0,0.13910969793322736,10000.0,0.13912075681691707,proportional columns are analyst-derived; stage1_cap uses end-of-round wealth (approx)
20260731_013853,results/To_Use/simulation_llama3.1_8b_Full_scnldf_sh1_ldf1_seed1_26agents_30rounds_20260731_013853.json,1,16,developed,SI,1200000.0,2310919.333333333,1.0,2310919.0,0.5192738589750284,1200000.0,0.5192739338765228,proportional columns are analyst-derived; stage1_cap uses end-of-round wealth (approx)
20260731_013853,results/To_Use/simulation_llama3.1_8b_Full_scnldf_sh1_ldf1_seed1_26agents_30rounds_20260731_013853.json,1,17,developing,SFI,0.0,379288.5714285714,0.1,379288.0,0.0,0.0,0.0,proportional columns are analyst-derived; stage1_cap uses end-of-round wealth (approx)
20260731_013853,results/To_Use/simulation_llama3.1_8b_Full_scnldf_sh1_ldf1_seed1_26agents_30rounds_20260731_013853.json,1,18,developing,SFI,11800.0,108588.57142857143,0.1,108588.0,0.10866705257064674,118000.0,0.10866762441522083,proportional columns are analyst-derived; stage1_cap uses end-of-round wealth (approx)
20260731_013853,results/To_Use/simulation_llama3.1_8b_Full_scnldf_sh1_ldf1_seed1_26agents_30rounds_20260731_013853.json,1,19,developing,SFI,0.0,165288.57142857142,0.1,165288.0,0.0,0.0,0.0,proportional columns are analyst-derived; stage1_cap uses end-of-round wealth (approx)
20260731_013853,results/To_Use/simulation_llama3.1_8b_Full_scnldf_sh1_ldf1_seed1_26agents_30rounds_20260731_013853.json,1,20,developing,SFI,0.0,1111588.5714285714,0.1,1111588.0,0.0,0.0,0.0,proportional columns are analyst-derived; stage1_cap uses end-of-round wealth (approx)
20260731_013853,results/To_Use/simulation_llama3.1_8b_Full_scnldf_sh1_ldf1_seed1_26agents_30rounds_20260731_013853.json,1,21,developed,SI,2000000.0,2962962.333333333,1.0,2962962.0,0.6750001434375306,2000000.0,0.6750002193750713,proportional columns are analyst-derived; stage1_cap uses end-of-round wealth (approx)
20260731_013853,results/To_Use/simulation_llama3.1_8b_Full_scnldf_sh1_ldf1_seed1_26agents_30rounds_20260731_013853.json,1,22,developed,SI,1210000.0,1273171.3333333333,1.0,1273171.0,0.9503826926671823,1210000.0,0.9503829414901848,proportional columns are analyst-derived; stage1_cap uses end-of-round wealth (approx)
20260731_013853,results/To_Use/simulation_llama3.1_8b_Full_scnldf_sh1_ldf1_seed1_26agents_30rounds_20260731_013853.json,1,23,developed,SI,4000000.0,1296995.333333333,1.0,1296995.0,3.084051189081637,4000000.0,3.0840519816961516,proportional columns are analyst-derived; stage1_cap uses end-of-round wealth (approx)
20260731_013853,results/To_Use/simulation_llama3.1_8b_Full_scnldf_sh1_ldf1_seed1_26agents_30rounds_20260731_013853.json,1,24,developing,SFI,0.0,2331588.5714285714,0.1,2331588.0,0.0,0.0,0.0,proportional columns are analyst-derived; stage1_cap uses end-of-round wealth (approx)
20260731_013853,results/To_Use/simulation_llama3.1_8b_Full_scnldf_sh1_ldf1_seed1_26agents_30rounds_20260731_013853.json,1,25,developed,SI,0.0,4427099.333333333,1.0,4427099.0,0.0,0.0,0.0,proportional columns are analyst-derived; stage1_cap uses end-of-round wealth (approx)
20260731_013853,results/To_Use/simulation_llama3.1_8b_Full_scnldf_sh1_ldf1_seed1_26agents_30rounds_20260731_013853.json,2,0,developing,SFI,1069.0,90618.77142857143,0.1,90618.0,0.011796672843248812,10690.0,0.01179677326800415,proportional columns are analyst-derived; stage1_cap uses end-of-round wealth (approx)
20260731_013853,results/To_Use/simulation_llama3.1_8b_Full_scnldf_sh1_ldf1_seed1_26agents_30rounds_20260731_013853.json,2,1,developing,SFI,0.0,80207.77142857143,0.1,80207.0,0.0,0.0,0.0,proportional columns are analyst-derived; stage1_cap uses end-of-round wealth (approx)
20260731_013853,results/To_Use/simulation_llama3.1_8b_Full_scnldf_sh1_ldf1_seed1_26agents_30rounds_20260731_013853.json,2,2,developed,SI,500000.0,4662554.333333333,1.0,4662554.0,0.10723735623313202,500000.0,0.10723736389969961,proportional columns are analyst-derived; stage1_cap uses end-of-round wealth (approx)
20260731_013853,results/To_Use/simulation_llama3.1_8b_Full_scnldf_sh1_ldf1_seed1_26agents_30rounds_20260731_013853.json,2,3,developed,SI,100000.0,5083896.333333333,1.0,5083896.0,0.019669952619673796,100000.0,0.019669953909364,proportional columns are analyst-derived; stage1_cap uses end-of-round wealth (approx)
20260731_013853,results/To_Use/simulation_llama3.1_8b_Full_scnldf_sh1_ldf1_seed1_26agents_30rounds_20260731_013853.json,2,4,developing,SFI,0.0,49527.77142857143,0.1,49527.0,0.0,0.0,0.0,proportional columns are analyst-derived; stage1_cap uses end-of-round wealth (approx)
20260731_013853,results/To_Use/simulation_llama3.1_8b_Full_scnldf_sh1_ldf1_seed1_26agents_30rounds_20260731_013853.json,2,5,developed,SI,2000000.0,7268788.333333333,1.0,7268788.0,0.2751490218566919,2000000.0,0.2751490344745231,proportional columns are analyst-derived; stage1_cap uses end-of-round wealth (approx)
20260731_013853,results/To_Use/simulation_llama3.1_8b_Full_scnldf_sh1_ldf1_seed1_26agents_30rounds_20260731_013853.json,2,6,developed,SI,300000.0,6467445.333333333,1.0,6467445.0,0.04638616710895018,300000.0,0.04638616949970197,proportional columns are analyst-derived; stage1_cap uses end-of-round wealth (approx)
20260731_013853,results/To_Use/simulation_llama3.1_8b_Full_scnldf_sh1_ldf1_seed1_26agents_30rounds_20260731_013853.json,2,7,developing,SFI,1000.0,71917.77142857143,0.1,71917.0,0.013904769017949865,10000.0,0.013904918169556572,proportional columns are analyst-derived; stage1_cap uses end-of-round wealth (approx)
20260731_013853,results/To_Use/simulation_llama3.1_8b_Full_scnldf_sh1_ldf1_seed1_26agents_30rounds_20260731_013853.json,2,8,developing,SFI,1069.0,409938.77142857143,0.1,409938.0,0.0026077065027899286,10690.0,0.0026077114100181,proportional columns are analyst-derived; stage1_cap uses end-of-round wealth (approx)
20260731_013853,results/To_Use/simulation_llama3.1_8b_Full_scnldf_sh1_ldf1_seed1_26agents_30rounds_20260731_013853.json,2,9,developing,SFI,381648.0,45919.77142857143,0.1,45919.0,8.311191195575885,3816480.0,8.311330821664235,proportional columns are analyst-derived; stage1_cap uses end-of-round wealth (approx)
20260731_013853,results/To_Use/simulation_llama3.1_8b_Full_scnldf_sh1_ldf1_seed1_26agents_30rounds_20260731_013853.json,2,10,developed,SI,120000.0,5394520.333333333,1.0,5394520.0,0.022244795196804956,120000.0,0.022244796571335355,proportional columns are analyst-derived; stage1_cap uses end-of-round wealth (approx)
20260731_013853,results/To_Use/simulation_llama3.1_8b_Full_scnldf_sh1_ldf1_seed1_26agents_30rounds_20260731_013853.json,2,11,developing,SFI,1000.0,454297.77142857143,0.1,454297.0,0.002201199439863923,10000.0,0.002201203177656907,proportional columns are analyst-derived; stage1_cap uses end-of-round wealth (approx)
20260731_013853,results/To_Use/simulation_llama3.1_8b_Full_scnldf_sh1_ldf1_seed1_26agents_30rounds_20260731_013853.json,2,12,developing,SFI,1069.0,579138.7714285714,0.1,579138.0,0.0018458442997402497,10690.0,0.0018458467584582603,proportional columns are analyst-derived; stage1_cap uses end-of-round wealth (approx)
20260731_013853,results/To_Use/simulation_llama3.1_8b_Full_scnldf_sh1_ldf1_seed1_26agents_30rounds_20260731_013853.json,2,13,developed,SI,15000000.0,18310797.333333332,1.0,18310797.0,0.8191887948371155,15000000.0,0.8191888097497886,proportional columns are analyst-derived; stage1_cap uses end-of-round wealth (approx)
20260731_013853,results/To_Use/simulation_llama3.1_8b_Full_scnldf_sh1_ldf1_seed1_26agents_30rounds_20260731_013853.json,2,14,developed,SI,880000.0,4590916.333333333,1.0,4590916.0,0.1916828659260399,880000.0,0.19168287984358676,proportional columns are analyst-derived; stage1_cap uses end-of-round wealth (approx)
20260731_013853,results/To_Use/simulation_llama3.1_8b_Full_scnldf_sh1_ldf1_seed1_26agents_30rounds_20260731_013853.json,2,15,developing,SFI,0.0,53107.77142857143,0.1,53107.0,0.0,0.0,0.0,proportional columns are analyst-derived; stage1_cap uses end-of-round wealth (approx)
20260731_013853,results/To_Use/simulation_llama3.1_8b_Full_scnldf_sh1_ldf1_seed1_26agents_30rounds_20260731_013853.json,2,16,developed,SI,1200000.0,4427824.333333333,1.0,4427824.0,0.271013461615046,1200000.0,0.2710134820173521,proportional columns are analyst-derived; stage1_cap uses end-of-round wealth (approx)
20260731_013853,results/To_Use/simulation_llama3.1_8b_Full_scnldf_sh1_ldf1_seed1_26agents_30rounds_20260731_013853.json,2,17,developing,SFI,1000.0,424207.77142857143,0.1,424207.0,0.0023573354081477056,10000.0,0.00235733969500739,proportional columns are analyst-derived; stage1_cap uses end-of-round wealth (approx)
20260731_013853,results/To_Use/simulation_llama3.1_8b_Full_scnldf_sh1_ldf1_seed1_26agents_30rounds_20260731_013853.json,2,18,developing,SFI,11800.0,142707.77142857143,0.1,142707.0,0.08268645695939675,118000.0,0.08268690393603677,proportional columns are analyst-derived; stage1_cap uses end-of-round wealth (approx)
20260731_013853,results/To_Use/simulation_llama3.1_8b_Full_scnldf_sh1_ldf1_seed1_26agents_30rounds_20260731_013853.json,2,19,developing,SFI,1069.0,210138.77142857143,0.1,210138.0,0.005087114542131819,10690.0,0.005087133217219161,proportional columns are analyst-derived; stage1_cap uses end-of-round wealth (approx)
20260731_013853,results/To_Use/simulation_llama3.1_8b_Full_scnldf_sh1_ldf1_seed1_26agents_30rounds_20260731_013853.json,2,20,developing,SFI,1069.0,1156438.7714285713,0.1,1156438.0,0.0009243896230489085,10690.0,0.0009243902396842719,proportional columns are analyst-derived; stage1_cap uses end-of-round wealth (approx)
20260731_013853,results/To_Use/simulation_llama3.1_8b_Full_scnldf_sh1_ldf1_seed1_26agents_30rounds_20260731_013853.json,2,21,developed,SI,2962962.0,3319504.333333333,1.0,3319504.0,0.8925916951657341,2962962.0,0.8925917847967648,proportional columns are analyst-derived; stage1_cap uses end-of-round wealth (approx)
20260731_013853,results/To_Use/simulation_llama3.1_8b_Full_scnldf_sh1_ldf1_seed1_26agents_30rounds_20260731_013853.json,2,22,developed,SI,1210000.0,3380071.333333333,1.0,3380071.0,0.3579806106656132,1210000.0,0.35798064596867935,proportional columns are analyst-derived; stage1_cap uses end-of-round wealth (approx)
20260731_013853,results/To_Use/simulation_llama3.1_8b_Full_scnldf_sh1_ldf1_seed1_26agents_30rounds_20260731_013853.json,2,23,developed,SI,503863.0,4110007.333333333,1.0,4110007.0,0.1225941851523055,503863.0,0.12259419509504485,proportional columns are analyst-derived; stage1_cap uses end-of-round wealth (approx)
20260731_013853,results/To_Use/simulation_llama3.1_8b_Full_scnldf_sh1_ldf1_seed1_26agents_30rounds_20260731_013853.json,2,24,developing,SFI,0.0,2377507.7714285715,0.1,2377507.0,0.0,0.0,0.0,proportional columns are analyst-derived; stage1_cap uses end-of-round wealth (approx)
20260731_013853,results/To_Use/simulation_llama3.1_8b_Full_scnldf_sh1_ldf1_seed1_26agents_30rounds_20260731_013853.json,2,25,developed,SI,100000.0,7639167.333333333,1.0,7639167.0,0.013090431932764749,100000.0,0.013090432503962801,proportional columns are analyst-derived; stage1_cap uses end-of-round wealth (approx)
20260731_013853,results/To_Use/simulation_llama3.1_8b_Full_scnldf_sh1_ldf1_seed1_26agents_30rounds_20260731_013853.json,3,0,developing,SFI,0.0,157172.0285714286,0.1,157172.0,0.0,0.0,0.0,proportional columns are analyst-derived; stage1_cap uses end-of-round wealth (approx)
20260731_013853,results/To_Use/simulation_llama3.1_8b_Full_scnldf_sh1_ldf1_seed1_26agents_30rounds_20260731_013853.json,3,1,developing,SFI,1069.0,145692.0285714286,0.1,145692.0,0.007337395260962409,10690.0,0.007337396699887434,proportional columns are analyst-derived; stage1_cap uses end-of-round wealth (approx)
20260731_013853,results/To_Use/simulation_llama3.1_8b_Full_scnldf_sh1_ldf1_seed1_26agents_30rounds_20260731_013853.json,3,2,developed,SI,500000.0,6983910.8,1.0,6983910.0,0.07159312515847138,500000.0,0.07159313335939324,proportional columns are analyst-derived; stage1_cap uses end-of-round wealth (approx)
20260731_013853,results/To_Use/simulation_llama3.1_8b_Full_scnldf_sh1_ldf1_seed1_26agents_30rounds_20260731_013853.json,3,3,developed,SI,5083896.0,2600761.8,1.0,2600761.0,1.9547718672275178,5083896.0,1.954772468519791,proportional columns are analyst-derived; stage1_cap uses end-of-round wealth (approx)
20260731_013853,results/To_Use/simulation_llama3.1_8b_Full_scnldf_sh1_ldf1_seed1_26agents_30rounds_20260731_013853.json,3,4,developing,SFI,20000.0,96081.02857142859,0.1,96081.0,0.20815763837427692,200000.0,0.20815770027372738,proportional columns are analyst-derived; stage1_cap uses end-of-round wealth (approx)
20260731_013853,results/To_Use/simulation_llama3.1_8b_Full_scnldf_sh1_ldf1_seed1_26agents_30rounds_20260731_013853.json,3,5,developed,SI,4000000.0,6126443.8,1.0,6126443.0,0.6529073195774684,4000000.0,0.6529074048350731,proportional columns are analyst-derived; stage1_cap uses end-of-round wealth (approx)
20260731_013853,results/To_Use/simulation_llama3.1_8b_Full_scnldf_sh1_ldf1_seed1_26agents_30rounds_20260731_013853.json,3,6,developed,SI,4000000.0,5298764.8,1.0,5298764.0,0.7548929139108043,4000000.0,0.7548930278834838,proportional columns are analyst-derived; stage1_cap uses end-of-round wealth (approx)
20260731_013853,results/To_Use/simulation_llama3.1_8b_Full_scnldf_sh1_ldf1_seed1_26agents_30rounds_20260731_013853.json,3,7,developing,SFI,10000.0,128471.02857142859,0.1,128471.0,0.07783856104522509,100000.0,0.0778385783562049,proportional columns are analyst-derived; stage1_cap uses end-of-round wealth (approx)
20260731_013853,results/To_Use/simulation_llama3.1_8b_Full_scnldf_sh1_ldf1_seed1_26agents_30rounds_20260731_013853.json,3,8,developing,SFI,200000.0,276492.0285714286,0.1,276492.0,0.7233481595594436,2000000.0,0.72334823430696,proportional columns are analyst-derived; stage1_cap uses end-of-round wealth (approx)
20260731_013853,results/To_Use/simulation_llama3.1_8b_Full_scnldf_sh1_ldf1_seed1_26agents_30rounds_20260731_013853.json,3,9,developing,SFI,45919.0,66554.02857142859,0.1,66554.0,0.6899507210253666,459190.0,0.6899510172191002,proportional columns are analyst-derived; stage1_cap uses end-of-round wealth (approx)
20260731_013853,results/To_Use/simulation_llama3.1_8b_Full_scnldf_sh1_ldf1_seed1_26agents_30rounds_20260731_013853.json,3,10,developed,SI,100000.0,8112013.8,1.0,8112013.0,0.012327395202409542,100000.0,0.012327396418127043,proportional columns are analyst-derived; stage1_cap uses end-of-round wealth (approx)
20260731_013853,results/To_Use/simulation_llama3.1_8b_Full_scnldf_sh1_ldf1_seed1_26agents_30rounds_20260731_013853.json,3,11,developing,SFI,30830.0,490021.0285714286,0.1,490021.0,0.06291566729264562,308300.0,0.06291567096104045,proportional columns are analyst-derived; stage1_cap uses end-of-round wealth (approx)
20260731_013853,results/To_Use/simulation_llama3.1_8b_Full_scnldf_sh1_ldf1_seed1_26agents_30rounds_20260731_013853.json,3,12,developing,SFI,30824.0,614868.0285714286,0.1,614868.0,0.050131082716425884,308240.0,0.05013108504589603,proportional columns are analyst-derived; stage1_cap uses end-of-round wealth (approx)
20260731_013853,results/To_Use/simulation_llama3.1_8b_Full_scnldf_sh1_ldf1_seed1_26agents_30rounds_20260731_013853.json,3,13,developed,SI,120000.0,21006013.799999997,1.0,21006013.0,0.005712649774608832,120000.0,0.005712649992171289,proportional columns are analyst-derived; stage1_cap uses end-of-round wealth (approx)
20260731_013853,results/To_Use/simulation_llama3.1_8b_Full_scnldf_sh1_ldf1_seed1_26agents_30rounds_20260731_013853.json,3,14,developed,SI,0.0,6640942.8,1.0,6640942.0,0.0,0.0,0.0,proportional columns are analyst-derived; stage1_cap uses end-of-round wealth (approx)
20260731_013853,results/To_Use/simulation_llama3.1_8b_Full_scnldf_sh1_ldf1_seed1_26agents_30rounds_20260731_013853.json,3,15,developing,SFI,0.0,119661.02857142859,0.1,119661.0,0.0,0.0,0.0,proportional columns are analyst-derived; stage1_cap uses end-of-round wealth (approx)
20260731_013853,results/To_Use/simulation_llama3.1_8b_Full_scnldf_sh1_ldf1_seed1_26agents_30rounds_20260731_013853.json,3,16,developed,SI,1200000.0,6056566.8,1.0,6056566.0,0.19813205065285502,1200000.0,0.19813207682373146,proportional columns are analyst-derived; stage1_cap uses end-of-round wealth (approx)
20260731_013853,results/To_Use/simulation_llama3.1_8b_Full_scnldf_sh1_ldf1_seed1_26agents_30rounds_20260731_013853.json,3,17,developing,SFI,30830.0,459931.0285714286,0.1,459931.0,0.06703178973542989,308300.0,0.06703179389951971,proportional columns are analyst-derived; stage1_cap uses end-of-round wealth (approx)
20260731_013853,results/To_Use/simulation_llama3.1_8b_Full_scnldf_sh1_ldf1_seed1_26agents_30rounds_20260731_013853.json,3,18,developing,SFI,11800.0,197461.0285714286,0.1,197461.0,0.05975862723581188,118000.0,0.0597586358825287,proportional columns are analyst-derived; stage1_cap uses end-of-round wealth (approx)
20260731_013853,results/To_Use/simulation_llama3.1_8b_Full_scnldf_sh1_ldf1_seed1_26agents_30rounds_20260731_013853.json,3,19,developing,SFI,1069.0,275623.0285714286,0.1,275623.0,0.0038784857910483528,10690.0,0.0038784861930970926,proportional columns are analyst-derived; stage1_cap uses end-of-round wealth (approx)
20260731_013853,results/To_Use/simulation_llama3.1_8b_Full_scnldf_sh1_ldf1_seed1_26agents_30rounds_20260731_013853.json,3,20,developing,SFI,100000.0,1122992.0285714285,0.1,1122992.0,0.08904782710453536,1000000.0,0.08904782937011127,proportional columns are analyst-derived; stage1_cap uses end-of-round wealth (approx)
20260731_013853,results/To_Use/simulation_llama3.1_8b_Full_scnldf_sh1_ldf1_seed1_26agents_30rounds_20260731_013853.json,3,21,developed,SI,2000000.0,4151780.8,1.0,4151780.0,0.4817210002994378,2000000.0,0.4817210931215045,proportional columns are analyst-derived; stage1_cap uses end-of-round wealth (approx)
20260731_013853,results/To_Use/simulation_llama3.1_8b_Full_scnldf_sh1_ldf1_seed1_26agents_30rounds_20260731_013853.json,3,22,developed,SI,1210000.0,4994073.8,1.0,4994073.0,0.24228716844352602,1210000.0,0.24228720725548064,proportional columns are analyst-derived; stage1_cap uses end-of-round wealth (approx)
20260731_013853,results/To_Use/simulation_llama3.1_8b_Full_scnldf_sh1_ldf1_seed1_26agents_30rounds_20260731_013853.json,3,23,developed,SI,1500000.0,5441269.8,1.0,5441269.0,0.2756709472483794,1500000.0,0.27567098777876997,proportional columns are analyst-derived; stage1_cap uses end-of-round wealth (approx)
20260731_013853,results/To_Use/simulation_llama3.1_8b_Full_scnldf_sh1_ldf1_seed1_26agents_30rounds_20260731_013853.json,3,24,developing,SFI,100000.0,2344061.0285714287,0.1,2344061.0,0.04266100531561001,1000000.0,0.04266100583559899,proportional columns are analyst-derived; stage1_cap uses end-of-round wealth (approx)
20260731_013853,results/To_Use/simulation_llama3.1_8b_Full_scnldf_sh1_ldf1_seed1_26agents_30rounds_20260731_013853.json,3,25,developed,SI,1500000.0,8966691.8,1.0,8966691.0,0.1672857764554816,1500000.0,0.16728579138056615,proportional columns are analyst-derived; stage1_cap uses end-of-round wealth (approx)
20260731_013853,results/To_Use/simulation_llama3.1_8b_Full_scnldf_sh1_ldf1_seed1_26agents_30rounds_20260731_013853.json,4,0,developing,SFI,0.0,182850.2,0.1,182850.0,0.0,0.0,0.0,proportional columns are analyst-derived; stage1_cap uses end-of-round wealth (approx)
20260731_013853,results/To_Use/simulation_llama3.1_8b_Full_scnldf_sh1_ldf1_seed1_26agents_30rounds_20260731_013853.json,4,1,developing,SFI,1069.0,170301.2,0.1,170301.0,0.006277113725563883,10690.0,0.00627712109735116,proportional columns are analyst-derived; stage1_cap uses end-of-round wealth (approx)
20260731_013853,results/To_Use/simulation_llama3.1_8b_Full_scnldf_sh1_ldf1_seed1_26agents_30rounds_20260731_013853.json,4,2,developed,SI,1500000.0,7598854.466666667,1.0,7598854.0,0.1973981744985299,1500000.0,0.19739818662129843,proportional columns are analyst-derived; stage1_cap uses end-of-round wealth (approx)
20260731_013853,results/To_Use/simulation_llama3.1_8b_Full_scnldf_sh1_ldf1_seed1_26agents_30rounds_20260731_013853.json,4,3,developed,SI,1466364.0,3533603.4666666663,1.0,3533603.0,0.4149769530827568,1466364.0,0.4149770078868509,proportional columns are analyst-derived; stage1_cap uses end-of-round wealth (approx)
20260731_013853,results/To_Use/simulation_llama3.1_8b_Full_scnldf_sh1_ldf1_seed1_26agents_30rounds_20260731_013853.json,4,4,developing,SFI,10000.0,111759.20000000001,0.1,111759.0,0.08947809218390969,100000.0,0.08947825231077587,proportional columns are analyst-derived; stage1_cap uses end-of-round wealth (approx)
20260731_013853,results/To_Use/simulation_llama3.1_8b_Full_scnldf_sh1_ldf1_seed1_26agents_30rounds_20260731_013853.json,4,5,developed,SI,3063221.0,5461182.466666667,1.0,5461182.0,0.5609080118997916,3063221.0,0.5609080598302711,proportional columns are analyst-derived; stage1_cap uses end-of-round wealth (approx)
20260731_013853,results/To_Use/simulation_llama3.1_8b_Full_scnldf_sh1_ldf1_seed1_26agents_30rounds_20260731_013853.json,4,6,developed,SI,5000000.0,2722447.4666666663,1.0,2722447.0,1.8365827297751105,5000000.0,1.836583044591869,proportional columns are analyst-derived; stage1_cap uses end-of-round wealth (approx)
20260731_013853,results/To_Use/simulation_llama3.1_8b_Full_scnldf_sh1_ldf1_seed1_26agents_30rounds_20260731_013853.json,4,7,developing,SFI,0.0,154149.2,0.1,154149.0,0.0,0.0,0.0,proportional columns are analyst-derived; stage1_cap uses end-of-round wealth (approx)
20260731_013853,results/To_Use/simulation_llama3.1_8b_Full_scnldf_sh1_ldf1_seed1_26agents_30rounds_20260731_013853.json,4,8,developing,SFI,0.0,302170.20000000007,0.1,302170.0,0.0,0.0,0.0,proportional columns are analyst-derived; stage1_cap uses end-of-round wealth (approx)
20260731_013853,results/To_Use/simulation_llama3.1_8b_Full_scnldf_sh1_ldf1_seed1_26agents_30rounds_20260731_013853.json,4,9,developing,SFI,38164.0,54068.20000000001,0.1,54068.0,0.7058492792436218,381640.0,0.7058518902123252,proportional columns are analyst-derived; stage1_cap uses end-of-round wealth (approx)
20260731_013853,results/To_Use/simulation_llama3.1_8b_Full_scnldf_sh1_ldf1_seed1_26agents_30rounds_20260731_013853.json,4,10,developed,SI,0.0,10502655.466666667,1.0,10502655.0,0.0,0.0,0.0,proportional columns are analyst-derived; stage1_cap uses end-of-round wealth (approx)
20260731_013853,results/To_Use/simulation_llama3.1_8b_Full_scnldf_sh1_ldf1_seed1_26agents_30rounds_20260731_013853.json,4,11,developing,SFI,30830.0,484869.20000000007,0.1,484869.0,0.06358415836683377,308300.0,0.06358418459418935,proportional columns are analyst-derived; stage1_cap uses end-of-round wealth (approx)
20260731_013853,results/To_Use/simulation_llama3.1_8b_Full_scnldf_sh1_ldf1_seed1_26agents_30rounds_20260731_013853.json,4,12,developing,SFI,30824.0,609722.2000000001,0.1,609722.0,0.050554170407441285,308240.0,0.05055418699013649,proportional columns are analyst-derived; stage1_cap uses end-of-round wealth (approx)
20260731_013853,results/To_Use/simulation_llama3.1_8b_Full_scnldf_sh1_ldf1_seed1_26agents_30rounds_20260731_013853.json,4,13,developed,SI,1200000.0,22204935.466666665,1.0,22204935.0,0.05404203951870977,1200000.0,0.05404204065447613,proportional columns are analyst-derived; stage1_cap uses end-of-round wealth (approx)
20260731_013853,results/To_Use/simulation_llama3.1_8b_Full_scnldf_sh1_ldf1_seed1_26agents_30rounds_20260731_013853.json,4,14,developed,SI,3320470.0,4994230.466666667,1.0,4994230.0,0.6648611877569607,3320470.0,0.6648612498823643,proportional columns are analyst-derived; stage1_cap uses end-of-round wealth (approx)
20260731_013853,results/To_Use/simulation_llama3.1_8b_Full_scnldf_sh1_ldf1_seed1_26agents_30rounds_20260731_013853.json,4,15,developing,SFI,44795.0,100544.20000000001,0.1,100544.0,0.4455254504983877,447950.0,0.4455263367281986,proportional columns are analyst-derived; stage1_cap uses end-of-round wealth (approx)
20260731_013853,results/To_Use/simulation_llama3.1_8b_Full_scnldf_sh1_ldf1_seed1_26agents_30rounds_20260731_013853.json,4,16,developed,SI,1200000.0,7254387.466666667,1.0,7254387.0,0.1654171362522204,1200000.0,0.16541714689332124,proportional columns are analyst-derived; stage1_cap uses end-of-round wealth (approx)
20260731_013853,results/To_Use/simulation_llama3.1_8b_Full_scnldf_sh1_ldf1_seed1_26agents_30rounds_20260731_013853.json,4,17,developing,SFI,30830.0,454779.20000000007,0.1,454779.0,0.0677911390846371,308300.0,0.06779116889742051,proportional columns are analyst-derived; stage1_cap uses end-of-round wealth (approx)
20260731_013853,results/To_Use/simulation_llama3.1_8b_Full_scnldf_sh1_ldf1_seed1_26agents_30rounds_20260731_013853.json,4,18,developing,SFI,0.0,223139.2,0.1,223139.0,0.0,0.0,0.0,proportional columns are analyst-derived; stage1_cap uses end-of-round wealth (approx)
20260731_013853,results/To_Use/simulation_llama3.1_8b_Full_scnldf_sh1_ldf1_seed1_26agents_30rounds_20260731_013853.json,4,19,developing,SFI,1069.0,300232.20000000007,0.1,300232.0,0.0035605774463898267,10690.0,0.0035605798182738683,proportional columns are analyst-derived; stage1_cap uses end-of-round wealth (approx)
20260731_013853,results/To_Use/simulation_llama3.1_8b_Full_scnldf_sh1_ldf1_seed1_26agents_30rounds_20260731_013853.json,4,20,developing,SFI,37103.0,1111567.2,0.1,1111567.0,0.03337899858865933,371030.0,0.03337900459441491,proportional columns are analyst-derived; stage1_cap uses end-of-round wealth (approx)
20260731_013853,results/To_Use/simulation_llama3.1_8b_Full_scnldf_sh1_ldf1_seed1_26agents_30rounds_20260731_013853.json,4,21,developed,SI,30830.0,6529794.466666667,1.0,6529794.0,0.004721434978908014,30830.0,0.004721435316336166,proportional columns are analyst-derived; stage1_cap uses end-of-round wealth (approx)
20260731_013853,results/To_Use/simulation_llama3.1_8b_Full_scnldf_sh1_ldf1_seed1_26agents_30rounds_20260731_013853.json,4,22,developed,SI,1210000.0,6202988.466666667,1.0,6202988.0,0.19506726580296613,1210000.0,0.1950672804783759,proportional columns are analyst-derived; stage1_cap uses end-of-round wealth (approx)
20260731_013853,results/To_Use/simulation_llama3.1_8b_Full_scnldf_sh1_ldf1_seed1_26agents_30rounds_20260731_013853.json,4,23,developed,SI,0.0,7831921.466666667,1.0,7831921.0,0.0,0.0,0.0,proportional columns are analyst-derived; stage1_cap uses end-of-round wealth (approx)
20260731_013853,results/To_Use/simulation_llama3.1_8b_Full_scnldf_sh1_ldf1_seed1_26agents_30rounds_20260731_013853.json,4,24,developing,SFI,0.0,2369739.2,0.1,2369739.0,0.0,0.0,0.0,proportional columns are analyst-derived; stage1_cap uses end-of-round wealth (approx)
20260731_013853,results/To_Use/simulation_llama3.1_8b_Full_scnldf_sh1_ldf1_seed1_26agents_30rounds_20260731_013853.json,4,25,developed,SI,0.0,11359278.466666667,1.0,11359278.0,0.0,0.0,0.0,proportional columns are analyst-derived; stage1_cap uses end-of-round wealth (approx)
20260731_013853,results/To_Use/simulation_llama3.1_8b_Full_scnldf_sh1_ldf1_seed1_26agents_30rounds_20260731_013853.json,5,0,developing,SFI,0.0,311492.2,0.1,311492.0,0.0,0.0,0.0,proportional columns are analyst-derived; stage1_cap uses end-of-round wealth (approx)
20260731_013853,results/To_Use/simulation_llama3.1_8b_Full_scnldf_sh1_ldf1_seed1_26agents_30rounds_20260731_013853.json,5,1,developing,SFI,1069.0,297874.2,0.1,297874.0,0.0035887633101490493,10690.0,0.003588765719733847,proportional columns are analyst-derived; stage1_cap uses end-of-round wealth (approx)
20260731_013853,results/To_Use/simulation_llama3.1_8b_Full_scnldf_sh1_ldf1_seed1_26agents_30rounds_20260731_013853.json,5,2,developed,SI,3799420.0,6619248.133333333,1.0,6619248.0,0.5739957051718322,3799420.0,0.5739957167339855,proportional columns are analyst-derived; stage1_cap uses end-of-round wealth (approx)
20260731_013853,results/To_Use/simulation_llama3.1_8b_Full_scnldf_sh1_ldf1_seed1_26agents_30rounds_20260731_013853.json,5,3,developed,SI,300000.0,5676238.133333333,1.0,5676238.0,0.05285190525011096,300000.0,0.05285190649158827,proportional columns are analyst-derived; stage1_cap uses end-of-round wealth (approx)
20260731_013853,results/To_Use/simulation_llama3.1_8b_Full_scnldf_sh1_ldf1_seed1_26agents_30rounds_20260731_013853.json,5,4,developing,SFI,0.0,240401.2,0.1,240401.0,0.0,0.0,0.0,proportional columns are analyst-derived; stage1_cap uses end-of-round wealth (approx)
20260731_013853,results/To_Use/simulation_llama3.1_8b_Full_scnldf_sh1_ldf1_seed1_26agents_30rounds_20260731_013853.json,5,5,developed,SI,0.0,8279134.133333333,1.0,8279134.0,0.0,0.0,0.0,proportional columns are analyst-derived; stage1_cap uses end-of-round wealth (approx)
20260731_013853,results/To_Use/simulation_llama3.1_8b_Full_scnldf_sh1_ldf1_seed1_26agents_30rounds_20260731_013853.json,5,6,developed,SI,1350000.0,4192236.133333333,1.0,4192236.0,0.32202384528530537,1350000.0,0.32202385552721746,proportional columns are analyst-derived; stage1_cap uses end-of-round wealth (approx)
20260731_013853,results/To_Use/simulation_llama3.1_8b_Full_scnldf_sh1_ldf1_seed1_26agents_30rounds_20260731_013853.json,5,7,developing,SFI,0.0,282791.2,0.1,282791.0,0.0,0.0,0.0,proportional columns are analyst-derived; stage1_cap uses end-of-round wealth (approx)
20260731_013853,results/To_Use/simulation_llama3.1_8b_Full_scnldf_sh1_ldf1_seed1_26agents_30rounds_20260731_013853.json,5,8,developing,SFI,0.0,430812.20000000007,0.1,430812.0,0.0,0.0,0.0,proportional columns are analyst-derived; stage1_cap uses end-of-round wealth (approx)
20260731_013853,results/To_Use/simulation_llama3.1_8b_Full_scnldf_sh1_ldf1_seed1_26agents_30rounds_20260731_013853.json,5,9,developing,SFI,10000.0,172710.2,0.1,172710.0,0.05790045984545209,100000.0,0.057900526894794746,proportional columns are analyst-derived; stage1_cap uses end-of-round wealth (approx)
20260731_013853,results/To_Use/simulation_llama3.1_8b_Full_scnldf_sh1_ldf1_seed1_26agents_30rounds_20260731_013853.json,5,10,developed,SI,500000.0,12294986.133333333,1.0,12294986.0,0.040666983645018834,500000.0,0.04066698408603312,proportional columns are analyst-derived; stage1_cap uses end-of-round wealth (approx)
20260731_013853,results/To_Use/simulation_llama3.1_8b_Full_scnldf_sh1_ldf1_seed1_26agents_30rounds_20260731_013853.json,5,11,developing,SFI,30830.0,582681.2000000001,0.1,582681.0,0.052910579575932766,308300.0,0.05291059773701219,proportional columns are analyst-derived; stage1_cap uses end-of-round wealth (approx)
20260731_013853,results/To_Use/simulation_llama3.1_8b_Full_scnldf_sh1_ldf1_seed1_26agents_30rounds_20260731_013853.json,5,12,developing,SFI,14912.0,723452.2000000001,0.1,723452.0,0.020612280949591416,149120.0,0.02061228664790477,proportional columns are analyst-derived; stage1_cap uses end-of-round wealth (approx)
20260731_013853,results/To_Use/simulation_llama3.1_8b_Full_scnldf_sh1_ldf1_seed1_26agents_30rounds_20260731_013853.json,5,13,developed,SI,1200000.0,23823319.133333333,1.0,23823319.0,0.05037081496847234,1200000.0,0.05037081525038556,proportional columns are analyst-derived; stage1_cap uses end-of-round wealth (approx)
20260731_013853,results/To_Use/simulation_llama3.1_8b_Full_scnldf_sh1_ldf1_seed1_26agents_30rounds_20260731_013853.json,5,14,developed,SI,880000.0,6934018.133333333,1.0,6934018.0,0.12691054206646052,880000.0,0.1269105445068069,proportional columns are analyst-derived; stage1_cap uses end-of-round wealth (approx)
20260731_013853,results/To_Use/simulation_llama3.1_8b_Full_scnldf_sh1_ldf1_seed1_26agents_30rounds_20260731_013853.json,5,15,developing,SFI,44795.0,184391.2,0.1,184391.0,0.2429345869000256,447950.0,0.24293485039942297,proportional columns are analyst-derived; stage1_cap uses end-of-round wealth (approx)
20260731_013853,results/To_Use/simulation_llama3.1_8b_Full_scnldf_sh1_ldf1_seed1_26agents_30rounds_20260731_013853.json,5,16,developed,SI,1200000.0,8874180.133333333,1.0,8874180.0,0.1352237594876558,1200000.0,0.13522376151937418,proportional columns are analyst-derived; stage1_cap uses end-of-round wealth (approx)
20260731_013853,results/To_Use/simulation_llama3.1_8b_Full_scnldf_sh1_ldf1_seed1_26agents_30rounds_20260731_013853.json,5,17,developing,SFI,30830.0,552591.2000000001,0.1,552591.0,0.055791695560841355,308300.0,0.055791715753604386,proportional columns are analyst-derived; stage1_cap uses end-of-round wealth (approx)
20260731_013853,results/To_Use/simulation_llama3.1_8b_Full_scnldf_sh1_ldf1_seed1_26agents_30rounds_20260731_013853.json,5,18,developing,SFI,11800.0,339981.2,0.1,339981.0,0.034707801490200044,118000.0,0.03470782190769484,proportional columns are analyst-derived; stage1_cap uses end-of-round wealth (approx)
20260731_013853,results/To_Use/simulation_llama3.1_8b_Full_scnldf_sh1_ldf1_seed1_26agents_30rounds_20260731_013853.json,5,19,developing,SFI,1069.0,427805.20000000007,0.1,427805.0,0.0024988008560905754,10690.0,0.0024988020242867662,proportional columns are analyst-derived; stage1_cap uses end-of-round wealth (approx)
20260731_013853,results/To_Use/simulation_llama3.1_8b_Full_scnldf_sh1_ldf1_seed1_26agents_30rounds_20260731_013853.json,5,20,developing,SFI,1000000.0,240209.19999999995,0.1,240209.0,4.163037885309972,10000000.0,4.163041351489745,proportional columns are analyst-derived; stage1_cap uses end-of-round wealth (approx)
20260731_013853,results/To_Use/simulation_llama3.1_8b_Full_scnldf_sh1_ldf1_seed1_26agents_30rounds_20260731_013853.json,5,21,developed,SI,6529794.0,2872554.1333333333,1.0,2872554.0,2.273166560806559,6529794.0,2.2731666663185446,proportional columns are analyst-derived; stage1_cap uses end-of-round wealth (approx)
20260731_013853,results/To_Use/simulation_llama3.1_8b_Full_scnldf_sh1_ldf1_seed1_26agents_30rounds_20260731_013853.json,5,22,developed,SI,30830.0,7789063.133333333,1.0,7789063.0,0.0039581140211924675,30830.0,0.003958114088947541,proportional columns are analyst-derived; stage1_cap uses end-of-round wealth (approx)
20260731_013853,results/To_Use/simulation_llama3.1_8b_Full_scnldf_sh1_ldf1_seed1_26agents_30rounds_20260731_013853.json,5,23,developed,SI,391596.0,10258348.133333333,1.0,10258348.0,0.03817339740377434,391596.0,0.03817339789993476,proportional columns are analyst-derived; stage1_cap uses end-of-round wealth (approx)
20260731_013853,results/To_Use/simulation_llama3.1_8b_Full_scnldf_sh1_ldf1_seed1_26agents_30rounds_20260731_013853.json,5,24,developing,SFI,0.0,2498381.2,0.1,2498381.0,0.0,0.0,0.0,proportional columns are analyst-derived; stage1_cap uses end-of-round wealth (approx)
20260731_013853,results/To_Use/simulation_llama3.1_8b_Full_scnldf_sh1_ldf1_seed1_26agents_30rounds_20260731_013853.json,5,25,developed,SI,5000000.0,9231796.133333333,1.0,9231796.0,0.5416064141566616,5000000.0,0.5416064219789952,proportional columns are analyst-derived; stage1_cap uses end-of-round wealth (approx)
20260731_013853,results/To_Use/simulation_llama3.1_8b_Full_scnldf_sh1_ldf1_seed1_26agents_30rounds_20260731_013853.json,6,0,developing,SFI,1069.0,402205.8285714286,0.1,402205.0,0.002657843134190568,10690.0,0.002657848609539911,proportional columns are analyst-derived; stage1_cap uses end-of-round wealth (approx)
20260731_013853,results/To_Use/simulation_llama3.1_8b_Full_scnldf_sh1_ldf1_seed1_26agents_30rounds_20260731_013853.json,6,1,developing,SFI,1069.0,388587.8285714286,0.1,388587.0,0.0027509868333498275,10690.0,0.002750992699189628,proportional columns are analyst-derived; stage1_cap uses end-of-round wealth (approx)
20260731_013853,results/To_Use/simulation_llama3.1_8b_Full_scnldf_sh1_ldf1_seed1_26agents_30rounds_20260731_013853.json,6,2,developed,SI,0.0,8292031.8,1.0,8292031.0,0.0,0.0,0.0,proportional columns are analyst-derived; stage1_cap uses end-of-round wealth (approx)
20260731_013853,results/To_Use/simulation_llama3.1_8b_Full_scnldf_sh1_ldf1_seed1_26agents_30rounds_20260731_013853.json,6,3,developed,SI,0.0,7347343.8,1.0,7347343.0,0.0,0.0,0.0,proportional columns are analyst-derived; stage1_cap uses end-of-round wealth (approx)
20260731_013853,results/To_Use/simulation_llama3.1_8b_Full_scnldf_sh1_ldf1_seed1_26agents_30rounds_20260731_013853.json,6,4,developing,SFI,0.0,332183.8285714286,0.1,332183.0,0.0,0.0,0.0,proportional columns are analyst-derived; stage1_cap uses end-of-round wealth (approx)
20260731_013853,results/To_Use/simulation_llama3.1_8b_Full_scnldf_sh1_ldf1_seed1_26agents_30rounds_20260731_013853.json,6,5,developed,SI,0.0,9946064.799999999,1.0,9946064.0,0.0,0.0,0.0,proportional columns are analyst-derived; stage1_cap uses end-of-round wealth (approx)
20260731_013853,results/To_Use/simulation_llama3.1_8b_Full_scnldf_sh1_ldf1_seed1_26agents_30rounds_20260731_013853.json,6,6,developed,SI,0.0,5869096.8,1.0,5869096.0,0.0,0.0,0.0,proportional columns are analyst-derived; stage1_cap uses end-of-round wealth (approx)
20260731_013853,results/To_Use/simulation_llama3.1_8b_Full_scnldf_sh1_ldf1_seed1_26agents_30rounds_20260731_013853.json,6,7,developing,SFI,0.0,374573.8285714286,0.1,374573.0,0.0,0.0,0.0,proportional columns are analyst-derived; stage1_cap uses end-of-round wealth (approx)
20260731_013853,results/To_Use/simulation_llama3.1_8b_Full_scnldf_sh1_ldf1_seed1_26agents_30rounds_20260731_013853.json,6,8,developing,SFI,430812.0,91782.82857142866,0.1,91782.0,4.693819167544251,4308120.0,4.6938615414787215,proportional columns are analyst-derived; stage1_cap uses end-of-round wealth (approx)
20260731_013853,results/To_Use/simulation_llama3.1_8b_Full_scnldf_sh1_ldf1_seed1_26agents_30rounds_20260731_013853.json,6,9,developing,SFI,0.0,264492.8285714286,0.1,264492.0,0.0,0.0,0.0,proportional columns are analyst-derived; stage1_cap uses end-of-round wealth (approx)
20260731_013853,results/To_Use/simulation_llama3.1_8b_Full_scnldf_sh1_ldf1_seed1_26agents_30rounds_20260731_013853.json,6,10,developed,SI,3000000.0,10976770.799999999,1.0,10976770.0,0.2733044220983461,3000000.0,0.2733044420170961,proportional columns are analyst-derived; stage1_cap uses end-of-round wealth (approx)
20260731_013853,results/To_Use/simulation_llama3.1_8b_Full_scnldf_sh1_ldf1_seed1_26agents_30rounds_20260731_013853.json,6,11,developing,SFI,30830.0,643633.8285714287,0.1,643633.0,0.047899906175578794,308300.0,0.04789996783881498,proportional columns are analyst-derived; stage1_cap uses end-of-round wealth (approx)
20260731_013853,results/To_Use/simulation_llama3.1_8b_Full_scnldf_sh1_ldf1_seed1_26agents_30rounds_20260731_013853.json,6,12,developing,SFI,30824.0,784410.8285714287,0.1,784410.0,0.039295734935399555,308240.0,0.039295776443441566,proportional columns are analyst-derived; stage1_cap uses end-of-round wealth (approx)
20260731_013853,results/To_Use/simulation_llama3.1_8b_Full_scnldf_sh1_ldf1_seed1_26agents_30rounds_20260731_013853.json,6,13,developed,SI,1200000.0,24308082.8,1.0,24308082.0,0.04936629555992791,1200000.0,0.04936629718461539,proportional columns are analyst-derived; stage1_cap uses end-of-round wealth (approx)
20260731_013853,results/To_Use/simulation_llama3.1_8b_Full_scnldf_sh1_ldf1_seed1_26agents_30rounds_20260731_013853.json,6,14,developed,SI,0.0,8617228.799999999,1.0,8617228.0,0.0,0.0,0.0,proportional columns are analyst-derived; stage1_cap uses end-of-round wealth (approx)
20260731_013853,results/To_Use/simulation_llama3.1_8b_Full_scnldf_sh1_ldf1_seed1_26agents_30rounds_20260731_013853.json,6,15,developing,SFI,44795.0,231378.8285714286,0.1,231378.0,0.1936002540793027,447950.0,0.19360094736751118,proportional columns are analyst-derived; stage1_cap uses end-of-round wealth (approx)
20260731_013853,results/To_Use/simulation_llama3.1_8b_Full_scnldf_sh1_ldf1_seed1_26agents_30rounds_20260731_013853.json,6,16,developed,SI,1200000.0,9359984.799999999,1.0,9359984.0,0.12820533640182835,1200000.0,0.12820534735956812,proportional columns are analyst-derived; stage1_cap uses end-of-round wealth (approx)
20260731_013853,results/To_Use/simulation_llama3.1_8b_Full_scnldf_sh1_ldf1_seed1_26agents_30rounds_20260731_013853.json,6,17,developing,SFI,30830.0,613543.8285714287,0.1,613543.0,0.05024905893322139,308300.0,0.05024912679306911,proportional columns are analyst-derived; stage1_cap uses end-of-round wealth (approx)
20260731_013853,results/To_Use/simulation_llama3.1_8b_Full_scnldf_sh1_ldf1_seed1_26agents_30rounds_20260731_013853.json,6,18,developing,SFI,11800.0,419963.8285714286,0.1,419963.0,0.02809765793434999,118000.0,0.028097713369987357,proportional columns are analyst-derived; stage1_cap uses end-of-round wealth (approx)
20260731_013853,results/To_Use/simulation_llama3.1_8b_Full_scnldf_sh1_ldf1_seed1_26agents_30rounds_20260731_013853.json,6,19,developing,SFI,1069.0,518518.82857142866,0.1,518518.0,0.002061641624365314,10690.0,0.002061644918787776,proportional columns are analyst-derived; stage1_cap uses end-of-round wealth (approx)
20260731_013853,results/To_Use/simulation_llama3.1_8b_Full_scnldf_sh1_ldf1_seed1_26agents_30rounds_20260731_013853.json,6,20,developing,SFI,120000.0,211991.82857142854,0.1,211991.0,0.5660595543170532,1200000.0,0.5660617667731177,proportional columns are analyst-derived; stage1_cap uses end-of-round wealth (approx)
20260731_013853,results/To_Use/simulation_llama3.1_8b_Full_scnldf_sh1_ldf1_seed1_26agents_30rounds_20260731_013853.json,6,21,developed,SI,1200000.0,3359929.8,1.0,3359929.0,0.35715031903345124,1200000.0,0.35715040407103843,proportional columns are analyst-derived; stage1_cap uses end-of-round wealth (approx)
20260731_013853,results/To_Use/simulation_llama3.1_8b_Full_scnldf_sh1_ldf1_seed1_26agents_30rounds_20260731_013853.json,6,22,developed,SI,30830.0,9440793.799999999,1.0,9440793.0,0.0032656152282448964,30830.0,0.0032656155049687035,proportional columns are analyst-derived; stage1_cap uses end-of-round wealth (approx)
20260731_013853,results/To_Use/simulation_llama3.1_8b_Full_scnldf_sh1_ldf1_seed1_26agents_30rounds_20260731_013853.json,6,23,developed,SI,3000000.0,8945840.799999999,1.0,8945840.0,0.3353513735679267,3000000.0,0.33535140355740767,proportional columns are analyst-derived; stage1_cap uses end-of-round wealth (approx)
20260731_013853,results/To_Use/simulation_llama3.1_8b_Full_scnldf_sh1_ldf1_seed1_26agents_30rounds_20260731_013853.json,6,24,developing,SFI,100000.0,2490163.8285714285,0.1,2490163.0,0.04015800039042755,1000000.0,0.04015801375251339,proportional columns are analyst-derived; stage1_cap uses end-of-round wealth (approx)
20260731_013853,results/To_Use/simulation_llama3.1_8b_Full_scnldf_sh1_ldf1_seed1_26agents_30rounds_20260731_013853.json,6,25,developed,SI,3000000.0,7909282.8,1.0,7909282.0,0.3793011421971155,3000000.0,0.3793011805622811,proportional columns are analyst-derived; stage1_cap uses end-of-round wealth (approx)
20260731_013853,results/To_Use/simulation_llama3.1_8b_Full_scnldf_sh1_ldf1_seed1_26agents_30rounds_20260731_013853.json,7,0,developing,SFI,100000.0,370713.8285714286,0.1,370713.0,0.2697498509439395,1000000.0,0.2697504538551386,proportional columns are analyst-derived; stage1_cap uses end-of-round wealth (approx)
20260731_013853,results/To_Use/simulation_llama3.1_8b_Full_scnldf_sh1_ldf1_seed1_26agents_30rounds_20260731_013853.json,7,1,developing,SFI,1069.0,456026.8285714286,0.1,456026.0,0.0023441603279105317,10690.0,0.0023441645871068754,proportional columns are analyst-derived; stage1_cap uses end-of-round wealth (approx)
20260731_013853,results/To_Use/simulation_llama3.1_8b_Full_scnldf_sh1_ldf1_seed1_26agents_30rounds_20260731_013853.json,7,2,developed,SI,1500000.0,10326288.6,1.0,10326288.0,0.1452603213123445,1500000.0,0.14526032975256936,proportional columns are analyst-derived; stage1_cap uses end-of-round wealth (approx)
20260731_013853,results/To_Use/simulation_llama3.1_8b_Full_scnldf_sh1_ldf1_seed1_26agents_30rounds_20260731_013853.json,7,3,developed,SI,1200000.0,9685026.6,1.0,9685026.0,0.12390260239450453,1200000.0,0.12390261007043243,proportional columns are analyst-derived; stage1_cap uses end-of-round wealth (approx)
20260731_013853,results/To_Use/simulation_llama3.1_8b_Full_scnldf_sh1_ldf1_seed1_26agents_30rounds_20260731_013853.json,7,4,developing,SFI,0.0,400691.8285714286,0.1,400691.0,0.0,0.0,0.0,proportional columns are analyst-derived; stage1_cap uses end-of-round wealth (approx)
20260731_013853,results/To_Use/simulation_llama3.1_8b_Full_scnldf_sh1_ldf1_seed1_26agents_30rounds_20260731_013853.json,7,5,developed,SI,3063221.0,10418497.6,1.0,10418497.0,0.29401753665518915,3063221.0,0.294017553587624,proportional columns are analyst-derived; stage1_cap uses end-of-round wealth (approx)
20260731_013853,results/To_Use/simulation_llama3.1_8b_Full_scnldf_sh1_ldf1_seed1_26agents_30rounds_20260731_013853.json,7,6,developed,SI,2000000.0,7403732.6,1.0,7403732.0,0.27013401321382136,2000000.0,0.2701340351055387,proportional columns are analyst-derived; stage1_cap uses end-of-round wealth (approx)
20260731_013853,results/To_Use/simulation_llama3.1_8b_Full_scnldf_sh1_ldf1_seed1_26agents_30rounds_20260731_013853.json,7,7,developing,SFI,0.0,443081.8285714286,0.1,443081.0,0.0,0.0,0.0,proportional columns are analyst-derived; stage1_cap uses end-of-round wealth (approx)
20260731_013853,results/To_Use/simulation_llama3.1_8b_Full_scnldf_sh1_ldf1_seed1_26agents_30rounds_20260731_013853.json,7,8,developing,SFI,91782.0,68508.82857142866,0.1,68508.0,1.3397105440842019,917820.0,1.339726747241198,proportional columns are analyst-derived; stage1_cap uses end-of-round wealth (approx)
20260731_013853,results/To_Use/simulation_llama3.1_8b_Full_scnldf_sh1_ldf1_seed1_26agents_30rounds_20260731_013853.json,7,9,developing,SFI,128246.0,204754.8285714286,0.1,204754.0,0.6263393195402054,1282460.0,0.6263418541273919,proportional columns are analyst-derived; stage1_cap uses end-of-round wealth (approx)
20260731_013853,results/To_Use/simulation_llama3.1_8b_Full_scnldf_sh1_ldf1_seed1_26agents_30rounds_20260731_013853.json,7,10,developed,SI,5000000.0,9577327.6,1.0,9577327.0,0.5220663016685364,5000000.0,0.5220663343749253,proportional columns are analyst-derived; stage1_cap uses end-of-round wealth (approx)
20260731_013853,results/To_Use/simulation_llama3.1_8b_Full_scnldf_sh1_ldf1_seed1_26agents_30rounds_20260731_013853.json,7,11,developing,SFI,30830.0,681311.8285714287,0.1,681311.0,0.04525093900783169,308300.0,0.0452509940394328,proportional columns are analyst-derived; stage1_cap uses end-of-round wealth (approx)
20260731_013853,results/To_Use/simulation_llama3.1_8b_Full_scnldf_sh1_ldf1_seed1_26agents_30rounds_20260731_013853.json,7,12,developing,SFI,30824.0,822094.8285714287,0.1,822094.0,0.03749445797337456,308240.0,0.037494495763258216,proportional columns are analyst-derived; stage1_cap uses end-of-round wealth (approx)
20260731_013853,results/To_Use/simulation_llama3.1_8b_Full_scnldf_sh1_ldf1_seed1_26agents_30rounds_20260731_013853.json,7,13,developed,SI,1200000.0,25349836.6,1.0,25349836.0,0.0473375832331795,1200000.0,0.04733758435360292,proportional columns are analyst-derived; stage1_cap uses end-of-round wealth (approx)
20260731_013853,results/To_Use/simulation_llama3.1_8b_Full_scnldf_sh1_ldf1_seed1_26agents_30rounds_20260731_013853.json,7,14,developed,SI,4000000.0,7729130.6,1.0,7729130.0,0.5175226305530405,4000000.0,0.5175226707274946,proportional columns are analyst-derived; stage1_cap uses end-of-round wealth (approx)
20260731_013853,results/To_Use/simulation_llama3.1_8b_Full_scnldf_sh1_ldf1_seed1_26agents_30rounds_20260731_013853.json,7,15,developing,SFI,44795.0,255091.8285714286,0.1,255091.0,0.17560342975649998,447950.0,0.17560400014112612,proportional columns are analyst-derived; stage1_cap uses end-of-round wealth (approx)
20260731_013853,results/To_Use/simulation_llama3.1_8b_Full_scnldf_sh1_ldf1_seed1_26agents_30rounds_20260731_013853.json,7,16,developed,SI,1200000.0,11694096.6,1.0,11694096.0,0.10261587885292482,1200000.0,0.10261588411793439,proportional columns are analyst-derived; stage1_cap uses end-of-round wealth (approx)
20260731_013853,results/To_Use/simulation_llama3.1_8b_Full_scnldf_sh1_ldf1_seed1_26agents_30rounds_20260731_013853.json,7,17,developing,SFI,30830.0,651221.8285714287,0.1,651221.0,0.04734177917167044,308300.0,0.0473418394062845,proportional columns are analyst-derived; stage1_cap uses end-of-round wealth (approx)
20260731_013853,results/To_Use/simulation_llama3.1_8b_Full_scnldf_sh1_ldf1_seed1_26agents_30rounds_20260731_013853.json,7,18,developing,SFI,20000.0,468471.8285714286,0.1,468471.0,0.0426920014827542,200000.0,0.04269207699089164,proportional columns are analyst-derived; stage1_cap uses end-of-round wealth (approx)
20260731_013853,results/To_Use/simulation_llama3.1_8b_Full_scnldf_sh1_ldf1_seed1_26agents_30rounds_20260731_013853.json,7,19,developing,SFI,1069.0,585957.8285714287,0.1,585957.0,0.0018243633720300882,10690.0,0.0018243659517677919,proportional columns are analyst-derived; stage1_cap uses end-of-round wealth (approx)
20260731_013853,results/To_Use/simulation_llama3.1_8b_Full_scnldf_sh1_ldf1_seed1_26agents_30rounds_20260731_013853.json,7,20,developing,SFI,120000.0,160499.82857142854,0.1,160499.0,0.7476643499752738,1200000.0,0.7476682097707774,proportional columns are analyst-derived; stage1_cap uses end-of-round wealth (approx)
20260731_013853,results/To_Use/simulation_llama3.1_8b_Full_scnldf_sh1_ldf1_seed1_26agents_30rounds_20260731_013853.json,7,21,developed,SI,1200000.0,5702107.6,1.0,5702107.0,0.21044850153301212,1200000.0,0.21044852367730033,proportional columns are analyst-derived; stage1_cap uses end-of-round wealth (approx)
20260731_013853,results/To_Use/simulation_llama3.1_8b_Full_scnldf_sh1_ldf1_seed1_26agents_30rounds_20260731_013853.json,7,22,developed,SI,1200000.0,11780364.6,1.0,11780364.0,0.1018644193745922,1200000.0,0.10186442456277242,proportional columns are analyst-derived; stage1_cap uses end-of-round wealth (approx)
20260731_013853,results/To_Use/simulation_llama3.1_8b_Full_scnldf_sh1_ldf1_seed1_26agents_30rounds_20260731_013853.json,7,23,developed,SI,0.0,12470803.6,1.0,12470803.0,0.0,0.0,0.0,proportional columns are analyst-derived; stage1_cap uses end-of-round wealth (approx)
20260731_013853,results/To_Use/simulation_llama3.1_8b_Full_scnldf_sh1_ldf1_seed1_26agents_30rounds_20260731_013853.json,7,24,developing,SFI,0.0,2558671.8285714285,0.1,2558671.0,0.0,0.0,0.0,proportional columns are analyst-derived; stage1_cap uses end-of-round wealth (approx)
20260731_013853,results/To_Use/simulation_llama3.1_8b_Full_scnldf_sh1_ldf1_seed1_26agents_30rounds_20260731_013853.json,7,25,developed,SI,5000000.0,6513239.6,1.0,6513239.0,0.7676671375639245,5000000.0,0.7676672082814711,proportional columns are analyst-derived; stage1_cap uses end-of-round wealth (approx)
20260731_013853,results/To_Use/simulation_llama3.1_8b_Full_scnldf_sh1_ldf1_seed1_26agents_30rounds_20260731_013853.json,8,0,developing,SFI,100000.0,394528.00000000006,0.1,394528.0,0.2534674345040149,1000000.0,0.25346743450401493,proportional columns are analyst-derived; stage1_cap uses end-of-round wealth (approx)
20260731_013853,results/To_Use/simulation_llama3.1_8b_Full_scnldf_sh1_ldf1_seed1_26agents_30rounds_20260731_013853.json,8,1,developing,SFI,1069.0,578772.0,0.1,578772.0,0.0018470140227930861,10690.0,0.0018470140227930861,proportional columns are analyst-derived; stage1_cap uses end-of-round wealth (approx)
20260731_013853,results/To_Use/simulation_llama3.1_8b_Full_scnldf_sh1_ldf1_seed1_26agents_30rounds_20260731_013853.json,8,2,developed,SI,4000000.0,10108460.533333333,1.0,10108460.0,0.39570812853349224,4000000.0,0.3957081494114831,proportional columns are analyst-derived; stage1_cap uses end-of-round wealth (approx)
20260731_013853,results/To_Use/simulation_llama3.1_8b_Full_scnldf_sh1_ldf1_seed1_26agents_30rounds_20260731_013853.json,8,3,developed,SI,2000000.0,11454339.533333333,1.0,11454339.0,0.17460631354429382,2000000.0,0.1746063216742581,proportional columns are analyst-derived; stage1_cap uses end-of-round wealth (approx)
20260731_013853,results/To_Use/simulation_llama3.1_8b_Full_scnldf_sh1_ldf1_seed1_26agents_30rounds_20260731_013853.json,8,4,developing,SFI,100000.0,424506.00000000006,0.1,424506.0,0.2355679307241829,1000000.0,0.23556793072418294,proportional columns are analyst-derived; stage1_cap uses end-of-round wealth (approx)
20260731_013853,results/To_Use/simulation_llama3.1_8b_Full_scnldf_sh1_ldf1_seed1_26agents_30rounds_20260731_013853.json,8,5,developed,SI,1000000.0,13172728.533333333,1.0,13172728.0,0.075914416475639,1000000.0,0.0759144195492384,proportional columns are analyst-derived; stage1_cap uses end-of-round wealth (approx)
20260731_013853,results/To_Use/simulation_llama3.1_8b_Full_scnldf_sh1_ldf1_seed1_26agents_30rounds_20260731_013853.json,8,6,developed,SI,1500000.0,9674615.533333333,1.0,9674615.0,0.15504492088929384,1500000.0,0.15504492943646853,proportional columns are analyst-derived; stage1_cap uses end-of-round wealth (approx)
20260731_013853,results/To_Use/simulation_llama3.1_8b_Full_scnldf_sh1_ldf1_seed1_26agents_30rounds_20260731_013853.json,8,7,developing,SFI,443081.0,123815.00000000006,0.1,123815.0,3.5785728708153277,4430810.0,3.5785728708153295,proportional columns are analyst-derived; stage1_cap uses end-of-round wealth (approx)
20260731_013853,results/To_Use/simulation_llama3.1_8b_Full_scnldf_sh1_ldf1_seed1_26agents_30rounds_20260731_013853.json,8,8,developing,SFI,30830.0,161493.00000000012,0.1,161493.0,0.1909061073854593,308300.0,0.19090610738545943,proportional columns are analyst-derived; stage1_cap uses end-of-round wealth (approx)
20260731_013853,results/To_Use/simulation_llama3.1_8b_Full_scnldf_sh1_ldf1_seed1_26agents_30rounds_20260731_013853.json,8,9,developing,SFI,10000.0,318569.00000000006,0.1,318569.0,0.031390373827961913,100000.0,0.03139037382796192,proportional columns are analyst-derived; stage1_cap uses end-of-round wealth (approx)
20260731_013853,results/To_Use/simulation_llama3.1_8b_Full_scnldf_sh1_ldf1_seed1_26agents_30rounds_20260731_013853.json,8,10,developed,SI,3000000.0,10358090.533333333,1.0,10358090.0,0.2896286714569361,3000000.0,0.2896286863697844,proportional columns are analyst-derived; stage1_cap uses end-of-round wealth (approx)
20260731_013853,results/To_Use/simulation_llama3.1_8b_Full_scnldf_sh1_ldf1_seed1_26agents_30rounds_20260731_013853.json,8,11,developing,SFI,30830.0,774296.0000000001,0.1,774296.0,0.039816814241582024,308300.0,0.03981681424158203,proportional columns are analyst-derived; stage1_cap uses end-of-round wealth (approx)
20260731_013853,results/To_Use/simulation_llama3.1_8b_Full_scnldf_sh1_ldf1_seed1_26agents_30rounds_20260731_013853.json,8,12,developing,SFI,30824.0,915085.0000000001,0.1,915085.0,0.03368430255112913,308240.0,0.03368430255112913,proportional columns are analyst-derived; stage1_cap uses end-of-round wealth (approx)
20260731_013853,results/To_Use/simulation_llama3.1_8b_Full_scnldf_sh1_ldf1_seed1_26agents_30rounds_20260731_013853.json,8,13,developed,SI,1200000.0,27905296.533333335,1.0,27905296.0,0.04300258908077111,1200000.0,0.04300258990264787,proportional columns are analyst-derived; stage1_cap uses end-of-round wealth (approx)
20260731_013853,results/To_Use/simulation_llama3.1_8b_Full_scnldf_sh1_ldf1_seed1_26agents_30rounds_20260731_013853.json,8,14,developed,SI,880000.0,10607207.533333333,1.0,10607207.0,0.08296245710613136,880000.0,0.0829624612775069,proportional columns are analyst-derived; stage1_cap uses end-of-round wealth (approx)
20260731_013853,results/To_Use/simulation_llama3.1_8b_Full_scnldf_sh1_ldf1_seed1_26agents_30rounds_20260731_013853.json,8,15,developing,SFI,44795.0,334111.00000000006,0.1,334111.0,0.13407220953515447,447950.0,0.13407220953515447,proportional columns are analyst-derived; stage1_cap uses end-of-round wealth (approx)
20260731_013853,results/To_Use/simulation_llama3.1_8b_Full_scnldf_sh1_ldf1_seed1_26agents_30rounds_20260731_013853.json,8,16,developed,SI,1200000.0,14257872.533333333,1.0,14257872.0,0.08416402918419508,1200000.0,0.08416403233245466,proportional columns are analyst-derived; stage1_cap uses end-of-round wealth (approx)
20260731_013853,results/To_Use/simulation_llama3.1_8b_Full_scnldf_sh1_ldf1_seed1_26agents_30rounds_20260731_013853.json,8,17,developing,SFI,30830.0,744206.0000000001,0.1,744206.0,0.041426701746559415,308300.0,0.04142670174655942,proportional columns are analyst-derived; stage1_cap uses end-of-round wealth (approx)
20260731_013853,results/To_Use/simulation_llama3.1_8b_Full_scnldf_sh1_ldf1_seed1_26agents_30rounds_20260731_013853.json,8,18,developing,SFI,11800.0,580486.0,0.1,580486.0,0.020327794296503277,118000.0,0.020327794296503277,proportional columns are analyst-derived; stage1_cap uses end-of-round wealth (approx)
20260731_013853,results/To_Use/simulation_llama3.1_8b_Full_scnldf_sh1_ldf1_seed1_26agents_30rounds_20260731_013853.json,8,19,developing,SFI,1069.0,708703.0000000001,0.1,708703.0,0.0015083892688474577,10690.0,0.001508389268847458,proportional columns are analyst-derived; stage1_cap uses end-of-round wealth (approx)
20260731_013853,results/To_Use/simulation_llama3.1_8b_Full_scnldf_sh1_ldf1_seed1_26agents_30rounds_20260731_013853.json,8,20,developing,SFI,120000.0,164314.0,0.1,164314.0,0.7303090424431272,1200000.0,0.7303090424431272,proportional columns are analyst-derived; stage1_cap uses end-of-round wealth (approx)
20260731_013853,results/To_Use/simulation_llama3.1_8b_Full_scnldf_sh1_ldf1_seed1_26agents_30rounds_20260731_013853.json,8,21,developed,SI,2305747.0,7167855.533333333,1.0,7167855.0,0.3216787767662691,2305747.0,0.32167880070118604,proportional columns are analyst-derived; stage1_cap uses end-of-round wealth (approx)
20260731_013853,results/To_Use/simulation_llama3.1_8b_Full_scnldf_sh1_ldf1_seed1_26agents_30rounds_20260731_013853.json,8,22,developed,SI,1200000.0,14339297.533333333,1.0,14339297.0,0.08368610785922136,1200000.0,0.08368611097182797,proportional columns are analyst-derived; stage1_cap uses end-of-round wealth (approx)
20260731_013853,results/To_Use/simulation_llama3.1_8b_Full_scnldf_sh1_ldf1_seed1_26agents_30rounds_20260731_013853.json,8,23,developed,SI,6000000.0,10236900.533333333,1.0,10236900.0,0.5861149066031106,6000000.0,0.586114937139173,proportional columns are analyst-derived; stage1_cap uses end-of-round wealth (approx)
20260731_013853,results/To_Use/simulation_llama3.1_8b_Full_scnldf_sh1_ldf1_seed1_26agents_30rounds_20260731_013853.json,8,24,developing,SFI,128246.0,2554240.0,0.1,2554240.0,0.05020906414432473,1282460.0,0.05020906414432473,proportional columns are analyst-derived; stage1_cap uses end-of-round wealth (approx)
20260731_013853,results/To_Use/simulation_llama3.1_8b_Full_scnldf_sh1_ldf1_seed1_26agents_30rounds_20260731_013853.json,8,25,developed,SI,4000000.0,6273515.533333333,1.0,6273515.0,0.6376010354555802,4000000.0,0.6376010896602622,proportional columns are analyst-derived; stage1_cap uses end-of-round wealth (approx)
20260731_013853,results/To_Use/simulation_llama3.1_8b_Full_scnldf_sh1_ldf1_seed1_26agents_30rounds_20260731_013853.json,9,0,developing,SFI,200000.0,308004.11428571434,0.1,308004.0,0.6493419753947627,2000000.0,0.6493422163348528,proportional columns are analyst-derived; stage1_cap uses end-of-round wealth (approx)
20260731_013853,results/To_Use/simulation_llama3.1_8b_Full_scnldf_sh1_ldf1_seed1_26agents_30rounds_20260731_013853.json,9,1,developing,SFI,1069.0,691179.1142857143,0.1,691179.0,0.001546632382121004,10690.0,0.0015466326378550275,proportional columns are analyst-derived; stage1_cap uses end-of-round wealth (approx)
20260731_013853,results/To_Use/simulation_llama3.1_8b_Full_scnldf_sh1_ldf1_seed1_26agents_30rounds_20260731_013853.json,9,2,developed,SI,5000000.0,11356438.266666666,1.0,11356438.0,0.4402788869707471,5000000.0,0.44027889730917386,proportional columns are analyst-derived; stage1_cap uses end-of-round wealth (approx)
20260731_013853,results/To_Use/simulation_llama3.1_8b_Full_scnldf_sh1_ldf1_seed1_26agents_30rounds_20260731_013853.json,9,3,developed,SI,11454338.0,6255844.266666667,1.0,6255844.0,1.8309819605057518,11454338.0,1.8309820385546698,proportional columns are analyst-derived; stage1_cap uses end-of-round wealth (approx)
20260731_013853,results/To_Use/simulation_llama3.1_8b_Full_scnldf_sh1_ldf1_seed1_26agents_30rounds_20260731_013853.json,9,4,developing,SFI,106000.0,431982.11428571434,0.1,431982.0,0.24538052964362145,1060000.0,0.24538059456181044,proportional columns are analyst-derived; stage1_cap uses end-of-round wealth (approx)
20260731_013853,results/To_Use/simulation_llama3.1_8b_Full_scnldf_sh1_ldf1_seed1_26agents_30rounds_20260731_013853.json,9,5,developed,SI,2000000.0,17406934.266666666,1.0,17406934.0,0.11489673996356105,2000000.0,0.11489674172372917,proportional columns are analyst-derived; stage1_cap uses end-of-round wealth (approx)
20260731_013853,results/To_Use/simulation_llama3.1_8b_Full_scnldf_sh1_ldf1_seed1_26agents_30rounds_20260731_013853.json,9,6,developed,SI,5000000.0,10944571.266666666,1.0,10944571.0,0.45684749801285046,5000000.0,0.4568475091440313,proportional columns are analyst-derived; stage1_cap uses end-of-round wealth (approx)
20260731_013853,results/To_Use/simulation_llama3.1_8b_Full_scnldf_sh1_ldf1_seed1_26agents_30rounds_20260731_013853.json,9,7,developing,SFI,49253.0,188038.11428571434,0.1,188038.0,0.2619309398368172,492530.0,0.26193109903317413,proportional columns are analyst-derived; stage1_cap uses end-of-round wealth (approx)
20260731_013853,results/To_Use/simulation_llama3.1_8b_Full_scnldf_sh1_ldf1_seed1_26agents_30rounds_20260731_013853.json,9,8,developing,SFI,0.0,274969.1142857144,0.1,274969.0,0.0,0.0,0.0,proportional columns are analyst-derived; stage1_cap uses end-of-round wealth (approx)
20260731_013853,results/To_Use/simulation_llama3.1_8b_Full_scnldf_sh1_ldf1_seed1_26agents_30rounds_20260731_013853.json,9,9,developing,SFI,128246.0,303799.11428571434,0.1,303799.0,0.4221407962348051,1282460.0,0.4221409550393517,proportional columns are analyst-derived; stage1_cap uses end-of-round wealth (approx)
20260731_013853,results/To_Use/simulation_llama3.1_8b_Full_scnldf_sh1_ldf1_seed1_26agents_30rounds_20260731_013853.json,9,10,developed,SI,4000000.0,12602021.266666666,1.0,12602021.0,0.3174093992826622,4000000.0,0.3174094059992441,proportional columns are analyst-derived; stage1_cap uses end-of-round wealth (approx)
20260731_013853,results/To_Use/simulation_llama3.1_8b_Full_scnldf_sh1_ldf1_seed1_26agents_30rounds_20260731_013853.json,9,11,developing,SFI,30830.0,856942.1142857145,0.1,856942.0,0.035976759090312276,308300.0,0.035976763888337836,proportional columns are analyst-derived; stage1_cap uses end-of-round wealth (approx)
20260731_013853,results/To_Use/simulation_llama3.1_8b_Full_scnldf_sh1_ldf1_seed1_26agents_30rounds_20260731_013853.json,9,12,developing,SFI,30824.0,997737.1142857145,0.1,997737.0,0.030893909386208483,308240.0,0.03089391292494916,proportional columns are analyst-derived; stage1_cap uses end-of-round wealth (approx)
20260731_013853,results/To_Use/simulation_llama3.1_8b_Full_scnldf_sh1_ldf1_seed1_26agents_30rounds_20260731_013853.json,9,13,developed,SI,1200000.0,32907662.26666667,1.0,32907662.0,0.03646567143772842,1200000.0,0.03646567173322736,proportional columns are analyst-derived; stage1_cap uses end-of-round wealth (approx)
20260731_013853,results/To_Use/simulation_llama3.1_8b_Full_scnldf_sh1_ldf1_seed1_26agents_30rounds_20260731_013853.json,9,14,developed,SI,5000000.0,11849653.266666666,1.0,11849653.0,0.4219532747059452,5000000.0,0.4219532842016555,proportional columns are analyst-derived; stage1_cap uses end-of-round wealth (approx)
20260731_013853,results/To_Use/simulation_llama3.1_8b_Full_scnldf_sh1_ldf1_seed1_26agents_30rounds_20260731_013853.json,9,15,developing,SFI,44795.0,402792.11428571434,0.1,402792.0,0.1112112139519826,447950.0,0.11121124550636557,proportional columns are analyst-derived; stage1_cap uses end-of-round wealth (approx)
20260731_013853,results/To_Use/simulation_llama3.1_8b_Full_scnldf_sh1_ldf1_seed1_26agents_30rounds_20260731_013853.json,9,16,developed,SI,1200000.0,19298578.266666666,1.0,19298578.0,0.06218074634402948,1200000.0,0.06218074720323953,proportional columns are analyst-derived; stage1_cap uses end-of-round wealth (approx)
20260731_013853,results/To_Use/simulation_llama3.1_8b_Full_scnldf_sh1_ldf1_seed1_26agents_30rounds_20260731_013853.json,9,17,developing,SFI,30830.0,826852.1142857145,0.1,826852.0,0.03728599040547032,308300.0,0.03728599555906015,proportional columns are analyst-derived; stage1_cap uses end-of-round wealth (approx)
20260731_013853,results/To_Use/simulation_llama3.1_8b_Full_scnldf_sh1_ldf1_seed1_26agents_30rounds_20260731_013853.json,9,18,developing,SFI,250000.0,443962.1142857143,0.1,443962.0,0.5631111123124148,2500000.0,0.5631112572697663,proportional columns are analyst-derived; stage1_cap uses end-of-round wealth (approx)
20260731_013853,results/To_Use/simulation_llama3.1_8b_Full_scnldf_sh1_ldf1_seed1_26agents_30rounds_20260731_013853.json,9,19,developing,SFI,1069.0,821110.1142857145,0.1,821110.0,0.0013018960324583573,10690.0,0.0013018962136619942,proportional columns are analyst-derived; stage1_cap uses end-of-round wealth (approx)
20260731_013853,results/To_Use/simulation_llama3.1_8b_Full_scnldf_sh1_ldf1_seed1_26agents_30rounds_20260731_013853.json,9,20,developing,SFI,120000.0,157790.11428571428,0.1,157790.0,0.7605039171383904,1200000.0,0.7605044679637493,proportional columns are analyst-derived; stage1_cap uses end-of-round wealth (approx)
20260731_013853,results/To_Use/simulation_llama3.1_8b_Full_scnldf_sh1_ldf1_seed1_26agents_30rounds_20260731_013853.json,9,21,developed,SI,3000000.0,10365461.266666666,1.0,10365461.0,0.28942272059299706,3000000.0,0.28942272803882046,proportional columns are analyst-derived; stage1_cap uses end-of-round wealth (approx)
20260731_013853,results/To_Use/simulation_llama3.1_8b_Full_scnldf_sh1_ldf1_seed1_26agents_30rounds_20260731_013853.json,9,22,developed,SI,30830.0,20558368.266666666,1.0,20558368.0,0.0014996326362140208,30830.0,0.0014996326556660528,proportional columns are analyst-derived; stage1_cap uses end-of-round wealth (approx)
20260731_013853,results/To_Use/simulation_llama3.1_8b_Full_scnldf_sh1_ldf1_seed1_26agents_30rounds_20260731_013853.json,9,23,developed,SI,4000000.0,12509026.266666666,1.0,12509026.0,0.31976909431063955,4000000.0,0.3197691011274579,proportional columns are analyst-derived; stage1_cap uses end-of-round wealth (approx)
20260731_013853,results/To_Use/simulation_llama3.1_8b_Full_scnldf_sh1_ldf1_seed1_26agents_30rounds_20260731_013853.json,9,24,developing,SFI,0.0,2667716.1142857145,0.1,2667716.0,0.0,0.0,0.0,proportional columns are analyst-derived; stage1_cap uses end-of-round wealth (approx)
20260731_013853,results/To_Use/simulation_llama3.1_8b_Full_scnldf_sh1_ldf1_seed1_26agents_30rounds_20260731_013853.json,9,25,developed,SI,5000000.0,7523146.266666667,1.0,7523146.0,0.6646155508306214,5000000.0,0.6646155743886932,proportional columns are analyst-derived; stage1_cap uses end-of-round wealth (approx)
20260731_013853,results/To_Use/simulation_llama3.1_8b_Full_scnldf_sh1_ldf1_seed1_26agents_30rounds_20260731_013853.json,10,0,developing,SFI,200000.0,249041.48571428578,0.1,249041.0,0.8030790509716565,2000000.0,0.8030806172477624,proportional columns are analyst-derived; stage1_cap uses end-of-round wealth (approx)
20260731_013853,results/To_Use/simulation_llama3.1_8b_Full_scnldf_sh1_ldf1_seed1_26agents_30rounds_20260731_013853.json,10,1,developing,SFI,1069.0,831147.4857142858,0.1,831147.0,0.0012861736555471914,10690.0,0.0012861744071746635,proportional columns are analyst-derived; stage1_cap uses end-of-round wealth (approx)
20260731_013853,results/To_Use/simulation_llama3.1_8b_Full_scnldf_sh1_ldf1_seed1_26agents_30rounds_20260731_013853.json,10,2,developed,SI,5000000.0,15115684.933333332,1.0,15115684.0,0.3307822319697817,5000000.0,0.3307822523942681,proportional columns are analyst-derived; stage1_cap uses end-of-round wealth (approx)
20260731_013853,results/To_Use/simulation_llama3.1_8b_Full_scnldf_sh1_ldf1_seed1_26agents_30rounds_20260731_013853.json,10,3,developed,SI,1200000.0,13780541.933333334,1.0,13780541.0,0.08707930397841296,1200000.0,0.08707930987615073,proportional columns are analyst-derived; stage1_cap uses end-of-round wealth (approx)
20260731_013853,results/To_Use/simulation_llama3.1_8b_Full_scnldf_sh1_ldf1_seed1_26agents_30rounds_20260731_013853.json,10,4,developing,SFI,200000.0,373019.48571428575,0.1,373019.0,0.5361650199507003,2000000.0,0.5361657181001503,proportional columns are analyst-derived; stage1_cap uses end-of-round wealth (approx)
20260731_013853,results/To_Use/simulation_llama3.1_8b_Full_scnldf_sh1_ldf1_seed1_26agents_30rounds_20260731_013853.json,10,5,developed,SI,6000000.0,20172117.93333333,1.0,20172117.0,0.29744025985914574,6000000.0,0.2974402736212565,proportional columns are analyst-derived; stage1_cap uses end-of-round wealth (approx)
20260731_013853,results/To_Use/simulation_llama3.1_8b_Full_scnldf_sh1_ldf1_seed1_26agents_30rounds_20260731_013853.json,10,6,developed,SI,3000000.0,15780889.933333332,1.0,15780889.0,0.19010334731903947,3000000.0,0.1901033585623725,proportional columns are analyst-derived; stage1_cap uses end-of-round wealth (approx)
20260731_013853,results/To_Use/simulation_llama3.1_8b_Full_scnldf_sh1_ldf1_seed1_26agents_30rounds_20260731_013853.json,10,7,developing,SFI,100000.0,229075.48571428578,0.1,229075.0,0.4365373260617023,1000000.0,0.4365382516643021,proportional columns are analyst-derived; stage1_cap uses end-of-round wealth (approx)
20260731_013853,results/To_Use/simulation_llama3.1_8b_Full_scnldf_sh1_ldf1_seed1_26agents_30rounds_20260731_013853.json,10,8,developing,SFI,30830.0,385176.48571428587,0.1,385176.0,0.08004123082131476,308300.0,0.08004133175483415,proportional columns are analyst-derived; stage1_cap uses end-of-round wealth (approx)
20260731_013853,results/To_Use/simulation_llama3.1_8b_Full_scnldf_sh1_ldf1_seed1_26agents_30rounds_20260731_013853.json,10,9,developing,SFI,10000.0,434836.48571428575,0.1,434836.0,0.022997150258846067,100000.0,0.022997175946793735,proportional columns are analyst-derived; stage1_cap uses end-of-round wealth (approx)
20260731_013853,results/To_Use/simulation_llama3.1_8b_Full_scnldf_sh1_ldf1_seed1_26agents_30rounds_20260731_013853.json,10,10,developed,SI,10000000.0,11542472.933333332,1.0,11542472.0,0.8663654710526678,10000000.0,0.8663655411076587,proportional columns are analyst-derived; stage1_cap uses end-of-round wealth (approx)
20260731_013853,results/To_Use/simulation_llama3.1_8b_Full_scnldf_sh1_ldf1_seed1_26agents_30rounds_20260731_013853.json,10,11,developing,SFI,30830.0,967149.4857142859,0.1,967149.0,0.03187718181665638,308300.0,0.03187719782577452,proportional columns are analyst-derived; stage1_cap uses end-of-round wealth (approx)
20260731_013853,results/To_Use/simulation_llama3.1_8b_Full_scnldf_sh1_ldf1_seed1_26agents_30rounds_20260731_013853.json,10,12,developing,SFI,30824.0,1107950.4857142859,0.1,1107950.0,0.02782073783751089,308240.0,0.027820750033846292,proportional columns are analyst-derived; stage1_cap uses end-of-round wealth (approx)
20260731_013853,results/To_Use/simulation_llama3.1_8b_Full_scnldf_sh1_ldf1_seed1_26agents_30rounds_20260731_013853.json,10,13,developed,SI,10000000.0,31847432.933333337,1.0,31847432.0,0.3139970502782166,10000000.0,0.3139970594803374,proportional columns are analyst-derived; stage1_cap uses end-of-round wealth (approx)
20260731_013853,results/To_Use/simulation_llama3.1_8b_Full_scnldf_sh1_ldf1_seed1_26agents_30rounds_20260731_013853.json,10,14,developed,SI,10000000.0,10586075.933333332,1.0,10586075.0,0.9446370933834036,10000000.0,0.9446371766684064,proportional columns are analyst-derived; stage1_cap uses end-of-round wealth (approx)
20260731_013853,results/To_Use/simulation_llama3.1_8b_Full_scnldf_sh1_ldf1_seed1_26agents_30rounds_20260731_013853.json,10,15,developing,SFI,400000.0,143829.48571428578,0.1,143829.0,2.781070918897614,4000000.0,2.781080310646671,proportional columns are analyst-derived; stage1_cap uses end-of-round wealth (approx)
20260731_013853,results/To_Use/simulation_llama3.1_8b_Full_scnldf_sh1_ldf1_seed1_26agents_30rounds_20260731_013853.json,10,16,developed,SI,1200000.0,24120290.93333333,1.0,24120290.0,0.049750643693175584,1200000.0,0.049750645618274074,proportional columns are analyst-derived; stage1_cap uses end-of-round wealth (approx)
20260731_013853,results/To_Use/simulation_llama3.1_8b_Full_scnldf_sh1_ldf1_seed1_26agents_30rounds_20260731_013853.json,10,17,developing,SFI,30830.0,937059.4857142859,0.1,937059.0,0.032900792820532015,308300.0,0.032900809874298206,proportional columns are analyst-derived; stage1_cap uses end-of-round wealth (approx)
20260731_013853,results/To_Use/simulation_llama3.1_8b_Full_scnldf_sh1_ldf1_seed1_26agents_30rounds_20260731_013853.json,10,18,developing,SFI,118000.0,466999.48571428575,0.1,466999.0,0.2526769377904485,1180000.0,0.2526772005935773,proportional columns are analyst-derived; stage1_cap uses end-of-round wealth (approx)
20260731_013853,results/To_Use/simulation_llama3.1_8b_Full_scnldf_sh1_ldf1_seed1_26agents_30rounds_20260731_013853.json,10,19,developing,SFI,1069.0,961078.4857142859,0.1,961078.0,0.0011122920925708845,10690.0,0.0011122926547064858,proportional columns are analyst-derived; stage1_cap uses end-of-round wealth (approx)
20260731_013853,results/To_Use/simulation_llama3.1_8b_Full_scnldf_sh1_ldf1_seed1_26agents_30rounds_20260731_013853.json,10,20,developing,SFI,120000.0,178827.48571428572,0.1,178827.0,0.6710377854986178,1200000.0,0.6710396081128689,proportional columns are analyst-derived; stage1_cap uses end-of-round wealth (approx)
20260731_013853,results/To_Use/simulation_llama3.1_8b_Full_scnldf_sh1_ldf1_seed1_26agents_30rounds_20260731_013853.json,10,21,developed,SI,3989560.0,15112220.933333332,1.0,15112220.0,0.2639956110752819,3989560.0,0.2639956273796967,proportional columns are analyst-derived; stage1_cap uses end-of-round wealth (approx)
20260731_013853,results/To_Use/simulation_llama3.1_8b_Full_scnldf_sh1_ldf1_seed1_26agents_30rounds_20260731_013853.json,10,22,developed,SI,1200000.0,26604661.93333333,1.0,26604661.0,0.04510487684477976,1200000.0,0.04510487842712974,proportional columns are analyst-derived; stage1_cap uses end-of-round wealth (approx)
20260731_013853,results/To_Use/simulation_llama3.1_8b_Full_scnldf_sh1_ldf1_seed1_26agents_30rounds_20260731_013853.json,10,23,developed,SI,10000000.0,11244131.933333332,1.0,11244131.0,0.8893527805694728,10000000.0,0.8893528543913265,proportional columns are analyst-derived; stage1_cap uses end-of-round wealth (approx)
20260731_013853,results/To_Use/simulation_llama3.1_8b_Full_scnldf_sh1_ldf1_seed1_26agents_30rounds_20260731_013853.json,10,24,developing,SFI,0.0,2808753.485714286,0.1,2808753.0,0.0,0.0,0.0,proportional columns are analyst-derived; stage1_cap uses end-of-round wealth (approx)
20260731_013853,results/To_Use/simulation_llama3.1_8b_Full_scnldf_sh1_ldf1_seed1_26agents_30rounds_20260731_013853.json,10,25,developed,SI,4000000.0,11883260.933333334,1.0,11883260.0,0.3366079414093934,4000000.0,0.3366079678472069,proportional columns are analyst-derived; stage1_cap uses end-of-round wealth (approx)
20260731_013853,results/To_Use/simulation_llama3.1_8b_Full_scnldf_sh1_ldf1_seed1_26agents_30rounds_20260731_013853.json,11,0,developing,SFI,120000.0,282606.9714285715,0.1,282606.0,0.4246179752516467,1200000.0,0.42461943483153225,proportional columns are analyst-derived; stage1_cap uses end-of-round wealth (approx)
20260731_013853,results/To_Use/simulation_llama3.1_8b_Full_scnldf_sh1_ldf1_seed1_26agents_30rounds_20260731_013853.json,11,1,developing,SFI,1069.0,983643.9714285715,0.1,983643.0,0.0010867753283207377,10690.0,0.0010867764016009873,proportional columns are analyst-derived; stage1_cap uses end-of-round wealth (approx)
20260731_013853,results/To_Use/simulation_llama3.1_8b_Full_scnldf_sh1_ldf1_seed1_26agents_30rounds_20260731_013853.json,11,2,developed,SI,8000000.0,17417490.4,1.0,17417490.0,0.4593084202302761,8000000.0,0.4593084307784876,proportional columns are analyst-derived; stage1_cap uses end-of-round wealth (approx)
20260731_013853,results/To_Use/simulation_llama3.1_8b_Full_scnldf_sh1_ldf1_seed1_26agents_30rounds_20260731_013853.json,11,3,developed,SI,5853596.0,18227413.4,1.0,18227413.0,0.32114243922289054,5853596.0,0.32114244627035116,proportional columns are analyst-derived; stage1_cap uses end-of-round wealth (approx)
20260731_013853,results/To_Use/simulation_llama3.1_8b_Full_scnldf_sh1_ldf1_seed1_26agents_30rounds_20260731_013853.json,11,4,developing,SFI,200000.0,326584.9714285715,0.1,326584.0,0.6123980510344539,2000000.0,0.6123998726208265,proportional columns are analyst-derived; stage1_cap uses end-of-round wealth (approx)
20260731_013853,results/To_Use/simulation_llama3.1_8b_Full_scnldf_sh1_ldf1_seed1_26agents_30rounds_20260731_013853.json,11,5,developed,SI,12000000.0,18681072.4,1.0,18681072.0,0.6423614096158634,12000000.0,0.6423614233701364,proportional columns are analyst-derived; stage1_cap uses end-of-round wealth (approx)
20260731_013853,results/To_Use/simulation_llama3.1_8b_Full_scnldf_sh1_ldf1_seed1_26agents_30rounds_20260731_013853.json,11,6,developed,SI,8000000.0,18030374.4,1.0,18030374.0,0.4436957227022419,8000000.0,0.4436957325455368,proportional columns are analyst-derived; stage1_cap uses end-of-round wealth (approx)
20260731_013853,results/To_Use/simulation_llama3.1_8b_Full_scnldf_sh1_ldf1_seed1_26agents_30rounds_20260731_013853.json,11,7,developing,SFI,150000.0,232640.9714285715,0.1,232640.0,0.6447703475398141,1500000.0,0.6447730398899587,proportional columns are analyst-derived; stage1_cap uses end-of-round wealth (approx)
20260731_013853,results/To_Use/simulation_llama3.1_8b_Full_scnldf_sh1_ldf1_seed1_26agents_30rounds_20260731_013853.json,11,8,developing,SFI,30830.0,507911.9714285716,0.1,507911.0,0.06069949466496414,308300.0,0.060699610758577785,proportional columns are analyst-derived; stage1_cap uses end-of-round wealth (approx)
20260731_013853,results/To_Use/simulation_llama3.1_8b_Full_scnldf_sh1_ldf1_seed1_26agents_30rounds_20260731_013853.json,11,9,developing,SFI,200000.0,388401.9714285715,0.1,388401.0,0.5149304450345219,2000000.0,0.5149317329255074,proportional columns are analyst-derived; stage1_cap uses end-of-round wealth (approx)
20260731_013853,results/To_Use/simulation_llama3.1_8b_Full_scnldf_sh1_ldf1_seed1_26agents_30rounds_20260731_013853.json,11,10,developed,SI,4000000.0,17805118.4,1.0,17805118.0,0.22465450159545136,4000000.0,0.22465450664241596,proportional columns are analyst-derived; stage1_cap uses end-of-round wealth (approx)
20260731_013853,results/To_Use/simulation_llama3.1_8b_Full_scnldf_sh1_ldf1_seed1_26agents_30rounds_20260731_013853.json,11,11,developing,SFI,30830.0,1089884.9714285715,0.1,1089884.0,0.028287388860486297,308300.0,0.02828741407342433,proportional columns are analyst-derived; stage1_cap uses end-of-round wealth (approx)
20260731_013853,results/To_Use/simulation_llama3.1_8b_Full_scnldf_sh1_ldf1_seed1_26agents_30rounds_20260731_013853.json,11,12,developing,SFI,30824.0,1230691.9714285715,0.1,1230691.0,0.025046072222458634,308240.0,0.025046091992222255,proportional columns are analyst-derived; stage1_cap uses end-of-round wealth (approx)
20260731_013853,results/To_Use/simulation_llama3.1_8b_Full_scnldf_sh1_ldf1_seed1_26agents_30rounds_20260731_013853.json,11,13,developed,SI,12000000.0,30317712.400000006,1.0,30317712.0,0.39580822727245074,12000000.0,0.3958082324945893,proportional columns are analyst-derived; stage1_cap uses end-of-round wealth (approx)
20260731_013853,results/To_Use/simulation_llama3.1_8b_Full_scnldf_sh1_ldf1_seed1_26agents_30rounds_20260731_013853.json,11,14,developed,SI,5000000.0,15357177.399999999,1.0,15357177.0,0.32558066301949473,5000000.0,0.32558067149971637,proportional columns are analyst-derived; stage1_cap uses end-of-round wealth (approx)
20260731_013853,results/To_Use/simulation_llama3.1_8b_Full_scnldf_sh1_ldf1_seed1_26agents_30rounds_20260731_013853.json,11,15,developing,SFI,100000.0,197394.9714285715,0.1,197394.0,0.5065985180690663,1000000.0,0.5066010111756183,proportional columns are analyst-derived; stage1_cap uses end-of-round wealth (approx)
20260731_013853,results/To_Use/simulation_llama3.1_8b_Full_scnldf_sh1_ldf1_seed1_26agents_30rounds_20260731_013853.json,11,16,developed,SI,1200000.0,31631572.4,1.0,31631572.0,0.0379367798990606,1200000.0,0.037936780378793694,proportional columns are analyst-derived; stage1_cap uses end-of-round wealth (approx)
20260731_013853,results/To_Use/simulation_llama3.1_8b_Full_scnldf_sh1_ldf1_seed1_26agents_30rounds_20260731_013853.json,11,17,developing,SFI,30830.0,1059794.9714285715,0.1,1059794.0,0.02909053244368776,308300.0,0.029090559108656964,proportional columns are analyst-derived; stage1_cap uses end-of-round wealth (approx)
20260731_013853,results/To_Use/simulation_llama3.1_8b_Full_scnldf_sh1_ldf1_seed1_26agents_30rounds_20260731_013853.json,11,18,developing,SFI,200000.0,420564.9714285715,0.1,420564.0,0.47555077951604413,2000000.0,0.47555187795436604,proportional columns are analyst-derived; stage1_cap uses end-of-round wealth (approx)
20260731_013853,results/To_Use/simulation_llama3.1_8b_Full_scnldf_sh1_ldf1_seed1_26agents_30rounds_20260731_013853.json,11,19,developing,SFI,1069.0,1113574.9714285715,0.1,1113574.0,0.000959971288353053,10690.0,0.0009599721257859828,proportional columns are analyst-derived; stage1_cap uses end-of-round wealth (approx)
20260731_013853,results/To_Use/simulation_llama3.1_8b_Full_scnldf_sh1_ldf1_seed1_26agents_30rounds_20260731_013853.json,11,20,developing,SFI,120000.0,212392.97142857144,0.1,212392.0,0.564990447625789,1200000.0,0.5649930317526084,proportional columns are analyst-derived; stage1_cap uses end-of-round wealth (approx)
20260731_013853,results/To_Use/simulation_llama3.1_8b_Full_scnldf_sh1_ldf1_seed1_26agents_30rounds_20260731_013853.json,11,21,developed,SI,8000000.0,17412682.4,1.0,17412682.0,0.459435244738628,8000000.0,0.45943525529266543,proportional columns are analyst-derived; stage1_cap uses end-of-round wealth (approx)
20260731_013853,results/To_Use/simulation_llama3.1_8b_Full_scnldf_sh1_ldf1_seed1_26agents_30rounds_20260731_013853.json,11,22,developed,SI,1200000.0,34202131.4,1.0,34202131.0,0.03508553271039711,1200000.0,0.035085533120728644,proportional columns are analyst-derived; stage1_cap uses end-of-round wealth (approx)
20260731_013853,results/To_Use/simulation_llama3.1_8b_Full_scnldf_sh1_ldf1_seed1_26agents_30rounds_20260731_013853.json,11,23,developed,SI,4000000.0,17259555.4,1.0,17259555.0,0.2317556801028606,4000000.0,0.23175568547393025,proportional columns are analyst-derived; stage1_cap uses end-of-round wealth (approx)
20260731_013853,results/To_Use/simulation_llama3.1_8b_Full_scnldf_sh1_ldf1_seed1_26agents_30rounds_20260731_013853.json,11,24,developing,SFI,128246.0,2834072.9714285717,0.1,2834072.0,0.045251481275499765,1282460.0,0.04525149678624961,proportional columns are analyst-derived; stage1_cap uses end-of-round wealth (approx)
20260731_013853,results/To_Use/simulation_llama3.1_8b_Full_scnldf_sh1_ldf1_seed1_26agents_30rounds_20260731_013853.json,11,25,developed,SI,8000000.0,13589646.4,1.0,13589646.0,0.5886834553693759,8000000.0,0.588683472696787,proportional columns are analyst-derived; stage1_cap uses end-of-round wealth (approx)
20260731_013853,results/To_Use/simulation_llama3.1_8b_Full_scnldf_sh1_ldf1_seed1_26agents_30rounds_20260731_013853.json,12,0,developing,SFI,200000.0,228062.85714285722,0.1,228062.0,0.8769512164566157,2000000.0,0.8769545123694434,proportional columns are analyst-derived; stage1_cap uses end-of-round wealth (approx)
20260731_013853,results/To_Use/simulation_llama3.1_8b_Full_scnldf_sh1_ldf1_seed1_26agents_30rounds_20260731_013853.json,12,1,developing,SFI,1069.0,1128030.8571428573,0.1,1128030.0,0.0009476691113819581,10690.0,0.0009476698314761133,proportional columns are analyst-derived; stage1_cap uses end-of-round wealth (approx)
20260731_013853,results/To_Use/simulation_llama3.1_8b_Full_scnldf_sh1_ldf1_seed1_26agents_30rounds_20260731_013853.json,12,2,developed,SI,10000000.0,25120662.73333333,1.0,25120662.0,0.39807866958584304,10000000.0,0.39807868120672935,proportional columns are analyst-derived; stage1_cap uses end-of-round wealth (approx)
20260731_013853,results/To_Use/simulation_llama3.1_8b_Full_scnldf_sh1_ldf1_seed1_26agents_30rounds_20260731_013853.json,12,3,developed,SI,10000000.0,24250176.73333333,1.0,24250176.0,0.41236812869303324,10000000.0,0.41236814116318166,proportional columns are analyst-derived; stage1_cap uses end-of-round wealth (approx)
20260731_013853,results/To_Use/simulation_llama3.1_8b_Full_scnldf_sh1_ldf1_seed1_26agents_30rounds_20260731_013853.json,12,4,developing,SFI,106000.0,366040.8571428572,0.1,366040.0,0.2895851595021008,1060000.0,0.2895858376133756,proportional columns are analyst-derived; stage1_cap uses end-of-round wealth (approx)
20260731_013853,results/To_Use/simulation_llama3.1_8b_Full_scnldf_sh1_ldf1_seed1_26agents_30rounds_20260731_013853.json,12,5,developed,SI,12000000.0,23461555.73333333,1.0,23461555.0,0.5114750333010029,12000000.0,0.51147504928808,proportional columns are analyst-derived; stage1_cap uses end-of-round wealth (approx)
20260731_013853,results/To_Use/simulation_llama3.1_8b_Full_scnldf_sh1_ldf1_seed1_26agents_30rounds_20260731_013853.json,12,6,developed,SI,10000000.0,24063189.73333333,1.0,24063189.0,0.41557250351343006,10000000.0,0.4155725161781342,proportional columns are analyst-derived; stage1_cap uses end-of-round wealth (approx)
20260731_013853,results/To_Use/simulation_llama3.1_8b_Full_scnldf_sh1_ldf1_seed1_26agents_30rounds_20260731_013853.json,12,7,developing,SFI,120000.0,258096.85714285722,0.1,258096.0,0.46494173283783813,1200000.0,0.46494327692021575,proportional columns are analyst-derived; stage1_cap uses end-of-round wealth (approx)
20260731_013853,results/To_Use/simulation_llama3.1_8b_Full_scnldf_sh1_ldf1_seed1_26agents_30rounds_20260731_013853.json,12,8,developing,SFI,30830.0,622537.8571428573,0.1,622537.0,0.0495230926862738,308300.0,0.04952316087236582,proportional columns are analyst-derived; stage1_cap uses end-of-round wealth (approx)
20260731_013853,results/To_Use/simulation_llama3.1_8b_Full_scnldf_sh1_ldf1_seed1_26agents_30rounds_20260731_013853.json,12,9,developing,SFI,128246.0,405611.8571428572,0.1,405611.0,0.3161791198693472,1282460.0,0.31617978802350033,proportional columns are analyst-derived; stage1_cap uses end-of-round wealth (approx)
20260731_013853,results/To_Use/simulation_llama3.1_8b_Full_scnldf_sh1_ldf1_seed1_26agents_30rounds_20260731_013853.json,12,10,developed,SI,4000000.0,30736247.73333333,1.0,30736247.0,0.1301395028665785,4000000.0,0.1301395059715651,proportional columns are analyst-derived; stage1_cap uses end-of-round wealth (approx)
20260731_013853,results/To_Use/simulation_llama3.1_8b_Full_scnldf_sh1_ldf1_seed1_26agents_30rounds_20260731_013853.json,12,11,developing,SFI,30830.0,1204510.8571428573,0.1,1204510.0,0.02559545214322921,308300.0,0.025595470357240704,proportional columns are analyst-derived; stage1_cap uses end-of-round wealth (approx)
20260731_013853,results/To_Use/simulation_llama3.1_8b_Full_scnldf_sh1_ldf1_seed1_26agents_30rounds_20260731_013853.json,12,12,developing,SFI,30824.0,1345323.8571428573,0.1,1345323.0,0.022911955241366733,308240.0,0.022911969839213335,proportional columns are analyst-derived; stage1_cap uses end-of-round wealth (approx)
20260731_013853,results/To_Use/simulation_llama3.1_8b_Full_scnldf_sh1_ldf1_seed1_26agents_30rounds_20260731_013853.json,12,13,developed,SI,12000000.0,35219695.733333334,1.0,35219695.0,0.34071844603253393,12000000.0,0.3407184531268655,proportional columns are analyst-derived; stage1_cap uses end-of-round wealth (approx)
20260731_013853,results/To_Use/simulation_llama3.1_8b_Full_scnldf_sh1_ldf1_seed1_26agents_30rounds_20260731_013853.json,12,14,developed,SI,8000000.0,18087216.73333333,1.0,18087216.0,0.44230132905172875,8000000.0,0.4423013469845221,proportional columns are analyst-derived; stage1_cap uses end-of-round wealth (approx)
20260731_013853,results/To_Use/simulation_llama3.1_8b_Full_scnldf_sh1_ldf1_seed1_26agents_30rounds_20260731_013853.json,12,15,developing,SFI,44795.0,298055.8571428572,0.1,298055.0,0.15029062146069452,447950.0,0.1502910536645921,proportional columns are analyst-derived; stage1_cap uses end-of-round wealth (approx)
20260731_013853,results/To_Use/simulation_llama3.1_8b_Full_scnldf_sh1_ldf1_seed1_26agents_30rounds_20260731_013853.json,12,16,developed,SI,12000000.0,36534308.733333334,1.0,36534308.0,0.3284583838054499,12000000.0,0.32845839039841673,proportional columns are analyst-derived; stage1_cap uses end-of-round wealth (approx)
20260731_013853,results/To_Use/simulation_llama3.1_8b_Full_scnldf_sh1_ldf1_seed1_26agents_30rounds_20260731_013853.json,12,17,developing,SFI,30830.0,1174420.8571428573,0.1,1174420.0,0.026251236779806116,308300.0,0.026251255939101853,proportional columns are analyst-derived; stage1_cap uses end-of-round wealth (approx)
20260731_013853,results/To_Use/simulation_llama3.1_8b_Full_scnldf_sh1_ldf1_seed1_26agents_30rounds_20260731_013853.json,12,18,developing,SFI,300000.0,266020.8571428572,0.1,266020.0,1.1277311231235356,3000000.0,1.127734756785204,proportional columns are analyst-derived; stage1_cap uses end-of-round wealth (approx)
20260731_013853,results/To_Use/simulation_llama3.1_8b_Full_scnldf_sh1_ldf1_seed1_26agents_30rounds_20260731_013853.json,12,19,developing,SFI,1069.0,1257961.8571428573,0.1,1257961.0,0.0008497872919835293,10690.0,0.0008497878710071298,proportional columns are analyst-derived; stage1_cap uses end-of-round wealth (approx)
20260731_013853,results/To_Use/simulation_llama3.1_8b_Full_scnldf_sh1_ldf1_seed1_26agents_30rounds_20260731_013853.json,12,20,developing,SFI,120000.0,237848.85714285716,0.1,237848.0,0.5045220794478126,1200000.0,0.5045238976152837,proportional columns are analyst-derived; stage1_cap uses end-of-round wealth (approx)
20260731_013853,results/To_Use/simulation_llama3.1_8b_Full_scnldf_sh1_ldf1_seed1_26agents_30rounds_20260731_013853.json,12,21,developed,SI,12000000.0,22349804.73333333,1.0,22349804.0,0.5369174425986261,12000000.0,0.5369174602157585,proportional columns are analyst-derived; stage1_cap uses end-of-round wealth (approx)
20260731_013853,results/To_Use/simulation_llama3.1_8b_Full_scnldf_sh1_ldf1_seed1_26agents_30rounds_20260731_013853.json,12,22,developed,SI,20000000.0,31252526.73333333,1.0,31252526.0,0.6399482566850633,20000000.0,0.6399482717013019,proportional columns are analyst-derived; stage1_cap uses end-of-round wealth (approx)
20260731_013853,results/To_Use/simulation_llama3.1_8b_Full_scnldf_sh1_ldf1_seed1_26agents_30rounds_20260731_013853.json,12,23,developed,SI,12000000.0,22172888.73333333,1.0,22172888.0,0.5412014710541506,12000000.0,0.5412014889535364,proportional columns are analyst-derived; stage1_cap uses end-of-round wealth (approx)
20260731_013853,results/To_Use/simulation_llama3.1_8b_Full_scnldf_sh1_ldf1_seed1_26agents_30rounds_20260731_013853.json,12,24,developing,SFI,128246.0,2851282.8571428573,0.1,2851282.0,0.0449783505970746,1282460.0,0.0449783641183159,proportional columns are analyst-derived; stage1_cap uses end-of-round wealth (approx)
20260731_013853,results/To_Use/simulation_llama3.1_8b_Full_scnldf_sh1_ldf1_seed1_26agents_30rounds_20260731_013853.json,12,25,developed,SI,5000000.0,25522906.733333334,1.0,25522906.0,0.19590245156010846,5000000.0,0.19590245718884833,proportional columns are analyst-derived; stage1_cap uses end-of-round wealth (approx)
20260731_013853,results/To_Use/simulation_llama3.1_8b_Full_scnldf_sh1_ldf1_seed1_26agents_30rounds_20260731_013853.json,13,0,developing,SFI,150000.0,219999.31428571438,0.1,219999.0,0.681820306972385,1500000.0,0.6818212810058227,proportional columns are analyst-derived; stage1_cap uses end-of-round wealth (approx)
20260731_013853,results/To_Use/simulation_llama3.1_8b_Full_scnldf_sh1_ldf1_seed1_26agents_30rounds_20260731_013853.json,13,1,developing,SFI,1069.0,1268898.3142857144,0.1,1268898.0,0.0008424630941382874,10690.0,0.0008424633028029046,proportional columns are analyst-derived; stage1_cap uses end-of-round wealth (approx)
20260731_013853,results/To_Use/simulation_llama3.1_8b_Full_scnldf_sh1_ldf1_seed1_26agents_30rounds_20260731_013853.json,13,2,developed,SI,10000000.0,34169461.86666667,1.0,34169461.0,0.2926589841836315,10000000.0,0.2926589916065694,proportional columns are analyst-derived; stage1_cap uses end-of-round wealth (approx)
20260731_013853,results/To_Use/simulation_llama3.1_8b_Full_scnldf_sh1_ldf1_seed1_26agents_30rounds_20260731_013853.json,13,3,developed,SI,12000000.0,31268852.866666667,1.0,31268852.0,0.38376847565112576,12000000.0,0.383768486287888,proportional columns are analyst-derived; stage1_cap uses end-of-round wealth (approx)
20260731_013853,results/To_Use/simulation_llama3.1_8b_Full_scnldf_sh1_ldf1_seed1_26agents_30rounds_20260731_013853.json,13,4,developing,SFI,200000.0,307977.3142857144,0.1,307977.0,0.6493984807415312,2000000.0,0.6493991434425298,proportional columns are analyst-derived; stage1_cap uses end-of-round wealth (approx)
20260731_013853,results/To_Use/simulation_llama3.1_8b_Full_scnldf_sh1_ldf1_seed1_26agents_30rounds_20260731_013853.json,13,5,developed,SI,12000000.0,30453979.866666667,1.0,30453979.0,0.394037168624209,12000000.0,0.39403717983781367,proportional columns are analyst-derived; stage1_cap uses end-of-round wealth (approx)
20260731_013853,results/To_Use/simulation_llama3.1_8b_Full_scnldf_sh1_ldf1_seed1_26agents_30rounds_20260731_013853.json,13,6,developed,SI,10000000.0,33108488.866666667,1.0,33108488.0,0.30203734275737093,10000000.0,0.3020373506636727,proportional columns are analyst-derived; stage1_cap uses end-of-round wealth (approx)
20260731_013853,results/To_Use/simulation_llama3.1_8b_Full_scnldf_sh1_ldf1_seed1_26agents_30rounds_20260731_013853.json,13,7,developing,SFI,150000.0,250033.31428571438,0.1,250033.0,0.5999200563673456,1500000.0,0.5999208104530201,proportional columns are analyst-derived; stage1_cap uses end-of-round wealth (approx)
20260731_013853,results/To_Use/simulation_llama3.1_8b_Full_scnldf_sh1_ldf1_seed1_26agents_30rounds_20260731_013853.json,13,8,developing,SFI,30830.0,733644.3142857144,0.1,733644.0,0.04202308857258232,308300.0,0.04202310657485102,proportional columns are analyst-derived; stage1_cap uses end-of-round wealth (approx)
20260731_013853,results/To_Use/simulation_llama3.1_8b_Full_scnldf_sh1_ldf1_seed1_26agents_30rounds_20260731_013853.json,13,9,developing,SFI,128246.0,419302.3142857144,0.1,419302.0,0.3058556932090115,1282460.0,0.3058559224616148,proportional columns are analyst-derived; stage1_cap uses end-of-round wealth (approx)
20260731_013853,results/To_Use/simulation_llama3.1_8b_Full_scnldf_sh1_ldf1_seed1_26agents_30rounds_20260731_013853.json,13,10,developed,SI,20000000.0,29783803.866666667,1.0,29783803.0,0.671505899297958,20000000.0,0.6715059188378327,proportional columns are analyst-derived; stage1_cap uses end-of-round wealth (approx)
20260731_013853,results/To_Use/simulation_llama3.1_8b_Full_scnldf_sh1_ldf1_seed1_26agents_30rounds_20260731_013853.json,13,11,developing,SFI,30830.0,1315617.3142857144,0.1,1315617.0,0.023433866113823892,308300.0,0.023433871711903996,proportional columns are analyst-derived; stage1_cap uses end-of-round wealth (approx)
20260731_013853,results/To_Use/simulation_llama3.1_8b_Full_scnldf_sh1_ldf1_seed1_26agents_30rounds_20260731_013853.json,13,12,developing,SFI,30824.0,1456436.3142857144,0.1,1456436.0,0.02116398753426931,308240.0,0.02116399210126638,proportional columns are analyst-derived; stage1_cap uses end-of-round wealth (approx)
20260731_013853,results/To_Use/simulation_llama3.1_8b_Full_scnldf_sh1_ldf1_seed1_26agents_30rounds_20260731_013853.json,13,13,developed,SI,12000000.0,42246939.866666675,1.0,42246939.0,0.2840442417337815,12000000.0,0.28404424756075225,proportional columns are analyst-derived; stage1_cap uses end-of-round wealth (approx)
20260731_013853,results/To_Use/simulation_llama3.1_8b_Full_scnldf_sh1_ldf1_seed1_26agents_30rounds_20260731_013853.json,13,14,developed,SI,10818181.0,26227659.866666667,1.0,26227659.0,0.4124722165452921,10818181.0,0.4124722301750225,proportional columns are analyst-derived; stage1_cap uses end-of-round wealth (approx)
20260731_013853,results/To_Use/simulation_llama3.1_8b_Full_scnldf_sh1_ldf1_seed1_26agents_30rounds_20260731_013853.json,13,15,developing,SFI,120000.0,319992.3142857144,0.1,319992.0,0.3750090069127552,1200000.0,0.3750093752343809,proportional columns are analyst-derived; stage1_cap uses end-of-round wealth (approx)
20260731_013853,results/To_Use/simulation_llama3.1_8b_Full_scnldf_sh1_ldf1_seed1_26agents_30rounds_20260731_013853.json,13,16,developed,SI,12000000.0,43574992.866666675,1.0,43574992.0,0.27538730842064174,12000000.0,0.27538731389784304,proportional columns are analyst-derived; stage1_cap uses end-of-round wealth (approx)
20260731_013853,results/To_Use/simulation_llama3.1_8b_Full_scnldf_sh1_ldf1_seed1_26agents_30rounds_20260731_013853.json,13,17,developing,SFI,30830.0,1285527.3142857144,0.1,1285527.0,0.023982376459367776,308300.0,0.023982382322580546,proportional columns are analyst-derived; stage1_cap uses end-of-round wealth (approx)
20260731_013853,results/To_Use/simulation_llama3.1_8b_Full_scnldf_sh1_ldf1_seed1_26agents_30rounds_20260731_013853.json,13,18,developing,SFI,120000.0,287957.3142857144,0.1,287957.0,0.41672843177351865,1200000.0,0.4167288866045972,proportional columns are analyst-derived; stage1_cap uses end-of-round wealth (approx)
20260731_013853,results/To_Use/simulation_llama3.1_8b_Full_scnldf_sh1_ldf1_seed1_26agents_30rounds_20260731_013853.json,13,19,developing,SFI,1069.0,1398829.3142857144,0.1,1398829.0,0.000764210464481054,10690.0,0.0007642106361821208,proportional columns are analyst-derived; stage1_cap uses end-of-round wealth (approx)
20260731_013853,results/To_Use/simulation_llama3.1_8b_Full_scnldf_sh1_ldf1_seed1_26agents_30rounds_20260731_013853.json,13,20,developing,SFI,120000.0,259785.31428571432,0.1,259785.0,0.4619198753784168,1200000.0,0.4619204342052082,proportional columns are analyst-derived; stage1_cap uses end-of-round wealth (approx)
20260731_013853,results/To_Use/simulation_llama3.1_8b_Full_scnldf_sh1_ldf1_seed1_26agents_30rounds_20260731_013853.json,13,21,developed,SI,12000000.0,29396878.866666667,1.0,29396878.0,0.40820660092615774,12000000.0,0.40820661296073685,proportional columns are analyst-derived; stage1_cap uses end-of-round wealth (approx)
20260731_013853,results/To_Use/simulation_llama3.1_8b_Full_scnldf_sh1_ldf1_seed1_26agents_30rounds_20260731_013853.json,13,22,developed,SI,12000000.0,38293825.86666667,1.0,38293825.0,0.3133664429817536,12000000.0,0.3133664500738696,proportional columns are analyst-derived; stage1_cap uses end-of-round wealth (approx)
20260731_013853,results/To_Use/simulation_llama3.1_8b_Full_scnldf_sh1_ldf1_seed1_26agents_30rounds_20260731_013853.json,13,23,developed,SI,10000000.0,31217737.866666667,1.0,31217737.0,0.32033070566197847,10000000.0,0.320330714554998,proportional columns are analyst-derived; stage1_cap uses end-of-round wealth (approx)
20260731_013853,results/To_Use/simulation_llama3.1_8b_Full_scnldf_sh1_ldf1_seed1_26agents_30rounds_20260731_013853.json,13,24,developing,SFI,128246.0,2864973.3142857146,0.1,2864973.0,0.04476341868893598,1282460.0,0.04476342359945452,proportional columns are analyst-derived; stage1_cap uses end-of-round wealth (approx)
20260731_013853,results/To_Use/simulation_llama3.1_8b_Full_scnldf_sh1_ldf1_seed1_26agents_30rounds_20260731_013853.json,13,25,developed,SI,10000000.0,34543530.866666675,1.0,34543530.0,0.28948980457726337,10000000.0,0.289489811840307,proportional columns are analyst-derived; stage1_cap uses end-of-round wealth (approx)
20260731_013853,results/To_Use/simulation_llama3.1_8b_Full_scnldf_sh1_ldf1_seed1_26agents_30rounds_20260731_013853.json,14,0,developing,SFI,200000.0,172327.77142857152,0.1,172327.0,1.1605790427278775,2000000.0,1.1605842381054623,proportional columns are analyst-derived; stage1_cap uses end-of-round wealth (approx)
20260731_013853,results/To_Use/simulation_llama3.1_8b_Full_scnldf_sh1_ldf1_seed1_26agents_30rounds_20260731_013853.json,14,1,developing,SFI,1069.0,1420157.7714285715,0.1,1420157.0,0.0007527332677443765,10690.0,0.0007527336766287107,proportional columns are analyst-derived; stage1_cap uses end-of-round wealth (approx)
20260731_013853,results/To_Use/simulation_llama3.1_8b_Full_scnldf_sh1_ldf1_seed1_26agents_30rounds_20260731_013853.json,14,2,developed,SI,10000000.0,44276602.66666667,1.0,44276602.0,0.22585292000120935,10000000.0,0.2258529234018455,proportional columns are analyst-derived; stage1_cap uses end-of-round wealth (approx)
20260731_013853,results/To_Use/simulation_llama3.1_8b_Full_scnldf_sh1_ldf1_seed1_26agents_30rounds_20260731_013853.json,14,3,developed,SI,10000000.0,41377583.66666667,1.0,41377583.0,0.2416767513675742,10000000.0,0.24167675526141777,proportional columns are analyst-derived; stage1_cap uses end-of-round wealth (approx)
20260731_013853,results/To_Use/simulation_llama3.1_8b_Full_scnldf_sh1_ldf1_seed1_26agents_30rounds_20260731_013853.json,14,4,developing,SFI,150000.0,310305.77142857155,0.1,310305.0,0.48339416733835416,1500000.0,0.4833953690723643,proportional columns are analyst-derived; stage1_cap uses end-of-round wealth (approx)
20260731_013853,results/To_Use/simulation_llama3.1_8b_Full_scnldf_sh1_ldf1_seed1_26agents_30rounds_20260731_013853.json,14,5,developed,SI,12000000.0,38562620.66666667,1.0,38562620.0,0.31118217052018815,12000000.0,0.311182175899874,proportional columns are analyst-derived; stage1_cap uses end-of-round wealth (approx)
20260731_013853,results/To_Use/simulation_llama3.1_8b_Full_scnldf_sh1_ldf1_seed1_26agents_30rounds_20260731_013853.json,14,6,developed,SI,10000000.0,43197459.66666667,1.0,43197459.0,0.23149509432186594,10000000.0,0.23149509789453124,proportional columns are analyst-derived; stage1_cap uses end-of-round wealth (approx)
20260731_013853,results/To_Use/simulation_llama3.1_8b_Full_scnldf_sh1_ldf1_seed1_26agents_30rounds_20260731_013853.json,14,7,developing,SFI,120000.0,282361.77142857155,0.1,282361.0,0.42498670904661096,1200000.0,0.42498787013787315,proportional columns are analyst-derived; stage1_cap uses end-of-round wealth (approx)
20260731_013853,results/To_Use/simulation_llama3.1_8b_Full_scnldf_sh1_ldf1_seed1_26agents_30rounds_20260731_013853.json,14,8,developing,SFI,30830.0,855142.7714285715,0.1,855142.0,0.036052459343714593,308300.0,0.03605249186684784,proportional columns are analyst-derived; stage1_cap uses end-of-round wealth (approx)
20260731_013853,results/To_Use/simulation_llama3.1_8b_Full_scnldf_sh1_ldf1_seed1_26agents_30rounds_20260731_013853.json,14,9,developing,SFI,200000.0,371630.77142857155,0.1,371630.0,0.5381685677727592,2000000.0,0.5381696849016495,proportional columns are analyst-derived; stage1_cap uses end-of-round wealth (approx)
20260731_013853,results/To_Use/simulation_llama3.1_8b_Full_scnldf_sh1_ldf1_seed1_26agents_30rounds_20260731_013853.json,14,10,developed,SI,15000000.0,31474926.66666667,1.0,31474926.0,0.47656981567762186,15000000.0,0.4765698257717905,proportional columns are analyst-derived; stage1_cap uses end-of-round wealth (approx)
20260731_013853,results/To_Use/simulation_llama3.1_8b_Full_scnldf_sh1_ldf1_seed1_26agents_30rounds_20260731_013853.json,14,11,developing,SFI,30830.0,1437115.7714285715,0.1,1437115.0,0.02145269059941726,308300.0,0.021452702115001235,proportional columns are analyst-derived; stage1_cap uses end-of-round wealth (approx)
20260731_013853,results/To_Use/simulation_llama3.1_8b_Full_scnldf_sh1_ldf1_seed1_26agents_30rounds_20260731_013853.json,14,12,developing,SFI,0.0,1608764.7714285715,0.1,1608764.0,0.0,0.0,0.0,proportional columns are analyst-derived; stage1_cap uses end-of-round wealth (approx)
20260731_013853,results/To_Use/simulation_llama3.1_8b_Full_scnldf_sh1_ldf1_seed1_26agents_30rounds_20260731_013853.json,14,13,developed,SI,12000000.0,50347040.66666667,1.0,50347040.0,0.23834568707719211,12000000.0,0.2383456902332292,proportional columns are analyst-derived; stage1_cap uses end-of-round wealth (approx)
20260731_013853,results/To_Use/simulation_llama3.1_8b_Full_scnldf_sh1_ldf1_seed1_26agents_30rounds_20260731_013853.json,14,14,developed,SI,10818181.0,34624524.66666667,1.0,34624524.0,0.3124427296590372,10818181.0,0.3124427356748644,proportional columns are analyst-derived; stage1_cap uses end-of-round wealth (approx)
20260731_013853,results/To_Use/simulation_llama3.1_8b_Full_scnldf_sh1_ldf1_seed1_26agents_30rounds_20260731_013853.json,14,15,developing,SFI,200000.0,272320.77142857155,0.1,272320.0,0.7344280017672433,2000000.0,0.7344300822561692,proportional columns are analyst-derived; stage1_cap uses end-of-round wealth (approx)
20260731_013853,results/To_Use/simulation_llama3.1_8b_Full_scnldf_sh1_ldf1_seed1_26agents_30rounds_20260731_013853.json,14,16,developed,SI,12000000.0,51686913.66666667,1.0,51686913.0,0.23216708347859627,12000000.0,0.23216708647312714,proportional columns are analyst-derived; stage1_cap uses end-of-round wealth (approx)
20260731_013853,results/To_Use/simulation_llama3.1_8b_Full_scnldf_sh1_ldf1_seed1_26agents_30rounds_20260731_013853.json,14,17,developing,SFI,30830.0,1407025.7714285715,0.1,1407025.0,0.021911467882139712,308300.0,0.021911479895524246,proportional columns are analyst-derived; stage1_cap uses end-of-round wealth (approx)
20260731_013853,results/To_Use/simulation_llama3.1_8b_Full_scnldf_sh1_ldf1_seed1_26agents_30rounds_20260731_013853.json,14,18,developing,SFI,120000.0,320285.77142857155,0.1,320285.0,0.3746654104075984,1200000.0,0.374666312815149,proportional columns are analyst-derived; stage1_cap uses end-of-round wealth (approx)
20260731_013853,results/To_Use/simulation_llama3.1_8b_Full_scnldf_sh1_ldf1_seed1_26agents_30rounds_20260731_013853.json,14,19,developing,SFI,1069.0,1550088.7714285715,0.1,1550088.0,0.0006896379224880152,10690.0,0.0006896382656984636,proportional columns are analyst-derived; stage1_cap uses end-of-round wealth (approx)
20260731_013853,results/To_Use/simulation_llama3.1_8b_Full_scnldf_sh1_ldf1_seed1_26agents_30rounds_20260731_013853.json,14,20,developing,SFI,120000.0,292113.77142857143,0.1,292113.0,0.4107988453031314,1200000.0,0.4107999301640119,proportional columns are analyst-derived; stage1_cap uses end-of-round wealth (approx)
20260731_013853,results/To_Use/simulation_llama3.1_8b_Full_scnldf_sh1_ldf1_seed1_26agents_30rounds_20260731_013853.json,14,21,developed,SI,12000000.0,37526114.66666667,1.0,37526114.0,0.31977730992383396,12000000.0,0.3197773156048079,proportional columns are analyst-derived; stage1_cap uses end-of-round wealth (approx)
20260731_013853,results/To_Use/simulation_llama3.1_8b_Full_scnldf_sh1_ldf1_seed1_26agents_30rounds_20260731_013853.json,14,22,developed,SI,20000000.0,38623108.66666667,1.0,38623108.0,0.5178247088448585,20000000.0,0.5178247177829397,proportional columns are analyst-derived; stage1_cap uses end-of-round wealth (approx)
20260731_013853,results/To_Use/simulation_llama3.1_8b_Full_scnldf_sh1_ldf1_seed1_26agents_30rounds_20260731_013853.json,14,23,developed,SI,12000000.0,39578188.66666667,1.0,39578188.0,0.303197301449689,12000000.0,0.3031973065568338,proportional columns are analyst-derived; stage1_cap uses end-of-round wealth (approx)
20260731_013853,results/To_Use/simulation_llama3.1_8b_Full_scnldf_sh1_ldf1_seed1_26agents_30rounds_20260731_013853.json,14,24,developing,SFI,128246.0,2889055.771428572,0.1,2889055.0,0.04439028185897058,1282460.0,0.04439029371195772,proportional columns are analyst-derived; stage1_cap uses end-of-round wealth (approx)
20260731_013853,results/To_Use/simulation_llama3.1_8b_Full_scnldf_sh1_ldf1_seed1_26agents_30rounds_20260731_013853.json,14,25,developed,SI,15000000.0,38102621.66666667,1.0,38102621.0,0.3936736986558186,15000000.0,0.3936737055437735,proportional columns are analyst-derived; stage1_cap uses end-of-round wealth (approx)
20260731_013853,results/To_Use/simulation_llama3.1_8b_Full_scnldf_sh1_ldf1_seed1_26agents_30rounds_20260731_013853.json,15,0,developing,SFI,171000.0,148998.62857142865,0.1,148998.0,1.1476615700393784,1710000.0,1.1476664116296864,proportional columns are analyst-derived; stage1_cap uses end-of-round wealth (approx)
20260731_013853,results/To_Use/simulation_llama3.1_8b_Full_scnldf_sh1_ldf1_seed1_26agents_30rounds_20260731_013853.json,15,1,developing,SFI,1069.0,1566759.6285714286,0.1,1566759.0,0.0006822999396370165,10690.0,0.0006823002133704035,proportional columns are analyst-derived; stage1_cap uses end-of-round wealth (approx)
20260731_013853,results/To_Use/simulation_llama3.1_8b_Full_scnldf_sh1_ldf1_seed1_26agents_30rounds_20260731_013853.json,15,2,developed,SI,15000000.0,52231634.533333346,1.0,52231634.0,0.28718228204072865,15000000.0,0.28718228497312565,proportional columns are analyst-derived; stage1_cap uses end-of-round wealth (approx)
20260731_013853,results/To_Use/simulation_llama3.1_8b_Full_scnldf_sh1_ldf1_seed1_26agents_30rounds_20260731_013853.json,15,3,developed,SI,20000000.0,44336812.533333346,1.0,44336812.0,0.4510924186298593,20000000.0,0.4510924240561094,proportional columns are analyst-derived; stage1_cap uses end-of-round wealth (approx)
20260731_013853,results/To_Use/simulation_llama3.1_8b_Full_scnldf_sh1_ldf1_seed1_26agents_30rounds_20260731_013853.json,15,4,developing,SFI,100000.0,357976.6285714287,0.1,357976.0,0.279347845693358,1000000.0,0.2793483362013096,proportional columns are analyst-derived; stage1_cap uses end-of-round wealth (approx)
20260731_013853,results/To_Use/simulation_llama3.1_8b_Full_scnldf_sh1_ldf1_seed1_26agents_30rounds_20260731_013853.json,15,5,developed,SI,12000000.0,49485893.533333346,1.0,49485893.0,0.24249334796626204,12000000.0,0.24249335057972987,proportional columns are analyst-derived; stage1_cap uses end-of-round wealth (approx)
20260731_013853,results/To_Use/simulation_llama3.1_8b_Full_scnldf_sh1_ldf1_seed1_26agents_30rounds_20260731_013853.json,15,6,developed,SI,12801652.0,53333575.533333346,1.0,53333575.0,0.24002988496428485,12801652.0,0.24002988736457287,proportional columns are analyst-derived; stage1_cap uses end-of-round wealth (approx)
20260731_013853,results/To_Use/simulation_llama3.1_8b_Full_scnldf_sh1_ldf1_seed1_26agents_30rounds_20260731_013853.json,15,7,developing,SFI,150000.0,280032.6285714287,0.1,280032.0,0.5356518658744049,1500000.0,0.5356530682207747,proportional columns are analyst-derived; stage1_cap uses end-of-round wealth (approx)
20260731_013853,results/To_Use/simulation_llama3.1_8b_Full_scnldf_sh1_ldf1_seed1_26agents_30rounds_20260731_013853.json,15,8,developing,SFI,30830.0,971983.6285714287,0.1,971983.0,0.03171864123402195,308300.0,0.03171866174614165,proportional columns are analyst-derived; stage1_cap uses end-of-round wealth (approx)
20260731_013853,results/To_Use/simulation_llama3.1_8b_Full_scnldf_sh1_ldf1_seed1_26agents_30rounds_20260731_013853.json,15,9,developing,SFI,128246.0,391055.6285714287,0.1,391055.0,0.32794822687630765,1282460.0,0.3279487540115841,proportional columns are analyst-derived; stage1_cap uses end-of-round wealth (approx)
20260731_013853,results/To_Use/simulation_llama3.1_8b_Full_scnldf_sh1_ldf1_seed1_26agents_30rounds_20260731_013853.json,15,10,developed,SI,12347107.0,42079987.533333346,1.0,42079987.0,0.29341993008480177,12347107.0,0.29341993380368675,proportional columns are analyst-derived; stage1_cap uses end-of-round wealth (approx)
20260731_013853,results/To_Use/simulation_llama3.1_8b_Full_scnldf_sh1_ldf1_seed1_26agents_30rounds_20260731_013853.json,15,11,developing,SFI,30830.0,1553956.6285714286,0.1,1553956.0,0.019839678555470624,308300.0,0.019839686580572422,proportional columns are analyst-derived; stage1_cap uses end-of-round wealth (approx)
20260731_013853,results/To_Use/simulation_llama3.1_8b_Full_scnldf_sh1_ldf1_seed1_26agents_30rounds_20260731_013853.json,15,12,developing,SFI,0.0,1756435.6285714286,0.1,1756435.0,0.0,0.0,0.0,proportional columns are analyst-derived; stage1_cap uses end-of-round wealth (approx)
20260731_013853,results/To_Use/simulation_llama3.1_8b_Full_scnldf_sh1_ldf1_seed1_26agents_30rounds_20260731_013853.json,15,13,developed,SI,12000000.0,61275632.533333346,1.0,61275632.0,0.1958364117003952,12000000.0,0.19583641340492416,proportional columns are analyst-derived; stage1_cap uses end-of-round wealth (approx)
20260731_013853,results/To_Use/simulation_llama3.1_8b_Full_scnldf_sh1_ldf1_seed1_26agents_30rounds_20260731_013853.json,15,14,developed,SI,12000000.0,45557427.533333346,1.0,45557427.0,0.26340381030557247,12000000.0,0.26340381338919777,proportional columns are analyst-derived; stage1_cap uses end-of-round wealth (approx)
20260731_013853,results/To_Use/simulation_llama3.1_8b_Full_scnldf_sh1_ldf1_seed1_26agents_30rounds_20260731_013853.json,15,15,developing,SFI,200000.0,219991.62857142868,0.1,219991.0,0.9091255030873249,2000000.0,0.9091281006950285,proportional columns are analyst-derived; stage1_cap uses end-of-round wealth (approx)
20260731_013853,results/To_Use/simulation_llama3.1_8b_Full_scnldf_sh1_ldf1_seed1_26agents_30rounds_20260731_013853.json,15,16,developed,SI,12000000.0,62625507.533333346,1.0,62625507.0,0.19161521355516078,12000000.0,0.1916152151870004,proportional columns are analyst-derived; stage1_cap uses end-of-round wealth (approx)
20260731_013853,results/To_Use/simulation_llama3.1_8b_Full_scnldf_sh1_ldf1_seed1_26agents_30rounds_20260731_013853.json,15,17,developing,SFI,30830.0,1523866.6285714286,0.1,1523866.0,0.020231429327185965,308300.0,0.020231437672341267,proportional columns are analyst-derived; stage1_cap uses end-of-round wealth (approx)
20260731_013853,results/To_Use/simulation_llama3.1_8b_Full_scnldf_sh1_ldf1_seed1_26agents_30rounds_20260731_013853.json,15,18,developing,SFI,200000.0,267956.6285714287,0.1,267956.0,0.7463894476739409,2000000.0,0.7463911985549866,proportional columns are analyst-derived; stage1_cap uses end-of-round wealth (approx)
20260731_013853,results/To_Use/simulation_llama3.1_8b_Full_scnldf_sh1_ldf1_seed1_26agents_30rounds_20260731_013853.json,15,19,developing,SFI,1069.0,1696690.6285714286,0.1,1696690.0,0.00063005004094357,10690.0,0.0006300502743577201,proportional columns are analyst-derived; stage1_cap uses end-of-round wealth (approx)
20260731_013853,results/To_Use/simulation_llama3.1_8b_Full_scnldf_sh1_ldf1_seed1_26agents_30rounds_20260731_013853.json,15,20,developing,SFI,120000.0,319784.6285714286,0.1,319784.0,0.37525255837366256,1200000.0,0.37525329597478296,proportional columns are analyst-derived; stage1_cap uses end-of-round wealth (approx)
20260731_013853,results/To_Use/simulation_llama3.1_8b_Full_scnldf_sh1_ldf1_seed1_26agents_30rounds_20260731_013853.json,15,21,developed,SI,12000000.0,48462269.533333346,1.0,48462269.0,0.24761531219139774,12000000.0,0.2476153149164353,proportional columns are analyst-derived; stage1_cap uses end-of-round wealth (approx)
20260731_013853,results/To_Use/simulation_llama3.1_8b_Full_scnldf_sh1_ldf1_seed1_26agents_30rounds_20260731_013853.json,15,22,developed,SI,20000000.0,41578124.533333346,1.0,41578124.0,0.4810221775146669,20000000.0,0.4810221836848627,proportional columns are analyst-derived; stage1_cap uses end-of-round wealth (approx)
20260731_013853,results/To_Use/simulation_llama3.1_8b_Full_scnldf_sh1_ldf1_seed1_26agents_30rounds_20260731_013853.json,15,23,developed,SI,12000000.0,50530778.533333346,1.0,50530778.0,0.2374790246321661,12000000.0,0.23747902713866784,proportional columns are analyst-derived; stage1_cap uses end-of-round wealth (approx)
20260731_013853,results/To_Use/simulation_llama3.1_8b_Full_scnldf_sh1_ldf1_seed1_26agents_30rounds_20260731_013853.json,15,24,developing,SFI,128246.0,2908480.6285714293,0.1,2908480.0,0.04409381267324827,1282460.0,0.04409382220266256,proportional columns are analyst-derived; stage1_cap uses end-of-round wealth (approx)
20260731_013853,results/To_Use/simulation_llama3.1_8b_Full_scnldf_sh1_ldf1_seed1_26agents_30rounds_20260731_013853.json,15,25,developed,SI,20000000.0,41056885.533333346,1.0,41056885.0,0.4871290099138757,20000000.0,0.4871290162417339,proportional columns are analyst-derived; stage1_cap uses end-of-round wealth (approx)
20260731_013853,results/To_Use/simulation_llama3.1_8b_Full_scnldf_sh1_ldf1_seed1_26agents_30rounds_20260731_013853.json,16,0,developing,SFI,106900.0,167586.62857142865,0.1,167586.0,0.6378790534260146,1069000.0,0.637881445944172,proportional columns are analyst-derived; stage1_cap uses end-of-round wealth (approx)
20260731_013853,results/To_Use/simulation_llama3.1_8b_Full_scnldf_sh1_ldf1_seed1_26agents_30rounds_20260731_013853.json,16,1,developing,SFI,1069.0,1691178.6285714286,0.1,1691178.0,0.0006321035412462639,10690.0,0.0006321037761844111,proportional columns are analyst-derived; stage1_cap uses end-of-round wealth (approx)
20260731_013853,results/To_Use/simulation_llama3.1_8b_Full_scnldf_sh1_ldf1_seed1_26agents_30rounds_20260731_013853.json,16,2,developed,SI,10000000.0,70650540.20000002,1.0,70650540.0,0.14154173445371615,10000000.0,0.14154173485439744,proportional columns are analyst-derived; stage1_cap uses end-of-round wealth (approx)
20260731_013853,results/To_Use/simulation_llama3.1_8b_Full_scnldf_sh1_ldf1_seed1_26agents_30rounds_20260731_013853.json,16,3,developed,SI,20000000.0,52783497.20000002,1.0,52783497.0,0.37890630710236445,20000000.0,0.37890630853806445,proportional columns are analyst-derived; stage1_cap uses end-of-round wealth (approx)
20260731_013853,results/To_Use/simulation_llama3.1_8b_Full_scnldf_sh1_ldf1_seed1_26agents_30rounds_20260731_013853.json,16,4,developing,SFI,100000.0,383464.6285714287,0.1,383464.0,0.2607802455536595,1000000.0,0.2607806730227609,proportional columns are analyst-derived; stage1_cap uses end-of-round wealth (approx)
20260731_013853,results/To_Use/simulation_llama3.1_8b_Full_scnldf_sh1_ldf1_seed1_26agents_30rounds_20260731_013853.json,16,5,developed,SI,12000000.0,65905084.20000002,1.0,65905084.0,0.18208003442623621,12000000.0,0.18208003497878858,proportional columns are analyst-derived; stage1_cap uses end-of-round wealth (approx)
20260731_013853,results/To_Use/simulation_llama3.1_8b_Full_scnldf_sh1_ldf1_seed1_26agents_30rounds_20260731_013853.json,16,6,developed,SI,53333575.0,28451060.200000014,1.0,28451060.0,1.874572498356317,53333575.0,1.874572511533841,proportional columns are analyst-derived; stage1_cap uses end-of-round wealth (approx)
20260731_013853,results/To_Use/simulation_llama3.1_8b_Full_scnldf_sh1_ldf1_seed1_26agents_30rounds_20260731_013853.json,16,7,developing,SFI,120000.0,285520.6285714287,0.1,285520.0,0.4202848690842651,1200000.0,0.4202857943401513,proportional columns are analyst-derived; stage1_cap uses end-of-round wealth (approx)
20260731_013853,results/To_Use/simulation_llama3.1_8b_Full_scnldf_sh1_ldf1_seed1_26agents_30rounds_20260731_013853.json,16,8,developing,SFI,30830.0,1066641.6285714288,0.1,1066641.0,0.028903803465172403,308300.0,0.028903820498180736,proportional columns are analyst-derived; stage1_cap uses end-of-round wealth (approx)
20260731_013853,results/To_Use/simulation_llama3.1_8b_Full_scnldf_sh1_ldf1_seed1_26agents_30rounds_20260731_013853.json,16,9,developing,SFI,128246.0,388297.6285714287,0.1,388297.0,0.3302775772075278,1282460.0,0.33027811185767597,proportional columns are analyst-derived; stage1_cap uses end-of-round wealth (approx)
20260731_013853,results/To_Use/simulation_llama3.1_8b_Full_scnldf_sh1_ldf1_seed1_26agents_30rounds_20260731_013853.json,16,10,developed,SI,15000000.0,55517965.20000002,1.0,55517965.0,0.2701828128239829,15000000.0,0.2701828137972997,proportional columns are analyst-derived; stage1_cap uses end-of-round wealth (approx)
20260731_013853,results/To_Use/simulation_llama3.1_8b_Full_scnldf_sh1_ldf1_seed1_26agents_30rounds_20260731_013853.json,16,11,developing,SFI,30830.0,1648614.6285714286,0.1,1648614.0,0.018700549822680556,308300.0,0.018700556952688744,proportional columns are analyst-derived; stage1_cap uses end-of-round wealth (approx)
20260731_013853,results/To_Use/simulation_llama3.1_8b_Full_scnldf_sh1_ldf1_seed1_26agents_30rounds_20260731_013853.json,16,12,developing,SFI,0.0,1881923.6285714286,0.1,1881923.0,0.0,0.0,0.0,proportional columns are analyst-derived; stage1_cap uses end-of-round wealth (approx)
20260731_013853,results/To_Use/simulation_llama3.1_8b_Full_scnldf_sh1_ldf1_seed1_26agents_30rounds_20260731_013853.json,16,13,developed,SI,12000000.0,77688723.20000002,1.0,77688723.0,0.15446257198882626,12000000.0,0.15446257238647107,proportional columns are analyst-derived; stage1_cap uses end-of-round wealth (approx)
20260731_013853,results/To_Use/simulation_llama3.1_8b_Full_scnldf_sh1_ldf1_seed1_26agents_30rounds_20260731_013853.json,16,14,developed,SI,12000000.0,61977738.20000002,1.0,61977738.0,0.1936179077925757,12000000.0,0.193617908417374,proportional columns are analyst-derived; stage1_cap uses end-of-round wealth (approx)
20260731_013853,results/To_Use/simulation_llama3.1_8b_Full_scnldf_sh1_ldf1_seed1_26agents_30rounds_20260731_013853.json,16,15,developing,SFI,100000.0,245479.62857142868,0.1,245479.0,0.40736577850451816,1000000.0,0.40736682160184784,proportional columns are analyst-derived; stage1_cap uses end-of-round wealth (approx)
20260731_013853,results/To_Use/simulation_llama3.1_8b_Full_scnldf_sh1_ldf1_seed1_26agents_30rounds_20260731_013853.json,16,16,developed,SI,12000000.0,79059963.20000002,1.0,79059963.0,0.15178352625390543,12000000.0,0.15178352663787611,proportional columns are analyst-derived; stage1_cap uses end-of-round wealth (approx)
20260731_013853,results/To_Use/simulation_llama3.1_8b_Full_scnldf_sh1_ldf1_seed1_26agents_30rounds_20260731_013853.json,16,17,developing,SFI,30830.0,1618524.6285714286,0.1,1618524.0,0.019048211844148292,308300.0,0.019048219241728885,proportional columns are analyst-derived; stage1_cap uses end-of-round wealth (approx)
20260731_013853,results/To_Use/simulation_llama3.1_8b_Full_scnldf_sh1_ldf1_seed1_26agents_30rounds_20260731_013853.json,16,18,developing,SFI,200000.0,193444.6285714287,0.1,193444.0,1.0338875856982028,2000000.0,1.033890945183102,proportional columns are analyst-derived; stage1_cap uses end-of-round wealth (approx)
20260731_013853,results/To_Use/simulation_llama3.1_8b_Full_scnldf_sh1_ldf1_seed1_26agents_30rounds_20260731_013853.json,16,19,developing,SFI,1069.0,1821109.6285714286,0.1,1821109.0,0.0005870047487687922,10690.0,0.0005870049513785282,proportional columns are analyst-derived; stage1_cap uses end-of-round wealth (approx)
20260731_013853,results/To_Use/simulation_llama3.1_8b_Full_scnldf_sh1_ldf1_seed1_26agents_30rounds_20260731_013853.json,16,20,developing,SFI,120000.0,325272.6285714286,0.1,325272.0,0.36892129696565745,1200000.0,0.3689220098871099,proportional columns are analyst-derived; stage1_cap uses end-of-round wealth (approx)
20260731_013853,results/To_Use/simulation_llama3.1_8b_Full_scnldf_sh1_ldf1_seed1_26agents_30rounds_20260731_013853.json,16,21,developed,SI,20000000.0,56910155.20000002,1.0,56910155.0,0.3514311273570379,20000000.0,0.3514311285920764,proportional columns are analyst-derived; stage1_cap uses end-of-round wealth (approx)
20260731_013853,results/To_Use/simulation_llama3.1_8b_Full_scnldf_sh1_ldf1_seed1_26agents_30rounds_20260731_013853.json,16,22,developed,SI,12000000.0,58012189.20000002,1.0,58012189.0,0.20685307976620879,12000000.0,0.20685308047934547,proportional columns are analyst-derived; stage1_cap uses end-of-round wealth (approx)
20260731_013853,results/To_Use/simulation_llama3.1_8b_Full_scnldf_sh1_ldf1_seed1_26agents_30rounds_20260731_013853.json,16,23,developed,SI,15000000.0,63977746.20000002,1.0,63977746.0,0.23445652419684637,15000000.0,0.23445652492977792,proportional columns are analyst-derived; stage1_cap uses end-of-round wealth (approx)
20260731_013853,results/To_Use/simulation_llama3.1_8b_Full_scnldf_sh1_ldf1_seed1_26agents_30rounds_20260731_013853.json,16,24,developing,SFI,128246.0,2905722.6285714293,0.1,2905722.0,0.04413566482188663,1282460.0,0.044135674369399414,proportional columns are analyst-derived; stage1_cap uses end-of-round wealth (approx)
20260731_013853,results/To_Use/simulation_llama3.1_8b_Full_scnldf_sh1_ldf1_seed1_26agents_30rounds_20260731_013853.json,16,25,developed,SI,20000000.0,49504714.20000002,1.0,49504714.0,0.40400192836584425,20000000.0,0.40400192999802,proportional columns are analyst-derived; stage1_cap uses end-of-round wealth (approx)
20260731_013853,results/To_Use/simulation_llama3.1_8b_Full_scnldf_sh1_ldf1_seed1_26agents_30rounds_20260731_013853.json,17,0,developing,SFI,0.0,498325.7142857144,0.1,498325.0,0.0,0.0,0.0,proportional columns are analyst-derived; stage1_cap uses end-of-round wealth (approx)
20260731_013853,results/To_Use/simulation_llama3.1_8b_Full_scnldf_sh1_ldf1_seed1_26agents_30rounds_20260731_013853.json,17,1,developing,SFI,1069.0,2020848.7142857143,0.1,2020848.0,0.0005289856645096993,10690.0,0.0005289858514841295,proportional columns are analyst-derived; stage1_cap uses end-of-round wealth (approx)
20260731_013853,results/To_Use/simulation_llama3.1_8b_Full_scnldf_sh1_ldf1_seed1_26agents_30rounds_20260731_013853.json,17,2,developed,SI,10000000.0,85110097.06666669,1.0,85110097.0,0.11749487246110182,10000000.0,0.1174948725531355,proportional columns are analyst-derived; stage1_cap uses end-of-round wealth (approx)
20260731_013853,results/To_Use/simulation_llama3.1_8b_Full_scnldf_sh1_ldf1_seed1_26agents_30rounds_20260731_013853.json,17,3,developed,SI,17575779.0,59692201.06666669,1.0,59692201.0,0.29444012259441815,17575779.0,0.29444012292326094,proportional columns are analyst-derived; stage1_cap uses end-of-round wealth (approx)
20260731_013853,results/To_Use/simulation_llama3.1_8b_Full_scnldf_sh1_ldf1_seed1_26agents_30rounds_20260731_013853.json,17,4,developing,SFI,150000.0,564203.7142857144,0.1,564203.0,0.26586141884922004,1500000.0,0.26586175543199875,proportional columns are analyst-derived; stage1_cap uses end-of-round wealth (approx)
20260731_013853,results/To_Use/simulation_llama3.1_8b_Full_scnldf_sh1_ldf1_seed1_26agents_30rounds_20260731_013853.json,17,5,developed,SI,12000000.0,78373797.06666669,1.0,78373797.0,0.15311239788206896,12000000.0,0.15311239801231016,proportional columns are analyst-derived; stage1_cap uses end-of-round wealth (approx)
20260731_013853,results/To_Use/simulation_llama3.1_8b_Full_scnldf_sh1_ldf1_seed1_26agents_30rounds_20260731_013853.json,17,6,developed,SI,15000000.0,37917536.066666685,1.0,37917536.0,0.3955953249078994,15000000.0,0.39559532560343585,proportional columns are analyst-derived; stage1_cap uses end-of-round wealth (approx)
20260731_013853,results/To_Use/simulation_llama3.1_8b_Full_scnldf_sh1_ldf1_seed1_26agents_30rounds_20260731_013853.json,17,7,developing,SFI,150000.0,466259.71428571444,0.1,466259.0,0.32170911490775517,1500000.0,0.3217096077501989,proportional columns are analyst-derived; stage1_cap uses end-of-round wealth (approx)
20260731_013853,results/To_Use/simulation_llama3.1_8b_Full_scnldf_sh1_ldf1_seed1_26agents_30rounds_20260731_013853.json,17,8,developing,SFI,0.0,1397380.7142857146,0.1,1397380.0,0.0,0.0,0.0,proportional columns are analyst-derived; stage1_cap uses end-of-round wealth (approx)
20260731_013853,results/To_Use/simulation_llama3.1_8b_Full_scnldf_sh1_ldf1_seed1_26agents_30rounds_20260731_013853.json,17,9,developing,SFI,200000.0,519036.71428571444,0.1,519036.0,0.385329196365685,2000000.0,0.3853297266470919,proportional columns are analyst-derived; stage1_cap uses end-of-round wealth (approx)
20260731_013853,results/To_Use/simulation_llama3.1_8b_Full_scnldf_sh1_ldf1_seed1_26agents_30rounds_20260731_013853.json,17,10,developed,SI,18030325.0,61971948.06666669,1.0,61971948.0,0.2909433310149258,18030325.0,0.29094333132790984,proportional columns are analyst-derived; stage1_cap uses end-of-round wealth (approx)
20260731_013853,results/To_Use/simulation_llama3.1_8b_Full_scnldf_sh1_ldf1_seed1_26agents_30rounds_20260731_013853.json,17,11,developing,SFI,30830.0,1948523.7142857143,0.1,1948523.0,0.015822234943289666,308300.0,0.015822240743373316,proportional columns are analyst-derived; stage1_cap uses end-of-round wealth (approx)
20260731_013853,results/To_Use/simulation_llama3.1_8b_Full_scnldf_sh1_ldf1_seed1_26agents_30rounds_20260731_013853.json,17,12,developing,SFI,1881923.0,330739.7142857143,0.1,330739.0,5.690042407106494,18819230.0,5.690054695696607,proportional columns are analyst-derived; stage1_cap uses end-of-round wealth (approx)
20260731_013853,results/To_Use/simulation_llama3.1_8b_Full_scnldf_sh1_ldf1_seed1_26agents_30rounds_20260731_013853.json,17,13,developed,SI,12000000.0,90163492.06666669,1.0,90163492.0,0.13309156206069775,12000000.0,0.13309156215910536,proportional columns are analyst-derived; stage1_cap uses end-of-round wealth (approx)
20260731_013853,results/To_Use/simulation_llama3.1_8b_Full_scnldf_sh1_ldf1_seed1_26agents_30rounds_20260731_013853.json,17,14,developed,SI,10000000.0,76438108.06666669,1.0,76438108.0,0.13082479738088681,10000000.0,0.1308247974949877,proportional columns are analyst-derived; stage1_cap uses end-of-round wealth (approx)
20260731_013853,results/To_Use/simulation_llama3.1_8b_Full_scnldf_sh1_ldf1_seed1_26agents_30rounds_20260731_013853.json,17,15,developing,SFI,100000.0,476218.71428571444,0.1,476218.0,0.20998754773841904,1000000.0,0.20998786270153585,proportional columns are analyst-derived; stage1_cap uses end-of-round wealth (approx)
20260731_013853,results/To_Use/simulation_llama3.1_8b_Full_scnldf_sh1_ldf1_seed1_26agents_30rounds_20260731_013853.json,17,16,developed,SI,12000000.0,91537103.06666669,1.0,91537103.0,0.1310943824741796,12000000.0,0.13109438256965594,proportional columns are analyst-derived; stage1_cap uses end-of-round wealth (approx)
20260731_013853,results/To_Use/simulation_llama3.1_8b_Full_scnldf_sh1_ldf1_seed1_26agents_30rounds_20260731_013853.json,17,17,developing,SFI,30830.0,1918433.7142857143,0.1,1918433.0,0.016070401479302013,308300.0,0.016070407462757366,proportional columns are analyst-derived; stage1_cap uses end-of-round wealth (approx)
20260731_013853,results/To_Use/simulation_llama3.1_8b_Full_scnldf_sh1_ldf1_seed1_26agents_30rounds_20260731_013853.json,17,18,developing,SFI,100000.0,424183.71428571444,0.1,424183.0,0.23574691019996044,1000000.0,0.23574730717638379,proportional columns are analyst-derived; stage1_cap uses end-of-round wealth (approx)
20260731_013853,results/To_Use/simulation_llama3.1_8b_Full_scnldf_sh1_ldf1_seed1_26agents_30rounds_20260731_013853.json,17,19,developing,SFI,1069.0,2150779.7142857146,0.1,2150779.0,0.0004970290508598277,10690.0,0.0004970292159259506,proportional columns are analyst-derived; stage1_cap uses end-of-round wealth (approx)
20260731_013853,results/To_Use/simulation_llama3.1_8b_Full_scnldf_sh1_ldf1_seed1_26agents_30rounds_20260731_013853.json,17,20,developing,SFI,120000.0,536011.7142857143,0.1,536011.0,0.22387570420902314,1200000.0,0.2238760025447239,proportional columns are analyst-derived; stage1_cap uses end-of-round wealth (approx)
20260731_013853,results/To_Use/simulation_llama3.1_8b_Full_scnldf_sh1_ldf1_seed1_26agents_30rounds_20260731_013853.json,17,21,developed,SI,20000000.0,61397875.06666669,1.0,61397875.0,0.3257441723884371,20000000.0,0.3257441727421348,proportional columns are analyst-derived; stage1_cap uses end-of-round wealth (approx)
20260731_013853,results/To_Use/simulation_llama3.1_8b_Full_scnldf_sh1_ldf1_seed1_26agents_30rounds_20260731_013853.json,17,22,developed,SI,12000000.0,70489989.06666669,1.0,70489989.0,0.17023693944186694,12000000.0,0.17023693960287042,proportional columns are analyst-derived; stage1_cap uses end-of-round wealth (approx)
20260731_013853,results/To_Use/simulation_llama3.1_8b_Full_scnldf_sh1_ldf1_seed1_26agents_30rounds_20260731_013853.json,17,23,developed,SI,30000000.0,58458925.06666669,1.0,58458925.0,0.5131808353606901,30000000.0,0.5131808359459227,proportional columns are analyst-derived; stage1_cap uses end-of-round wealth (approx)
20260731_013853,results/To_Use/simulation_llama3.1_8b_Full_scnldf_sh1_ldf1_seed1_26agents_30rounds_20260731_013853.json,17,24,developing,SFI,128246.0,3108215.714285715,0.1,3108215.0,0.04126032804305271,1282460.0,0.041260337524913815,proportional columns are analyst-derived; stage1_cap uses end-of-round wealth (approx)
20260731_013853,results/To_Use/simulation_llama3.1_8b_Full_scnldf_sh1_ldf1_seed1_26agents_30rounds_20260731_013853.json,17,25,developed,SI,15000000.0,58985215.06666669,1.0,58985215.0,0.2543010139582706,15000000.0,0.2543010142456885,proportional columns are analyst-derived; stage1_cap uses end-of-round wealth (approx)
20260731_013853,results/To_Use/simulation_llama3.1_8b_Full_scnldf_sh1_ldf1_seed1_26agents_30rounds_20260731_013853.json,18,0,developing,SFI,0.0,643279.4285714286,0.1,643279.0,0.0,0.0,0.0,proportional columns are analyst-derived; stage1_cap uses end-of-round wealth (approx)
20260731_013853,results/To_Use/simulation_llama3.1_8b_Full_scnldf_sh1_ldf1_seed1_26agents_30rounds_20260731_013853.json,18,1,developing,SFI,1069.0,2164733.4285714286,0.1,2164733.0,0.0004938252377362993,10690.0,0.00049382533550327,proportional columns are analyst-derived; stage1_cap uses end-of-round wealth (approx)
20260731_013853,results/To_Use/simulation_llama3.1_8b_Full_scnldf_sh1_ldf1_seed1_26agents_30rounds_20260731_013853.json,18,2,developed,SI,10000000.0,106262047.86666669,1.0,106262047.0,0.09410697611011219,10000000.0,0.09410697687764287,proportional columns are analyst-derived; stage1_cap uses end-of-round wealth (approx)
20260731_013853,results/To_Use/simulation_llama3.1_8b_Full_scnldf_sh1_ldf1_seed1_26agents_30rounds_20260731_013853.json,18,3,developed,SI,59692200.0,31155802.866666693,1.0,31155802.0,1.9159255903452943,59692200.0,1.9159256436409502,proportional columns are analyst-derived; stage1_cap uses end-of-round wealth (approx)
20260731_013853,results/To_Use/simulation_llama3.1_8b_Full_scnldf_sh1_ldf1_seed1_26agents_30rounds_20260731_013853.json,18,4,developing,SFI,211074.0,498083.42857142875,0.1,498083.0,0.4237723800717262,2110740.0,0.42377274470319204,proportional columns are analyst-derived; stage1_cap uses end-of-round wealth (approx)
20260731_013853,results/To_Use/simulation_llama3.1_8b_Full_scnldf_sh1_ldf1_seed1_26agents_30rounds_20260731_013853.json,18,5,developed,SI,20000000.0,89530137.86666669,1.0,89530137.0,0.22338846422626002,20000000.0,0.2233884663886977,proportional columns are analyst-derived; stage1_cap uses end-of-round wealth (approx)
20260731_013853,results/To_Use/simulation_llama3.1_8b_Full_scnldf_sh1_ldf1_seed1_26agents_30rounds_20260731_013853.json,18,6,developed,SI,17971776.0,51100900.86666669,1.0,51100900.0,0.3516919603216439,17971776.0,0.35169196628630806,proportional columns are analyst-derived; stage1_cap uses end-of-round wealth (approx)
20260731_013853,results/To_Use/simulation_llama3.1_8b_Full_scnldf_sh1_ldf1_seed1_26agents_30rounds_20260731_013853.json,18,7,developing,SFI,100000.0,511213.42857142875,0.1,511213.0,0.19561301486044122,1000000.0,0.19561317885108556,proportional columns are analyst-derived; stage1_cap uses end-of-round wealth (approx)
20260731_013853,results/To_Use/simulation_llama3.1_8b_Full_scnldf_sh1_ldf1_seed1_26agents_30rounds_20260731_013853.json,18,8,developing,SFI,30830.0,1511504.4285714289,0.1,1511504.0,0.020396896904323607,308300.0,0.02039690268765415,proportional columns are analyst-derived; stage1_cap uses end-of-round wealth (approx)
20260731_013853,results/To_Use/simulation_llama3.1_8b_Full_scnldf_sh1_ldf1_seed1_26agents_30rounds_20260731_013853.json,18,9,developing,SFI,128246.0,535744.4285714288,0.1,535744.0,0.23937906427131692,1282460.0,0.23937925576394695,proportional columns are analyst-derived; stage1_cap uses end-of-round wealth (approx)
20260731_013853,results/To_Use/simulation_llama3.1_8b_Full_scnldf_sh1_ldf1_seed1_26agents_30rounds_20260731_013853.json,18,10,developed,SI,10000000.0,83123757.86666669,1.0,83123757.0,0.12030254955557156,10000000.0,0.12030255080987257,proportional columns are analyst-derived; stage1_cap uses end-of-round wealth (approx)
20260731_013853,results/To_Use/simulation_llama3.1_8b_Full_scnldf_sh1_ldf1_seed1_26agents_30rounds_20260731_013853.json,18,11,developing,SFI,30830.0,2062647.4285714286,0.1,2062647.0,0.014946810382108098,308300.0,0.01494681348771748,proportional columns are analyst-derived; stage1_cap uses end-of-round wealth (approx)
20260731_013853,results/To_Use/simulation_llama3.1_8b_Full_scnldf_sh1_ldf1_seed1_26agents_30rounds_20260731_013853.json,18,12,developing,SFI,77849.0,397844.42857142864,0.1,397844.0,0.1956769893185096,778490.0,0.19567720010858528,proportional columns are analyst-derived; stage1_cap uses end-of-round wealth (approx)
20260731_013853,results/To_Use/simulation_llama3.1_8b_Full_scnldf_sh1_ldf1_seed1_26agents_30rounds_20260731_013853.json,18,13,developed,SI,12000000.0,109316750.86666669,1.0,109316750.0,0.10977274667298119,12000000.0,0.10977274754326304,proportional columns are analyst-derived; stage1_cap uses end-of-round wealth (approx)
20260731_013853,results/To_Use/simulation_llama3.1_8b_Full_scnldf_sh1_ldf1_seed1_26agents_30rounds_20260731_013853.json,18,14,developed,SI,12000000.0,95589317.86666669,1.0,95589317.0,0.12553703978449005,12000000.0,0.12553704092267967,proportional columns are analyst-derived; stage1_cap uses end-of-round wealth (approx)
20260731_013853,results/To_Use/simulation_llama3.1_8b_Full_scnldf_sh1_ldf1_seed1_26agents_30rounds_20260731_013853.json,18,15,developing,SFI,100000.0,521172.42857142875,0.1,521172.0,0.19187507726398192,1000000.0,0.19187523504716295,proportional columns are analyst-derived; stage1_cap uses end-of-round wealth (approx)
20260731_013853,results/To_Use/simulation_llama3.1_8b_Full_scnldf_sh1_ldf1_seed1_26agents_30rounds_20260731_013853.json,18,16,developed,SI,12000000.0,110691652.86666669,1.0,110691652.0,0.1084092584149463,12000000.0,0.10840925926374285,proportional columns are analyst-derived; stage1_cap uses end-of-round wealth (approx)
20260731_013853,results/To_Use/simulation_llama3.1_8b_Full_scnldf_sh1_ldf1_seed1_26agents_30rounds_20260731_013853.json,18,17,developing,SFI,30830.0,2032557.4285714286,0.1,2032557.0,0.015168083108809717,308300.0,0.015168086307050676,proportional columns are analyst-derived; stage1_cap uses end-of-round wealth (approx)
20260731_013853,results/To_Use/simulation_llama3.1_8b_Full_scnldf_sh1_ldf1_seed1_26agents_30rounds_20260731_013853.json,18,18,developing,SFI,214920.0,354217.42857142875,0.1,354217.0,0.6067459776521439,2149200.0,0.6067467117614344,proportional columns are analyst-derived; stage1_cap uses end-of-round wealth (approx)
20260731_013853,results/To_Use/simulation_llama3.1_8b_Full_scnldf_sh1_ldf1_seed1_26agents_30rounds_20260731_013853.json,18,19,developing,SFI,1069.0,2294664.4285714286,0.1,2294664.0,0.0004658633248023629,10690.0,0.0004658634118110538,proportional columns are analyst-derived; stage1_cap uses end-of-round wealth (approx)
20260731_013853,results/To_Use/simulation_llama3.1_8b_Full_scnldf_sh1_ldf1_seed1_26agents_30rounds_20260731_013853.json,18,20,developing,SFI,213382.0,467583.42857142864,0.1,467583.0,0.45635064666840197,2133820.0,0.45635106494461947,proportional columns are analyst-derived; stage1_cap uses end-of-round wealth (approx)
20260731_013853,results/To_Use/simulation_llama3.1_8b_Full_scnldf_sh1_ldf1_seed1_26agents_30rounds_20260731_013853.json,18,21,developed,SI,30000000.0,62554962.86666669,1.0,62554962.0,0.4795782560680878,30000000.0,0.47957826271239684,proportional columns are analyst-derived; stage1_cap uses end-of-round wealth (approx)
20260731_013853,results/To_Use/simulation_llama3.1_8b_Full_scnldf_sh1_ldf1_seed1_26agents_30rounds_20260731_013853.json,18,22,developed,SI,15000000.0,86643064.86666669,1.0,86643064.0,0.17312406968847657,15000000.0,0.17312407142018893,proportional columns are analyst-derived; stage1_cap uses end-of-round wealth (approx)
20260731_013853,results/To_Use/simulation_llama3.1_8b_Full_scnldf_sh1_ldf1_seed1_26agents_30rounds_20260731_013853.json,18,23,developed,SI,20000000.0,69614801.86666669,1.0,69614801.0,0.28729522262098833,20000000.0,0.28729522619765874,proportional columns are analyst-derived; stage1_cap uses end-of-round wealth (approx)
20260731_013853,results/To_Use/simulation_llama3.1_8b_Full_scnldf_sh1_ldf1_seed1_26agents_30rounds_20260731_013853.json,18,24,developing,SFI,128246.0,3124923.428571429,0.1,3124923.0,0.04103972559053332,1282460.0,0.041039731218977235,proportional columns are analyst-derived; stage1_cap uses end-of-round wealth (approx)
20260731_013853,results/To_Use/simulation_llama3.1_8b_Full_scnldf_sh1_ldf1_seed1_26agents_30rounds_20260731_013853.json,18,25,developed,SI,15000000.0,75140367.86666669,1.0,75140367.0,0.19962638493621493,15000000.0,0.19962638723869955,proportional columns are analyst-derived; stage1_cap uses end-of-round wealth (approx)
20260731_013853,results/To_Use/simulation_llama3.1_8b_Full_scnldf_sh1_ldf1_seed1_26agents_30rounds_20260731_013853.json,19,0,developing,SFI,0.0,771916.6857142858,0.1,771916.0,0.0,0.0,0.0,proportional columns are analyst-derived; stage1_cap uses end-of-round wealth (approx)
20260731_013853,results/To_Use/simulation_llama3.1_8b_Full_scnldf_sh1_ldf1_seed1_26agents_30rounds_20260731_013853.json,19,1,developing,SFI,1069.0,2292301.685714286,0.1,2292301.0,0.00046634350385119463,10690.0,0.0004663436433522474,proportional columns are analyst-derived; stage1_cap uses end-of-round wealth (approx)
20260731_013853,results/To_Use/simulation_llama3.1_8b_Full_scnldf_sh1_ldf1_seed1_26agents_30rounds_20260731_013853.json,19,2,developed,SI,10626200.0,123821869.33333336,1.0,123821869.0,0.08581844271300614,10626200.0,0.08581844294403276,proportional columns are analyst-derived; stage1_cap uses end-of-round wealth (approx)
20260731_013853,results/To_Use/simulation_llama3.1_8b_Full_scnldf_sh1_ldf1_seed1_26agents_30rounds_20260731_013853.json,19,3,developed,SI,15000000.0,44351485.33333336,1.0,44351485.0,0.33820738780819165,15000000.0,0.3382073903500638,proportional columns are analyst-derived; stage1_cap uses end-of-round wealth (approx)
20260731_013853,results/To_Use/simulation_llama3.1_8b_Full_scnldf_sh1_ldf1_seed1_26agents_30rounds_20260731_013853.json,19,4,developing,SFI,211074.0,415646.68571428594,0.1,415646.0,0.5078207219125801,2110740.0,0.5078215596926231,proportional columns are analyst-derived; stage1_cap uses end-of-round wealth (approx)
20260731_013853,results/To_Use/simulation_llama3.1_8b_Full_scnldf_sh1_ldf1_seed1_26agents_30rounds_20260731_013853.json,19,5,developed,SI,19423998.0,98304496.33333336,1.0,98304496.0,0.19759012786288654,19423998.0,0.19759012853288013,proportional columns are analyst-derived; stage1_cap uses end-of-round wealth (approx)
20260731_013853,results/To_Use/simulation_llama3.1_8b_Full_scnldf_sh1_ldf1_seed1_26agents_30rounds_20260731_013853.json,19,6,developed,SI,15000000.0,64296660.33333336,1.0,64296660.0,0.23329360999833362,15000000.0,0.23329361120779835,proportional columns are analyst-derived; stage1_cap uses end-of-round wealth (approx)
20260731_013853,results/To_Use/simulation_llama3.1_8b_Full_scnldf_sh1_ldf1_seed1_26agents_30rounds_20260731_013853.json,19,7,developing,SFI,150000.0,489850.68571428594,0.1,489850.0,0.30621575997443873,1500000.0,0.3062161886291722,proportional columns are analyst-derived; stage1_cap uses end-of-round wealth (approx)
20260731_013853,results/To_Use/simulation_llama3.1_8b_Full_scnldf_sh1_ldf1_seed1_26agents_30rounds_20260731_013853.json,19,8,developing,SFI,30830.0,1609311.685714286,0.1,1609311.0,0.019157258518455508,308300.0,0.019157266681207052,proportional columns are analyst-derived; stage1_cap uses end-of-round wealth (approx)
20260731_013853,results/To_Use/simulation_llama3.1_8b_Full_scnldf_sh1_ldf1_seed1_26agents_30rounds_20260731_013853.json,19,9,developing,SFI,128246.0,536135.6857142859,0.1,536135.0,0.23920437198493827,1282460.0,0.23920467792626857,proportional columns are analyst-derived; stage1_cap uses end-of-round wealth (approx)
20260731_013853,results/To_Use/simulation_llama3.1_8b_Full_scnldf_sh1_ldf1_seed1_26agents_30rounds_20260731_013853.json,19,10,developed,SI,10000000.0,101305254.33333336,1.0,101305254.0,0.09871156304584304,10000000.0,0.09871156337064216,proportional columns are analyst-derived; stage1_cap uses end-of-round wealth (approx)
20260731_013853,results/To_Use/simulation_llama3.1_8b_Full_scnldf_sh1_ldf1_seed1_26agents_30rounds_20260731_013853.json,19,11,developing,SFI,30830.0,2160454.685714286,0.1,2160454.0,0.014270144245032864,308300.0,0.014270148774285405,proportional columns are analyst-derived; stage1_cap uses end-of-round wealth (approx)
20260731_013853,results/To_Use/simulation_llama3.1_8b_Full_scnldf_sh1_ldf1_seed1_26agents_30rounds_20260731_013853.json,19,12,developing,SFI,100000.0,426481.6857142858,0.1,426481.0,0.23447665714535115,1000000.0,0.23447703414689047,proportional columns are analyst-derived; stage1_cap uses end-of-round wealth (approx)
20260731_013853,results/To_Use/simulation_llama3.1_8b_Full_scnldf_sh1_ldf1_seed1_26agents_30rounds_20260731_013853.json,19,13,developed,SI,12000000.0,125507902.33333336,1.0,125507902.0,0.0956115095297306,12000000.0,0.09561150978366287,proportional columns are analyst-derived; stage1_cap uses end-of-round wealth (approx)
20260731_013853,results/To_Use/simulation_llama3.1_8b_Full_scnldf_sh1_ldf1_seed1_26agents_30rounds_20260731_013853.json,19,14,developed,SI,30000000.0,93788328.33333336,1.0,93788328.0,0.3198692260872474,30000000.0,0.3198692272240955,proportional columns are analyst-derived; stage1_cap uses end-of-round wealth (approx)
20260731_013853,results/To_Use/simulation_llama3.1_8b_Full_scnldf_sh1_ldf1_seed1_26agents_30rounds_20260731_013853.json,19,15,developing,SFI,100000.0,549809.6857142859,0.1,549809.0,0.18188111740899013,1000000.0,0.18188134424863908,proportional columns are analyst-derived; stage1_cap uses end-of-round wealth (approx)
20260731_013853,results/To_Use/simulation_llama3.1_8b_Full_scnldf_sh1_ldf1_seed1_26agents_30rounds_20260731_013853.json,19,16,developed,SI,10000000.0,128872952.33333336,1.0,128872952.0,0.07759580128291568,10000000.0,0.0775958014836193,proportional columns are analyst-derived; stage1_cap uses end-of-round wealth (approx)
20260731_013853,results/To_Use/simulation_llama3.1_8b_Full_scnldf_sh1_ldf1_seed1_26agents_30rounds_20260731_013853.json,19,17,developing,SFI,30830.0,2130364.685714286,0.1,2130364.0,0.014471700646719586,308300.0,0.014471705304821147,proportional columns are analyst-derived; stage1_cap uses end-of-round wealth (approx)
20260731_013853,results/To_Use/simulation_llama3.1_8b_Full_scnldf_sh1_ldf1_seed1_26agents_30rounds_20260731_013853.json,19,18,developing,SFI,0.0,482854.68571428594,0.1,482854.0,0.0,0.0,0.0,proportional columns are analyst-derived; stage1_cap uses end-of-round wealth (approx)
20260731_013853,results/To_Use/simulation_llama3.1_8b_Full_scnldf_sh1_ldf1_seed1_26agents_30rounds_20260731_013853.json,19,19,developing,SFI,1069.0,2422232.685714286,0.1,2422232.0,0.00044132836878335054,10690.0,0.00044132849371984187,proportional columns are analyst-derived; stage1_cap uses end-of-round wealth (approx)
20260731_013853,results/To_Use/simulation_llama3.1_8b_Full_scnldf_sh1_ldf1_seed1_26agents_30rounds_20260731_013853.json,19,20,developing,SFI,213382.0,382838.6857142858,0.1,382838.0,0.5573679149009719,2133820.0,0.5573689132217805,proportional columns are analyst-derived; stage1_cap uses end-of-round wealth (approx)
20260731_013853,results/To_Use/simulation_llama3.1_8b_Full_scnldf_sh1_ldf1_seed1_26agents_30rounds_20260731_013853.json,19,21,developed,SI,20000000.0,70752141.33333336,1.0,70752141.0,0.28267695681144606,20000000.0,0.2826769581432172,proportional columns are analyst-derived; stage1_cap uses end-of-round wealth (approx)
20260731_013853,results/To_Use/simulation_llama3.1_8b_Full_scnldf_sh1_ldf1_seed1_26agents_30rounds_20260731_013853.json,19,22,developed,SI,20000000.0,94839634.33333336,1.0,94839634.0,0.21088229768691322,20000000.0,0.21088229842810233,proportional columns are analyst-derived; stage1_cap uses end-of-round wealth (approx)
20260731_013853,results/To_Use/simulation_llama3.1_8b_Full_scnldf_sh1_ldf1_seed1_26agents_30rounds_20260731_013853.json,19,23,developed,SI,19423998.0,78383474.33333336,1.0,78383474.0,0.24780731098238332,19423998.0,0.24780731203620804,proportional columns are analyst-derived; stage1_cap uses end-of-round wealth (approx)
20260731_013853,results/To_Use/simulation_llama3.1_8b_Full_scnldf_sh1_ldf1_seed1_26agents_30rounds_20260731_013853.json,19,24,developing,SFI,128246.0,3125314.6857142863,0.1,3125314.0,0.041034587840452795,1282460.0,0.041034596843709144,proportional columns are analyst-derived; stage1_cap uses end-of-round wealth (approx)
20260731_013853,results/To_Use/simulation_llama3.1_8b_Full_scnldf_sh1_ldf1_seed1_26agents_30rounds_20260731_013853.json,19,25,developed,SI,30000000.0,73339421.33333336,1.0,73339421.0,0.40905694992666597,30000000.0,0.40905695178586154,proportional columns are analyst-derived; stage1_cap uses end-of-round wealth (approx)
20260731_013853,results/To_Use/simulation_llama3.1_8b_Full_scnldf_sh1_ldf1_seed1_26agents_30rounds_20260731_013853.json,20,0,developing,SFI,0.0,969367.3142857144,0.1,969367.0,0.0,0.0,0.0,proportional columns are analyst-derived; stage1_cap uses end-of-round wealth (approx)
20260731_013853,results/To_Use/simulation_llama3.1_8b_Full_scnldf_sh1_ldf1_seed1_26agents_30rounds_20260731_013853.json,20,1,developing,SFI,1069.0,2488683.314285714,0.1,2488683.0,0.0004295444076245665,10690.0,0.00042954446186999306,proportional columns are analyst-derived; stage1_cap uses end-of-round wealth (approx)
20260731_013853,results/To_Use/simulation_llama3.1_8b_Full_scnldf_sh1_ldf1_seed1_26agents_30rounds_20260731_013853.json,20,2,developed,SI,10626200.0,140036897.2666667,1.0,140036897.0,0.07588142987604866,10626200.0,0.07588143002054666,proportional columns are analyst-derived; stage1_cap uses end-of-round wealth (approx)
20260731_013853,results/To_Use/simulation_llama3.1_8b_Full_scnldf_sh1_ldf1_seed1_26agents_30rounds_20260731_013853.json,20,3,developed,SI,15000000.0,56209672.266666695,1.0,56209672.0,0.26685798715989417,15000000.0,0.26685798842590647,proportional columns are analyst-derived; stage1_cap uses end-of-round wealth (approx)
20260731_013853,results/To_Use/simulation_llama3.1_8b_Full_scnldf_sh1_ldf1_seed1_26agents_30rounds_20260731_013853.json,20,4,developing,SFI,200000.0,413097.3142857145,0.1,413097.0,0.4841474226135299,2000000.0,0.4841477909546668,proportional columns are analyst-derived; stage1_cap uses end-of-round wealth (approx)
20260731_013853,results/To_Use/simulation_llama3.1_8b_Full_scnldf_sh1_ldf1_seed1_26agents_30rounds_20260731_013853.json,20,5,developed,SI,12000000.0,113155126.2666667,1.0,113155126.0,0.1060491061776577,12000000.0,0.10604910642757802,proportional columns are analyst-derived; stage1_cap uses end-of-round wealth (approx)
20260731_013853,results/To_Use/simulation_llama3.1_8b_Full_scnldf_sh1_ldf1_seed1_26agents_30rounds_20260731_013853.json,20,6,developed,SI,17971776.0,73184354.2666667,1.0,73184354.0,0.24556855328005006,17971776.0,0.24556855417484452,proportional columns are analyst-derived; stage1_cap uses end-of-round wealth (approx)
20260731_013853,results/To_Use/simulation_llama3.1_8b_Full_scnldf_sh1_ldf1_seed1_26agents_30rounds_20260731_013853.json,20,7,developing,SFI,200000.0,487301.3142857145,0.1,487301.0,0.41042368271294255,2000000.0,0.41042394741648386,proportional columns are analyst-derived; stage1_cap uses end-of-round wealth (approx)
20260731_013853,results/To_Use/simulation_llama3.1_8b_Full_scnldf_sh1_ldf1_seed1_26agents_30rounds_20260731_013853.json,20,8,developing,SFI,30830.0,1775932.3142857146,0.1,1775932.0,0.01735989584287728,308300.0,0.01735989891504855,proportional columns are analyst-derived; stage1_cap uses end-of-round wealth (approx)
20260731_013853,results/To_Use/simulation_llama3.1_8b_Full_scnldf_sh1_ldf1_seed1_26agents_30rounds_20260731_013853.json,20,9,developing,SFI,128246.0,605340.3142857145,0.1,605340.0,0.21185768892879184,1282460.0,0.21185779892291934,proportional columns are analyst-derived; stage1_cap uses end-of-round wealth (approx)
20260731_013853,results/To_Use/simulation_llama3.1_8b_Full_scnldf_sh1_ldf1_seed1_26agents_30rounds_20260731_013853.json,20,10,developed,SI,15000000.0,113158217.2666667,1.0,113158217.0,0.1325577617103251,15000000.0,0.13255776202270844,proportional columns are analyst-derived; stage1_cap uses end-of-round wealth (approx)
20260731_013853,results/To_Use/simulation_llama3.1_8b_Full_scnldf_sh1_ldf1_seed1_26agents_30rounds_20260731_013853.json,20,11,developing,SFI,30830.0,2327075.314285714,0.1,2327075.0,0.013248389431462443,308300.0,0.013248391220738481,proportional columns are analyst-derived; stage1_cap uses end-of-round wealth (approx)
20260731_013853,results/To_Use/simulation_llama3.1_8b_Full_scnldf_sh1_ldf1_seed1_26agents_30rounds_20260731_013853.json,20,12,developing,SFI,213382.0,410550.3142857144,0.1,410550.0,0.5197462834031616,2133820.0,0.5197466812812082,proportional columns are analyst-derived; stage1_cap uses end-of-round wealth (approx)
20260731_013853,results/To_Use/simulation_llama3.1_8b_Full_scnldf_sh1_ldf1_seed1_26agents_30rounds_20260731_013853.json,20,13,developed,SI,10000000.0,142335981.2666667,1.0,142335981.0,0.07025630421070399,10000000.0,0.0702563043423293,proportional columns are analyst-derived; stage1_cap uses end-of-round wealth (approx)
20260731_013853,results/To_Use/simulation_llama3.1_8b_Full_scnldf_sh1_ldf1_seed1_26agents_30rounds_20260731_013853.json,20,14,developed,SI,20000000.0,100650344.2666667,1.0,100650344.0,0.19870771576311025,20000000.0,0.19870771628957373,proportional columns are analyst-derived; stage1_cap uses end-of-round wealth (approx)
20260731_013853,results/To_Use/simulation_llama3.1_8b_Full_scnldf_sh1_ldf1_seed1_26agents_30rounds_20260731_013853.json,20,15,developing,SFI,549809.0,197451.31428571453,0.1,197451.0,2.7845294521788775,5498090.0,2.7845338843561187,proportional columns are analyst-derived; stage1_cap uses end-of-round wealth (approx)
20260731_013853,results/To_Use/simulation_llama3.1_8b_Full_scnldf_sh1_ldf1_seed1_26agents_30rounds_20260731_013853.json,20,16,developed,SI,12000000.0,143723314.2666667,1.0,143723314.0,0.08349376064161027,12000000.0,0.08349376079652603,proportional columns are analyst-derived; stage1_cap uses end-of-round wealth (approx)
20260731_013853,results/To_Use/simulation_llama3.1_8b_Full_scnldf_sh1_ldf1_seed1_26agents_30rounds_20260731_013853.json,20,17,developing,SFI,30830.0,2296985.314285714,0.1,2296985.0,0.013421940405216349,308300.0,0.013421942241677677,proportional columns are analyst-derived; stage1_cap uses end-of-round wealth (approx)
20260731_013853,results/To_Use/simulation_llama3.1_8b_Full_scnldf_sh1_ldf1_seed1_26agents_30rounds_20260731_013853.json,20,18,developing,SFI,0.0,680305.3142857145,0.1,680305.0,0.0,0.0,0.0,proportional columns are analyst-derived; stage1_cap uses end-of-round wealth (approx)
20260731_013853,results/To_Use/simulation_llama3.1_8b_Full_scnldf_sh1_ldf1_seed1_26agents_30rounds_20260731_013853.json,20,19,developing,SFI,1069.0,2618614.314285714,0.1,2618614.0,0.0004082311756138069,10690.0,0.0004082312246096599,proportional columns are analyst-derived; stage1_cap uses end-of-round wealth (approx)
20260731_013853,results/To_Use/simulation_llama3.1_8b_Full_scnldf_sh1_ldf1_seed1_26agents_30rounds_20260731_013853.json,20,20,developing,SFI,213382.0,366907.3142857144,0.1,366907.0,0.5815692184153006,2133820.0,0.5815697165766802,proportional columns are analyst-derived; stage1_cap uses end-of-round wealth (approx)
20260731_013853,results/To_Use/simulation_llama3.1_8b_Full_scnldf_sh1_ldf1_seed1_26agents_30rounds_20260731_013853.json,20,21,developed,SI,30000000.0,67626020.2666667,1.0,67626020.0,0.44361622762514086,30000000.0,0.44361622937443307,proportional columns are analyst-derived; stage1_cap uses end-of-round wealth (approx)
20260731_013853,results/To_Use/simulation_llama3.1_8b_Full_scnldf_sh1_ldf1_seed1_26agents_30rounds_20260731_013853.json,20,22,developed,SI,19423998.0,102284535.2666667,1.0,102284535.0,0.18990161073088482,19423998.0,0.1899016112259786,proportional columns are analyst-derived; stage1_cap uses end-of-round wealth (approx)
20260731_013853,results/To_Use/simulation_llama3.1_8b_Full_scnldf_sh1_ldf1_seed1_26agents_30rounds_20260731_013853.json,20,23,developed,SI,19423998.0,85820447.2666667,1.0,85820447.0,0.22633298495455903,19423998.0,0.22633298565783513,proportional columns are analyst-derived; stage1_cap uses end-of-round wealth (approx)
20260731_013853,results/To_Use/simulation_llama3.1_8b_Full_scnldf_sh1_ldf1_seed1_26agents_30rounds_20260731_013853.json,20,24,developing,SFI,128246.0,3194519.314285715,0.1,3194519.0,0.04014563299914667,1282460.0,0.04014563694878635,proportional columns are analyst-derived; stage1_cap uses end-of-round wealth (approx)
20260731_013853,results/To_Use/simulation_llama3.1_8b_Full_scnldf_sh1_ldf1_seed1_26agents_30rounds_20260731_013853.json,20,25,developed,SI,20000000.0,80198891.2666667,1.0,80198891.0,0.24938000618360992,20000000.0,0.24938000701281518,proportional columns are analyst-derived; stage1_cap uses end-of-round wealth (approx)
20260731_013853,results/To_Use/simulation_llama3.1_8b_Full_scnldf_sh1_ldf1_seed1_26agents_30rounds_20260731_013853.json,21,0,developing,SFI,0.0,1088493.142857143,0.1,1088493.0,0.0,0.0,0.0,proportional columns are analyst-derived; stage1_cap uses end-of-round wealth (approx)
20260731_013853,results/To_Use/simulation_llama3.1_8b_Full_scnldf_sh1_ldf1_seed1_26agents_30rounds_20260731_013853.json,21,1,developing,SFI,1069.0,2606740.1428571427,0.1,2606740.0,0.0004100907422357459,10690.0,0.00041009076470994424,proportional columns are analyst-derived; stage1_cap uses end-of-round wealth (approx)
20260731_013853,results/To_Use/simulation_llama3.1_8b_Full_scnldf_sh1_ldf1_seed1_26agents_30rounds_20260731_013853.json,21,2,developed,SI,10626200.0,156770629.66666672,1.0,156770629.0,0.06778182892161587,10626200.0,0.06778182920985792,proportional columns are analyst-derived; stage1_cap uses end-of-round wealth (approx)
20260731_013853,results/To_Use/simulation_llama3.1_8b_Full_scnldf_sh1_ldf1_seed1_26agents_30rounds_20260731_013853.json,21,3,developed,SI,29600000.0,53983328.6666667,1.0,53983328.0,0.5483174293080825,29600000.0,0.5483174360795244,proportional columns are analyst-derived; stage1_cap uses end-of-round wealth (approx)
20260731_013853,results/To_Use/simulation_llama3.1_8b_Full_scnldf_sh1_ldf1_seed1_26agents_30rounds_20260731_013853.json,21,4,developing,SFI,200000.0,332223.1428571431,0.1,332223.0,0.6020050207218725,2000000.0,0.602005279586302,proportional columns are analyst-derived; stage1_cap uses end-of-round wealth (approx)
20260731_013853,results/To_Use/simulation_llama3.1_8b_Full_scnldf_sh1_ldf1_seed1_26agents_30rounds_20260731_013853.json,21,5,developed,SI,10626200.0,129893098.6666667,1.0,129893098.0,0.08180727158776224,10626200.0,0.08180727200763199,proportional columns are analyst-derived; stage1_cap uses end-of-round wealth (approx)
20260731_013853,results/To_Use/simulation_llama3.1_8b_Full_scnldf_sh1_ldf1_seed1_26agents_30rounds_20260731_013853.json,21,6,developed,SI,15000000.0,85554554.6666667,1.0,85554554.0,0.1753267264196773,15000000.0,0.17532672778587566,proportional columns are analyst-derived; stage1_cap uses end-of-round wealth (approx)
20260731_013853,results/To_Use/simulation_llama3.1_8b_Full_scnldf_sh1_ldf1_seed1_26agents_30rounds_20260731_013853.json,21,7,developing,SFI,100000.0,506427.1428571431,0.1,506427.0,0.19746176999088846,1000000.0,0.197461825692548,proportional columns are analyst-derived; stage1_cap uses end-of-round wealth (approx)
20260731_013853,results/To_Use/simulation_llama3.1_8b_Full_scnldf_sh1_ldf1_seed1_26agents_30rounds_20260731_013853.json,21,8,developing,SFI,30830.0,1864228.1428571432,0.1,1864228.0,0.016537675454651967,308300.0,0.01653767672194603,proportional columns are analyst-derived; stage1_cap uses end-of-round wealth (approx)
20260731_013853,results/To_Use/simulation_llama3.1_8b_Full_scnldf_sh1_ldf1_seed1_26agents_30rounds_20260731_013853.json,21,9,developing,SFI,128246.0,596220.1428571431,0.1,596220.0,0.21509840205235786,1282460.0,0.21509845359095636,proportional columns are analyst-derived; stage1_cap uses end-of-round wealth (approx)
20260731_013853,results/To_Use/simulation_llama3.1_8b_Full_scnldf_sh1_ldf1_seed1_26agents_30rounds_20260731_013853.json,21,10,developed,SI,15000000.0,125515894.6666667,1.0,125515894.0,0.11950677673003557,15000000.0,0.11950677736478538,proportional columns are analyst-derived; stage1_cap uses end-of-round wealth (approx)
20260731_013853,results/To_Use/simulation_llama3.1_8b_Full_scnldf_sh1_ldf1_seed1_26agents_30rounds_20260731_013853.json,21,11,developing,SFI,30830.0,2415371.1428571427,0.1,2415371.0,0.012764083934335322,308300.0,0.012764084689267197,proportional columns are analyst-derived; stage1_cap uses end-of-round wealth (approx)
20260731_013853,results/To_Use/simulation_llama3.1_8b_Full_scnldf_sh1_ldf1_seed1_26agents_30rounds_20260731_013853.json,21,12,developing,SFI,77849.0,451827.14285714296,0.1,451827.0,0.17229819241871888,778490.0,0.17229824689538253,proportional columns are analyst-derived; stage1_cap uses end-of-round wealth (approx)
20260731_013853,results/To_Use/simulation_llama3.1_8b_Full_scnldf_sh1_ldf1_seed1_26agents_30rounds_20260731_013853.json,21,13,developed,SI,10000000.0,159692585.66666672,1.0,159692585.0,0.06262031488971839,10000000.0,0.06262031515113867,proportional columns are analyst-derived; stage1_cap uses end-of-round wealth (approx)
20260731_013853,results/To_Use/simulation_llama3.1_8b_Full_scnldf_sh1_ldf1_seed1_26agents_30rounds_20260731_013853.json,21,14,developed,SI,20000000.0,108025459.6666667,1.0,108025459.0,0.185141540352745,20000000.0,0.18514154149532472,proportional columns are analyst-derived; stage1_cap uses end-of-round wealth (approx)
20260731_013853,results/To_Use/simulation_llama3.1_8b_Full_scnldf_sh1_ldf1_seed1_26agents_30rounds_20260731_013853.json,21,15,developing,SFI,100000.0,216577.1428571431,0.1,216577.0,0.4617292419725068,1000000.0,0.46172954653541237,proportional columns are analyst-derived; stage1_cap uses end-of-round wealth (approx)
20260731_013853,results/To_Use/simulation_llama3.1_8b_Full_scnldf_sh1_ldf1_seed1_26agents_30rounds_20260731_013853.json,21,16,developed,SI,10000000.0,161074498.66666672,1.0,161074498.0,0.062083073874371356,10000000.0,0.062083074131325244,proportional columns are analyst-derived; stage1_cap uses end-of-round wealth (approx)
20260731_013853,results/To_Use/simulation_llama3.1_8b_Full_scnldf_sh1_ldf1_seed1_26agents_30rounds_20260731_013853.json,21,17,developing,SFI,30830.0,2385281.1428571427,0.1,2385281.0,0.01292510113213369,308300.0,0.01292510190623243,proportional columns are analyst-derived; stage1_cap uses end-of-round wealth (approx)
20260731_013853,results/To_Use/simulation_llama3.1_8b_Full_scnldf_sh1_ldf1_seed1_26agents_30rounds_20260731_013853.json,21,18,developing,SFI,0.0,799431.1428571431,0.1,799431.0,0.0,0.0,0.0,proportional columns are analyst-derived; stage1_cap uses end-of-round wealth (approx)
20260731_013853,results/To_Use/simulation_llama3.1_8b_Full_scnldf_sh1_ldf1_seed1_26agents_30rounds_20260731_013853.json,21,19,developing,SFI,1069.0,2736671.1428571427,0.1,2736671.0,0.00039062055475322523,10690.0,0.0003906205751440345,proportional columns are analyst-derived; stage1_cap uses end-of-round wealth (approx)
20260731_013853,results/To_Use/simulation_llama3.1_8b_Full_scnldf_sh1_ldf1_seed1_26agents_30rounds_20260731_013853.json,21,20,developing,SFI,213382.0,272651.14285714296,0.1,272651.0,0.7826191292064477,2133820.0,0.7826195392644809,proportional columns are analyst-derived; stage1_cap uses end-of-round wealth (approx)
20260731_013853,results/To_Use/simulation_llama3.1_8b_Full_scnldf_sh1_ldf1_seed1_26agents_30rounds_20260731_013853.json,21,21,developed,SI,30000000.0,64986301.6666667,1.0,64986301.0,0.4616357483132148,30000000.0,0.4616357530489387,proportional columns are analyst-derived; stage1_cap uses end-of-round wealth (approx)
20260731_013853,results/To_Use/simulation_llama3.1_8b_Full_scnldf_sh1_ldf1_seed1_26agents_30rounds_20260731_013853.json,21,22,developed,SI,20000000.0,109657850.6666667,1.0,109657850.0,0.1823854824657758,20000000.0,0.18238548357459133,proportional columns are analyst-derived; stage1_cap uses end-of-round wealth (approx)
20260731_013853,results/To_Use/simulation_llama3.1_8b_Full_scnldf_sh1_ldf1_seed1_26agents_30rounds_20260731_013853.json,21,23,developed,SI,19423998.0,93770945.6666667,1.0,93770945.0,0.2071430320117243,19423998.0,0.20714303348441246,proportional columns are analyst-derived; stage1_cap uses end-of-round wealth (approx)
20260731_013853,results/To_Use/simulation_llama3.1_8b_Full_scnldf_sh1_ldf1_seed1_26agents_30rounds_20260731_013853.json,21,24,developing,SFI,128246.0,3185399.1428571437,0.1,3185399.0,0.04026057465595026,1282460.0,0.0402605764615359,proportional columns are analyst-derived; stage1_cap uses end-of-round wealth (approx)
20260731_013853,results/To_Use/simulation_llama3.1_8b_Full_scnldf_sh1_ldf1_seed1_26agents_30rounds_20260731_013853.json,21,25,developed,SI,15000000.0,92561565.6666667,1.0,92561565.0,0.16205430290600414,15000000.0,0.16205430407318633,proportional columns are analyst-derived; stage1_cap uses end-of-round wealth (approx)
20260731_013853,results/To_Use/simulation_llama3.1_8b_Full_scnldf_sh1_ldf1_seed1_26agents_30rounds_20260731_013853.json,22,0,developing,SFI,1069.0,1210733.0571428572,0.1,1210733.0,0.0008829361630900495,10690.0,0.0008829362047619087,proportional columns are analyst-derived; stage1_cap uses end-of-round wealth (approx)
20260731_013853,results/To_Use/simulation_llama3.1_8b_Full_scnldf_sh1_ldf1_seed1_26agents_30rounds_20260731_013853.json,22,1,developing,SFI,1069.0,2728980.057142857,0.1,2728980.0,0.00039172144083720575,10690.0,0.0003917214490395679,proportional columns are analyst-derived; stage1_cap uses end-of-round wealth (approx)
20260731_013853,results/To_Use/simulation_llama3.1_8b_Full_scnldf_sh1_ldf1_seed1_26agents_30rounds_20260731_013853.json,22,2,developed,SI,10626200.0,188215004.5333334,1.0,188215004.0,0.05645777299395953,10626200.0,0.05645777315394048,proportional columns are analyst-derived; stage1_cap uses end-of-round wealth (approx)
20260731_013853,results/To_Use/simulation_llama3.1_8b_Full_scnldf_sh1_ldf1_seed1_26agents_30rounds_20260731_013853.json,22,3,developed,SI,15970582.0,80092634.53333336,1.0,80092634.0,0.19940138182560696,15970582.0,0.19940138315341208,proportional columns are analyst-derived; stage1_cap uses end-of-round wealth (approx)
20260731_013853,results/To_Use/simulation_llama3.1_8b_Full_scnldf_sh1_ldf1_seed1_26agents_30rounds_20260731_013853.json,22,4,developing,SFI,200000.0,255532.05714285735,0.1,255532.0,0.7826806633822398,2000000.0,0.7826808384077141,proportional columns are analyst-derived; stage1_cap uses end-of-round wealth (approx)
20260731_013853,results/To_Use/simulation_llama3.1_8b_Full_scnldf_sh1_ldf1_seed1_26agents_30rounds_20260731_013853.json,22,5,developed,SI,20000000.0,151973387.53333336,1.0,151973387.0,0.13160198851008215,20000000.0,0.1316019889719244,proportional columns are analyst-derived; stage1_cap uses end-of-round wealth (approx)
20260731_013853,results/To_Use/simulation_llama3.1_8b_Full_scnldf_sh1_ldf1_seed1_26agents_30rounds_20260731_013853.json,22,6,developed,SI,17297854.0,110337012.53333336,1.0,110337012.0,0.15677290514616962,17297854.0,0.15677290590395904,proportional columns are analyst-derived; stage1_cap uses end-of-round wealth (approx)
20260731_013853,results/To_Use/simulation_llama3.1_8b_Full_scnldf_sh1_ldf1_seed1_26agents_30rounds_20260731_013853.json,22,7,developing,SFI,100000.0,529736.0571428573,0.1,529736.0,0.18877325538184453,1000000.0,0.18877327574489935,proportional columns are analyst-derived; stage1_cap uses end-of-round wealth (approx)
20260731_013853,results/To_Use/simulation_llama3.1_8b_Full_scnldf_sh1_ldf1_seed1_26agents_30rounds_20260731_013853.json,22,8,developing,SFI,30830.0,1956707.0571428575,0.1,1956707.0,0.01575606317126352,308300.0,0.015756063631397036,proportional columns are analyst-derived; stage1_cap uses end-of-round wealth (approx)
20260731_013853,results/To_Use/simulation_llama3.1_8b_Full_scnldf_sh1_ldf1_seed1_26agents_30rounds_20260731_013853.json,22,9,developing,SFI,128246.0,591283.0571428573,0.1,591283.0,0.21689442721342012,1282460.0,0.21689444817456277,proportional columns are analyst-derived; stage1_cap uses end-of-round wealth (approx)
20260731_013853,results/To_Use/simulation_llama3.1_8b_Full_scnldf_sh1_ldf1_seed1_26agents_30rounds_20260731_013853.json,22,10,developed,SI,30000000.0,137601791.53333336,1.0,137601791.0,0.2180204172176977,30000000.0,0.2180204180627271,proportional columns are analyst-derived; stage1_cap uses end-of-round wealth (approx)
20260731_013853,results/To_Use/simulation_llama3.1_8b_Full_scnldf_sh1_ldf1_seed1_26agents_30rounds_20260731_013853.json,22,11,developing,SFI,30830.0,2507850.057142857,0.1,2507850.0,0.012293398447881687,308300.0,0.012293398727994098,proportional columns are analyst-derived; stage1_cap uses end-of-round wealth (approx)
20260731_013853,results/To_Use/simulation_llama3.1_8b_Full_scnldf_sh1_ldf1_seed1_26agents_30rounds_20260731_013853.json,22,12,developing,SFI,213382.0,361754.05714285723,0.1,361754.0,0.5898537854289637,2133820.0,0.5898538786025863,proportional columns are analyst-derived; stage1_cap uses end-of-round wealth (approx)
20260731_013853,results/To_Use/simulation_llama3.1_8b_Full_scnldf_sh1_ldf1_seed1_26agents_30rounds_20260731_013853.json,22,13,developed,SI,12000000.0,189772736.5333334,1.0,189772736.0,0.06323352984843643,12000000.0,0.06323353002614664,proportional columns are analyst-derived; stage1_cap uses end-of-round wealth (approx)
20260731_013853,results/To_Use/simulation_llama3.1_8b_Full_scnldf_sh1_ldf1_seed1_26agents_30rounds_20260731_013853.json,22,14,developed,SI,10000000.0,140093143.53333336,1.0,140093143.0,0.07138108081371326,10000000.0,0.0713810810854604,proportional columns are analyst-derived; stage1_cap uses end-of-round wealth (approx)
20260731_013853,results/To_Use/simulation_llama3.1_8b_Full_scnldf_sh1_ldf1_seed1_26agents_30rounds_20260731_013853.json,22,15,developing,SFI,0.0,339886.0571428574,0.1,339886.0,0.0,0.0,0.0,proportional columns are analyst-derived; stage1_cap uses end-of-round wealth (approx)
20260731_013853,results/To_Use/simulation_llama3.1_8b_Full_scnldf_sh1_ldf1_seed1_26agents_30rounds_20260731_013853.json,22,16,developed,SI,10626200.0,192522023.5333334,1.0,192522023.0,0.055194724244939035,10626200.0,0.05519472439784201,proportional columns are analyst-derived; stage1_cap uses end-of-round wealth (approx)
20260731_013853,results/To_Use/simulation_llama3.1_8b_Full_scnldf_sh1_ldf1_seed1_26agents_30rounds_20260731_013853.json,22,17,developing,SFI,30830.0,2477760.057142857,0.1,2477760.0,0.012442689884810938,308300.0,0.012442690171768049,proportional columns are analyst-derived; stage1_cap uses end-of-round wealth (approx)
20260731_013853,results/To_Use/simulation_llama3.1_8b_Full_scnldf_sh1_ldf1_seed1_26agents_30rounds_20260731_013853.json,22,18,developing,SFI,0.0,922740.0571428573,0.1,922740.0,0.0,0.0,0.0,proportional columns are analyst-derived; stage1_cap uses end-of-round wealth (approx)
20260731_013853,results/To_Use/simulation_llama3.1_8b_Full_scnldf_sh1_ldf1_seed1_26agents_30rounds_20260731_013853.json,22,19,developing,SFI,1069.0,2858911.057142857,0.1,2858911.0,0.0003739185930003499,10690.0,0.0003739186004740966,proportional columns are analyst-derived; stage1_cap uses end-of-round wealth (approx)
20260731_013853,results/To_Use/simulation_llama3.1_8b_Full_scnldf_sh1_ldf1_seed1_26agents_30rounds_20260731_013853.json,22,20,developing,SFI,213382.0,182578.05714285723,0.1,182578.0,1.1687165661590997,2133820.0,1.1687169319414168,proportional columns are analyst-derived; stage1_cap uses end-of-round wealth (approx)
20260731_013853,results/To_Use/simulation_llama3.1_8b_Full_scnldf_sh1_ldf1_seed1_26agents_30rounds_20260731_013853.json,22,21,developed,SI,30000000.0,77061404.53333336,1.0,77061404.0,0.38929993790890904,30000000.0,0.3892999406032104,proportional columns are analyst-derived; stage1_cap uses end-of-round wealth (approx)
20260731_013853,results/To_Use/simulation_llama3.1_8b_Full_scnldf_sh1_ldf1_seed1_26agents_30rounds_20260731_013853.json,22,22,developed,SI,109657850.0,42071064.533333376,1.0,42071064.0,2.606490974648784,109657850.0,2.606491007691177,proportional columns are analyst-derived; stage1_cap uses end-of-round wealth (approx)
20260731_013853,results/To_Use/simulation_llama3.1_8b_Full_scnldf_sh1_ldf1_seed1_26agents_30rounds_20260731_013853.json,22,23,developed,SI,19423998.0,116431259.53333336,1.0,116431259.0,0.16682803293422296,19423998.0,0.1668280336984074,proportional columns are analyst-derived; stage1_cap uses end-of-round wealth (approx)
20260731_013853,results/To_Use/simulation_llama3.1_8b_Full_scnldf_sh1_ldf1_seed1_26agents_30rounds_20260731_013853.json,22,24,developing,SFI,128246.0,3180462.057142858,0.1,3180462.0,0.04032307183542028,1282460.0,0.04032307255989853,proportional columns are analyst-derived; stage1_cap uses end-of-round wealth (approx)
20260731_013853,results/To_Use/simulation_llama3.1_8b_Full_scnldf_sh1_ldf1_seed1_26agents_30rounds_20260731_013853.json,22,25,developed,SI,30000000.0,104641839.53333336,1.0,104641839.0,0.28669220776115645,30000000.0,0.2866922092223551,proportional columns are analyst-derived; stage1_cap uses end-of-round wealth (approx)
20260731_013853,results/To_Use/simulation_llama3.1_8b_Full_scnldf_sh1_ldf1_seed1_26agents_30rounds_20260731_013853.json,23,0,developing,SFI,0.0,1321456.942857143,0.1,1321456.0,0.0,0.0,0.0,proportional columns are analyst-derived; stage1_cap uses end-of-round wealth (approx)
20260731_013853,results/To_Use/simulation_llama3.1_8b_Full_scnldf_sh1_ldf1_seed1_26agents_30rounds_20260731_013853.json,23,1,developing,SFI,1069.0,2838634.9428571425,0.1,2838634.0,0.00037658945990569337,10690.0,0.00037658958499052714,proportional columns are analyst-derived; stage1_cap uses end-of-round wealth (approx)
20260731_013853,results/To_Use/simulation_llama3.1_8b_Full_scnldf_sh1_ldf1_seed1_26agents_30rounds_20260731_013853.json,23,2,developed,SI,10626200.0,214684486.46666673,1.0,214684486.0,0.04949682287196793,10626200.0,0.0494968229795608,proportional columns are analyst-derived; stage1_cap uses end-of-round wealth (approx)
20260731_013853,results/To_Use/simulation_llama3.1_8b_Full_scnldf_sh1_ldf1_seed1_26agents_30rounds_20260731_013853.json,23,3,developed,SI,20000000.0,97188324.4666667,1.0,97188324.0,0.20578603561438624,20000000.0,0.2057860366025038,proportional columns are analyst-derived; stage1_cap uses end-of-round wealth (approx)
20260731_013853,results/To_Use/simulation_llama3.1_8b_Full_scnldf_sh1_ldf1_seed1_26agents_30rounds_20260731_013853.json,23,4,developing,SFI,200000.0,166255.94285714306,0.1,166255.0,1.2029645170149006,2000000.0,1.2029713392078434,proportional columns are analyst-derived; stage1_cap uses end-of-round wealth (approx)
20260731_013853,results/To_Use/simulation_llama3.1_8b_Full_scnldf_sh1_ldf1_seed1_26agents_30rounds_20260731_013853.json,23,5,developed,SI,10000000.0,179056674.4666667,1.0,179056674.0,0.055848239278349865,10000000.0,0.05584823942390441,proportional columns are analyst-derived; stage1_cap uses end-of-round wealth (approx)
20260731_013853,results/To_Use/simulation_llama3.1_8b_Full_scnldf_sh1_ldf1_seed1_26agents_30rounds_20260731_013853.json,23,6,developed,SI,27900000.0,119518841.4666667,1.0,119518841.0,0.23343599768561338,27900000.0,0.23343599859707476,proportional columns are analyst-derived; stage1_cap uses end-of-round wealth (approx)
20260731_013853,results/To_Use/simulation_llama3.1_8b_Full_scnldf_sh1_ldf1_seed1_26agents_30rounds_20260731_013853.json,23,7,developing,SFI,0.0,640459.9428571431,0.1,640459.0,0.0,0.0,0.0,proportional columns are analyst-derived; stage1_cap uses end-of-round wealth (approx)
20260731_013853,results/To_Use/simulation_llama3.1_8b_Full_scnldf_sh1_ldf1_seed1_26agents_30rounds_20260731_013853.json,23,8,developing,SFI,30830.0,2036600.9428571432,0.1,2036600.0,0.015137968048246436,308300.0,0.015137975056466661,proportional columns are analyst-derived; stage1_cap uses end-of-round wealth (approx)
20260731_013853,results/To_Use/simulation_llama3.1_8b_Full_scnldf_sh1_ldf1_seed1_26agents_30rounds_20260731_013853.json,23,9,developing,SFI,0.0,702006.9428571431,0.1,702006.0,0.0,0.0,0.0,proportional columns are analyst-derived; stage1_cap uses end-of-round wealth (approx)
20260731_013853,results/To_Use/simulation_llama3.1_8b_Full_scnldf_sh1_ldf1_seed1_26agents_30rounds_20260731_013853.json,23,10,developed,SI,15000000.0,159697395.4666667,1.0,159697395.0,0.09392764331670593,15000000.0,0.09392764359118068,proportional columns are analyst-derived; stage1_cap uses end-of-round wealth (approx)
20260731_013853,results/To_Use/simulation_llama3.1_8b_Full_scnldf_sh1_ldf1_seed1_26agents_30rounds_20260731_013853.json,23,11,developing,SFI,30830.0,2587743.9428571425,0.1,2587743.0,0.01191385263797021,308300.0,0.01191385697884218,proportional columns are analyst-derived; stage1_cap uses end-of-round wealth (approx)
20260731_013853,results/To_Use/simulation_llama3.1_8b_Full_scnldf_sh1_ldf1_seed1_26agents_30rounds_20260731_013853.json,23,12,developing,SFI,213382.0,259095.94285714295,0.1,259095.0,0.8235636484576367,2133820.0,0.8235666454389317,proportional columns are analyst-derived; stage1_cap uses end-of-round wealth (approx)
20260731_013853,results/To_Use/simulation_llama3.1_8b_Full_scnldf_sh1_ldf1_seed1_26agents_30rounds_20260731_013853.json,23,13,developed,SI,10626200.0,216242285.46666673,1.0,216242285.0,0.049140250146116796,10626200.0,0.04914025025216506,proportional columns are analyst-derived; stage1_cap uses end-of-round wealth (approx)
20260731_013853,results/To_Use/simulation_llama3.1_8b_Full_scnldf_sh1_ldf1_seed1_26agents_30rounds_20260731_013853.json,23,14,developed,SI,0.0,177173216.4666667,1.0,177173216.0,0.0,0.0,0.0,proportional columns are analyst-derived; stage1_cap uses end-of-round wealth (approx)
20260731_013853,results/To_Use/simulation_llama3.1_8b_Full_scnldf_sh1_ldf1_seed1_26agents_30rounds_20260731_013853.json,23,15,developing,SFI,100000.0,350609.9428571431,0.1,350609.0,0.2852172393774504,1000000.0,0.28521800638317896,proportional columns are analyst-derived; stage1_cap uses end-of-round wealth (approx)
20260731_013853,results/To_Use/simulation_llama3.1_8b_Full_scnldf_sh1_ldf1_seed1_26agents_30rounds_20260731_013853.json,23,16,developed,SI,10000000.0,219608381.46666673,1.0,219608381.0,0.0455356026633157,10000000.0,0.04553560276007863,proportional columns are analyst-derived; stage1_cap uses end-of-round wealth (approx)
20260731_013853,results/To_Use/simulation_llama3.1_8b_Full_scnldf_sh1_ldf1_seed1_26agents_30rounds_20260731_013853.json,23,17,developing,SFI,30830.0,2557653.9428571425,0.1,2557653.0,0.012054015394107602,308300.0,0.012054019837718408,proportional columns are analyst-derived; stage1_cap uses end-of-round wealth (approx)
20260731_013853,results/To_Use/simulation_llama3.1_8b_Full_scnldf_sh1_ldf1_seed1_26agents_30rounds_20260731_013853.json,23,18,developing,SFI,50000.0,983463.9428571431,0.1,983463.0,0.050840704799751814,500000.0,0.050840753541312685,proportional columns are analyst-derived; stage1_cap uses end-of-round wealth (approx)
20260731_013853,results/To_Use/simulation_llama3.1_8b_Full_scnldf_sh1_ldf1_seed1_26agents_30rounds_20260731_013853.json,23,19,developing,SFI,1069.0,2968565.9428571425,0.1,2968565.0,0.00036010653648176137,10690.0,0.00036010665085655866,proportional columns are analyst-derived; stage1_cap uses end-of-round wealth (approx)
20260731_013853,results/To_Use/simulation_llama3.1_8b_Full_scnldf_sh1_ldf1_seed1_26agents_30rounds_20260731_013853.json,23,20,developing,SFI,182578.0,110723.94285714296,0.1,110723.0,1.6489477821031338,1825780.0,1.6489618236500094,proportional columns are analyst-derived; stage1_cap uses end-of-round wealth (approx)
20260731_013853,results/To_Use/simulation_llama3.1_8b_Full_scnldf_sh1_ldf1_seed1_26agents_30rounds_20260731_013853.json,23,21,developed,SI,30000000.0,84159698.4666667,1.0,84159698.0,0.3564651554910473,30000000.0,0.35646515746765156,proportional columns are analyst-derived; stage1_cap uses end-of-round wealth (approx)
20260731_013853,results/To_Use/simulation_llama3.1_8b_Full_scnldf_sh1_ldf1_seed1_26agents_30rounds_20260731_013853.json,23,22,developed,SI,20000000.0,59166620.46666671,1.0,59166620.0,0.33802843296191976,20000000.0,0.3380284356280619,proportional columns are analyst-derived; stage1_cap uses end-of-round wealth (approx)
20260731_013853,results/To_Use/simulation_llama3.1_8b_Full_scnldf_sh1_ldf1_seed1_26agents_30rounds_20260731_013853.json,23,23,developed,SI,19423998.0,134102817.4666667,1.0,134102817.0,0.14484407089230716,19423998.0,0.14484407139635255,proportional columns are analyst-derived; stage1_cap uses end-of-round wealth (approx)
20260731_013853,results/To_Use/simulation_llama3.1_8b_Full_scnldf_sh1_ldf1_seed1_26agents_30rounds_20260731_013853.json,23,24,developing,SFI,128246.0,3162939.9428571435,0.1,3162939.0,0.040546454348467,1282460.0,0.04054646643517311,proportional columns are analyst-derived; stage1_cap uses end-of-round wealth (approx)
20260731_013853,results/To_Use/simulation_llama3.1_8b_Full_scnldf_sh1_ldf1_seed1_26agents_30rounds_20260731_013853.json,23,25,developed,SI,104641839.0,37100494.4666667,1.0,37100494.0,2.820497152511444,104641839.0,2.8204971879889253,proportional columns are analyst-derived; stage1_cap uses end-of-round wealth (approx)
20260731_013853,results/To_Use/simulation_llama3.1_8b_Full_scnldf_sh1_ldf1_seed1_26agents_30rounds_20260731_013853.json,24,0,developing,SFI,0.0,1391685.742857143,0.1,1391685.0,0.0,0.0,0.0,proportional columns are analyst-derived; stage1_cap uses end-of-round wealth (approx)
20260731_013853,results/To_Use/simulation_llama3.1_8b_Full_scnldf_sh1_ldf1_seed1_26agents_30rounds_20260731_013853.json,24,1,developing,SFI,1069.0,2907794.7428571424,0.1,2907794.0,0.00036763255130918267,10690.0,0.000367632645228651,proportional columns are analyst-derived; stage1_cap uses end-of-round wealth (approx)
20260731_013853,results/To_Use/simulation_llama3.1_8b_Full_scnldf_sh1_ldf1_seed1_26agents_30rounds_20260731_013853.json,24,2,developed,SI,10626200.0,229825247.13333338,1.0,229825247.0,0.046235999449769756,10626200.0,0.046235999476593626,proportional columns are analyst-derived; stage1_cap uses end-of-round wealth (approx)
20260731_013853,results/To_Use/simulation_llama3.1_8b_Full_scnldf_sh1_ldf1_seed1_26agents_30rounds_20260731_013853.json,24,3,developed,SI,0.0,122915900.13333337,1.0,122915900.0,0.0,0.0,0.0,proportional columns are analyst-derived; stage1_cap uses end-of-round wealth (approx)
20260731_013853,results/To_Use/simulation_llama3.1_8b_Full_scnldf_sh1_ldf1_seed1_26agents_30rounds_20260731_013853.json,24,4,developing,SFI,0.0,236484.74285714305,0.1,236484.0,0.0,0.0,0.0,proportional columns are analyst-derived; stage1_cap uses end-of-round wealth (approx)
20260731_013853,results/To_Use/simulation_llama3.1_8b_Full_scnldf_sh1_ldf1_seed1_26agents_30rounds_20260731_013853.json,24,5,developed,SI,10000000.0,194823623.13333336,1.0,194823623.0,0.05132847772344425,10000000.0,0.05132847775857243,proportional columns are analyst-derived; stage1_cap uses end-of-round wealth (approx)
20260731_013853,results/To_Use/simulation_llama3.1_8b_Full_scnldf_sh1_ldf1_seed1_26agents_30rounds_20260731_013853.json,24,6,developed,SI,0.0,139672245.13333336,1.0,139672245.0,0.0,0.0,0.0,proportional columns are analyst-derived; stage1_cap uses end-of-round wealth (approx)
20260731_013853,results/To_Use/simulation_llama3.1_8b_Full_scnldf_sh1_ldf1_seed1_26agents_30rounds_20260731_013853.json,24,7,developing,SFI,0.0,710688.7428571432,0.1,710688.0,0.0,0.0,0.0,proportional columns are analyst-derived; stage1_cap uses end-of-round wealth (approx)
20260731_013853,results/To_Use/simulation_llama3.1_8b_Full_scnldf_sh1_ldf1_seed1_26agents_30rounds_20260731_013853.json,24,8,developing,SFI,30830.0,2075999.7428571433,0.1,2075999.0,0.014850676213268452,308300.0,0.01485068152730324,proportional columns are analyst-derived; stage1_cap uses end-of-round wealth (approx)
20260731_013853,results/To_Use/simulation_llama3.1_8b_Full_scnldf_sh1_ldf1_seed1_26agents_30rounds_20260731_013853.json,24,9,developing,SFI,128246.0,643989.7428571432,0.1,643989.0,0.19914292335002132,1282460.0,0.19914315306627908,proportional columns are analyst-derived; stage1_cap uses end-of-round wealth (approx)
20260731_013853,results/To_Use/simulation_llama3.1_8b_Full_scnldf_sh1_ldf1_seed1_26agents_30rounds_20260731_013853.json,24,10,developed,SI,50000000.0,135844029.13333336,1.0,135844029.0,0.3680691769744558,50000000.0,0.36806917733572225,proportional columns are analyst-derived; stage1_cap uses end-of-round wealth (approx)
20260731_013853,results/To_Use/simulation_llama3.1_8b_Full_scnldf_sh1_ldf1_seed1_26agents_30rounds_20260731_013853.json,24,11,developing,SFI,30830.0,2627142.7428571424,0.1,2627142.0,0.011735182674722467,308300.0,0.011735185992991623,proportional columns are analyst-derived; stage1_cap uses end-of-round wealth (approx)
20260731_013853,results/To_Use/simulation_llama3.1_8b_Full_scnldf_sh1_ldf1_seed1_26agents_30rounds_20260731_013853.json,24,12,developing,SFI,213382.0,115942.74285714293,0.1,115942.0,1.8404084183424516,2133820.0,1.8404202101050526,proportional columns are analyst-derived; stage1_cap uses end-of-round wealth (approx)
20260731_013853,results/To_Use/simulation_llama3.1_8b_Full_scnldf_sh1_ldf1_seed1_26agents_30rounds_20260731_013853.json,24,13,developed,SI,12000000.0,230009262.13333338,1.0,230009262.0,0.05217181207704477,12000000.0,0.0521718121072881,proportional columns are analyst-derived; stage1_cap uses end-of-round wealth (approx)
20260731_013853,results/To_Use/simulation_llama3.1_8b_Full_scnldf_sh1_ldf1_seed1_26agents_30rounds_20260731_013853.json,24,14,developed,SI,0.0,202834438.13333336,1.0,202834438.0,0.0,0.0,0.0,proportional columns are analyst-derived; stage1_cap uses end-of-round wealth (approx)
20260731_013853,results/To_Use/simulation_llama3.1_8b_Full_scnldf_sh1_ldf1_seed1_26agents_30rounds_20260731_013853.json,24,15,developing,SFI,0.0,420838.7428571431,0.1,420838.0,0.0,0.0,0.0,proportional columns are analyst-derived; stage1_cap uses end-of-round wealth (approx)
20260731_013853,results/To_Use/simulation_llama3.1_8b_Full_scnldf_sh1_ldf1_seed1_26agents_30rounds_20260731_013853.json,24,16,developed,SI,10626200.0,234749103.13333338,1.0,234749103.0,0.04526620062937793,10626200.0,0.04526620065508834,proportional columns are analyst-derived; stage1_cap uses end-of-round wealth (approx)
20260731_013853,results/To_Use/simulation_llama3.1_8b_Full_scnldf_sh1_ldf1_seed1_26agents_30rounds_20260731_013853.json,24,17,developing,SFI,30830.0,2597052.7428571424,0.1,2597052.0,0.01187114897253971,308300.0,0.011871152368146653,proportional columns are analyst-derived; stage1_cap uses end-of-round wealth (approx)
20260731_013853,results/To_Use/simulation_llama3.1_8b_Full_scnldf_sh1_ldf1_seed1_26agents_30rounds_20260731_013853.json,24,18,developing,SFI,50000.0,1003692.7428571432,0.1,1003692.0,0.04981604216611992,500000.0,0.049816079036198356,proportional columns are analyst-derived; stage1_cap uses end-of-round wealth (approx)
20260731_013853,results/To_Use/simulation_llama3.1_8b_Full_scnldf_sh1_ldf1_seed1_26agents_30rounds_20260731_013853.json,24,19,developing,SFI,1069.0,3037725.7428571424,0.1,3037725.0,0.00035190800305578236,10690.0,0.00035190808911274063,proportional columns are analyst-derived; stage1_cap uses end-of-round wealth (approx)
20260731_013853,results/To_Use/simulation_llama3.1_8b_Full_scnldf_sh1_ldf1_seed1_26agents_30rounds_20260731_013853.json,24,20,developing,SFI,0.0,180952.74285714296,0.1,180952.0,0.0,0.0,0.0,proportional columns are analyst-derived; stage1_cap uses end-of-round wealth (approx)
20260731_013853,results/To_Use/simulation_llama3.1_8b_Full_scnldf_sh1_ldf1_seed1_26agents_30rounds_20260731_013853.json,24,21,developed,SI,30000000.0,80250407.13333337,1.0,80250407.0,0.3738298791451114,30000000.0,0.3738298797662173,proportional columns are analyst-derived; stage1_cap uses end-of-round wealth (approx)
20260731_013853,results/To_Use/simulation_llama3.1_8b_Full_scnldf_sh1_ldf1_seed1_26agents_30rounds_20260731_013853.json,24,22,developed,SI,30000000.0,54953032.133333385,1.0,54953032.0,0.5459207405919029,30000000.0,0.5459207419164788,proportional columns are analyst-derived; stage1_cap uses end-of-round wealth (approx)
20260731_013853,results/To_Use/simulation_llama3.1_8b_Full_scnldf_sh1_ldf1_seed1_26agents_30rounds_20260731_013853.json,24,23,developed,SI,20000000.0,139894434.13333336,1.0,139894434.0,0.14296494441614457,20000000.0,0.1429649445524044,proportional columns are analyst-derived; stage1_cap uses end-of-round wealth (approx)
20260731_013853,results/To_Use/simulation_llama3.1_8b_Full_scnldf_sh1_ldf1_seed1_26agents_30rounds_20260731_013853.json,24,24,developing,SFI,128246.0,3104922.7428571433,0.1,3104922.0,0.04130408729010381,1282460.0,0.041304097172167285,proportional columns are analyst-derived; stage1_cap uses end-of-round wealth (approx)
20260731_013853,results/To_Use/simulation_llama3.1_8b_Full_scnldf_sh1_ldf1_seed1_26agents_30rounds_20260731_013853.json,24,25,developed,SI,20000000.0,41044131.13333337,1.0,41044131.0,0.4872803844970981,20000000.0,0.48728038608004637,proportional columns are analyst-derived; stage1_cap uses end-of-round wealth (approx)
20260731_013853,results/To_Use/simulation_llama3.1_8b_Full_scnldf_sh1_ldf1_seed1_26agents_30rounds_20260731_013853.json,25,0,developing,SFI,0.0,1561000.4857142859,0.1,1561000.0,0.0,0.0,0.0,proportional columns are analyst-derived; stage1_cap uses end-of-round wealth (approx)
20260731_013853,results/To_Use/simulation_llama3.1_8b_Full_scnldf_sh1_ldf1_seed1_26agents_30rounds_20260731_013853.json,25,1,developing,SFI,1069.0,3076040.485714285,0.1,3076040.0,0.0003475246847252624,10690.0,0.0003475247396002653,proportional columns are analyst-derived; stage1_cap uses end-of-round wealth (approx)
20260731_013853,results/To_Use/simulation_llama3.1_8b_Full_scnldf_sh1_ldf1_seed1_26agents_30rounds_20260731_013853.json,25,2,developed,SI,10626200.0,240454263.66666672,1.0,240454263.0,0.044192187894537514,10626200.0,0.04419218801706169,proportional columns are analyst-derived; stage1_cap uses end-of-round wealth (approx)
20260731_013853,results/To_Use/simulation_llama3.1_8b_Full_scnldf_sh1_ldf1_seed1_26agents_30rounds_20260731_013853.json,25,3,developed,SI,17568400.0,126602614.6666667,1.0,126602614.0,0.13876806609607564,17568400.0,0.13876806682680343,proportional columns are analyst-derived; stage1_cap uses end-of-round wealth (approx)
20260731_013853,results/To_Use/simulation_llama3.1_8b_Full_scnldf_sh1_ldf1_seed1_26agents_30rounds_20260731_013853.json,25,4,developing,SFI,0.0,405799.48571428587,0.1,405799.0,0.0,0.0,0.0,proportional columns are analyst-derived; stage1_cap uses end-of-round wealth (approx)
20260731_013853,results/To_Use/simulation_llama3.1_8b_Full_scnldf_sh1_ldf1_seed1_26agents_30rounds_20260731_013853.json,25,5,developed,SI,16659309.0,199431472.6666667,1.0,199431472.0,0.08353400181647691,16659309.0,0.08353400209571737,proportional columns are analyst-derived; stage1_cap uses end-of-round wealth (approx)
20260731_013853,results/To_Use/simulation_llama3.1_8b_Full_scnldf_sh1_ldf1_seed1_26agents_30rounds_20260731_013853.json,25,6,developed,SI,20000000.0,140939526.6666667,1.0,140939526.0,0.14190483303737503,20000000.0,0.14190483370860776,proportional columns are analyst-derived; stage1_cap uses end-of-round wealth (approx)
20260731_013853,results/To_Use/simulation_llama3.1_8b_Full_scnldf_sh1_ldf1_seed1_26agents_30rounds_20260731_013853.json,25,7,developing,SFI,1069.0,878934.485714286,0.1,878934.0,0.001216245371384254,10690.0,0.0012162460435026976,proportional columns are analyst-derived; stage1_cap uses end-of-round wealth (approx)
20260731_013853,results/To_Use/simulation_llama3.1_8b_Full_scnldf_sh1_ldf1_seed1_26agents_30rounds_20260731_013853.json,25,8,developing,SFI,30830.0,2214484.485714286,0.1,2214484.0,0.013921976062097236,308300.0,0.01392197911567661,proportional columns are analyst-derived; stage1_cap uses end-of-round wealth (approx)
20260731_013853,results/To_Use/simulation_llama3.1_8b_Full_scnldf_sh1_ldf1_seed1_26agents_30rounds_20260731_013853.json,25,9,developing,SFI,128246.0,685058.485714286,0.1,685058.0,0.18720445432667326,1282460.0,0.18720458705686233,proportional columns are analyst-derived; stage1_cap uses end-of-round wealth (approx)
20260731_013853,results/To_Use/simulation_llama3.1_8b_Full_scnldf_sh1_ldf1_seed1_26agents_30rounds_20260731_013853.json,25,10,developed,SI,0.0,157079925.6666667,1.0,157079925.0,0.0,0.0,0.0,proportional columns are analyst-derived; stage1_cap uses end-of-round wealth (approx)
20260731_013853,results/To_Use/simulation_llama3.1_8b_Full_scnldf_sh1_ldf1_seed1_26agents_30rounds_20260731_013853.json,25,11,developing,SFI,30830.0,2765627.485714285,0.1,2765627.0,0.011147560602160224,308300.0,0.01114756255995476,proportional columns are analyst-derived; stage1_cap uses end-of-round wealth (approx)
20260731_013853,results/To_Use/simulation_llama3.1_8b_Full_scnldf_sh1_ldf1_seed1_26agents_30rounds_20260731_013853.json,25,12,developing,SFI,0.0,285257.48571428575,0.1,285257.0,0.0,0.0,0.0,proportional columns are analyst-derived; stage1_cap uses end-of-round wealth (approx)
20260731_013853,results/To_Use/simulation_llama3.1_8b_Full_scnldf_sh1_ldf1_seed1_26agents_30rounds_20260731_013853.json,25,13,developed,SI,12000000.0,239269579.66666672,1.0,239269579.0,0.050152635436220276,12000000.0,0.05015263557595845,proportional columns are analyst-derived; stage1_cap uses end-of-round wealth (approx)
20260731_013853,results/To_Use/simulation_llama3.1_8b_Full_scnldf_sh1_ldf1_seed1_26agents_30rounds_20260731_013853.json,25,14,developed,SI,12000000.0,212093134.6666667,1.0,212093134.0,0.05657891764794574,12000000.0,0.05657891782578874,proportional columns are analyst-derived; stage1_cap uses end-of-round wealth (approx)
20260731_013853,results/To_Use/simulation_llama3.1_8b_Full_scnldf_sh1_ldf1_seed1_26agents_30rounds_20260731_013853.json,25,15,developing,SFI,1069.0,589084.485714286,0.1,589084.0,0.0018146802808833087,10690.0,0.0018146817771319541,proportional columns are analyst-derived; stage1_cap uses end-of-round wealth (approx)
20260731_013853,results/To_Use/simulation_llama3.1_8b_Full_scnldf_sh1_ldf1_seed1_26agents_30rounds_20260731_013853.json,25,16,developed,SI,10000000.0,246012702.66666672,1.0,246012702.0,0.040648307553246284,10000000.0,0.040648307663398615,proportional columns are analyst-derived; stage1_cap uses end-of-round wealth (approx)
20260731_013853,results/To_Use/simulation_llama3.1_8b_Full_scnldf_sh1_ldf1_seed1_26agents_30rounds_20260731_013853.json,25,17,developing,SFI,30830.0,2735537.485714285,0.1,2735537.0,0.011270180050905016,308300.0,0.011270182052006607,proportional columns are analyst-derived; stage1_cap uses end-of-round wealth (approx)
20260731_013853,results/To_Use/simulation_llama3.1_8b_Full_scnldf_sh1_ldf1_seed1_26agents_30rounds_20260731_013853.json,25,18,developing,SFI,1000000.0,173007.48571428598,0.1,173007.0,5.780096715881154,10000000.0,5.780112943406914,proportional columns are analyst-derived; stage1_cap uses end-of-round wealth (approx)
20260731_013853,results/To_Use/simulation_llama3.1_8b_Full_scnldf_sh1_ldf1_seed1_26agents_30rounds_20260731_013853.json,25,19,developing,SFI,1069.0,3205971.485714285,0.1,3205971.0,0.000333440270683452,10690.0,0.00033344032120065966,proportional columns are analyst-derived; stage1_cap uses end-of-round wealth (approx)
20260731_013853,results/To_Use/simulation_llama3.1_8b_Full_scnldf_sh1_ldf1_seed1_26agents_30rounds_20260731_013853.json,25,20,developing,SFI,128246.0,222021.4857142858,0.1,222021.0,0.5776287803291108,1282460.0,0.5776300440048464,proportional columns are analyst-derived; stage1_cap uses end-of-round wealth (approx)
20260731_013853,results/To_Use/simulation_llama3.1_8b_Full_scnldf_sh1_ldf1_seed1_26agents_30rounds_20260731_013853.json,25,21,developed,SI,30000000.0,71519392.6666667,1.0,71519392.0,0.4194666492740256,30000000.0,0.4194666531840763,proportional columns are analyst-derived; stage1_cap uses end-of-round wealth (approx)
20260731_013853,results/To_Use/simulation_llama3.1_8b_Full_scnldf_sh1_ldf1_seed1_26agents_30rounds_20260731_013853.json,25,22,developed,SI,0.0,76195753.66666672,1.0,76195753.0,0.0,0.0,0.0,proportional columns are analyst-derived; stage1_cap uses end-of-round wealth (approx)
20260731_013853,results/To_Use/simulation_llama3.1_8b_Full_scnldf_sh1_ldf1_seed1_26agents_30rounds_20260731_013853.json,25,23,developed,SI,10626200.0,150539733.6666667,1.0,150539733.0,0.07058734422587137,10626200.0,0.07058734453846813,proportional columns are analyst-derived; stage1_cap uses end-of-round wealth (approx)
20260731_013853,results/To_Use/simulation_llama3.1_8b_Full_scnldf_sh1_ldf1_seed1_26agents_30rounds_20260731_013853.json,25,24,developing,SFI,128246.0,3145991.485714286,0.1,3145991.0,0.040764890999341725,1282460.0,0.040764897293094605,proportional columns are analyst-derived; stage1_cap uses end-of-round wealth (approx)
20260731_013853,results/To_Use/simulation_llama3.1_8b_Full_scnldf_sh1_ldf1_seed1_26agents_30rounds_20260731_013853.json,25,25,developed,SI,20000000.0,42306651.6666667,1.0,42306651.0,0.4727389006716867,20000000.0,0.47273890812108954,proportional columns are analyst-derived; stage1_cap uses end-of-round wealth (approx)
20260731_013853,results/To_Use/simulation_llama3.1_8b_Full_scnldf_sh1_ldf1_seed1_26agents_30rounds_20260731_013853.json,26,0,developing,SFI,1069.0,1772786.342857143,0.1,1772786.0,0.0006030055479089076,10690.0,0.000603005664530293,proportional columns are analyst-derived; stage1_cap uses end-of-round wealth (approx)
20260731_013853,results/To_Use/simulation_llama3.1_8b_Full_scnldf_sh1_ldf1_seed1_26agents_30rounds_20260731_013853.json,26,1,developing,SFI,1069.0,3287826.3428571424,0.1,3287826.0,0.00032513882684905796,10690.0,0.00032513886075479664,proportional columns are analyst-derived; stage1_cap uses end-of-round wealth (approx)
20260731_013853,results/To_Use/simulation_llama3.1_8b_Full_scnldf_sh1_ldf1_seed1_26agents_30rounds_20260731_013853.json,26,2,developed,SI,10626200.0,270468943.20000005,1.0,270468943.0,0.039288059746447064,10626200.0,0.03928805977549888,proportional columns are analyst-derived; stage1_cap uses end-of-round wealth (approx)
20260731_013853,results/To_Use/simulation_llama3.1_8b_Full_scnldf_sh1_ldf1_seed1_26agents_30rounds_20260731_013853.json,26,3,developed,SI,0.0,167214380.20000005,1.0,167214380.0,0.0,0.0,0.0,proportional columns are analyst-derived; stage1_cap uses end-of-round wealth (approx)
20260731_013853,results/To_Use/simulation_llama3.1_8b_Full_scnldf_sh1_ldf1_seed1_26agents_30rounds_20260731_013853.json,26,4,developing,SFI,200000.0,418654.342857143,0.1,418654.0,0.4777210684955101,2000000.0,0.47772145972569235,proportional columns are analyst-derived; stage1_cap uses end-of-round wealth (approx)
20260731_013853,results/To_Use/simulation_llama3.1_8b_Full_scnldf_sh1_ldf1_seed1_26agents_30rounds_20260731_013853.json,26,5,developed,SI,16659309.0,223427040.20000002,1.0,223427040.0,0.07456263568226779,16659309.0,0.0745626357490123,proportional columns are analyst-derived; stage1_cap uses end-of-round wealth (approx)
20260731_013853,results/To_Use/simulation_llama3.1_8b_Full_scnldf_sh1_ldf1_seed1_26agents_30rounds_20260731_013853.json,26,6,developed,SI,20000000.0,161595428.20000002,1.0,161595428.0,0.12376587767846267,20000000.0,0.12376587783164261,proportional columns are analyst-derived; stage1_cap uses end-of-round wealth (approx)
20260731_013853,results/To_Use/simulation_llama3.1_8b_Full_scnldf_sh1_ldf1_seed1_26agents_30rounds_20260731_013853.json,26,7,developing,SFI,878934.0,212855.34285714314,0.1,212855.0,4.129255052760843,8789340.0,4.129261703976885,proportional columns are analyst-derived; stage1_cap uses end-of-round wealth (approx)
20260731_013853,results/To_Use/simulation_llama3.1_8b_Full_scnldf_sh1_ldf1_seed1_26agents_30rounds_20260731_013853.json,26,8,developing,SFI,30830.0,2396509.3428571434,0.1,2396509.0,0.012864544046902881,308300.0,0.012864545887372007,proportional columns are analyst-derived; stage1_cap uses end-of-round wealth (approx)
20260731_013853,results/To_Use/simulation_llama3.1_8b_Full_scnldf_sh1_ldf1_seed1_26agents_30rounds_20260731_013853.json,26,9,developing,SFI,128246.0,769667.3428571431,0.1,769667.0,0.16662523256336673,1282460.0,0.16662530678852022,proportional columns are analyst-derived; stage1_cap uses end-of-round wealth (approx)
20260731_013853,results/To_Use/simulation_llama3.1_8b_Full_scnldf_sh1_ldf1_seed1_26agents_30rounds_20260731_013853.json,26,10,developed,SI,12000000.0,185728704.20000002,1.0,185728704.0,0.06461036839560311,12000000.0,0.06461036846517812,proportional columns are analyst-derived; stage1_cap uses end-of-round wealth (approx)
20260731_013853,results/To_Use/simulation_llama3.1_8b_Full_scnldf_sh1_ldf1_seed1_26agents_30rounds_20260731_013853.json,26,11,developing,SFI,30830.0,2947652.3428571424,0.1,2947652.0,0.010459171033079383,308300.0,0.01045917224964141,proportional columns are analyst-derived; stage1_cap uses end-of-round wealth (approx)
20260731_013853,results/To_Use/simulation_llama3.1_8b_Full_scnldf_sh1_ldf1_seed1_26agents_30rounds_20260731_013853.json,26,12,developing,SFI,213382.0,284730.3428571429,0.1,284730.0,0.7494178451752143,2133820.0,0.7494187475854318,proportional columns are analyst-derived; stage1_cap uses end-of-round wealth (approx)
20260731_013853,results/To_Use/simulation_llama3.1_8b_Full_scnldf_sh1_ldf1_seed1_26agents_30rounds_20260731_013853.json,26,13,developed,SI,10626200.0,269290774.20000005,1.0,269290774.0,0.03945994819751236,10626200.0,0.03945994822681894,proportional columns are analyst-derived; stage1_cap uses end-of-round wealth (approx)
20260731_013853,results/To_Use/simulation_llama3.1_8b_Full_scnldf_sh1_ldf1_seed1_26agents_30rounds_20260731_013853.json,26,14,developed,SI,10000000.0,242719430.20000002,1.0,242719430.0,0.041199833040807786,10000000.0,0.04119983307475632,proportional columns are analyst-derived; stage1_cap uses end-of-round wealth (approx)
20260731_013853,results/To_Use/simulation_llama3.1_8b_Full_scnldf_sh1_ldf1_seed1_26agents_30rounds_20260731_013853.json,26,15,developing,SFI,113879.0,688060.3428571431,0.1,688060.0,0.1655072860719192,1138790.0,0.16550736854344097,proportional columns are analyst-derived; stage1_cap uses end-of-round wealth (approx)
20260731_013853,results/To_Use/simulation_llama3.1_8b_Full_scnldf_sh1_ldf1_seed1_26agents_30rounds_20260731_013853.json,26,16,developed,SI,10000000.0,276647228.20000005,1.0,276647228.0,0.03614711799234285,10000000.0,0.03614711801847514,proportional columns are analyst-derived; stage1_cap uses end-of-round wealth (approx)
20260731_013853,results/To_Use/simulation_llama3.1_8b_Full_scnldf_sh1_ldf1_seed1_26agents_30rounds_20260731_013853.json,26,17,developing,SFI,30830.0,2917562.3428571424,0.1,2917562.0,0.010567040692542138,308300.0,0.01056704193432736,proportional columns are analyst-derived; stage1_cap uses end-of-round wealth (approx)
20260731_013853,results/To_Use/simulation_llama3.1_8b_Full_scnldf_sh1_ldf1_seed1_26agents_30rounds_20260731_013853.json,26,18,developing,SFI,0.0,385862.34285714314,0.1,385862.0,0.0,0.0,0.0,proportional columns are analyst-derived; stage1_cap uses end-of-round wealth (approx)
20260731_013853,results/To_Use/simulation_llama3.1_8b_Full_scnldf_sh1_ldf1_seed1_26agents_30rounds_20260731_013853.json,26,19,developing,SFI,1069.0,3417757.3428571424,0.1,3417757.0,0.00031277820300324425,10690.0,0.00031277823438003344,proportional columns are analyst-derived; stage1_cap uses end-of-round wealth (approx)
20260731_013853,results/To_Use/simulation_llama3.1_8b_Full_scnldf_sh1_ldf1_seed1_26agents_30rounds_20260731_013853.json,26,20,developing,SFI,104096.0,330780.3428571429,0.1,330780.0,0.31469826502041226,1040960.0,0.31469859120865834,proportional columns are analyst-derived; stage1_cap uses end-of-round wealth (approx)
20260731_013853,results/To_Use/simulation_llama3.1_8b_Full_scnldf_sh1_ldf1_seed1_26agents_30rounds_20260731_013853.json,26,21,developed,SI,30000000.0,82187272.20000005,1.0,82187272.0,0.36502002313686693,30000000.0,0.3650200240251313,proportional columns are analyst-derived; stage1_cap uses end-of-round wealth (approx)
20260731_013853,results/To_Use/simulation_llama3.1_8b_Full_scnldf_sh1_ldf1_seed1_26agents_30rounds_20260731_013853.json,26,22,developed,SI,20000000.0,96850433.20000005,1.0,96850433.0,0.206503980820604,20000000.0,0.20650398124704306,proportional columns are analyst-derived; stage1_cap uses end-of-round wealth (approx)
20260731_013853,results/To_Use/simulation_llama3.1_8b_Full_scnldf_sh1_ldf1_seed1_26agents_30rounds_20260731_013853.json,26,23,developed,SI,150000000.0,41192413.20000002,1.0,41192413.0,3.6414472556320137,150000000.0,3.6414472733121994,proportional columns are analyst-derived; stage1_cap uses end-of-round wealth (approx)
20260731_013853,results/To_Use/simulation_llama3.1_8b_Full_scnldf_sh1_ldf1_seed1_26agents_30rounds_20260731_013853.json,26,24,developing,SFI,128246.0,3230600.3428571434,0.1,3230600.0,0.03969726564400077,1282460.0,0.03969726985699251,proportional columns are analyst-derived; stage1_cap uses end-of-round wealth (approx)
20260731_013853,results/To_Use/simulation_llama3.1_8b_Full_scnldf_sh1_ldf1_seed1_26agents_30rounds_20260731_013853.json,26,25,developed,SI,15000000.0,67962996.20000005,1.0,67962996.0,0.22070833892988356,15000000.0,0.22070833957937935,proportional columns are analyst-derived; stage1_cap uses end-of-round wealth (approx)
20260731_013853,results/To_Use/simulation_llama3.1_8b_Full_scnldf_sh1_ldf1_seed1_26agents_30rounds_20260731_013853.json,27,0,developing,SFI,0.0,1907606.8,0.1,1907606.0,0.0,0.0,0.0,proportional columns are analyst-derived; stage1_cap uses end-of-round wealth (approx)
20260731_013853,results/To_Use/simulation_llama3.1_8b_Full_scnldf_sh1_ldf1_seed1_26agents_30rounds_20260731_013853.json,27,1,developing,SFI,1069.0,3421577.8,0.1,3421577.0,0.00031242896186665697,10690.0,0.0003124290349157713,proportional columns are analyst-derived; stage1_cap uses end-of-round wealth (approx)
20260731_013853,results/To_Use/simulation_llama3.1_8b_Full_scnldf_sh1_ldf1_seed1_26agents_30rounds_20260731_013853.json,27,2,developed,SI,10626200.0,306962958.53333336,1.0,306962958.0,0.03461720609799925,10626200.0,0.03461720615814498,proportional columns are analyst-derived; stage1_cap uses end-of-round wealth (approx)
20260731_013853,results/To_Use/simulation_llama3.1_8b_Full_scnldf_sh1_ldf1_seed1_26agents_30rounds_20260731_013853.json,27,3,developed,SI,166000000.0,50651687.53333339,1.0,50651687.0,3.2772846885063207,166000000.0,3.2772847230142603,proportional columns are analyst-derived; stage1_cap uses end-of-round wealth (approx)
20260731_013853,results/To_Use/simulation_llama3.1_8b_Full_scnldf_sh1_ldf1_seed1_26agents_30rounds_20260731_013853.json,27,4,developing,SFI,100000.0,453474.80000000016,0.1,453474.0,0.22051942026326482,1000000.0,0.22051980929446893,proportional columns are analyst-derived; stage1_cap uses end-of-round wealth (approx)
20260731_013853,results/To_Use/simulation_llama3.1_8b_Full_scnldf_sh1_ldf1_seed1_26agents_30rounds_20260731_013853.json,27,5,developed,SI,15000000.0,257560991.53333336,1.0,257560991.0,0.0582386327630623,15000000.0,0.05823863288365745,proportional columns are analyst-derived; stage1_cap uses end-of-round wealth (approx)
20260731_013853,results/To_Use/simulation_llama3.1_8b_Full_scnldf_sh1_ldf1_seed1_26agents_30rounds_20260731_013853.json,27,6,developed,SI,30000000.0,181227884.53333336,1.0,181227884.0,0.16553743965643478,30000000.0,0.16553744014359292,proportional columns are analyst-derived; stage1_cap uses end-of-round wealth (approx)
20260731_013853,results/To_Use/simulation_llama3.1_8b_Full_scnldf_sh1_ldf1_seed1_26agents_30rounds_20260731_013853.json,27,7,developing,SFI,1069.0,346606.8000000003,0.1,346606.0,0.0030841864614312214,10690.0,0.0030841935800303513,proportional columns are analyst-derived; stage1_cap uses end-of-round wealth (approx)
20260731_013853,results/To_Use/simulation_llama3.1_8b_Full_scnldf_sh1_ldf1_seed1_26agents_30rounds_20260731_013853.json,27,8,developing,SFI,30830.0,2500499.8000000007,0.1,2500499.0,0.012329535079346933,308300.0,0.012329539024010808,proportional columns are analyst-derived; stage1_cap uses end-of-round wealth (approx)
20260731_013853,results/To_Use/simulation_llama3.1_8b_Full_scnldf_sh1_ldf1_seed1_26agents_30rounds_20260731_013853.json,27,9,developing,SFI,128246.0,776241.8000000003,0.1,776241.0,0.1652139835808893,1282460.0,0.16521415385170327,proportional columns are analyst-derived; stage1_cap uses end-of-round wealth (approx)
20260731_013853,results/To_Use/simulation_llama3.1_8b_Full_scnldf_sh1_ldf1_seed1_26agents_30rounds_20260731_013853.json,27,10,developed,SI,10626200.0,221221279.53333336,1.0,221221279.0,0.04803425792679613,10626200.0,0.04803425804259996,proportional columns are analyst-derived; stage1_cap uses end-of-round wealth (approx)
20260731_013853,results/To_Use/simulation_llama3.1_8b_Full_scnldf_sh1_ldf1_seed1_26agents_30rounds_20260731_013853.json,27,11,developing,SFI,30830.0,3051642.8,0.1,3051642.0,0.010102755145523586,308300.0,0.010102757794000739,proportional columns are analyst-derived; stage1_cap uses end-of-round wealth (approx)
20260731_013853,results/To_Use/simulation_llama3.1_8b_Full_scnldf_sh1_ldf1_seed1_26agents_30rounds_20260731_013853.json,27,12,developing,SFI,213382.0,206168.80000000008,0.1,206168.0,1.034986865131872,2133820.0,1.0349908812230801,proportional columns are analyst-derived; stage1_cap uses end-of-round wealth (approx)
20260731_013853,results/To_Use/simulation_llama3.1_8b_Full_scnldf_sh1_ldf1_seed1_26agents_30rounds_20260731_013853.json,27,13,developed,SI,10626200.0,307779596.53333336,1.0,307779596.0,0.03452535554561738,10626200.0,0.034525355605444355,proportional columns are analyst-derived; stage1_cap uses end-of-round wealth (approx)
20260731_013853,results/To_Use/simulation_llama3.1_8b_Full_scnldf_sh1_ldf1_seed1_26agents_30rounds_20260731_013853.json,27,14,developed,SI,10000000.0,280332053.53333336,1.0,280332053.0,0.03567198211534855,10000000.0,0.035671982183214705,proportional columns are analyst-derived; stage1_cap uses end-of-round wealth (approx)
20260731_013853,results/To_Use/simulation_llama3.1_8b_Full_scnldf_sh1_ldf1_seed1_26agents_30rounds_20260731_013853.json,27,15,developing,SFI,0.0,822880.8000000003,0.1,822880.0,0.0,0.0,0.0,proportional columns are analyst-derived; stage1_cap uses end-of-round wealth (approx)
20260731_013853,results/To_Use/simulation_llama3.1_8b_Full_scnldf_sh1_ldf1_seed1_26agents_30rounds_20260731_013853.json,27,16,developed,SI,10626200.0,315154911.53333336,1.0,315154911.0,0.03371738662837272,10626200.0,0.033717386685432296,proportional columns are analyst-derived; stage1_cap uses end-of-round wealth (approx)
20260731_013853,results/To_Use/simulation_llama3.1_8b_Full_scnldf_sh1_ldf1_seed1_26agents_30rounds_20260731_013853.json,27,17,developing,SFI,30830.0,3021552.8,0.1,3021552.0,0.010203362986077888,308300.0,0.010203365687567184,proportional columns are analyst-derived; stage1_cap uses end-of-round wealth (approx)
20260731_013853,results/To_Use/simulation_llama3.1_8b_Full_scnldf_sh1_ldf1_seed1_26agents_30rounds_20260731_013853.json,27,18,developing,SFI,385862.0,134820.8000000003,0.1,134820.0,2.862036124989609,3858620.0,2.8620531078475,proportional columns are analyst-derived; stage1_cap uses end-of-round wealth (approx)
20260731_013853,results/To_Use/simulation_llama3.1_8b_Full_scnldf_sh1_ldf1_seed1_26agents_30rounds_20260731_013853.json,27,19,developing,SFI,1069.0,3551508.8,0.1,3551508.0,0.00030099883182043645,10690.0,0.0003009988996223576,proportional columns are analyst-derived; stage1_cap uses end-of-round wealth (approx)
20260731_013853,results/To_Use/simulation_llama3.1_8b_Full_scnldf_sh1_ldf1_seed1_26agents_30rounds_20260731_013853.json,27,20,developing,SFI,128246.0,337354.80000000005,0.1,337354.0,0.3801516978563814,1282460.0,0.38015259934668033,proportional columns are analyst-derived; stage1_cap uses end-of-round wealth (approx)
20260731_013853,results/To_Use/simulation_llama3.1_8b_Full_scnldf_sh1_ldf1_seed1_26agents_30rounds_20260731_013853.json,27,21,developed,SI,30000000.0,101323869.53333339,1.0,101323869.0,0.2960802833347244,30000000.0,0.2960802848931874,proportional columns are analyst-derived; stage1_cap uses end-of-round wealth (approx)
20260731_013853,results/To_Use/simulation_llama3.1_8b_Full_scnldf_sh1_ldf1_seed1_26agents_30rounds_20260731_013853.json,27,22,developed,SI,30000000.0,115985881.53333339,1.0,115985881.0,0.25865217044867866,30000000.0,0.25865217163802895,proportional columns are analyst-derived; stage1_cap uses end-of-round wealth (approx)
20260731_013853,results/To_Use/simulation_llama3.1_8b_Full_scnldf_sh1_ldf1_seed1_26agents_30rounds_20260731_013853.json,27,23,developed,SI,30000000.0,60626507.53333335,1.0,60626507.0,0.4948330560441001,30000000.0,0.49483306039716257,proportional columns are analyst-derived; stage1_cap uses end-of-round wealth (approx)
20260731_013853,results/To_Use/simulation_llama3.1_8b_Full_scnldf_sh1_ldf1_seed1_26agents_30rounds_20260731_013853.json,27,24,developing,SFI,128246.0,3237174.8000000007,0.1,3237174.0,0.03961664350037569,1282460.0,0.03961665329080241,proportional columns are analyst-derived; stage1_cap uses end-of-round wealth (approx)
20260731_013853,results/To_Use/simulation_llama3.1_8b_Full_scnldf_sh1_ldf1_seed1_26agents_30rounds_20260731_013853.json,27,25,developed,SI,15000000.0,102096951.53333339,1.0,102096951.0,0.1469191760843387,15000000.0,0.1469191768518141,proportional columns are analyst-derived; stage1_cap uses end-of-round wealth (approx)
20260731_013853,results/To_Use/simulation_llama3.1_8b_Full_scnldf_sh1_ldf1_seed1_26agents_30rounds_20260731_013853.json,28,0,developing,SFI,100000.0,2006917.2,0.1,2006917.0,0.04982766603425393,1000000.0,0.04982767099984703,proportional columns are analyst-derived; stage1_cap uses end-of-round wealth (approx)
20260731_013853,results/To_Use/simulation_llama3.1_8b_Full_scnldf_sh1_ldf1_seed1_26agents_30rounds_20260731_013853.json,28,1,developing,SFI,1069.0,3619819.1999999997,0.1,3619819.0,0.00029531861701822013,10690.0,0.00029531863333498166,proportional columns are analyst-derived; stage1_cap uses end-of-round wealth (approx)
20260731_013853,results/To_Use/simulation_llama3.1_8b_Full_scnldf_sh1_ldf1_seed1_26agents_30rounds_20260731_013853.json,28,2,developed,SI,10626200.0,327343313.2666667,1.0,327343313.0,0.0324619430711984,10626200.0,0.03246194309764318,proportional columns are analyst-derived; stage1_cap uses end-of-round wealth (approx)
20260731_013853,results/To_Use/simulation_llama3.1_8b_Full_scnldf_sh1_ldf1_seed1_26agents_30rounds_20260731_013853.json,28,3,developed,SI,27500000.0,54192361.266666725,1.0,54192361.0,0.5074515920182836,27500000.0,0.507451594515323,proportional columns are analyst-derived; stage1_cap uses end-of-round wealth (approx)
20260731_013853,results/To_Use/simulation_llama3.1_8b_Full_scnldf_sh1_ldf1_seed1_26agents_30rounds_20260731_013853.json,28,4,developing,SFI,100000.0,552785.2000000002,0.1,552785.0,0.1809020936161098,1000000.0,0.18090215906726848,proportional columns are analyst-derived; stage1_cap uses end-of-round wealth (approx)
20260731_013853,results/To_Use/simulation_llama3.1_8b_Full_scnldf_sh1_ldf1_seed1_26agents_30rounds_20260731_013853.json,28,5,developed,SI,10000000.0,278556043.2666667,1.0,278556043.0,0.03589941859716474,10000000.0,0.0358994186315319,proportional columns are analyst-derived; stage1_cap uses end-of-round wealth (approx)
20260731_013853,results/To_Use/simulation_llama3.1_8b_Full_scnldf_sh1_ldf1_seed1_26agents_30rounds_20260731_013853.json,28,6,developed,SI,10626200.0,201617032.2666667,1.0,201617032.0,0.052704872601960356,10626200.0,0.05270487267166992,proportional columns are analyst-derived; stage1_cap uses end-of-round wealth (approx)
20260731_013853,results/To_Use/simulation_llama3.1_8b_Full_scnldf_sh1_ldf1_seed1_26agents_30rounds_20260731_013853.json,28,7,developing,SFI,0.0,545917.2000000003,0.1,545917.0,0.0,0.0,0.0,proportional columns are analyst-derived; stage1_cap uses end-of-round wealth (approx)
20260731_013853,results/To_Use/simulation_llama3.1_8b_Full_scnldf_sh1_ldf1_seed1_26agents_30rounds_20260731_013853.json,28,8,developing,SFI,30830.0,2668980.2000000007,0.1,2668980.0,0.011551228442983575,308300.0,0.011551229308574811,proportional columns are analyst-derived; stage1_cap uses end-of-round wealth (approx)
20260731_013853,results/To_Use/simulation_llama3.1_8b_Full_scnldf_sh1_ldf1_seed1_26agents_30rounds_20260731_013853.json,28,9,developing,SFI,128246.0,847306.2000000003,0.1,847306.0,0.1513573251322839,1282460.0,0.1513573608590049,proportional columns are analyst-derived; stage1_cap uses end-of-round wealth (approx)
20260731_013853,results/To_Use/simulation_llama3.1_8b_Full_scnldf_sh1_ldf1_seed1_26agents_30rounds_20260731_013853.json,28,10,developed,SI,10626200.0,241632104.2666667,1.0,241632104.0,0.04397677217706493,10626200.0,0.04397677222559797,proportional columns are analyst-derived; stage1_cap uses end-of-round wealth (approx)
20260731_013853,results/To_Use/simulation_llama3.1_8b_Full_scnldf_sh1_ldf1_seed1_26agents_30rounds_20260731_013853.json,28,11,developing,SFI,30830.0,3220123.1999999997,0.1,3220123.0,0.009574167845503552,308300.0,0.009574168440149647,proportional columns are analyst-derived; stage1_cap uses end-of-round wealth (approx)
20260731_013853,results/To_Use/simulation_llama3.1_8b_Full_scnldf_sh1_ldf1_seed1_26agents_30rounds_20260731_013853.json,28,12,developing,SFI,106900.0,298579.20000000007,0.1,298579.0,0.3580289584806978,1069000.0,0.35802919830262675,proportional columns are analyst-derived; stage1_cap uses end-of-round wealth (approx)
20260731_013853,results/To_Use/simulation_llama3.1_8b_Full_scnldf_sh1_ldf1_seed1_26agents_30rounds_20260731_013853.json,28,13,developed,SI,12000000.0,326816598.2666667,1.0,326816598.0,0.03671784133255244,12000000.0,0.03671784136251244,proportional columns are analyst-derived; stage1_cap uses end-of-round wealth (approx)
20260731_013853,results/To_Use/simulation_llama3.1_8b_Full_scnldf_sh1_ldf1_seed1_26agents_30rounds_20260731_013853.json,28,14,developed,SI,10000000.0,301341470.2666667,1.0,301341470.0,0.03318494461167486,10000000.0,0.03318494464104128,proportional columns are analyst-derived; stage1_cap uses end-of-round wealth (approx)
20260731_013853,results/To_Use/simulation_llama3.1_8b_Full_scnldf_sh1_ldf1_seed1_26agents_30rounds_20260731_013853.json,28,15,developing,SFI,822880.0,199311.2000000003,0.1,199311.0,4.1286189637110144,8228800.0,4.1286231066022445,proportional columns are analyst-derived; stage1_cap uses end-of-round wealth (approx)
20260731_013853,results/To_Use/simulation_llama3.1_8b_Full_scnldf_sh1_ldf1_seed1_26agents_30rounds_20260731_013853.json,28,16,developed,SI,10626200.0,335565744.2666667,1.0,335565744.0,0.031666521930664035,10626200.0,0.031666521955828725,proportional columns are analyst-derived; stage1_cap uses end-of-round wealth (approx)
20260731_013853,results/To_Use/simulation_llama3.1_8b_Full_scnldf_sh1_ldf1_seed1_26agents_30rounds_20260731_013853.json,28,17,developing,SFI,30830.0,3190033.1999999997,0.1,3190033.0,0.009664476219244366,308300.0,0.00966447682516137,proportional columns are analyst-derived; stage1_cap uses end-of-round wealth (approx)
20260731_013853,results/To_Use/simulation_llama3.1_8b_Full_scnldf_sh1_ldf1_seed1_26agents_30rounds_20260731_013853.json,28,18,developing,SFI,134820.0,199311.2000000003,0.1,199311.0,0.6764296236237592,1348200.0,0.6764303023917395,proportional columns are analyst-derived; stage1_cap uses end-of-round wealth (approx)
20260731_013853,results/To_Use/simulation_llama3.1_8b_Full_scnldf_sh1_ldf1_seed1_26agents_30rounds_20260731_013853.json,28,19,developing,SFI,1069.0,3749750.1999999997,0.1,3749750.0,0.0002850856571725765,10690.0,0.00028508567237815855,proportional columns are analyst-derived; stage1_cap uses end-of-round wealth (approx)
20260731_013853,results/To_Use/simulation_llama3.1_8b_Full_scnldf_sh1_ldf1_seed1_26agents_30rounds_20260731_013853.json,28,20,developing,SFI,128246.0,408419.20000000007,0.1,408419.0,0.3140058057995314,1282460.0,0.3140059595660339,proportional columns are analyst-derived; stage1_cap uses end-of-round wealth (approx)
20260731_013853,results/To_Use/simulation_llama3.1_8b_Full_scnldf_sh1_ldf1_seed1_26agents_30rounds_20260731_013853.json,28,21,developed,SI,30000000.0,102365415.26666673,1.0,102365415.0,0.29306773114580337,30000000.0,0.2930677319092586,proportional columns are analyst-derived; stage1_cap uses end-of-round wealth (approx)
20260731_013853,results/To_Use/simulation_llama3.1_8b_Full_scnldf_sh1_ldf1_seed1_26agents_30rounds_20260731_013853.json,28,22,developed,SI,30773163.0,116248872.26666673,1.0,116248872.0,0.26471794865595366,30773163.0,0.264717949263198,proportional columns are analyst-derived; stage1_cap uses end-of-round wealth (approx)
20260731_013853,results/To_Use/simulation_llama3.1_8b_Full_scnldf_sh1_ldf1_seed1_26agents_30rounds_20260731_013853.json,28,23,developed,SI,20000000.0,71666660.26666668,1.0,71666660.0,0.27906979236344187,20000000.0,0.27906979340184124,proportional columns are analyst-derived; stage1_cap uses end-of-round wealth (approx)
20260731_013853,results/To_Use/simulation_llama3.1_8b_Full_scnldf_sh1_ldf1_seed1_26agents_30rounds_20260731_013853.json,28,24,developing,SFI,128246.0,3308239.2000000007,0.1,3308239.0,0.03876563701923367,1282460.0,0.03876563936281508,proportional columns are analyst-derived; stage1_cap uses end-of-round wealth (approx)
20260731_013853,results/To_Use/simulation_llama3.1_8b_Full_scnldf_sh1_ldf1_seed1_26agents_30rounds_20260731_013853.json,28,25,developed,SI,50000000.0,83133166.26666673,1.0,83133166.0,0.6014446729914595,50000000.0,0.601444674920717,proportional columns are analyst-derived; stage1_cap uses end-of-round wealth (approx)
20260731_013853,results/To_Use/simulation_llama3.1_8b_Full_scnldf_sh1_ldf1_seed1_26agents_30rounds_20260731_013853.json,29,0,developing,SFI,100000.0,2008945.5428571429,0.1,2008945.0,0.049777357258663654,1000000.0,0.04977737070950175,proportional columns are analyst-derived; stage1_cap uses end-of-round wealth (approx)
20260731_013853,results/To_Use/simulation_llama3.1_8b_Full_scnldf_sh1_ldf1_seed1_26agents_30rounds_20260731_013853.json,29,1,developing,SFI,1069.0,3720778.5428571426,0.1,3720778.0,0.0002873054624689185,10690.0,0.0002873055043864482,proportional columns are analyst-derived; stage1_cap uses end-of-round wealth (approx)
20260731_013853,results/To_Use/simulation_llama3.1_8b_Full_scnldf_sh1_ldf1_seed1_26agents_30rounds_20260731_013853.json,29,2,developed,SI,10626200.0,334726643.6666667,1.0,334726643.0,0.03174590431044971,10626200.0,0.03174590437367724,proportional columns are analyst-derived; stage1_cap uses end-of-round wealth (approx)
20260731_013853,results/To_Use/simulation_llama3.1_8b_Full_scnldf_sh1_ldf1_seed1_26agents_30rounds_20260731_013853.json,29,3,developed,SI,1000000.0,71164766.66666673,1.0,71164766.0,0.014051897404286659,1000000.0,0.014051897535923888,proportional columns are analyst-derived; stage1_cap uses end-of-round wealth (approx)
20260731_013853,results/To_Use/simulation_llama3.1_8b_Full_scnldf_sh1_ldf1_seed1_26agents_30rounds_20260731_013853.json,29,4,developing,SFI,0.0,654813.5428571431,0.1,654813.0,0.0,0.0,0.0,proportional columns are analyst-derived; stage1_cap uses end-of-round wealth (approx)
20260731_013853,results/To_Use/simulation_llama3.1_8b_Full_scnldf_sh1_ldf1_seed1_26agents_30rounds_20260731_013853.json,29,5,developed,SI,12000000.0,284574590.6666667,1.0,284574590.0,0.04216820613494642,12000000.0,0.042168206233732956,proportional columns are analyst-derived; stage1_cap uses end-of-round wealth (approx)
20260731_013853,results/To_Use/simulation_llama3.1_8b_Full_scnldf_sh1_ldf1_seed1_26agents_30rounds_20260731_013853.json,29,6,developed,SI,20000000.0,199642392.66666672,1.0,199642392.0,0.1001791239468515,20000000.0,0.10017912428138008,proportional columns are analyst-derived; stage1_cap uses end-of-round wealth (approx)
20260731_013853,results/To_Use/simulation_llama3.1_8b_Full_scnldf_sh1_ldf1_seed1_26agents_30rounds_20260731_013853.json,29,7,developing,SFI,0.0,647945.5428571432,0.1,647945.0,0.0,0.0,0.0,proportional columns are analyst-derived; stage1_cap uses end-of-round wealth (approx)
20260731_013853,results/To_Use/simulation_llama3.1_8b_Full_scnldf_sh1_ldf1_seed1_26agents_30rounds_20260731_013853.json,29,8,developing,SFI,30830.0,2740178.5428571436,0.1,2740178.0,0.011251091678082413,308300.0,0.011251093907038157,proportional columns are analyst-derived; stage1_cap uses end-of-round wealth (approx)
20260731_013853,results/To_Use/simulation_llama3.1_8b_Full_scnldf_sh1_ldf1_seed1_26agents_30rounds_20260731_013853.json,29,9,developing,SFI,128246.0,821088.5428571432,0.1,821088.0,0.1561902198193415,1282460.0,0.15619032308351846,proportional columns are analyst-derived; stage1_cap uses end-of-round wealth (approx)
20260731_013853,results/To_Use/simulation_llama3.1_8b_Full_scnldf_sh1_ldf1_seed1_26agents_30rounds_20260731_013853.json,29,10,developed,SI,12000000.0,247653326.66666672,1.0,247653326.0,0.048454830635695875,12000000.0,0.04845483076613314,proportional columns are analyst-derived; stage1_cap uses end-of-round wealth (approx)
20260731_013853,results/To_Use/simulation_llama3.1_8b_Full_scnldf_sh1_ldf1_seed1_26agents_30rounds_20260731_013853.json,29,11,developing,SFI,30830.0,3291321.5428571426,0.1,3291321.0,0.009367058064231847,308300.0,0.009367059609196428,proportional columns are analyst-derived; stage1_cap uses end-of-round wealth (approx)
20260731_013853,results/To_Use/simulation_llama3.1_8b_Full_scnldf_sh1_ldf1_seed1_26agents_30rounds_20260731_013853.json,29,12,developing,SFI,213382.0,187225.54285714292,0.1,187225.0,1.139705601830275,2133820.0,1.1397089063960475,proportional columns are analyst-derived; stage1_cap uses end-of-round wealth (approx)
20260731_013853,results/To_Use/simulation_llama3.1_8b_Full_scnldf_sh1_ldf1_seed1_26agents_30rounds_20260731_013853.json,29,13,developed,SI,10626200.0,334184032.6666667,1.0,334184032.0,0.031797449791980785,10626200.0,0.0317974498554138,proportional columns are analyst-derived; stage1_cap uses end-of-round wealth (approx)
20260731_013853,results/To_Use/simulation_llama3.1_8b_Full_scnldf_sh1_ldf1_seed1_26agents_30rounds_20260731_013853.json,29,14,developed,SI,20000000.0,299363809.6666667,1.0,299363809.0,0.0668083427394562,20000000.0,0.0668083428882347,proportional columns are analyst-derived; stage1_cap uses end-of-round wealth (approx)
20260731_013853,results/To_Use/simulation_llama3.1_8b_Full_scnldf_sh1_ldf1_seed1_26agents_30rounds_20260731_013853.json,29,15,developing,SFI,0.0,301339.54285714315,0.1,301339.0,0.0,0.0,0.0,proportional columns are analyst-derived; stage1_cap uses end-of-round wealth (approx)
20260731_013853,results/To_Use/simulation_llama3.1_8b_Full_scnldf_sh1_ldf1_seed1_26agents_30rounds_20260731_013853.json,29,16,developed,SI,10626200.0,342950576.6666667,1.0,342950576.0,0.030984639545680696,10626200.0,0.030984639605912193,proportional columns are analyst-derived; stage1_cap uses end-of-round wealth (approx)
20260731_013853,results/To_Use/simulation_llama3.1_8b_Full_scnldf_sh1_ldf1_seed1_26agents_30rounds_20260731_013853.json,29,17,developing,SFI,30830.0,3261231.5428571426,0.1,3261231.0,0.009453483935393943,308300.0,0.009453485508999515,proportional columns are analyst-derived; stage1_cap uses end-of-round wealth (approx)
20260731_013853,results/To_Use/simulation_llama3.1_8b_Full_scnldf_sh1_ldf1_seed1_26agents_30rounds_20260731_013853.json,29,18,developing,SFI,100000.0,201339.54285714315,0.1,201339.0,0.4966734233173123,1000000.0,0.49667476246529485,proportional columns are analyst-derived; stage1_cap uses end-of-round wealth (approx)
20260731_013853,results/To_Use/simulation_llama3.1_8b_Full_scnldf_sh1_ldf1_seed1_26agents_30rounds_20260731_013853.json,29,19,developing,SFI,1069.0,3850709.5428571426,0.1,3850709.0,0.0002776111747984049,10690.0,0.00027761121393488834,proportional columns are analyst-derived; stage1_cap uses end-of-round wealth (approx)
20260731_013853,results/To_Use/simulation_llama3.1_8b_Full_scnldf_sh1_ldf1_seed1_26agents_30rounds_20260731_013853.json,29,20,developing,SFI,128246.0,382201.5428571429,0.1,382201.0,0.33554547959513353,1282460.0,0.335545956185358,proportional columns are analyst-derived; stage1_cap uses end-of-round wealth (approx)
20260731_013853,results/To_Use/simulation_llama3.1_8b_Full_scnldf_sh1_ldf1_seed1_26agents_30rounds_20260731_013853.json,29,21,developed,SI,10000000.0,110372384.66666673,1.0,110372384.0,0.09060237332192092,10000000.0,0.09060237386917365,proportional columns are analyst-derived; stage1_cap uses end-of-round wealth (approx)
20260731_013853,results/To_Use/simulation_llama3.1_8b_Full_scnldf_sh1_ldf1_seed1_26agents_30rounds_20260731_013853.json,29,22,developed,SI,10626200.0,123638797.66666673,1.0,123638797.0,0.08594551387217869,10626200.0,0.08594551433560131,proportional columns are analyst-derived; stage1_cap uses end-of-round wealth (approx)
20260731_013853,results/To_Use/simulation_llama3.1_8b_Full_scnldf_sh1_ldf1_seed1_26agents_30rounds_20260731_013853.json,29,23,developed,SI,1000000.0,88634357.66666669,1.0,88634357.0,0.011282306617043119,1000000.0,0.011282306701903416,proportional columns are analyst-derived; stage1_cap uses end-of-round wealth (approx)
20260731_013853,results/To_Use/simulation_llama3.1_8b_Full_scnldf_sh1_ldf1_seed1_26agents_30rounds_20260731_013853.json,29,24,developing,SFI,128246.0,3282021.5428571436,0.1,3282021.0,0.03907530719263842,1282460.0,0.03907531365582365,proportional columns are analyst-derived; stage1_cap uses end-of-round wealth (approx)
20260731_013853,results/To_Use/simulation_llama3.1_8b_Full_scnldf_sh1_ldf1_seed1_26agents_30rounds_20260731_013853.json,29,25,developed,SI,16616178.0,84533446.66666673,1.0,84533446.0,0.1965633563425032,16616178.0,0.19656335789268545,proportional columns are analyst-derived; stage1_cap uses end-of-round wealth (approx)
20260731_013853,results/To_Use/simulation_llama3.1_8b_Full_scnldf_sh1_ldf1_seed1_26agents_30rounds_20260731_013853.json,30,0,developing,SFI,100000.0,2090116.7428571428,0.1,2090116.0,0.04784421747815973,1000000.0,0.04784423448267943,proportional columns are analyst-derived; stage1_cap uses end-of-round wealth (approx)
20260731_013853,results/To_Use/simulation_llama3.1_8b_Full_scnldf_sh1_ldf1_seed1_26agents_30rounds_20260731_013853.json,30,1,developing,SFI,1069.0,3900880.742857143,0.1,3900880.0,0.0002740406770848951,10690.0,0.0002740407292713439,proportional columns are analyst-derived; stage1_cap uses end-of-round wealth (approx)
20260731_013853,results/To_Use/simulation_llama3.1_8b_Full_scnldf_sh1_ldf1_seed1_26agents_30rounds_20260731_013853.json,30,2,developed,SI,10626200.0,341284923.8,1.0,341284923.0,0.031135861149926364,10626200.0,0.03113586122291139,proportional columns are analyst-derived; stage1_cap uses end-of-round wealth (approx)
20260731_013853,results/To_Use/simulation_llama3.1_8b_Full_scnldf_sh1_ldf1_seed1_26agents_30rounds_20260731_013853.json,30,3,developed,SI,10626200.0,77722571.80000007,1.0,77722571.0,0.13671961379950104,10626200.0,0.13671961520675893,proportional columns are analyst-derived; stage1_cap uses end-of-round wealth (approx)
20260731_013853,results/To_Use/simulation_llama3.1_8b_Full_scnldf_sh1_ldf1_seed1_26agents_30rounds_20260731_013853.json,30,4,developing,SFI,654813.0,181171.7428571431,0.1,181171.0,3.6143219117582306,6548130.0,3.6143367315961163,proportional columns are analyst-derived; stage1_cap uses end-of-round wealth (approx)
20260731_013853,results/To_Use/simulation_llama3.1_8b_Full_scnldf_sh1_ldf1_seed1_26agents_30rounds_20260731_013853.json,30,5,developed,SI,16616178.0,285142985.8,1.0,285142985.0,0.05827314304569507,16616178.0,0.058273143209186785,proportional columns are analyst-derived; stage1_cap uses end-of-round wealth (approx)
20260731_013853,results/To_Use/simulation_llama3.1_8b_Full_scnldf_sh1_ldf1_seed1_26agents_30rounds_20260731_013853.json,30,6,developed,SI,10626200.0,206200698.80000004,1.0,206200698.0,0.05153328801424992,10626200.0,0.05153328821418442,proportional columns are analyst-derived; stage1_cap uses end-of-round wealth (approx)
20260731_013853,results/To_Use/simulation_llama3.1_8b_Full_scnldf_sh1_ldf1_seed1_26agents_30rounds_20260731_013853.json,30,7,developing,SFI,1069.0,828047.7428571433,0.1,828047.0,0.0012909883629553306,10690.0,0.0012909895211262162,proportional columns are analyst-derived; stage1_cap uses end-of-round wealth (approx)
20260731_013853,results/To_Use/simulation_llama3.1_8b_Full_scnldf_sh1_ldf1_seed1_26agents_30rounds_20260731_013853.json,30,8,developing,SFI,30830.0,2890519.7428571437,0.1,2890519.0,0.010665901894005396,308300.0,0.01066590463511916,proportional columns are analyst-derived; stage1_cap uses end-of-round wealth (approx)
20260731_013853,results/To_Use/simulation_llama3.1_8b_Full_scnldf_sh1_ldf1_seed1_26agents_30rounds_20260731_013853.json,30,9,developing,SFI,128246.0,874013.7428571433,0.1,874013.0,0.14673224654427625,1282460.0,0.14673237125763575,proportional columns are analyst-derived; stage1_cap uses end-of-round wealth (approx)
20260731_013853,results/To_Use/simulation_llama3.1_8b_Full_scnldf_sh1_ldf1_seed1_26agents_30rounds_20260731_013853.json,30,10,developed,SI,10626200.0,254211627.80000004,1.0,254211627.0,0.04180060562910253,10626200.0,0.04180060576064839,proportional columns are analyst-derived; stage1_cap uses end-of-round wealth (approx)
20260731_013853,results/To_Use/simulation_llama3.1_8b_Full_scnldf_sh1_ldf1_seed1_26agents_30rounds_20260731_013853.json,30,11,developing,SFI,30830.0,3441662.742857143,0.1,3441662.0,0.00895787946218288,308300.0,0.008957881395674532,proportional columns are analyst-derived; stage1_cap uses end-of-round wealth (approx)
20260731_013853,results/To_Use/simulation_llama3.1_8b_Full_scnldf_sh1_ldf1_seed1_26agents_30rounds_20260731_013853.json,30,12,developing,SFI,50000.0,318396.74285714293,0.1,318396.0,0.1570367823217143,500000.0,0.15703714870789834,proportional columns are analyst-derived; stage1_cap uses end-of-round wealth (approx)
20260731_013853,results/To_Use/simulation_llama3.1_8b_Full_scnldf_sh1_ldf1_seed1_26agents_30rounds_20260731_013853.json,30,13,developed,SI,10626200.0,340742317.8,1.0,340742317.0,0.031185442620124126,10626200.0,0.031185442693341784,proportional columns are analyst-derived; stage1_cap uses end-of-round wealth (approx)
20260731_013853,results/To_Use/simulation_llama3.1_8b_Full_scnldf_sh1_ldf1_seed1_26agents_30rounds_20260731_013853.json,30,14,developed,SI,15000000.0,301548378.8,1.0,301548378.0,0.04974326195913211,15000000.0,0.049743262091099694,proportional columns are analyst-derived; stage1_cap uses end-of-round wealth (approx)
20260731_013853,results/To_Use/simulation_llama3.1_8b_Full_scnldf_sh1_ldf1_seed1_26agents_30rounds_20260731_013853.json,30,15,developing,SFI,300000.0,182510.74285714317,0.1,182510.0,1.6437388577987397,3000000.0,1.6437455481891403,proportional columns are analyst-derived; stage1_cap uses end-of-round wealth (approx)
20260731_013853,results/To_Use/simulation_llama3.1_8b_Full_scnldf_sh1_ldf1_seed1_26agents_30rounds_20260731_013853.json,30,16,developed,SI,10626200.0,349508808.8,1.0,349508808.0,0.030403239439039855,10626200.0,0.03040323950863064,proportional columns are analyst-derived; stage1_cap uses end-of-round wealth (approx)
20260731_013853,results/To_Use/simulation_llama3.1_8b_Full_scnldf_sh1_ldf1_seed1_26agents_30rounds_20260731_013853.json,30,17,developing,SFI,30830.0,3411572.742857143,0.1,3411572.0,0.00903688777105785,308300.0,0.009036889738806626,proportional columns are analyst-derived; stage1_cap uses end-of-round wealth (approx)
20260731_013853,results/To_Use/simulation_llama3.1_8b_Full_scnldf_sh1_ldf1_seed1_26agents_30rounds_20260731_013853.json,30,18,developing,SFI,0.0,382510.74285714317,0.1,382510.0,0.0,0.0,0.0,proportional columns are analyst-derived; stage1_cap uses end-of-round wealth (approx)
20260731_013853,results/To_Use/simulation_llama3.1_8b_Full_scnldf_sh1_ldf1_seed1_26agents_30rounds_20260731_013853.json,30,19,developing,SFI,1069.0,4030811.742857143,0.1,4030811.0,0.00026520712655319034,10690.0,0.0002652071754294607,proportional columns are analyst-derived; stage1_cap uses end-of-round wealth (approx)
20260731_013853,results/To_Use/simulation_llama3.1_8b_Full_scnldf_sh1_ldf1_seed1_26agents_30rounds_20260731_013853.json,30,20,developing,SFI,128246.0,435126.74285714293,0.1,435126.0,0.29473251668676365,1282460.0,0.2947330198609138,proportional columns are analyst-derived; stage1_cap uses end-of-round wealth (approx)
20260731_013853,results/To_Use/simulation_llama3.1_8b_Full_scnldf_sh1_ldf1_seed1_26agents_30rounds_20260731_013853.json,30,21,developed,SI,10000000.0,117556630.80000007,1.0,117556630.0,0.08506538450402744,10000000.0,0.08506538508291706,proportional columns are analyst-derived; stage1_cap uses end-of-round wealth (approx)
20260731_013853,results/To_Use/simulation_llama3.1_8b_Full_scnldf_sh1_ldf1_seed1_26agents_30rounds_20260731_013853.json,30,22,developed,SI,11317707.0,129505787.80000007,1.0,129505787.0,0.08739151502231156,11317707.0,0.08739151556215785,proportional columns are analyst-derived; stage1_cap uses end-of-round wealth (approx)
20260731_013853,results/To_Use/simulation_llama3.1_8b_Full_scnldf_sh1_ldf1_seed1_26agents_30rounds_20260731_013853.json,30,23,developed,SI,12192816.0,93626296.80000003,1.0,93626296.0,0.1302285406635884,12192816.0,0.13022854177634027,proportional columns are analyst-derived; stage1_cap uses end-of-round wealth (approx)
20260731_013853,results/To_Use/simulation_llama3.1_8b_Full_scnldf_sh1_ldf1_seed1_26agents_30rounds_20260731_013853.json,30,24,developing,SFI,128246.0,3334946.7428571437,0.1,3334946.0,0.03845518681060796,1282460.0,0.03845519537647686,proportional columns are analyst-derived; stage1_cap uses end-of-round wealth (approx)
20260731_013853,results/To_Use/simulation_llama3.1_8b_Full_scnldf_sh1_ldf1_seed1_26agents_30rounds_20260731_013853.json,30,25,developed,SI,0.0,101717449.80000007,1.0,101717449.0,0.0,0.0,0.0,proportional columns are analyst-derived; stage1_cap uses end-of-round wealth (approx)
