term,count_SI,count_SFI,log_odds_SI_minus_SFI,z
high contribution peers,127,53,1.028550743592989,6.290181890559394
contributors follow strategy,84,3,3.4837357912652287,5.938604610100779
contribution peers strategy,48,4,2.631825855387305,5.06302433202753
contribute significant amount,51,11,1.6819716955093025,5.061440355499352
contributors mostly following,41,2,3.1640995724535212,4.379836034587742
mostly following strategy,40,2,3.1392635361758305,4.342922265340991
maximize cumulative payoff,50,20,1.063432869297575,4.020230906815089
chosen contribute significant,23,5,1.6698366099025233,3.3870147285451777
cumulative payoff contribution,19,3,1.9880302372588678,3.204709254364617
amount maximize payoff,16,2,2.2197658569982934,2.9663573510732504
follow selfish-institution strategy,17,1,2.968816010600757,2.8988032118453066
reward higher payoffs,16,4,1.5288514921524712,2.737796204962482
follow selfish-institutional strategy,16,4,1.5288514921524712,2.737796204962482
balances self-interest cooperate,14,1,2.774339075774014,2.692801416191292
contribution substantial amount,13,1,2.7001370893957732,2.614033462695171
previous group average,23,10,0.9770429434659906,2.580479813722476
low contributors penalized,13,3,1.6078895291277204,2.5138933389243134
contributors reward higher,13,3,1.6078895291277204,2.5138933389243134
mcpr previous contribution,14,4,1.3951114218385596,2.4633309015836304
high mcpr previous,14,4,1.3951114218385596,2.4633309015836304
maximize payoff considering,11,2,1.8446116879225336,2.404867494271944
peers institution strategy,12,3,1.5277619763148929,2.3701480894750713
maximizing cumulative payoff,12,3,1.5277619763148929,2.3701480894750713
considering past contribution,10,1,2.437556767551464,2.3347568970732895
strategy high contribution,10,1,2.437556767551464,2.3347568970732895
considering high mcpr,13,4,1.3209094354603188,2.312619051887589
following institution strategy,9,1,2.332158415944975,2.2225281426937986
contribution balances self-interest,9,1,2.332158415944975,2.2225281426937986
institution typical strategy,9,1,2.332158415944975,2.2225281426937986
peers follow selfish-institution,9,1,2.332158415944975,2.2225281426937986
reward low contributors,20,10,0.8368988994700111,2.1617637791430395
contributors reward low,20,10,0.8368988994700111,2.1617637791430395
peers follow selfish-institutional,9,2,1.643845126855343,2.107320177247094
contribution top peers,8,1,2.214365297652434,2.0971183624428367
moderate amount maximize,10,3,1.3453092072834112,2.046524315074863
maximize payoff contribution,7,1,2.080863452006553,1.9551320457545822
high contribution top,7,1,2.080863452006553,1.9551320457545822
given high budget,7,1,2.080863452006553,1.9551320457545822
amount maximize cumulative,9,3,1.2399108556769223,1.862446781340732
high contribution reward,13,6,0.9160180161318525,1.8572682878590407
previous contribution peers,6,1,1.9268017360289251,1.7917045466627708
contributors follow selfish-institutional,7,2,1.3925501629169208,1.7404622873612847
institution typical behavior,11,5,0.9309237015633336,1.7274097010366978
high contributors reward,41,32,0.39231125826203517,1.6634033767747036
peers use strategy,8,3,1.1221177373843814,1.6597670396060964
contributors used strategy,5,1,1.744664161227619,1.5995327777536612
institution strategy selfish,5,1,1.744664161227619,1.5995327777536612
high budget low,5,1,1.744664161227619,1.5995327777536612
amount align past,5,1,1.744664161227619,1.5995327777536612
global emissions reduction,5,1,1.744664161227619,1.5995327777536612
contribution internal beliefs,5,1,1.744664161227619,1.5995327777536612
moderate amount high,5,1,1.744664161227619,1.5995327777536612
balancing self-interest cooperate,5,1,1.744664161227619,1.5995327777536612
strategy selfish individualism,5,1,1.744664161227619,1.5995327777536612
payoff considering high,5,1,1.744664161227619,1.5995327777536612
choose contribute significant,5,1,1.744664161227619,1.5995327777536612
contribution previous group,9,4,0.9529307620095206,1.587414841896622
choosing moderate contribution,10,5,0.8355554921026318,1.526779195719961
contribute substantial amount,6,2,1.238488446939293,1.5199875833938283
amount balance individual,6,2,1.238488446939293,1.5199875833938283
cooperate self-interest considering,6,2,1.238488446939293,1.5199875833938283
cumulative payoff considering,6,2,1.238488446939293,1.5199875833938283
balance between cooperate,7,3,0.9886158917385002,1.4346170347137324
low contributors defectors,7,3,0.9886158917385002,1.4346170347137324
return per unit,12,7,0.6818485298209449,1.4345416595301987
marginal return per,12,7,0.6818485298209449,1.4345416595301987
per unit contribution,12,7,0.6818485298209449,1.4345416595301987
contribution maximize cumulative,13,8,0.6284940249630608,1.3993930211121317
align past behavior,4,1,1.521870768219057,1.3669693906711673
contribution emissions reduction,4,1,1.521870768219057,1.3669693906711673
given marginal return,4,1,1.521870768219057,1.3669693906711673
aligns institution strategy,4,1,1.521870768219057,1.3669693906711673
significant amount demonstrate,4,1,1.521870768219057,1.3669693906711673
contributors strategy inclusion,4,1,1.521870768219057,1.3669693906711673
contribution high mcpr,4,1,1.521870768219057,1.3669693906711673
amount avoid free-riding,4,1,1.521870768219057,1.3669693906711673
moderate amount avoid,4,1,1.521870768219057,1.3669693906711673
peers follow strategy,96,91,0.19862055468865591,1.357634782714247
mcpr peer contribution,5,2,1.0563508721379868,1.2651922728070462
institution strategy contribution,5,2,1.0563508721379868,1.2651922728070462
amount high mcpr,5,2,1.0563508721379868,1.2651922728070462
optimizing cumulative payoff,5,2,1.0563508721379868,1.2651922728070462
budget low mcpr,3,1,1.2348709085452185,1.07387187356594
moderate contribution balances,3,1,1.2348709085452185,1.07387187356594
emissions reduction fund,3,1,1.2348709085452185,1.07387187356594
high mcpr recent,3,1,1.2348709085452185,1.07387187356594
contributors defectors free-riders,3,1,1.2348709085452185,1.07387187356594
significant amount align,3,1,1.2348709085452185,1.07387187356594
contributors defectors penalized,3,1,1.2348709085452185,1.07387187356594
cooperate within institution,3,1,1.2348709085452185,1.07387187356594
considering mcpr peer,3,1,1.2348709085452185,1.07387187356594
amount align institution,3,1,1.2348709085452185,1.07387187356594
high contribution members,3,1,1.2348709085452185,1.07387187356594
commitment emissions reduction,3,1,1.2348709085452185,1.07387187356594
optimizing maximum cumulative,3,1,1.2348709085452185,1.07387187356594
amount maintain balance,3,1,1.2348709085452185,1.07387187356594
cumulative payoff given,3,1,1.2348709085452185,1.07387187356594
contribution current mcpr,3,1,1.2348709085452185,1.07387187356594
following institution typical,3,1,1.2348709085452185,1.07387187356594
contribution maintaining consistency,3,1,1.2348709085452185,1.07387187356594
defectors free-riders sfi,3,1,1.2348709085452185,1.07387187356594
peers institution low,3,1,1.2348709085452185,1.07387187356594
mcpr recent contribution,3,1,1.2348709085452185,1.07387187356594
previous data internal,3,1,1.2348709085452185,1.07387187356594
maximum cumulative payoff,3,1,1.2348709085452185,1.07387187356594
amount balance between,3,1,1.2348709085452185,1.07387187356594
mode defaults developed,360,0,10.68885367905275,1.068870522996792
developed countries binding,360,0,10.68885367905275,1.068870522996792
countries binding treaty,360,0,10.68885367905275,1.068870522996792
defaults developed countries,360,0,10.68885367905275,1.068870522996792
low contribution others,9,6,0.5480393426810544,1.0405822221711047
strategy contribution moderate,4,2,0.8335574791294249,0.9645117483227476
others contribute little,4,2,0.8335574791294249,0.9645117483227476
contribute little nothing,4,2,0.8335574791294249,0.9645117483227476
institution historical contribution,4,2,0.8335574791294249,0.9645117483227476
amount institution typical,4,2,0.8335574791294249,0.9645117483227476
considering institution typical,4,2,0.8335574791294249,0.9645117483227476
contribution peers institution,24,21,0.2768992286636234,0.926889808311785
considering institution strategy,5,3,0.6524166009595671,0.8946227333248931
amount institution historical,5,3,0.6524166009595671,0.8946227333248931
contribution observed peers,5,3,0.6524166009595671,0.8946227333248931
balance self-interest cooperate,20,0,7.746943239455931,0.7745008196778198
self-interest cooperate considering,19,0,7.695527195627476,0.7693503920399757
peers low contribution,13,11,0.30999374252550815,0.757004974823535
given high mcpr,14,12,0.29713097931358057,0.7555876652541134
chosen contribute billion,16,0,7.523328544188481,0.7520980072601938
contribution balance self-interest,13,0,7.315386487496329,0.7312576659665577
payoff contribution substantial,10,0,7.05280616565202,0.7049285922774544
contribution significant amount,10,0,7.05280616565202,0.7049285922774544
significant amount maximize,9,0,6.947407814045531,0.6943555633092838
between cooperate self-interest,9,0,6.947407814045531,0.6943555633092838
substantial amount consistent,8,0,6.82961469575299,0.6825355503136834
high-contributors mostly following,8,0,6.82961469575299,0.6825355503136834
previous rounds contribution,2,1,0.8309168768468176,0.6812598964419346
contributors strategy institution,2,1,0.8309168768468176,0.6812598964419346
payoff considering institution,2,1,0.8309168768468176,0.6812598964419346
maintain consistent strategy,2,1,0.8309168768468176,0.6812598964419346
following consistent strategy,2,1,0.8309168768468176,0.6812598964419346
institution strategy peer,2,1,0.8309168768468176,0.6812598964419346
given institution history,2,1,0.8309168768468176,0.6812598964419346
mcpr previous-round peer,2,1,0.8309168768468176,0.6812598964419346
considering institution historical,2,1,0.8309168768468176,0.6812598964419346
mcpr previous rounds,2,1,0.8309168768468176,0.6812598964419346
moderate amount emissions,2,1,0.8309168768468176,0.6812598964419346
amount emissions reduction,2,1,0.8309168768468176,0.6812598964419346
moderate amount considering,2,1,0.8309168768468176,0.6812598964419346
payoff considering group,2,1,0.8309168768468176,0.6812598964419346
considering past rounds,2,1,0.8309168768468176,0.6812598964419346
low mcpr optimal,2,1,0.8309168768468176,0.6812598964419346
seen previous rounds,2,1,0.8309168768468176,0.6812598964419346
contribution considering institution,2,1,0.8309168768468176,0.6812598964419346
average maximize cumulative,2,1,0.8309168768468176,0.6812598964419346
cumulative payoff choosing,2,1,0.8309168768468176,0.6812598964419346
aiming moderate contribution,2,1,0.8309168768468176,0.6812598964419346
moderate amount account,2,1,0.8309168768468176,0.6812598964419346
amount previous data,2,1,0.8309168768468176,0.6812598964419346
maximize payoff given,2,1,0.8309168768468176,0.6812598964419346
moderate amount leveraging,2,1,0.8309168768468176,0.6812598964419346
past contribution peers,2,1,0.8309168768468176,0.6812598964419346
history choose contribute,2,1,0.8309168768468176,0.6812598964419346
mcpr large wealth,2,1,0.8309168768468176,0.6812598964419346
contribution marginal return,2,1,0.8309168768468176,0.6812598964419346
payoff given current,2,1,0.8309168768468176,0.6812598964419346
mcpr historical contribution,2,1,0.8309168768468176,0.6812598964419346
group average maximize,2,1,0.8309168768468176,0.6812598964419346
high mcpr significant,2,1,0.8309168768468176,0.6812598964419346
consistent recent history,2,1,0.8309168768468176,0.6812598964419346
contributors strategy incentivized,2,1,0.8309168768468176,0.6812598964419346
amount maintain consistent,2,1,0.8309168768468176,0.6812598964419346
mcpr optimal contribute,2,1,0.8309168768468176,0.6812598964419346
behavior maximize payoff,2,1,0.8309168768468176,0.6812598964419346
amount consistent institution,2,1,0.8309168768468176,0.6812598964419346
low contribution selfish,2,1,0.8309168768468176,0.6812598964419346
history high contribution,2,1,0.8309168768468176,0.6812598964419346
common low contributors,2,1,0.8309168768468176,0.6812598964419346
institution past contribution,2,1,0.8309168768468176,0.6812598964419346
high wealth mcpr,2,1,0.8309168768468176,0.6812598964419346
average contribution considering,2,1,0.8309168768468176,0.6812598964419346
strategy previous contribution,2,1,0.8309168768468176,0.6812598964419346
institution low-contributors sfi,2,1,0.8309168768468176,0.6812598964419346
mostly low-contributors sfi,2,1,0.8309168768468176,0.6812598964419346
significant amount institution,7,0,6.6961128501071085,0.6691341839276861
contribution reward low,7,0,6.6961128501071085,0.6691341839276861
low contribution penalized,7,0,6.6961128501071085,0.6691341839276861
reward low contribution,7,0,6.6961128501071085,0.6691341839276861
contributors strategy incentivizing,7,0,6.6961128501071085,0.6691341839276861
cooperate considering past,6,0,6.542051134129481,0.653661527848862
strategy incentives framework,6,0,6.542051134129481,0.653661527848862
historical emissions index,6,0,6.542051134129481,0.653661527848862
between self-interest cooperate,6,0,6.542051134129481,0.653661527848862
significant amount considering,6,0,6.542051134129481,0.653661527848862
payoff considering mcpr,6,0,6.542051134129481,0.653661527848862
contributors strategy incentivization,6,0,6.542051134129481,0.653661527848862
amount maintain credibility,6,0,6.542051134129481,0.653661527848862
contributors follow selfish-institution,6,0,6.542051134129481,0.653661527848862
self-interest cooperate given,6,0,6.542051134129481,0.653661527848862
contributors strategy incentives,6,0,6.542051134129481,0.653661527848862
advantage high mcpr,6,0,6.542051134129481,0.653661527848862
substantial amount maximize,6,0,6.542051134129481,0.653661527848862
contribute billion usd,5,0,6.359913559328175,0.6353575826254908
maintain credibility avoid,5,0,6.359913559328175,0.6353575826254908
payoff contribution significant,5,0,6.359913559328175,0.6353575826254908
amount advantage high,5,0,6.359913559328175,0.6353575826254908
balance between self-interest,5,0,6.359913559328175,0.6353575826254908
considering mcpr previous,5,0,6.359913559328175,0.6353575826254908
historical high contribution,4,0,6.137120166319613,0.612948217933234
follow strategy high,4,0,6.137120166319613,0.612948217933234
cooperate considering previous,4,0,6.137120166319613,0.612948217933234
strategy contribute moderate,4,0,6.137120166319613,0.612948217933234
cooperate given institution,4,0,6.137120166319613,0.612948217933234
institution strategy historical,4,0,6.137120166319613,0.612948217933234
considering institution history,4,0,6.137120166319613,0.612948217933234
follow self-interested strategy,4,0,6.137120166319613,0.612948217933234
contribution maintain credibility,4,0,6.137120166319613,0.612948217933234
strict institution strategy,4,0,6.137120166319613,0.612948217933234
strategy incentivization framework,4,0,6.137120166319613,0.612948217933234
cumulative payoff contribute,4,0,6.137120166319613,0.612948217933234
high contributors emerging,4,0,6.137120166319613,0.612948217933234
moderate amount support,4,0,6.137120166319613,0.612948217933234
previous-round peer data,3,2,0.5465576194555855,0.600019508713739
mcpr previous group,3,2,0.5465576194555855,0.600019508713739
moderate amount similar,3,2,0.5465576194555855,0.600019508713739
optimal contribute nothing,3,2,0.5465576194555855,0.600019508713739
maintain balance between,3,2,0.5465576194555855,0.600019508713739
contribution maximum allowed,3,2,0.5465576194555855,0.600019508713739
payoff given high,3,2,0.5465576194555855,0.600019508713739
amount past rounds,3,2,0.5465576194555855,0.600019508713739
past contribution current,3,2,0.5465576194555855,0.600019508713739
cumulative payoff requires,3,2,0.5465576194555855,0.600019508713739
high marginal return,3,2,0.5465576194555855,0.600019508713739
contribute nothing maximize,3,2,0.5465576194555855,0.600019508713739
low marginal return,3,2,0.5465576194555855,0.600019508713739
max contribution maximize,3,2,0.5465576194555855,0.600019508713739
data internal beliefs,3,2,0.5465576194555855,0.600019508713739
chosen contribute moderate,17,16,0.2036175996518388,0.5847558856764872
contribute average level,3,0,5.850120306645774,0.5840426645791459
avoid free-riding maintain,3,0,5.850120306645774,0.5840426645791459
contribute billion high,3,0,5.850120306645774,0.5840426645791459
institution strategy follow,3,0,5.850120306645774,0.5840426645791459
strategy low contributors,3,0,5.850120306645774,0.5840426645791459
institution historical high,3,0,5.850120306645774,0.5840426645791459
contribution peers following,3,0,5.850120306645774,0.5840426645791459
show low contribution,3,0,5.850120306645774,0.5840426645791459
credibility avoid seen,3,0,5.850120306645774,0.5840426645791459
cooperate considering high,3,0,5.850120306645774,0.5840426645791459
free-riding maintain credibility,3,0,5.850120306645774,0.5840426645791459
amount institution strategy,3,0,5.850120306645774,0.5840426645791459
contribution peers framework,3,0,5.850120306645774,0.5840426645791459
maximal contribution maximize,3,0,5.850120306645774,0.5840426645791459
average level previous,3,0,5.850120306645774,0.5840426645791459
following low contributors,3,0,5.850120306645774,0.5840426645791459
cumulative payoff following,3,0,5.850120306645774,0.5840426645791459
amount demonstrate commitment,3,0,5.850120306645774,0.5840426645791459
peers follow self-interested,3,0,5.850120306645774,0.5840426645791459
institution cooperate strategy,3,0,5.850120306645774,0.5840426645791459
significantly public good,3,0,5.850120306645774,0.5840426645791459
framework peers sfi,3,0,5.850120306645774,0.5840426645791459
contribute significantly public,3,0,5.850120306645774,0.5840426645791459
maximum mcpr level,3,0,5.850120306645774,0.5840426645791459
high mcpr peer,3,0,5.850120306645774,0.5840426645791459
contribute billion institution,3,0,5.850120306645774,0.5840426645791459
follow cooperate strategy,3,0,5.850120306645774,0.5840426645791459
developed country institution,3,0,5.850120306645774,0.5840426645791459
mostly following low,3,0,5.850120306645774,0.5840426645791459
strategy previous data,3,0,5.850120306645774,0.5840426645791459
contributors use strategy,3,0,5.850120306645774,0.5840426645791459
peers follow cooperate,3,0,5.850120306645774,0.5840426645791459
institution strategy contribute,3,0,5.850120306645774,0.5840426645791459
institution historical strategy,3,0,5.850120306645774,0.5840426645791459
peers framework peers,3,0,5.850120306645774,0.5840426645791459
significant amount maximum,3,0,5.850120306645774,0.5840426645791459
follow strict institution,3,0,5.850120306645774,0.5840426645791459
strategy incentivizing approach,3,0,5.850120306645774,0.5840426645791459
typical strategy contribution,3,0,5.850120306645774,0.5840426645791459
balance individual gain,3,0,5.850120306645774,0.5840426645791459
level previous maintain,3,0,5.850120306645774,0.5840426645791459
cooperate given high,3,0,5.850120306645774,0.5840426645791459
recent contribution internal,3,0,5.850120306645774,0.5840426645791459
part developed country,3,0,5.850120306645774,0.5840426645791459
individual gain group,3,0,5.850120306645774,0.5840426645791459
institution strategy previous,3,0,5.850120306645774,0.5840426645791459
maintain institution credibility,3,0,5.850120306645774,0.5840426645791459
contribute level consistent,3,0,5.850120306645774,0.5840426645791459
cooperate strategy institution,3,0,5.850120306645774,0.5840426645791459
significant amount part,3,0,5.850120306645774,0.5840426645791459
amount part developed,3,0,5.850120306645774,0.5840426645791459
payoff following strategy,3,0,5.850120306645774,0.5840426645791459
emissions reduction considering,3,0,5.850120306645774,0.5840426645791459
contributors strategy incentive,3,0,5.850120306645774,0.5840426645791459
avoid seen free-rider,3,0,5.850120306645774,0.5840426645791459
support global emissions,3,0,5.850120306645774,0.5840426645791459
demonstrate commitment emissions,3,0,5.850120306645774,0.5840426645791459
amount consistent previous,3,0,5.850120306645774,0.5840426645791459
past contribution high,3,0,5.850120306645774,0.5840426645791459
top peers low,3,0,5.850120306645774,0.5840426645791459
significant amount given,3,0,5.850120306645774,0.5840426645791459
self-interest institution credibility,3,0,5.850120306645774,0.5840426645791459
historical contribution patterns,3,0,5.850120306645774,0.5840426645791459
current decision card,4,3,0.42962320795100517,0.5633452173919865
consistent past behavior,4,3,0.42962320795100517,0.5633452173919865
high contribution institution,4,3,0.42962320795100517,0.5633452173919865
consistent previous rounds,5,4,0.3654365072921646,0.5453806332987423
payoff contribution maximum,5,4,0.3654365072921646,0.5453806332987423
follow strategy institution,2,0,5.446166274947374,0.5432668940008101
support emissions reduction,2,0,5.446166274947374,0.5432668940008101
contribute level similar,2,0,5.446166274947374,0.5432668940008101
high mcpr historical,2,0,5.446166274947374,0.5432668940008101
rounds institution typical,2,0,5.446166274947374,0.5432668940008101
peers low contributors,2,0,5.446166274947374,0.5432668940008101
usd balances self-interest,2,0,5.446166274947374,0.5432668940008101
behavior high mcpr,2,0,5.446166274947374,0.5432668940008101
internal beliefs strategy,2,0,5.446166274947374,0.5432668940008101
maintain credibility institution,2,0,5.446166274947374,0.5432668940008101
contribution history choose,2,0,5.446166274947374,0.5432668940008101
contribution historical high,2,0,5.446166274947374,0.5432668940008101
given internal beliefs,2,0,5.446166274947374,0.5432668940008101
selfish framework incentives,2,0,5.446166274947374,0.5432668940008101
significant amount set,2,0,5.446166274947374,0.5432668940008101
amount given high,2,0,5.446166274947374,0.5432668940008101
focusing maximizing cumulative,2,0,5.446166274947374,0.5432668940008101
high budget relatively,2,0,5.446166274947374,0.5432668940008101
institution strategy maximizes,2,0,5.446166274947374,0.5432668940008101
amount set example,2,0,5.446166274947374,0.5432668940008101
close group average,2,0,5.446166274947374,0.5432668940008101
maintain institution reputation,2,0,5.446166274947374,0.5432668940008101
mostly institution low-contributors,2,0,5.446166274947374,0.5432668940008101
maximum amount advantage,2,0,5.446166274947374,0.5432668940008101
institution common low,2,0,5.446166274947374,0.5432668940008101
contribute previous group,2,0,5.446166274947374,0.5432668940008101
amount billion balance,2,0,5.446166274947374,0.5432668940008101
amount considering previous,2,0,5.446166274947374,0.5432668940008101
gain group stability,2,0,5.446166274947374,0.5432668940008101
high contributors successful,2,0,5.446166274947374,0.5432668940008101
consistent selfish individualism,2,0,5.446166274947374,0.5432668940008101
strategy contribution million,2,0,5.446166274947374,0.5432668940008101
account high mcpr,2,0,5.446166274947374,0.5432668940008101
low contribution peer,2,0,5.446166274947374,0.5432668940008101
level consistent recent,2,0,5.446166274947374,0.5432668940008101
initial wealth prior,2,0,5.446166274947374,0.5432668940008101
close previous group,2,0,5.446166274947374,0.5432668940008101
amount reduce emissions,2,0,5.446166274947374,0.5432668940008101
wealth prior contribution,2,0,5.446166274947374,0.5432668940008101
amount aligns institution,2,0,5.446166274947374,0.5432668940008101
maintain credibility reputation,2,0,5.446166274947374,0.5432668940008101
peers follow self-interest,2,0,5.446166274947374,0.5432668940008101
high contribution maximize,2,0,5.446166274947374,0.5432668940008101
prior contribution history,2,0,5.446166274947374,0.5432668940008101
amount optimize cumulative,2,0,5.446166274947374,0.5432668940008101
chosen contribute maximum,2,0,5.446166274947374,0.5432668940008101
low contribution observed,2,0,5.446166274947374,0.5432668940008101
maximize payoff following,2,0,5.446166274947374,0.5432668940008101
cooperate choosing moderate,2,0,5.446166274947374,0.5432668940008101
contributors institution common,2,0,5.446166274947374,0.5432668940008101
game requires contribution,2,0,5.446166274947374,0.5432668940008101
past contribution maintaining,2,0,5.446166274947374,0.5432668940008101
individualism contribution interests,2,0,5.446166274947374,0.5432668940008101
amount leveraging high,2,0,5.446166274947374,0.5432668940008101
cooperate considering institution,2,0,5.446166274947374,0.5432668940008101
mcpr significant peer,2,0,5.446166274947374,0.5432668940008101
matching previous group,2,0,5.446166274947374,0.5432668940008101
moderate amount aligning,2,0,5.446166274947374,0.5432668940008101
contribution maximum capacity,2,0,5.446166274947374,0.5432668940008101
contribution peers indicate,2,0,5.446166274947374,0.5432668940008101
sfi framework show,2,0,5.446166274947374,0.5432668940008101
per institution strategy,2,0,5.446166274947374,0.5432668940008101
considering high wealth,2,0,5.446166274947374,0.5432668940008101
peers sfi low,2,0,5.446166274947374,0.5432668940008101
past rounds institution,2,0,5.446166274947374,0.5432668940008101
amount support global,2,0,5.446166274947374,0.5432668940008101
self-interested goal maximizing,2,0,5.446166274947374,0.5432668940008101
increase stage budget,2,0,5.446166274947374,0.5432668940008101
low contributors free-riders,2,0,5.446166274947374,0.5432668940008101
framework incentives sfi,2,0,5.446166274947374,0.5432668940008101
internal beliefs peers,2,0,5.446166274947374,0.5432668940008101
level balances self-interest,2,0,5.446166274947374,0.5432668940008101
leveraging high mcpr,2,0,5.446166274947374,0.5432668940008101
maximize payoff maintaining,2,0,5.446166274947374,0.5432668940008101
previous maintain credibility,2,0,5.446166274947374,0.5432668940008101
significant amount due,2,0,5.446166274947374,0.5432668940008101
average institution strategy,2,0,5.446166274947374,0.5432668940008101
significant amount following,2,0,5.446166274947374,0.5432668940008101
strategy maximizes cumulative,2,0,5.446166274947374,0.5432668940008101
strategy contribution significantly,2,0,5.446166274947374,0.5432668940008101
group average institution,2,0,5.446166274947374,0.5432668940008101
follow except defectors,2,0,5.446166274947374,0.5432668940008101
long-run climate stability,2,0,5.446166274947374,0.5432668940008101
trend considering high,2,0,5.446166274947374,0.5432668940008101
aligns self-interested goal,2,0,5.446166274947374,0.5432668940008101
given high initial,2,0,5.446166274947374,0.5432668940008101
aligning institution cooperate,2,0,5.446166274947374,0.5432668940008101
maintain consistency avoid,2,0,5.446166274947374,0.5432668940008101
maximum capacity considering,2,0,5.446166274947374,0.5432668940008101
framework show low,2,0,5.446166274947374,0.5432668940008101
peers institution others,2,0,5.446166274947374,0.5432668940008101
align past contribution,2,0,5.446166274947374,0.5432668940008101
selfish individualism strategy,2,0,5.446166274947374,0.5432668940008101
reduction preserving wealth,2,0,5.446166274947374,0.5432668940008101
consistent level contribution,2,0,5.446166274947374,0.5432668940008101
follow standard institution,2,0,5.446166274947374,0.5432668940008101
mostly following institution,2,0,5.446166274947374,0.5432668940008101
chosen contribute level,2,0,5.446166274947374,0.5432668940008101
due institution strategy,2,0,5.446166274947374,0.5432668940008101
choose contribute substantial,2,0,5.446166274947374,0.5432668940008101
fair institution sfi,2,0,5.446166274947374,0.5432668940008101
amount similar recent,2,0,5.446166274947374,0.5432668940008101
institution history high,2,0,5.446166274947374,0.5432668940008101
consistent past contribution,2,0,5.446166274947374,0.5432668940008101
individual self-interest cooperate,2,0,5.446166274947374,0.5432668940008101
group sfi contribute,2,0,5.446166274947374,0.5432668940008101
self-interest considering past,2,0,5.446166274947374,0.5432668940008101
emissions index mcpr,2,0,5.446166274947374,0.5432668940008101
marginal return choose,2,0,5.446166274947374,0.5432668940008101
maintaining balance between,2,0,5.446166274947374,0.5432668940008101
historical peer behavior,2,0,5.446166274947374,0.5432668940008101
budget relatively low,2,0,5.446166274947374,0.5432668940008101
moderate contribution maintain,2,0,5.446166274947374,0.5432668940008101
high mcpr past,2,0,5.446166274947374,0.5432668940008101
selfish individualism contribution,2,0,5.446166274947374,0.5432668940008101
contribution institution typical,2,0,5.446166274947374,0.5432668940008101
reduction considering institution,2,0,5.446166274947374,0.5432668940008101
cooperate maximize cumulative,2,0,5.446166274947374,0.5432668940008101
mcpr choose moderate,2,0,5.446166274947374,0.5432668940008101
amount considering past,2,0,5.446166274947374,0.5432668940008101
contributors simple-folk-institution sfi,2,0,5.446166274947374,0.5432668940008101
strategy incentive approach,2,0,5.446166274947374,0.5432668940008101
behavior maintain credibility,2,0,5.446166274947374,0.5432668940008101
behavior given high,2,0,5.446166274947374,0.5432668940008101
strategy incentivizing institution,2,0,5.446166274947374,0.5432668940008101
high contribution current,2,0,5.446166274947374,0.5432668940008101
significant amount reduce,2,0,5.446166274947374,0.5432668940008101
peers sfi framework,2,0,5.446166274947374,0.5432668940008101
strategy incentivization approach,2,0,5.446166274947374,0.5432668940008101
unit contribution mcpr,2,0,5.446166274947374,0.5432668940008101
standard institution strategy,2,0,5.446166274947374,0.5432668940008101
strategy incentivizing framework,2,0,5.446166274947374,0.5432668940008101
peers defectors free-riders,2,0,5.446166274947374,0.5432668940008101
following strategy low,2,0,5.446166274947374,0.5432668940008101
maintaining consistency strategy,2,0,5.446166274947374,0.5432668940008101
consistent recent contribution,2,0,5.446166274947374,0.5432668940008101
rounds trends institution,2,0,5.446166274947374,0.5432668940008101
given institution historical,2,0,5.446166274947374,0.5432668940008101
higher contribution maximize,2,0,5.446166274947374,0.5432668940008101
amount support emissions,2,0,5.446166274947374,0.5432668940008101
strategy historical contribution,2,0,5.446166274947374,0.5432668940008101
top peers free-riding,2,0,5.446166274947374,0.5432668940008101
self-interest cooperate behavior,2,0,5.446166274947374,0.5432668940008101
budget low marginal,2,0,5.446166274947374,0.5432668940008101
follow strategy contribution,2,0,5.446166274947374,0.5432668940008101
substantial amount considering,2,0,5.446166274947374,0.5432668940008101
return choose contribute,2,0,5.446166274947374,0.5432668940008101
payoff game requires,2,0,5.446166274947374,0.5432668940008101
choosing contribution amount,2,0,5.446166274947374,0.5432668940008101
contribution peers group,2,0,5.446166274947374,0.5432668940008101
optimize cumulative payoff,2,0,5.446166274947374,0.5432668940008101
want contribute moderate,2,0,5.446166274947374,0.5432668940008101
high contributors observed,2,0,5.446166274947374,0.5432668940008101
contribution peers notable,2,0,5.446166274947374,0.5432668940008101
peers group sfi,2,0,5.446166274947374,0.5432668940008101
similar recent contribution,2,0,5.446166274947374,0.5432668940008101
simple fair institution,2,0,5.446166274947374,0.5432668940008101
high initial wealth,2,0,5.446166274947374,0.5432668940008101
cumulative payoff game,2,0,5.446166274947374,0.5432668940008101
history considering marginal,2,0,5.446166274947374,0.5432668940008101
emissions reduction preserving,2,0,5.446166274947374,0.5432668940008101
past behavior maintain,2,0,5.446166274947374,0.5432668940008101
self-interest considering high,2,0,5.446166274947374,0.5432668940008101
moderate amount billion,2,0,5.446166274947374,0.5432668940008101
align institution strategy,2,0,5.446166274947374,0.5432668940008101
follow strategy contribute,2,0,5.446166274947374,0.5432668940008101
self-interest cooperate choosing,2,0,5.446166274947374,0.5432668940008101
follow self-interest strategy,2,0,5.446166274947374,0.5432668940008101
consistency institution strategy,2,0,5.446166274947374,0.5432668940008101
account institution strategy,2,0,5.446166274947374,0.5432668940008101
amount considering institution,2,0,5.446166274947374,0.5432668940008101
low contributors simple-folk-institution,2,0,5.446166274947374,0.5432668940008101
contribution maximum mcpr,2,0,5.446166274947374,0.5432668940008101
cooperate considering mcpr,2,0,5.446166274947374,0.5432668940008101
balancing between cooperate,2,0,5.446166274947374,0.5432668940008101
payoff considering recent,2,0,5.446166274947374,0.5432668940008101
billion balance self-interest,2,0,5.446166274947374,0.5432668940008101
amount maintain institution,2,0,5.446166274947374,0.5432668940008101
contribution million institution,2,0,5.446166274947374,0.5432668940008101
aiming balance between,2,0,5.446166274947374,0.5432668940008101
followed institution typical,2,0,5.446166274947374,0.5432668940008101
maintains balance between,2,0,5.446166274947374,0.5432668940008101
incentivizing institution strategy,2,0,5.446166274947374,0.5432668940008101
billion high contribution,2,0,5.446166274947374,0.5432668940008101
chosen contribute maximally,2,0,5.446166274947374,0.5432668940008101
amount aligning recent,2,0,5.446166274947374,0.5432668940008101
follow strategy deviate,2,0,5.446166274947374,0.5432668940008101
peers follow strict,2,0,5.446166274947374,0.5432668940008101
significant amount advantage,2,0,5.446166274947374,0.5432668940008101
maintain cooperate credibility,2,0,5.446166274947374,0.5432668940008101
moderate amount align,6,5,0.32480046058009293,0.5368858254148929
past rounds behavior,1,0,4.757833230821933,0.4734453073454396
high budget punishment,1,0,4.757833230821933,0.4734453073454396
moderate notable peers,1,0,4.757833230821933,0.4734453073454396
group average maximizes,1,0,4.757833230821933,0.4734453073454396
reduction balancing self-interest,1,0,4.757833230821933,0.4734453073454396
high mcpr wealth,1,0,4.757833230821933,0.4734453073454396
mcpr institution cooperate,1,0,4.757833230821933,0.4734453073454396
history cooperate past,1,0,4.757833230821933,0.4734453073454396
inference high contribution,1,0,4.757833230821933,0.4734453073454396
past contribution marginal,1,0,4.757833230821933,0.4734453073454396
wealth subsequent budget,1,0,4.757833230821933,0.4734453073454396
internal beliefs contribute,1,0,4.757833230821933,0.4734453073454396
large wealth contribution,1,0,4.757833230821933,0.4734453073454396
past contribution members,1,0,4.757833230821933,0.4734453073454396
benefits institution reputation,1,0,4.757833230821933,0.4734453073454396
beliefs suggest moderate,1,0,4.757833230821933,0.4734453073454396
payoff contribute significant,1,0,4.757833230821933,0.4734453073454396
emissions reduction following,1,0,4.757833230821933,0.4734453073454396
contribution balance between,1,0,4.757833230821933,0.4734453073454396
decision card previous-round,1,0,4.757833230821933,0.4734453073454396
contributors environment reward,1,0,4.757833230821933,0.4734453073454396
reward considering long-term,1,0,4.757833230821933,0.4734453073454396
strategy emphasizes cooperate,1,0,4.757833230821933,0.4734453073454396
contribute maximum allowed,1,0,4.757833230821933,0.4734453073454396
following low-contributors sfi,1,0,4.757833230821933,0.4734453073454396
contribution strategic starting,1,0,4.757833230821933,0.4734453073454396
gain collective effort,1,0,4.757833230821933,0.4734453073454396
history peer contribution,1,0,4.757833230821933,0.4734453073454396
incentivized high mcpr,1,0,4.757833230821933,0.4734453073454396
sfi mostly free-riders,1,0,4.757833230821933,0.4734453073454396
peers follow social,1,0,4.757833230821933,0.4734453073454396
billion institution historical,1,0,4.757833230821933,0.4734453073454396
framework incentivization sfi,1,0,4.757833230821933,0.4734453073454396
optimal follow strategy,1,0,4.757833230821933,0.4734453073454396
billion maximize payoff,1,0,4.757833230821933,0.4734453073454396
data contribute amount,1,0,4.757833230821933,0.4734453073454396
cooperate considering group,1,0,4.757833230821933,0.4734453073454396
contribution seen past,1,0,4.757833230821933,0.4734453073454396
high contribution maintain,1,0,4.757833230821933,0.4734453073454396
contribute nothing maximizes,1,0,4.757833230821933,0.4734453073454396
considering mcpr historical,1,0,4.757833230821933,0.4734453073454396
balance between contribution,1,0,4.757833230821933,0.4734453073454396
public good defect,1,0,4.757833230821933,0.4734453073454396
maximize mcpr potential,1,0,4.757833230821933,0.4734453073454396
strategy historical emissions,1,0,4.757833230821933,0.4734453073454396
indicate shift towards,1,0,4.757833230821933,0.4734453073454396
low contributors come,1,0,4.757833230821933,0.4734453073454396
amount due high,1,0,4.757833230821933,0.4734453073454396
choose contribute million,1,0,4.757833230821933,0.4734453073454396
strategy inference high,1,0,4.757833230821933,0.4734453073454396
payoff contribute nearly,1,0,4.757833230821933,0.4734453073454396
previous rounds account,1,0,4.757833230821933,0.4734453073454396
level contribution seen,1,0,4.757833230821933,0.4734453073454396
contribution mcpr threshold,1,0,4.757833230821933,0.4734453073454396
mcpr level aligning,1,0,4.757833230821933,0.4734453073454396
country following selfish-institution,1,0,4.757833230821933,0.4734453073454396
moderate amount aligns,1,0,4.757833230821933,0.4734453073454396
due marginal return,1,0,4.757833230821933,0.4734453073454396
follow social identity,1,0,4.757833230821933,0.4734453073454396
institution typically follows,1,0,4.757833230821933,0.4734453073454396
mcpr significant reward,1,0,4.757833230821933,0.4734453073454396
contribution need maintain,1,0,4.757833230821933,0.4734453073454396
high budget mcpr,1,0,4.757833230821933,0.4734453073454396
balance immediate costs,1,0,4.757833230821933,0.4734453073454396
allowed given high,1,0,4.757833230821933,0.4734453073454396
contribute amount close,1,0,4.757833230821933,0.4734453073454396
history cooperate current,1,0,4.757833230821933,0.4734453073454396
requires contribution maximum,1,0,4.757833230821933,0.4734453073454396
card previous-round peer,1,0,4.757833230821933,0.4734453073454396
balance individual institution,1,0,4.757833230821933,0.4734453073454396
institution choices indicate,1,0,4.757833230821933,0.4734453073454396
data choose moderate,1,0,4.757833230821933,0.4734453073454396
self-interest cooperate maintain,1,0,4.757833230821933,0.4734453073454396
amount institution high,1,0,4.757833230821933,0.4734453073454396
recent contribution balances,1,0,4.757833230821933,0.4734453073454396
institution high contribution,1,0,4.757833230821933,0.4734453073454396
emissions reduction mcpr,1,0,4.757833230821933,0.4734453073454396
mostly following strict,1,0,4.757833230821933,0.4734453073454396
emissions reduction maximize,1,0,4.757833230821933,0.4734453073454396
maintaining consistency previous,1,0,4.757833230821933,0.4734453073454396
individualism institution strategy,1,0,4.757833230821933,0.4734453073454396
directly wealth free,1,0,4.757833230821933,0.4734453073454396
billion past contribution,1,0,4.757833230821933,0.4734453073454396
billion usd consistent,1,0,4.757833230821933,0.4734453073454396
moderate amount observed,1,0,4.757833230821933,0.4734453073454396
selfish flocking institution,1,0,4.757833230821933,0.4734453073454396
rounds institution strategy,1,0,4.757833230821933,0.4734453073454396
high mcpr increase,1,0,4.757833230821933,0.4734453073454396
contributors sfi mostly,1,0,4.757833230821933,0.4734453073454396
cooperate actions considering,1,0,4.757833230821933,0.4734453073454396
starting point maximize,1,0,4.757833230821933,0.4734453073454396
institution cooperate behavior,1,0,4.757833230821933,0.4734453073454396
high level cooperate,1,0,4.757833230821933,0.4734453073454396
reducing emissions high,1,0,4.757833230821933,0.4734453073454396
recent contribution account,1,0,4.757833230821933,0.4734453073454396
average contribution within,1,0,4.757833230821933,0.4734453073454396
consistency past rounds,1,0,4.757833230821933,0.4734453073454396
significant amount show,1,0,4.757833230821933,0.4734453073454396
cooperate increase chances,1,0,4.757833230821933,0.4734453073454396
maintaining high level,1,0,4.757833230821933,0.4734453073454396
credibility given internal,1,0,4.757833230821933,0.4734453073454396
typical behavior previous,1,0,4.757833230821933,0.4734453073454396
peers sfi instances,1,0,4.757833230821933,0.4734453073454396
credibility minimizing costs,1,0,4.757833230821933,0.4734453073454396
level balancing between,1,0,4.757833230821933,0.4734453073454396
contribution maximizes mcpr,1,0,4.757833230821933,0.4734453073454396
following consistent selfish,1,0,4.757833230821933,0.4734453073454396
contribution peers defectors,1,0,4.757833230821933,0.4734453073454396
payoff contribution emissions,1,0,4.757833230821933,0.4734453073454396
especially high-contributor optimal,1,0,4.757833230821933,0.4734453073454396
low mcpr developed,1,0,4.757833230821933,0.4734453073454396
contributors emerging remain,1,0,4.757833230821933,0.4734453073454396
amount seen previous,1,0,4.757833230821933,0.4734453073454396
contribution balances cooperate,1,0,4.757833230821933,0.4734453073454396
following selfish individualism,1,0,4.757833230821933,0.4734453073454396
rounds optimal contribute,1,0,4.757833230821933,0.4734453073454396
self-interest cooperate maximize,1,0,4.757833230821933,0.4734453073454396
showing cooperate behavior,1,0,4.757833230821933,0.4734453073454396
future stage budget,1,0,4.757833230821933,0.4734453073454396
past behavior maximizes,1,0,4.757833230821933,0.4734453073454396
strategy selfish institution,1,0,4.757833230821933,0.4734453073454396
avoid potential future,1,0,4.757833230821933,0.4734453073454396
peers contribution similarly,1,0,4.757833230821933,0.4734453073454396
contribution peers others,1,0,4.757833230821933,0.4734453073454396
use selfish fictitious,1,0,4.757833230821933,0.4734453073454396
considering punishment effect,1,0,4.757833230821933,0.4734453073454396
high contributors recent,1,0,4.757833230821933,0.4734453073454396
like recent history,1,0,4.757833230821933,0.4734453073454396
indicate consistent level,1,0,4.757833230821933,0.4734453073454396
cooperate self-interested strategies,1,0,4.757833230821933,0.4734453073454396
contributors mostly group,1,0,4.757833230821933,0.4734453073454396
past contribution maintain,1,0,4.757833230821933,0.4734453073454396
cooperate past contribution,1,0,4.757833230821933,0.4734453073454396
following past contribution,1,0,4.757833230821933,0.4734453073454396
peers peers selfish,1,0,4.757833230821933,0.4734453073454396
amount staying within,1,0,4.757833230821933,0.4734453073454396
institution strategy maximize,1,0,4.757833230821933,0.4734453073454396
contributors emerging peers,1,0,4.757833230821933,0.4734453073454396
significantly peers low,1,0,4.757833230821933,0.4734453073454396
importance maintain long-run,1,0,4.757833230821933,0.4734453073454396
reduction mcpr relatively,1,0,4.757833230821933,0.4734453073454396
low contributors selfless-fi,1,0,4.757833230821933,0.4734453073454396
strategy high budget,1,0,4.757833230821933,0.4734453073454396
strategy observed among,1,0,4.757833230821933,0.4734453073454396
potential future rounds,1,0,4.757833230821933,0.4734453073454396
past patterns current,1,0,4.757833230821933,0.4734453073454396
maintain past trend,1,0,4.757833230821933,0.4734453073454396
typical cooperate behavior,1,0,4.757833230821933,0.4734453073454396
current peer data,1,0,4.757833230821933,0.4734453073454396
consistent strategy considering,1,0,4.757833230821933,0.4734453073454396
maintaining cooperate within,1,0,4.757833230821933,0.4734453073454396
defectors free-riders detected,1,0,4.757833230821933,0.4734453073454396
maintain consistency institution,1,0,4.757833230821933,0.4734453073454396
considering group previous,1,0,4.757833230821933,0.4734453073454396
free-riding optimal due,1,0,4.757833230821933,0.4734453073454396
mcpr sufficient budget,1,0,4.757833230821933,0.4734453073454396
strategy observing peers,1,0,4.757833230821933,0.4734453073454396
cooperate credibility within,1,0,4.757833230821933,0.4734453073454396
following sfi contribute,1,0,4.757833230821933,0.4734453073454396
cooperate high mcpr,1,0,4.757833230821933,0.4734453073454396
contribution internal belief,1,0,4.757833230821933,0.4734453073454396
selfish fictitious interaction,1,0,4.757833230821933,0.4734453073454396
choose contribute moderately,1,0,4.757833230821933,0.4734453073454396
maintain credibility align,1,0,4.757833230821933,0.4734453073454396
considering long-term benefits,1,0,4.757833230821933,0.4734453073454396
amount following strategy,1,0,4.757833230821933,0.4734453073454396
high-contributors institution high,1,0,4.757833230821933,0.4734453073454396
aid packages benefits,1,0,4.757833230821933,0.4734453073454396
incentivization sfi contribute,1,0,4.757833230821933,0.4734453073454396
contribute amount previous,1,0,4.757833230821933,0.4734453073454396
contribution level considering,1,0,4.757833230821933,0.4734453073454396
given institution typical,1,0,4.757833230821933,0.4734453073454396
start contribution nothing,1,0,4.757833230821933,0.4734453073454396
amount following institution,1,0,4.757833230821933,0.4734453073454396
payoff matching previous,1,0,4.757833230821933,0.4734453073454396
preserving wealth potential,1,0,4.757833230821933,0.4734453073454396
public good deviate,1,0,4.757833230821933,0.4734453073454396
high mcpr well,1,0,4.757833230821933,0.4734453073454396
considering past peer,1,0,4.757833230821933,0.4734453073454396
set example others,1,0,4.757833230821933,0.4734453073454396
maintain credibility contributors,1,0,4.757833230821933,0.4734453073454396
contribution aligns institution,1,0,4.757833230821933,0.4734453073454396
balance individual payoff,1,0,4.757833230821933,0.4734453073454396
current decision context,1,0,4.757833230821933,0.4734453073454396
considering institution budget,1,0,4.757833230821933,0.4734453073454396
behavior contribution significant,1,0,4.757833230821933,0.4734453073454396
credibility long-run climate,1,0,4.757833230821933,0.4734453073454396
maintaining consistent contribution,1,0,4.757833230821933,0.4734453073454396
contribute maximum mcpr,1,0,4.757833230821933,0.4734453073454396
keeping room future,1,0,4.757833230821933,0.4734453073454396
well considering mcpr,1,0,4.757833230821933,0.4734453073454396
stability considering high,1,0,4.757833230821933,0.4734453073454396
avoid perceived free-rider,1,0,4.757833230821933,0.4734453073454396
social identity strategy,1,0,4.757833230821933,0.4734453073454396
return consistent past,1,0,4.757833230821933,0.4734453073454396
effort considering internal,1,0,4.757833230821933,0.4734453073454396
high amount per,1,0,4.757833230821933,0.4734453073454396
others show low,1,0,4.757833230821933,0.4734453073454396
recent contribution members,1,0,4.757833230821933,0.4734453073454396
historical cooperate high,1,0,4.757833230821933,0.4734453073454396
billion usd balance,1,0,4.757833230821933,0.4734453073454396
sfi institution identified,1,0,4.757833230821933,0.4734453073454396
contribution institution overall,1,0,4.757833230821933,0.4734453073454396
choosing contribution near,1,0,4.757833230821933,0.4734453073454396
contribution peers exceptions,1,0,4.757833230821933,0.4734453073454396
reduction maximize payoff,1,0,4.757833230821933,0.4734453073454396
contribute previous amount,1,0,4.757833230821933,0.4734453073454396
balance between individual,1,0,4.757833230821933,0.4734453073454396
collective interests considering,1,0,4.757833230821933,0.4734453073454396
past contribution need,1,0,4.757833230821933,0.4734453073454396
align institution peers,1,0,4.757833230821933,0.4734453073454396
emerging remain unknown,1,0,4.757833230821933,0.4734453073454396
contribution low others,1,0,4.757833230821933,0.4734453073454396
group past behaviors,1,0,4.757833230821933,0.4734453073454396
strategic starting point,1,0,4.757833230821933,0.4734453073454396
contribution peers like,1,0,4.757833230821933,0.4734453073454396
recent choices maintains,1,0,4.757833230821933,0.4734453073454396
contribution historical peer,1,0,4.757833230821933,0.4734453073454396
staying within budget,1,0,4.757833230821933,0.4734453073454396
contribution significantly peers,1,0,4.757833230821933,0.4734453073454396
aligning institution tendencies,1,0,4.757833230821933,0.4734453073454396
mcpr historical emissions,1,0,4.757833230821933,0.4734453073454396
reduction fund aligning,1,0,4.757833230821933,0.4734453073454396
amount show commitment,1,0,4.757833230821933,0.4734453073454396
mcpr desire cooperate,1,0,4.757833230821933,0.4734453073454396
historical behavior peer,1,0,4.757833230821933,0.4734453073454396
example cooperate maximize,1,0,4.757833230821933,0.4734453073454396
seen past actions,1,0,4.757833230821933,0.4734453073454396
past peer data,1,0,4.757833230821933,0.4734453073454396
payoff requires high,1,0,4.757833230821933,0.4734453073454396
payoff long-term credibility,1,0,4.757833230821933,0.4734453073454396
past behavior account,1,0,4.757833230821933,0.4734453073454396
standard inspection institution,1,0,4.757833230821933,0.4734453073454396
interests group stability,1,0,4.757833230821933,0.4734453073454396
amount balance past,1,0,4.757833230821933,0.4734453073454396
amount maximum balance,1,0,4.757833230821933,0.4734453073454396
peers indicate cooperate,1,0,4.757833230821933,0.4734453073454396
notable peers significantly,1,0,4.757833230821933,0.4734453073454396
contribution selfish framework,1,0,4.757833230821933,0.4734453073454396
contribution significantly seen,1,0,4.757833230821933,0.4734453073454396
previous rounds high,1,0,4.757833230821933,0.4734453073454396
strategy recent contribution,1,0,4.757833230821933,0.4734453073454396
except institution strategy,1,0,4.757833230821933,0.4734453073454396
members justify moderate,1,0,4.757833230821933,0.4734453073454396
requires starting low,1,0,4.757833230821933,0.4734453073454396
need demonstrate cooperate,1,0,4.757833230821933,0.4734453073454396
mcpr depositing ldf,1,0,4.757833230821933,0.4734453073454396
historical contribution well,1,0,4.757833230821933,0.4734453073454396
reduction aligns self-interested,1,0,4.757833230821933,0.4734453073454396
reduce emissions maintain,1,0,4.757833230821933,0.4734453073454396
cooperate set positive,1,0,4.757833230821933,0.4734453073454396
gain group cooperate,1,0,4.757833230821933,0.4734453073454396
amount observed previous,1,0,4.757833230821933,0.4734453073454396
contribute billion moderate,1,0,4.757833230821933,0.4734453073454396
peers simple fair,1,0,4.757833230821933,0.4734453073454396
peer different institution,1,0,4.757833230821933,0.4734453073454396
credibility choose contribute,1,0,4.757833230821933,0.4734453073454396
self-interest considering institution,1,0,4.757833230821933,0.4734453073454396
fact institution typically,1,0,4.757833230821933,0.4734453073454396
significantly higher contribution,1,0,4.757833230821933,0.4734453073454396
selfless-fi sfi institution,1,0,4.757833230821933,0.4734453073454396
following cooperate strategy,1,0,4.757833230821933,0.4734453073454396
maximum level unlikely,1,0,4.757833230821933,0.4734453073454396
highly others moderate,1,0,4.757833230821933,0.4734453073454396
strategy contribution significant,1,0,4.757833230821933,0.4734453073454396
contribution balances between,1,0,4.757833230821933,0.4734453073454396
defectors use selfish,1,0,4.757833230821933,0.4734453073454396
high considering mcpr,1,0,4.757833230821933,0.4734453073454396
contribute nearly entire,1,0,4.757833230821933,0.4734453073454396
previous contribution maintain,1,0,4.757833230821933,0.4734453073454396
follow mix cooperate,1,0,4.757833230821933,0.4734453073454396
allowed account mcpr,1,0,4.757833230821933,0.4734453073454396
requires high contribution,1,0,4.757833230821933,0.4734453073454396
maximally emissions reduction,1,0,4.757833230821933,0.4734453073454396
amount balance self-interest,1,0,4.757833230821933,0.4734453073454396
peers suggest cooperate,1,0,4.757833230821933,0.4734453073454396
optimal due low,1,0,4.757833230821933,0.4734453073454396
payoff contribution mcpr,1,0,4.757833230821933,0.4734453073454396
maximum balance cooperate,1,0,4.757833230821933,0.4734453073454396
nothing maximize cumulative,1,0,4.757833230821933,0.4734453073454396
mcpr developed countries,1,0,4.757833230821933,0.4734453073454396
between contribution emissions,1,0,4.757833230821933,0.4734453073454396
average seen cooperate,1,0,4.757833230821933,0.4734453073454396
strategy maximize cumulative,1,0,4.757833230821933,0.4734453073454396
contribute billion past,1,0,4.757833230821933,0.4734453073454396
historically higher emissions,1,0,4.757833230821933,0.4734453073454396
given institution high,1,0,4.757833230821933,0.4734453073454396
payoff advantage mcpr,1,0,4.757833230821933,0.4734453073454396
institution strategy low,1,0,4.757833230821933,0.4734453073454396
chosen contribute previous,1,0,4.757833230821933,0.4734453073454396
possible stage given,1,0,4.757833230821933,0.4734453073454396
contribution maintains balance,1,0,4.757833230821933,0.4734453073454396
capacity considering mcpr,1,0,4.757833230821933,0.4734453073454396
peers historical contribution,1,0,4.757833230821933,0.4734453073454396
past contribution strategy,1,0,4.757833230821933,0.4734453073454396
moderate contribution historical,1,0,4.757833230821933,0.4734453073454396
current wealth mcpr,1,0,4.757833230821933,0.4734453073454396
effects choose free-ride,1,0,4.757833230821933,0.4734453073454396
cooperate maximize payoff,1,0,4.757833230821933,0.4734453073454396
mcpr threshold considering,1,0,4.757833230821933,0.4734453073454396
emerging peers contribution,1,0,4.757833230821933,0.4734453073454396
earn reward considering,1,0,4.757833230821933,0.4734453073454396
payoff peers done,1,0,4.757833230821933,0.4734453073454396
account peer contribution,1,0,4.757833230821933,0.4734453073454396
selfish-institution strategy considering,1,0,4.757833230821933,0.4734453073454396
capacity historically higher,1,0,4.757833230821933,0.4734453073454396
trustworthy low contributors,1,0,4.757833230821933,0.4734453073454396
payoff supporting emissions,1,0,4.757833230821933,0.4734453073454396
follow through commitments,1,0,4.757833230821933,0.4734453073454396
cooperate behavior high,1,0,4.757833230821933,0.4734453073454396
mostly free-riders defectors,1,0,4.757833230821933,0.4734453073454396
top peers defectors,1,0,4.757833230821933,0.4734453073454396
institution selfish-institutional strategy,1,0,4.757833230821933,0.4734453073454396
mcpr relatively high,1,0,4.757833230821933,0.4734453073454396
suggest moderate contribution,1,0,4.757833230821933,0.4734453073454396
choose contribute billion,1,0,4.757833230821933,0.4734453073454396
potential benefits cooperate,1,0,4.757833230821933,0.4734453073454396
following cooperate behavior,1,0,4.757833230821933,0.4734453073454396
deviations expected behavior,1,0,4.757833230821933,0.4734453073454396
credibility avoid punishment,1,0,4.757833230821933,0.4734453073454396
considering historical emissions,1,0,4.757833230821933,0.4734453073454396
past trend considering,1,0,4.757833230821933,0.4734453073454396
previous contribution choose,1,0,4.757833230821933,0.4734453073454396
mcpr increase stage,1,0,4.757833230821933,0.4734453073454396
high contributors environment,1,0,4.757833230821933,0.4734453073454396
maintain credibility minimizing,1,0,4.757833230821933,0.4734453073454396
patterns current climate,1,0,4.757833230821933,0.4734453073454396
contributors institution strategy,1,0,4.757833230821933,0.4734453073454396
interests considering mcpr,1,0,4.757833230821933,0.4734453073454396
mcpr contribute moderate,1,0,4.757833230821933,0.4734453073454396
immediate payoff long-term,1,0,4.757833230821933,0.4734453073454396
good deviated norm,1,0,4.757833230821933,0.4734453073454396
low contributor considering,1,0,4.757833230821933,0.4734453073454396
high fiscal capacity,1,0,4.757833230821933,0.4734453073454396
requires contribution significant,1,0,4.757833230821933,0.4734453073454396
previous contribution maintains,1,0,4.757833230821933,0.4734453073454396
contribution total payoff,1,0,4.757833230821933,0.4734453073454396
aligning recent history,1,0,4.757833230821933,0.4734453073454396
institution strategy observed,1,0,4.757833230821933,0.4734453073454396
advantage mcpr contribution,1,0,4.757833230821933,0.4734453073454396
rounds internal beliefs,1,0,4.757833230821933,0.4734453073454396
typical strategy contribute,1,0,4.757833230821933,0.4734453073454396
peer deviations expected,1,0,4.757833230821933,0.4734453073454396
belief peers use,1,0,4.757833230821933,0.4734453073454396
actions considering past,1,0,4.757833230821933,0.4734453073454396
rounds behavior internal,1,0,4.757833230821933,0.4734453073454396
institution high-contributor pattern,1,0,4.757833230821933,0.4734453073454396
group start contribution,1,0,4.757833230821933,0.4734453073454396
maintain credibility cooperate,1,0,4.757833230821933,0.4734453073454396
follows cooperate strategy,1,0,4.757833230821933,0.4734453073454396
payoff contribution historical,1,0,4.757833230821933,0.4734453073454396
reward defectors penalized,1,0,4.757833230821933,0.4734453073454396
amount like recent,1,0,4.757833230821933,0.4734453073454396
institution tendencies choose,1,0,4.757833230821933,0.4734453073454396
good defect free-ride,1,0,4.757833230821933,0.4734453073454396
matching recent contribution,1,0,4.757833230821933,0.4734453073454396
contribution large amount,1,0,4.757833230821933,0.4734453073454396
contribution reward higher,1,0,4.757833230821933,0.4734453073454396
sfi contribution less,1,0,4.757833230821933,0.4734453073454396
contribution balance interests,1,0,4.757833230821933,0.4734453073454396
usd support global,1,0,4.757833230821933,0.4734453073454396
individual gain collective,1,0,4.757833230821933,0.4734453073454396
potential future earnings,1,0,4.757833230821933,0.4734453073454396
room future rounds,1,0,4.757833230821933,0.4734453073454396
institution strategy recent,1,0,4.757833230821933,0.4734453073454396
experience institution group,1,0,4.757833230821933,0.4734453073454396
group average seen,1,0,4.757833230821933,0.4734453073454396
budget mcpr low,1,0,4.757833230821933,0.4734453073454396
strategy institution investment,1,0,4.757833230821933,0.4734453073454396
strategy following cooperate,1,0,4.757833230821933,0.4734453073454396
behavior maximizing cumulative,1,0,4.757833230821933,0.4734453073454396
affects wealth subsequent,1,0,4.757833230821933,0.4734453073454396
institution strategy mcpr,1,0,4.757833230821933,0.4734453073454396
history institution aligns,1,0,4.757833230821933,0.4734453073454396
cooperate considering historical,1,0,4.757833230821933,0.4734453073454396
trends institution typical,1,0,4.757833230821933,0.4734453073454396
contribution multiple peers,1,0,4.757833230821933,0.4734453073454396
previous rounds optimal,1,0,4.757833230821933,0.4734453073454396
typical strategy high,1,0,4.757833230821933,0.4734453073454396
balance self-interest institution,1,0,4.757833230821933,0.4734453073454396
mcpr well internal,1,0,4.757833230821933,0.4734453073454396
strategy cooperate fact,1,0,4.757833230821933,0.4734453073454396
low contribution avoid,1,0,4.757833230821933,0.4734453073454396
payoff contribution large,1,0,4.757833230821933,0.4734453073454396
strategy contribute significant,1,0,4.757833230821933,0.4734453073454396
level balance self-interest,1,0,4.757833230821933,0.4734453073454396
mcpr fact first,1,0,4.757833230821933,0.4734453073454396
previous considering relatively,1,0,4.757833230821933,0.4734453073454396
mcpr contribution emissions,1,0,4.757833230821933,0.4734453073454396
cumulative payoff account,1,0,4.757833230821933,0.4734453073454396
significant amount leveraging,1,0,4.757833230821933,0.4734453073454396
contributors successful sfi,1,0,4.757833230821933,0.4734453073454396
collective emissions reduction,1,0,4.757833230821933,0.4734453073454396
cumulative payoff advantage,1,0,4.757833230821933,0.4734453073454396
amount balances self-interest,1,0,4.757833230821933,0.4734453073454396
strategy considering past,1,0,4.757833230821933,0.4734453073454396
significant portion budget,1,0,4.757833230821933,0.4734453073454396
significantly standard inspection,1,0,4.757833230821933,0.4734453073454396
contribution consistent institution,1,0,4.757833230821933,0.4734453073454396
playing strategy contribution,1,0,4.757833230821933,0.4734453073454396
contribution peers suggest,1,0,4.757833230821933,0.4734453073454396
contribution high contributors,1,0,4.757833230821933,0.4734453073454396
significant amount like,1,0,4.757833230821933,0.4734453073454396
high contributors strategy,1,0,4.757833230821933,0.4734453073454396
high contribution except,1,0,4.757833230821933,0.4734453073454396
players strategy invention,1,0,4.757833230821933,0.4734453073454396
amount maximum level,1,0,4.757833230821933,0.4734453073454396
amount consistent selfish,1,0,4.757833230821933,0.4734453073454396
marginal return consistent,1,0,4.757833230821933,0.4734453073454396
following strict institution,1,0,4.757833230821933,0.4734453073454396
reward defect free-ride,1,0,4.757833230821933,0.4734453073454396
notable deviations average,1,0,4.757833230821933,0.4734453073454396
reward effects choose,1,0,4.757833230821933,0.4734453073454396
contribute average previous,1,0,4.757833230821933,0.4734453073454396
contribution well considering,1,0,4.757833230821933,0.4734453073454396
assess group behavior,1,0,4.757833230821933,0.4734453073454396
cooperate potential long-term,1,0,4.757833230821933,0.4734453073454396
given previous contribution,1,0,4.757833230821933,0.4734453073454396
mcpr potential future,1,0,4.757833230821933,0.4734453073454396
multiple peers negative,1,0,4.757833230821933,0.4734453073454396
emissions reduction aligning,1,0,4.757833230821933,0.4734453073454396
level balancing self-interest,1,0,4.757833230821933,0.4734453073454396
cooperate significant contribution,1,0,4.757833230821933,0.4734453073454396
high mcpr depositing,1,0,4.757833230821933,0.4734453073454396
behavior previous group,1,0,4.757833230821933,0.4734453073454396
aligning recent contribution,1,0,4.757833230821933,0.4734453073454396
contributors defectors use,1,0,4.757833230821933,0.4734453073454396
goal maximizing cumulative,1,0,4.757833230821933,0.4734453073454396
average maintain consistency,1,0,4.757833230821933,0.4734453073454396
consistency avoid seen,1,0,4.757833230821933,0.4734453073454396
potential reward considering,1,0,4.757833230821933,0.4734453073454396
matches past behavior,1,0,4.757833230821933,0.4734453073454396
public goods social,1,0,4.757833230821933,0.4734453073454396
still keeping room,1,0,4.757833230821933,0.4734453073454396
considering mcpr current,1,0,4.757833230821933,0.4734453073454396
group average balance,1,0,4.757833230821933,0.4734453073454396
consistency high-contributor strategy,1,0,4.757833230821933,0.4734453073454396
contributors free-riders penalized,1,0,4.757833230821933,0.4734453073454396
avoid seen low,1,0,4.757833230821933,0.4734453073454396
observed among peers,1,0,4.757833230821933,0.4734453073454396
history maintain credibility,1,0,4.757833230821933,0.4734453073454396
potential future costs,1,0,4.757833230821933,0.4734453073454396
billion balancing self-interest,1,0,4.757833230821933,0.4734453073454396
likely increase payoff,1,0,4.757833230821933,0.4734453073454396
peers high contributors,1,0,4.757833230821933,0.4734453073454396
social identity framework,1,0,4.757833230821933,0.4734453073454396
reward low-contributors penalized,1,0,4.757833230821933,0.4734453073454396
need cooperate developed,1,0,4.757833230821933,0.4734453073454396
budget punishment reward,1,0,4.757833230821933,0.4734453073454396
align high contributors,1,0,4.757833230821933,0.4734453073454396
follow selfish-institution approach,1,0,4.757833230821933,0.4734453073454396
considering mcpr potential,1,0,4.757833230821933,0.4734453073454396
considering institution group,1,0,4.757833230821933,0.4734453073454396
interests institution credibility,1,0,4.757833230821933,0.4734453073454396
tendencies choose contribute,1,0,4.757833230821933,0.4734453073454396
tends follow selfish-institution,1,0,4.757833230821933,0.4734453073454396
following strategy observed,1,0,4.757833230821933,0.4734453073454396
historical contribution internal,1,0,4.757833230821933,0.4734453073454396
within institution tendencies,1,0,4.757833230821933,0.4734453073454396
mcpr need cooperate,1,0,4.757833230821933,0.4734453073454396
cooperate single institution,1,0,4.757833230821933,0.4734453073454396
players follow selfish-institution,1,0,4.757833230821933,0.4734453073454396
contribute maximally emissions,1,0,4.757833230821933,0.4734453073454396
within institution maintains,1,0,4.757833230821933,0.4734453073454396
index importance maintain,1,0,4.757833230821933,0.4734453073454396
avoid negative social,1,0,4.757833230821933,0.4734453073454396
low mcpr free,1,0,4.757833230821933,0.4734453073454396
due high budget,1,0,4.757833230821933,0.4734453073454396
institution high payoffs,1,0,4.757833230821933,0.4734453073454396
considering future stage,1,0,4.757833230821933,0.4734453073454396
self-interest cooperate actions,1,0,4.757833230821933,0.4734453073454396
budget advantage high,1,0,4.757833230821933,0.4734453073454396
self-interest cooperate action,1,0,4.757833230821933,0.4734453073454396
optimal due high,1,0,4.757833230821933,0.4734453073454396
long-term payoff considering,1,0,4.757833230821933,0.4734453073454396
credibility within institution,1,0,4.757833230821933,0.4734453073454396
contribution reward peers,1,0,4.757833230821933,0.4734453073454396
strategy incentive framework,1,0,4.757833230821933,0.4734453073454396
allowed amount beneficial,1,0,4.757833230821933,0.4734453073454396
members choose contribute,1,0,4.757833230821933,0.4734453073454396
peer behavior balancing,1,0,4.757833230821933,0.4734453073454396
maximizes payoff scenario,1,0,4.757833230821933,0.4734453073454396
mcpr group multiplier,1,0,4.757833230821933,0.4734453073454396
leaves vulnerable punishment,1,0,4.757833230821933,0.4734453073454396
peers notable exceptions,1,0,4.757833230821933,0.4734453073454396
credibility balance self-interest,1,0,4.757833230821933,0.4734453073454396
avoid free-riding considering,1,0,4.757833230821933,0.4734453073454396
rounds account institution,1,0,4.757833230821933,0.4734453073454396
previous actions follows,1,0,4.757833230821933,0.4734453073454396
punishment reward effects,1,0,4.757833230821933,0.4734453073454396
reduction considering high,1,0,4.757833230821933,0.4734453073454396
seen free-rider considering,1,0,4.757833230821933,0.4734453073454396
past rounds group,1,0,4.757833230821933,0.4734453073454396
large amount advantage,1,0,4.757833230821933,0.4734453073454396
reputation account institution,1,0,4.757833230821933,0.4734453073454396
contributors sfi defectors,1,0,4.757833230821933,0.4734453073454396
emissions index importance,1,0,4.757833230821933,0.4734453073454396
contribution benefits cooperate,1,0,4.757833230821933,0.4734453073454396
stage budget institution,1,0,4.757833230821933,0.4734453073454396
emissions reduction aligns,1,0,4.757833230821933,0.4734453073454396
institution high historical,1,0,4.757833230821933,0.4734453073454396
strategy contribution maximum,1,0,4.757833230821933,0.4734453073454396
previous rounds institution,1,0,4.757833230821933,0.4734453073454396
contributor advantage mcpr,1,0,4.757833230821933,0.4734453073454396
reputation within institution,1,0,4.757833230821933,0.4734453073454396
contribution consistent peer,1,0,4.757833230821933,0.4734453073454396
high low considering,1,0,4.757833230821933,0.4734453073454396
others low contributors,1,0,4.757833230821933,0.4734453073454396
considering current decision,1,0,4.757833230821933,0.4734453073454396
contribution amount close,1,0,4.757833230821933,0.4734453073454396
free-rider considering institution,1,0,4.757833230821933,0.4734453073454396
group average level,1,0,4.757833230821933,0.4734453073454396
actions follows selfish-institution,1,0,4.757833230821933,0.4734453073454396
cooperate incentives balance,1,0,4.757833230821933,0.4734453073454396
contributors sfi contribution,1,0,4.757833230821933,0.4734453073454396
involvement institution strategy,1,0,4.757833230821933,0.4734453073454396
credibility overburdening ourselves,1,0,4.757833230821933,0.4734453073454396
demonstrate cooperate maximize,1,0,4.757833230821933,0.4734453073454396
following strategy observing,1,0,4.757833230821933,0.4734453073454396
unit contribution historical,1,0,4.757833230821933,0.4734453073454396
relatively high budget,1,0,4.757833230821933,0.4734453073454396
directly affects wealth,1,0,4.757833230821933,0.4734453073454396
wealth considering institution,1,0,4.757833230821933,0.4734453073454396
balances self-interest institution,1,0,4.757833230821933,0.4734453073454396
point maximize cumulative,1,0,4.757833230821933,0.4734453073454396
maximizes payoff close,1,0,4.757833230821933,0.4734453073454396
strategy contribute substantial,1,0,4.757833230821933,0.4734453073454396
observed peers simple,1,0,4.757833230821933,0.4734453073454396
peers except defectors,1,0,4.757833230821933,0.4734453073454396
nearly entire budget,1,0,4.757833230821933,0.4734453073454396
amount beneficial contribute,1,0,4.757833230821933,0.4734453073454396
previous data showing,1,0,4.757833230821933,0.4734453073454396
contribution within budget,1,0,4.757833230821933,0.4734453073454396
contribution members maximize,1,0,4.757833230821933,0.4734453073454396
institution interests considering,1,0,4.757833230821933,0.4734453073454396
balancing short-term costs,1,0,4.757833230821933,0.4734453073454396
contributors selfish-institutional strategy,1,0,4.757833230821933,0.4734453073454396
playing standard institution,1,0,4.757833230821933,0.4734453073454396
observed institution strategies,1,0,4.757833230821933,0.4734453073454396
avoid punishment assess,1,0,4.757833230821933,0.4734453073454396
high historical emissions,1,0,4.757833230821933,0.4734453073454396
fund aligns institution,1,0,4.757833230821933,0.4734453073454396
exhausting budget avoid,1,0,4.757833230821933,0.4734453073454396
contribution mcpr contribute,1,0,4.757833230821933,0.4734453073454396
countries like myself,1,0,4.757833230821933,0.4734453073454396
defectors sfi penalized,1,0,4.757833230821933,0.4734453073454396
others maximize payoff,1,0,4.757833230821933,0.4734453073454396
following institution selfish-institutional,1,0,4.757833230821933,0.4734453073454396
contributors reward defectors,1,0,4.757833230821933,0.4734453073454396
emissions high leaves,1,0,4.757833230821933,0.4734453073454396
high mcpr sufficient,1,0,4.757833230821933,0.4734453073454396
follows selfish-institution strategy,1,0,4.757833230821933,0.4734453073454396
action given internal,1,0,4.757833230821933,0.4734453073454396
substantial amount optimize,1,0,4.757833230821933,0.4734453073454396
data showing cooperate,1,0,4.757833230821933,0.4734453073454396
like myself contribution,1,0,4.757833230821933,0.4734453073454396
aligns past contribution,1,0,4.757833230821933,0.4734453073454396
emissions reduction balancing,1,0,4.757833230821933,0.4734453073454396
reward peers deviate,1,0,4.757833230821933,0.4734453073454396
contribution account high,1,0,4.757833230821933,0.4734453073454396
mostly following low-contributors,1,0,4.757833230821933,0.4734453073454396
amount avoiding overexertion,1,0,4.757833230821933,0.4734453073454396
amount close previous,1,0,4.757833230821933,0.4734453073454396
billion usd support,1,0,4.757833230821933,0.4734453073454396
budget institution strategy,1,0,4.757833230821933,0.4734453073454396
history peer behavior,1,0,4.757833230821933,0.4734453073454396
interests cooperate given,1,0,4.757833230821933,0.4734453073454396
historical contribution past,1,0,4.757833230821933,0.4734453073454396
choosing contribution level,1,0,4.757833230821933,0.4734453073454396
contribute align recent,1,0,4.757833230821933,0.4734453073454396
usd balance between,1,0,4.757833230821933,0.4734453073454396
history cooperate potential,1,0,4.757833230821933,0.4734453073454396
long-term benefits institution,1,0,4.757833230821933,0.4734453073454396
mcpr level optimal,1,0,4.757833230821933,0.4734453073454396
considering previous high,1,0,4.757833230821933,0.4734453073454396
contribute million usd,1,0,4.757833230821933,0.4734453073454396
payoff choosing moderate,1,0,4.757833230821933,0.4734453073454396
significant amount high,1,0,4.757833230821933,0.4734453073454396
current climate damage,1,0,4.757833230821933,0.4734453073454396
peers others contribute,1,0,4.757833230821933,0.4734453073454396
within budget maximize,1,0,4.757833230821933,0.4734453073454396
interests considering past,1,0,4.757833230821933,0.4734453073454396
previous data balancing,1,0,4.757833230821933,0.4734453073454396
peers selfish framework,1,0,4.757833230821933,0.4734453073454396
current mcpr choose,1,0,4.757833230821933,0.4734453073454396
credibility institution typical,1,0,4.757833230821933,0.4734453073454396
stage given directly,1,0,4.757833230821933,0.4734453073454396
contribution public good,1,0,4.757833230821933,0.4734453073454396
strategy considering previous,1,0,4.757833230821933,0.4734453073454396
amount previous considering,1,0,4.757833230821933,0.4734453073454396
increase payoff due,1,0,4.757833230821933,0.4734453073454396
negative social reputation,1,0,4.757833230821933,0.4734453073454396
significant peer deviations,1,0,4.757833230821933,0.4734453073454396
payoff requires starting,1,0,4.757833230821933,0.4734453073454396
previous contribution top,1,0,4.757833230821933,0.4734453073454396
billion global emissions,1,0,4.757833230821933,0.4734453073454396
contributors follow sfi,1,0,4.757833230821933,0.4734453073454396
amount per institution,1,0,4.757833230821933,0.4734453073454396
fictitious interaction sfi,1,0,4.757833230821933,0.4734453073454396
show commitment reducing,1,0,4.757833230821933,0.4734453073454396
maximize mcpr considering,1,0,4.757833230821933,0.4734453073454396
peers following sfi,1,0,4.757833230821933,0.4734453073454396
strategy institution cooperate,1,0,4.757833230821933,0.4734453073454396
likely reward institution,1,0,4.757833230821933,0.4734453073454396
high leaves vulnerable,1,0,4.757833230821933,0.4734453073454396
contribution selfish flocking,1,0,4.757833230821933,0.4734453073454396
follow sfi present,1,0,4.757833230821933,0.4734453073454396
consistency high contributors,1,0,4.757833230821933,0.4734453073454396
choosing contribution close,1,0,4.757833230821933,0.4734453073454396
given current mcpr,1,0,4.757833230821933,0.4734453073454396
beliefs contributors strategy,1,0,4.757833230821933,0.4734453073454396
previous high contributors,1,0,4.757833230821933,0.4734453073454396
mcpr low prior,1,0,4.757833230821933,0.4734453073454396
typical behavior past,1,0,4.757833230821933,0.4734453073454396
considering group historical,1,0,4.757833230821933,0.4734453073454396
budget avoid potential,1,0,4.757833230821933,0.4734453073454396
beneficial contribute average,1,0,4.757833230821933,0.4734453073454396
credibility contributors strategy,1,0,4.757833230821933,0.4734453073454396
follow approach followed,1,0,4.757833230821933,0.4734453073454396
amount demonstrate cooperate,1,0,4.757833230821933,0.4734453073454396
contribution highly others,1,0,4.757833230821933,0.4734453073454396
historical contribution high,1,0,4.757833230821933,0.4734453073454396
peers significantly higher,1,0,4.757833230821933,0.4734453073454396
peers following deviate,1,0,4.757833230821933,0.4734453073454396
peers following except,1,0,4.757833230821933,0.4734453073454396
contributors following strategy,1,0,4.757833230821933,0.4734453073454396
cumulative payoff balance,1,0,4.757833230821933,0.4734453073454396
strategy contribution reward,1,0,4.757833230821933,0.4734453073454396
unlikely follow through,1,0,4.757833230821933,0.4734453073454396
individualism maximize cumulative,1,0,4.757833230821933,0.4734453073454396
mcpr potential reward,1,0,4.757833230821933,0.4734453073454396
average internal beliefs,1,0,4.757833230821933,0.4734453073454396
significant amount exhausting,1,0,4.757833230821933,0.4734453073454396
past contribution internal,1,0,4.757833230821933,0.4734453073454396
amount previous group,1,0,4.757833230821933,0.4734453073454396
mcpr institution strategy,1,0,4.757833230821933,0.4734453073454396
institution reputation cooperate,1,0,4.757833230821933,0.4734453073454396
strategy past contribution,1,0,4.757833230821933,0.4734453073454396
amount maximum balances,1,0,4.757833230821933,0.4734453073454396
balancing mcpr desire,1,0,4.757833230821933,0.4734453073454396
optimal payoff contribute,1,0,4.757833230821933,0.4734453073454396
much possible stage,1,0,4.757833230821933,0.4734453073454396
contribute significantly standard,1,0,4.757833230821933,0.4734453073454396
myself contribution significantly,1,0,4.757833230821933,0.4734453073454396
strategy contribution substantial,1,0,4.757833230821933,0.4734453073454396
contribution avoid punishment,1,0,4.757833230821933,0.4734453073454396
amount given previous,1,0,4.757833230821933,0.4734453073454396
considering mcpr group,1,0,4.757833230821933,0.4734453073454396
given directly affects,1,0,4.757833230821933,0.4734453073454396
contribution past actions,1,0,4.757833230821933,0.4734453073454396
immediate costs long-term,1,0,4.757833230821933,0.4734453073454396
reduction following institution,1,0,4.757833230821933,0.4734453073454396
amount maintain past,1,0,4.757833230821933,0.4734453073454396
strategy incentivized high,1,0,4.757833230821933,0.4734453073454396
contributors simple fair,1,0,4.757833230821933,0.4734453073454396
payoff wasting resources,1,0,4.757833230821933,0.4734453073454396
high contributors maximize,1,0,4.757833230821933,0.4734453073454396
level consistent previous,1,0,4.757833230821933,0.4734453073454396
considering previous average,1,0,4.757833230821933,0.4734453073454396
follow sfi strategies,1,0,4.757833230821933,0.4734453073454396
contribution considering mcpr,1,0,4.757833230821933,0.4734453073454396
recent peers contribution,1,0,4.757833230821933,0.4734453073454396
maximum allowed given,1,0,4.757833230821933,0.4734453073454396
demonstrate cooperate set,1,0,4.757833230821933,0.4734453073454396
strategy contribution similarly,1,0,4.757833230821933,0.4734453073454396
average previous rounds,1,0,4.757833230821933,0.4734453073454396
maximum amount aligns,1,0,4.757833230821933,0.4734453073454396
wealth aligning contribution,1,0,4.757833230821933,0.4734453073454396
environment reward higher,1,0,4.757833230821933,0.4734453073454396
choosing contribution consistent,1,0,4.757833230821933,0.4734453073454396
contribution peers especially,1,0,4.757833230821933,0.4734453073454396
individual payoff collective,1,0,4.757833230821933,0.4734453073454396
payoff given contributors,1,0,4.757833230821933,0.4734453073454396
reputation maximize cumulative,1,0,4.757833230821933,0.4734453073454396
payoff contribution mcpr-maximizing,1,0,4.757833230821933,0.4734453073454396
free endowment contribution,1,0,4.757833230821933,0.4734453073454396
cooperate action given,1,0,4.757833230821933,0.4734453073454396
high-contributors reward low-contributors,1,0,4.757833230821933,0.4734453073454396
allowed budget due,1,0,4.757833230821933,0.4734453073454396
million usd balances,1,0,4.757833230821933,0.4734453073454396
aligning previous rounds,1,0,4.757833230821933,0.4734453073454396
substantial amount staying,1,0,4.757833230821933,0.4734453073454396
set positive example,1,0,4.757833230821933,0.4734453073454396
contribution maximizes payoff,1,0,4.757833230821933,0.4734453073454396
selfish individualism maximize,1,0,4.757833230821933,0.4734453073454396
between sfi strategies,1,0,4.757833230821933,0.4734453073454396
considering mcpr previous-round,1,0,4.757833230821933,0.4734453073454396
contribution public goods,1,0,4.757833230821933,0.4734453073454396
rounds played yet,1,0,4.757833230821933,0.4734453073454396
leveraging past contribution,1,0,4.757833230821933,0.4734453073454396
self-interest cooperate choose,1,0,4.757833230821933,0.4734453073454396
selfish individualism institution,1,0,4.757833230821933,0.4734453073454396
contributors selfless-fi sfi,1,0,4.757833230821933,0.4734453073454396
peers high contribution,1,0,4.757833230821933,0.4734453073454396
capacity considering institution,1,0,4.757833230821933,0.4734453073454396
recent history peer,1,0,4.757833230821933,0.4734453073454396
substantial amount still,1,0,4.757833230821933,0.4734453073454396
institution group start,1,0,4.757833230821933,0.4734453073454396
billion balances self-interest,1,0,4.757833230821933,0.4734453073454396
initial contribution strategic,1,0,4.757833230821933,0.4734453073454396
higher contribution maximizes,1,0,4.757833230821933,0.4734453073454396
account mcpr stage,1,0,4.757833230821933,0.4734453073454396
strategy contribute significantly,1,0,4.757833230821933,0.4734453073454396
individual institution interests,1,0,4.757833230821933,0.4734453073454396
free-riding considering mcpr,1,0,4.757833230821933,0.4734453073454396
peers especially high-contributor,1,0,4.757833230821933,0.4734453073454396
suggest cooperate environment,1,0,4.757833230821933,0.4734453073454396
internal beliefs contributors,1,0,4.757833230821933,0.4734453073454396
significant amount matching,1,0,4.757833230821933,0.4734453073454396
follow institution typical,1,0,4.757833230821933,0.4734453073454396
players strategy iterated,1,0,4.757833230821933,0.4734453073454396
payoff contribution moderate,1,0,4.757833230821933,0.4734453073454396
marginal return rate,1,0,4.757833230821933,0.4734453073454396
level unlikely follow,1,0,4.757833230821933,0.4734453073454396
previous maximizes payoff,1,0,4.757833230821933,0.4734453073454396
due institution high,1,0,4.757833230821933,0.4734453073454396
billion maximize cumulative,1,0,4.757833230821933,0.4734453073454396
approach followed peers,1,0,4.757833230821933,0.4734453073454396
credibility reputation within,1,0,4.757833230821933,0.4734453073454396
strategy inclusion maximizes,1,0,4.757833230821933,0.4734453073454396
maintaining consistency high,1,0,4.757833230821933,0.4734453073454396
need maintain institution,1,0,4.757833230821933,0.4734453073454396
strategy recent peers,1,0,4.757833230821933,0.4734453073454396
historical strategy cooperate,1,0,4.757833230821933,0.4734453073454396
contributors different sfi,1,0,4.757833230821933,0.4734453073454396
mcpr potential benefits,1,0,4.757833230821933,0.4734453073454396
institution peers historical,1,0,4.757833230821933,0.4734453073454396
consistent strategy contribution,1,0,4.757833230821933,0.4734453073454396
past behavior peer,1,0,4.757833230821933,0.4734453073454396
institution group past,1,0,4.757833230821933,0.4734453073454396
wealth contribution nothing,1,0,4.757833230821933,0.4734453073454396
average balance self-interest,1,0,4.757833230821933,0.4734453073454396
considering previous group,1,0,4.757833230821933,0.4734453073454396
institution high-contribution behavior,1,0,4.757833230821933,0.4734453073454396
consistent institution historical,1,0,4.757833230821933,0.4734453073454396
amount align high,1,0,4.757833230821933,0.4734453073454396
starting low contribution,1,0,4.757833230821933,0.4734453073454396
following selfish-institution strategy,1,0,4.757833230821933,0.4734453073454396
average likely reward,1,0,4.757833230821933,0.4734453073454396
credibility cooperate within,1,0,4.757833230821933,0.4734453073454396
contribution different institution,1,0,4.757833230821933,0.4734453073454396
past peer behavior,1,0,4.757833230821933,0.4734453073454396
rounds maintain credibility,1,0,4.757833230821933,0.4734453073454396
credibility institution stability,1,0,4.757833230821933,0.4734453073454396
self-interest cooperate pressure,1,0,4.757833230821933,0.4734453073454396
amount increase stage,1,0,4.757833230821933,0.4734453073454396
peers contribution maintaining,1,0,4.757833230821933,0.4734453073454396
seen cooperate increase,1,0,4.757833230821933,0.4734453073454396
contributors mostly framework,1,0,4.757833230821933,0.4734453073454396
selfless-framework-institutional sfi environment,1,0,4.757833230821933,0.4734453073454396
contributors recent institution,1,0,4.757833230821933,0.4734453073454396
group average internal,1,0,4.757833230821933,0.4734453073454396
considering relatively high,1,0,4.757833230821933,0.4734453073454396
past behavior given,1,0,4.757833230821933,0.4734453073454396
contributors maximize payoff,1,0,4.757833230821933,0.4734453073454396
strategy contribute small,1,0,4.757833230821933,0.4734453073454396
maintain credibility overburdening,1,0,4.757833230821933,0.4734453073454396
choices indicate consistent,1,0,4.757833230821933,0.4734453073454396
high contributors likely,1,0,4.757833230821933,0.4734453073454396
payoff maintaining consistency,1,0,4.757833230821933,0.4734453073454396
strategy contribute level,1,0,4.757833230821933,0.4734453073454396
country institution tends,1,0,4.757833230821933,0.4734453073454396
group stability considering,1,0,4.757833230821933,0.4734453073454396
strategy peer contribution,1,0,4.757833230821933,0.4734453073454396
recent trend considering,1,0,4.757833230821933,0.4734453073454396
institution typically contributes,1,0,4.757833230821933,0.4734453073454396
institution overall behavior,1,0,4.757833230821933,0.4734453073454396
commitment reducing emissions,1,0,4.757833230821933,0.4734453073454396
given current decision,1,0,4.757833230821933,0.4734453073454396
past rounds trends,1,0,4.757833230821933,0.4734453073454396
long-term credibility choose,1,0,4.757833230821933,0.4734453073454396
pressure high contributors,1,0,4.757833230821933,0.4734453073454396
institution tendencies historical,1,0,4.757833230821933,0.4734453073454396
low contribution different,1,0,4.757833230821933,0.4734453073454396
usd consistent previous,1,0,4.757833230821933,0.4734453073454396
inclusion maximizes cumulative,1,0,4.757833230821933,0.4734453073454396
maintain consistent level,1,0,4.757833230821933,0.4734453073454396
contribution members justify,1,0,4.757833230821933,0.4734453073454396
optimal interests given,1,0,4.757833230821933,0.4734453073454396
supporting emissions reduction,1,0,4.757833230821933,0.4734453073454396
high-contributor optimal follow,1,0,4.757833230821933,0.4734453073454396
cooperate self-interest choose,1,0,4.757833230821933,0.4734453073454396
internal beliefs aiming,1,0,4.757833230821933,0.4734453073454396
typical behavior high,1,0,4.757833230821933,0.4734453073454396
entire budget advantage,1,0,4.757833230821933,0.4734453073454396
requires contribution much,1,0,4.757833230821933,0.4734453073454396
found institution low,1,0,4.757833230821933,0.4734453073454396
patterns within institution,1,0,4.757833230821933,0.4734453073454396
likely trustworthy low,1,0,4.757833230821933,0.4734453073454396
contribution significant portion,1,0,4.757833230821933,0.4734453073454396
consistency avoid perceived,1,0,4.757833230821933,0.4734453073454396
average contribution choosing,1,0,4.757833230821933,0.4734453073454396
maintain long-run climate,1,0,4.757833230821933,0.4734453073454396
decision card mcpr,1,0,4.757833230821933,0.4734453073454396
taken advantage free-riders,1,0,4.757833230821933,0.4734453073454396
payoff moderate contribution,1,0,4.757833230821933,0.4734453073454396
contributors prevalent deviate,1,0,4.757833230821933,0.4734453073454396
considering self-interest institution,1,0,4.757833230821933,0.4734453073454396
significantly seen previous,1,0,4.757833230821933,0.4734453073454396
amount close group,1,0,4.757833230821933,0.4734453073454396
developed countries like,1,0,4.757833230821933,0.4734453073454396
subsequent budget stage,1,0,4.757833230821933,0.4734453073454396
average previous maximizes,1,0,4.757833230821933,0.4734453073454396
endowment contribution nothing,1,0,4.757833230821933,0.4734453073454396
stage directly wealth,1,0,4.757833230821933,0.4734453073454396
players choose between,1,0,4.757833230821933,0.4734453073454396
current stage mcpr,1,0,4.757833230821933,0.4734453073454396
maintain credibility given,1,0,4.757833230821933,0.4734453073454396
contribute moderately global,1,0,4.757833230821933,0.4734453073454396
peers behavior marginal,1,0,4.757833230821933,0.4734453073454396
billion institution typical,1,0,4.757833230821933,0.4734453073454396
selfish-institutional strategy choose,1,0,4.757833230821933,0.4734453073454396
contribution maintains consistency,1,0,4.757833230821933,0.4734453073454396
peer data choose,1,0,4.757833230821933,0.4734453073454396
significantly except defectors,1,0,4.757833230821933,0.4734453073454396
strategy benefits contribution,1,0,4.757833230821933,0.4734453073454396
tendencies historical contribution,1,0,4.757833230821933,0.4734453073454396
potential long-term benefits,1,0,4.757833230821933,0.4734453073454396
contribute billion balancing,1,0,4.757833230821933,0.4734453073454396
reduction aligning institution,1,0,4.757833230821933,0.4734453073454396
contributors follow strict,1,0,4.757833230821933,0.4734453073454396
maximum allowed account,1,0,4.757833230821933,0.4734453073454396
billion usd balances,1,0,4.757833230821933,0.4734453073454396
typically follows cooperate,1,0,4.757833230821933,0.4734453073454396
deviated expected behavior,1,0,4.757833230821933,0.4734453073454396
contribute billion global,1,0,4.757833230821933,0.4734453073454396
high contribution matches,1,0,4.757833230821933,0.4734453073454396
strategy observed contributors,1,0,4.757833230821933,0.4734453073454396
peer behavior choose,1,0,4.757833230821933,0.4734453073454396
maximizes payoff considering,1,0,4.757833230821933,0.4734453073454396
incentives balance self-interest,1,0,4.757833230821933,0.4734453073454396
strategy follow selfish-institution,1,0,4.757833230821933,0.4734453073454396
budget due institution,1,0,4.757833230821933,0.4734453073454396
institution strategy inclusion,1,0,4.757833230821933,0.4734453073454396
low prior experience,1,0,4.757833230821933,0.4734453073454396
emphasizes cooperate high,1,0,4.757833230821933,0.4734453073454396
cooperate maintain institution,1,0,4.757833230821933,0.4734453073454396
level aligning institution,1,0,4.757833230821933,0.4734453073454396
typical strategy selfish,1,0,4.757833230821933,0.4734453073454396
average contribution mcpr,1,0,4.757833230821933,0.4734453073454396
fact high contributors,1,0,4.757833230821933,0.4734453073454396
balances cooperate self-interest,1,0,4.757833230821933,0.4734453073454396
example others maximize,1,0,4.757833230821933,0.4734453073454396
follows strategy high,1,0,4.757833230821933,0.4734453073454396
contribution matches past,1,0,4.757833230821933,0.4734453073454396
shift towards cooperate,1,0,4.757833230821933,0.4734453073454396
institution maintains balance,1,0,4.757833230821933,0.4734453073454396
increase chances receiving,1,0,4.757833230821933,0.4734453073454396
contribution maximize mcpr,1,0,4.757833230821933,0.4734453073454396
contribution peers selfish-institution,1,0,4.757833230821933,0.4734453073454396
peers negative payoff,1,0,4.757833230821933,0.4734453073454396
maximally high mcpr,1,0,4.757833230821933,0.4734453073454396
internal beliefs suggest,1,0,4.757833230821933,0.4734453073454396
contribution current stage,1,0,4.757833230821933,0.4734453073454396
individualism high marginal,1,0,4.757833230821933,0.4734453073454396
contribution mcpr low,1,0,4.757833230821933,0.4734453073454396
beliefs peers follow,1,0,4.757833230821933,0.4734453073454396
contribution peer selfish,1,0,4.757833230821933,0.4734453073454396
peers follow standard,1,0,4.757833230821933,0.4734453073454396
significantly except institution,1,0,4.757833230821933,0.4734453073454396
institution reward higher,1,0,4.757833230821933,0.4734453073454396
maintains consistency high-contributor,1,0,4.757833230821933,0.4734453073454396
contributor considering contributors,1,0,4.757833230821933,0.4734453073454396
following selfish-institutional strategy,1,0,4.757833230821933,0.4734453073454396
contributors follow standard,1,0,4.757833230821933,0.4734453073454396
contribution patterns within,1,0,4.757833230821933,0.4734453073454396
choices allows balance,1,0,4.757833230821933,0.4734453073454396
prevalent deviate low,1,0,4.757833230821933,0.4734453073454396
peer selfish framework,1,0,4.757833230821933,0.4734453073454396
cumulative payoff matching,1,0,4.757833230821933,0.4734453073454396
billion usd aligning,1,0,4.757833230821933,0.4734453073454396
behavior peer observations,1,0,4.757833230821933,0.4734453073454396
high average contribution,1,0,4.757833230821933,0.4734453073454396
costs long-term payoff,1,0,4.757833230821933,0.4734453073454396
observed contributors institution,1,0,4.757833230821933,0.4734453073454396
avoid taken advantage,1,0,4.757833230821933,0.4734453073454396
mcpr current decision,1,0,4.757833230821933,0.4734453073454396
contribution reward exploit,1,0,4.757833230821933,0.4734453073454396
institution strategy following,1,0,4.757833230821933,0.4734453073454396
behavior choose moderate,1,0,4.757833230821933,0.4734453073454396
balance interests institution,1,0,4.757833230821933,0.4734453073454396
emissions earn reward,1,0,4.757833230821933,0.4734453073454396
previous amount maintain,1,0,4.757833230821933,0.4734453073454396
observed peers high,1,0,4.757833230821933,0.4734453073454396
maximum balances self-interest,1,0,4.757833230821933,0.4734453073454396
indicate cooperate environment,1,0,4.757833230821933,0.4734453073454396
contribution amount balances,1,0,4.757833230821933,0.4734453073454396
portion budget considering,1,0,4.757833230821933,0.4734453073454396
reduction fund aligns,1,0,4.757833230821933,0.4734453073454396
contribution billion maximize,1,0,4.757833230821933,0.4734453073454396
previous contribution maintaining,1,0,4.757833230821933,0.4734453073454396
chances receiving aid,1,0,4.757833230821933,0.4734453073454396
maintains consistent level,1,0,4.757833230821933,0.4734453073454396
strategy follow pattern,1,0,4.757833230821933,0.4734453073454396
payoff account peer,1,0,4.757833230821933,0.4734453073454396
mcpr high contribution,1,0,4.757833230821933,0.4734453073454396
peers indicate shift,1,0,4.757833230821933,0.4734453073454396
previous contribution contribution,1,0,4.757833230821933,0.4734453073454396
credibility avoid negative,1,0,4.757833230821933,0.4734453073454396
peers notable deviations,1,0,4.757833230821933,0.4734453073454396
peer behavior current,1,0,4.757833230821933,0.4734453073454396
maintain credibility per,1,0,4.757833230821933,0.4734453073454396
contribution others show,1,0,4.757833230821933,0.4734453073454396
contribution optimal due,1,0,4.757833230821933,0.4734453073454396
contribution roughly consistent,1,0,4.757833230821933,0.4734453073454396
institution history peer,1,0,4.757833230821933,0.4734453073454396
given high fiscal,1,0,4.757833230821933,0.4734453073454396
contribution optimal payoff,1,0,4.757833230821933,0.4734453073454396
set example cooperate,1,0,4.757833230821933,0.4734453073454396
observing peers high,1,0,4.757833230821933,0.4734453073454396
follows historical contribution,1,0,4.757833230821933,0.4734453073454396
considering past patterns,1,0,4.757833230821933,0.4734453073454396
contributors emerging group,1,0,4.757833230821933,0.4734453073454396
behavior balancing mcpr,1,0,4.757833230821933,0.4734453073454396
institution high average,1,0,4.757833230821933,0.4734453073454396
seen low contributor,1,0,4.757833230821933,0.4734453073454396
previous maintain cooperate,1,0,4.757833230821933,0.4734453073454396
punishment assess group,1,0,4.757833230821933,0.4734453073454396
typical strategy previous,1,0,4.757833230821933,0.4734453073454396
fund aligning institution,1,0,4.757833230821933,0.4734453073454396
given current wealth,1,0,4.757833230821933,0.4734453073454396
high contribution benefits,1,0,4.757833230821933,0.4734453073454396
previous contribution pattern,1,0,4.757833230821933,0.4734453073454396
budget considering current,1,0,4.757833230821933,0.4734453073454396
beliefs peers behavior,1,0,4.757833230821933,0.4734453073454396
significant amount optimize,1,0,4.757833230821933,0.4734453073454396
credibility align past,1,0,4.757833230821933,0.4734453073454396
reward exploit system,1,0,4.757833230821933,0.4734453073454396
payoff contribute maximum,1,0,4.757833230821933,0.4734453073454396
maximize payoff supporting,1,0,4.757833230821933,0.4734453073454396
high payoffs exploit,1,0,4.757833230821933,0.4734453073454396
mcpr stage budget,1,0,4.757833230821933,0.4734453073454396
between individual gain,1,0,4.757833230821933,0.4734453073454396
observed rounds 1-11,1,0,4.757833230821933,0.4734453073454396
funding stage directly,1,0,4.757833230821933,0.4734453073454396
history previous contribution,1,0,4.757833230821933,0.4734453073454396
contribution mcpr-maximizing level,1,0,4.757833230821933,0.4734453073454396
except defectors free-riders,1,0,4.757833230821933,0.4734453073454396
individualism strategy contribution,1,0,4.757833230821933,0.4734453073454396
considering mcpr high,1,0,4.757833230821933,0.4734453073454396
consistent institution cooperate,1,0,4.757833230821933,0.4734453073454396
depositing ldf pool,1,0,4.757833230821933,0.4734453073454396
selfish individualism high,1,0,4.757833230821933,0.4734453073454396
strategy historical peer,1,0,4.757833230821933,0.4734453073454396
contribution significantly public,1,0,4.757833230821933,0.4734453073454396
contribute maximally high,1,0,4.757833230821933,0.4734453073454396
maximizes payoff mcpr,1,0,4.757833230821933,0.4734453073454396
selfish-institutional strategy emphasizes,1,0,4.757833230821933,0.4734453073454396
significantly previous rounds,1,0,4.757833230821933,0.4734453073454396
contributors strategy contribution,1,0,4.757833230821933,0.4734453073454396
beliefs aiming balance,1,0,4.757833230821933,0.4734453073454396
peers free-riding detected,1,0,4.757833230821933,0.4734453073454396
institution history previous,1,0,4.757833230821933,0.4734453073454396
previous choices allows,1,0,4.757833230821933,0.4734453073454396
mcpr peer data,1,0,4.757833230821933,0.4734453073454396
observed previous rounds,1,0,4.757833230821933,0.4734453073454396
institution aligns self-interested,1,0,4.757833230821933,0.4734453073454396
level similar recent,1,0,4.757833230821933,0.4734453073454396
payoff balance self-interest,1,0,4.757833230821933,0.4734453073454396
low considering internal,1,0,4.757833230821933,0.4734453073454396
well internal belief,1,0,4.757833230821933,0.4734453073454396
cooperate high contribution,1,0,4.757833230821933,0.4734453073454396
allows balance between,1,0,4.757833230821933,0.4734453073454396
individualism strategy contribute,1,0,4.757833230821933,0.4734453073454396
cumulative payoff moderate,1,0,4.757833230821933,0.4734453073454396
significantly public goods,1,0,4.757833230821933,0.4734453073454396
similar recent history,1,0,4.757833230821933,0.4734453073454396
cumulative payoff maintain,1,0,4.757833230821933,0.4734453073454396
consistent previous choices,1,0,4.757833230821933,0.4734453073454396
cooperate current peer,1,0,4.757833230821933,0.4734453073454396
consistent level effort,1,0,4.757833230821933,0.4734453073454396
large wealth considering,1,0,4.757833230821933,0.4734453073454396
others moderate contribution,1,0,4.757833230821933,0.4734453073454396
high contributors stand,1,0,4.757833230821933,0.4734453073454396
maximum allowed budget,1,0,4.757833230821933,0.4734453073454396
significant amount aligning,1,0,4.757833230821933,0.4734453073454396
payoff due marginal,1,0,4.757833230821933,0.4734453073454396
balances self-interest need,1,0,4.757833230821933,0.4734453073454396
contribution maintaining high,1,0,4.757833230821933,0.4734453073454396
developed country following,1,0,4.757833230821933,0.4734453073454396
institution tends follow,1,0,4.757833230821933,0.4734453073454396
contributors come sfi,1,0,4.757833230821933,0.4734453073454396
contributors institution reward,1,0,4.757833230821933,0.4734453073454396
self-interest choose contribute,1,0,4.757833230821933,0.4734453073454396
amount account mcpr,1,0,4.757833230821933,0.4734453073454396
contribution aligns previous,1,0,4.757833230821933,0.4734453073454396
per declared strategy,1,0,4.757833230821933,0.4734453073454396
allowed amount increase,1,0,4.757833230821933,0.4734453073454396
level optimal interests,1,0,4.757833230821933,0.4734453073454396
selfish individualism historical,1,0,4.757833230821933,0.4734453073454396
return contribution low,1,0,4.757833230821933,0.4734453073454396
payoff maintain credibility,1,0,4.757833230821933,0.4734453073454396
short-term costs long-term,1,0,4.757833230821933,0.4734453073454396
costs long-term benefits,1,0,4.757833230821933,0.4734453073454396
mcpr level maximize,1,0,4.757833230821933,0.4734453073454396
previous contribution high,1,0,4.757833230821933,0.4734453073454396
cooperate strategy contribute,1,0,4.757833230821933,0.4734453073454396
strategy involvement institution,1,0,4.757833230821933,0.4734453073454396
payoff close previous,1,0,4.757833230821933,0.4734453073454396
past contribution fact,1,0,4.757833230821933,0.4734453073454396
strategy contribution public,1,0,4.757833230821933,0.4734453073454396
contributors likely trustworthy,1,0,4.757833230821933,0.4734453073454396
follows institution strategy,1,0,4.757833230821933,0.4734453073454396
amount high low,1,0,4.757833230821933,0.4734453073454396
average contribution internal,1,0,4.757833230821933,0.4734453073454396
contribution much possible,1,0,4.757833230821933,0.4734453073454396
behavior current decision,1,0,4.757833230821933,0.4734453073454396
country institution typically,1,0,4.757833230821933,0.4734453073454396
aligns previous actions,1,0,4.757833230821933,0.4734453073454396
payoff contribute level,1,0,4.757833230821933,0.4734453073454396
self-interest need demonstrate,1,0,4.757833230821933,0.4734453073454396
fiscal capacity historically,1,0,4.757833230821933,0.4734453073454396
self-interest cooperate within,1,0,4.757833230821933,0.4734453073454396
group historical emissions,1,0,4.757833230821933,0.4734453073454396
credibility following institution,1,0,4.757833230821933,0.4734453073454396
contribution choosing contribution,1,0,4.757833230821933,0.4734453073454396
previous rounds maintain,1,0,4.757833230821933,0.4734453073454396
strategy high mcpr,1,0,4.757833230821933,0.4734453073454396
roughly consistent previous,1,0,4.757833230821933,0.4734453073454396
prior experience exploring,1,0,4.757833230821933,0.4734453073454396
contribution selfless-framework-institutional sfi,1,0,4.757833230821933,0.4734453073454396
behavior peer data,1,0,4.757833230821933,0.4734453073454396
near maximum allowed,1,0,4.757833230821933,0.4734453073454396
historical high considering,1,0,4.757833230821933,0.4734453073454396
trends institution high-contribution,1,0,4.757833230821933,0.4734453073454396
peer behavior maximizing,1,0,4.757833230821933,0.4734453073454396
behavior maximizes payoff,1,0,4.757833230821933,0.4734453073454396
unit contribution optimal,1,0,4.757833230821933,0.4734453073454396
reward considering punishment,1,0,4.757833230821933,0.4734453073454396
reduce emissions earn,1,0,4.757833230821933,0.4734453073454396
past contribution peer,1,0,4.757833230821933,0.4734453073454396
data balancing short-term,1,0,4.757833230821933,0.4734453073454396
balances individual self-interest,1,0,4.757833230821933,0.4734453073454396
beliefs contribute substantial,1,0,4.757833230821933,0.4734453073454396
account mcpr previous,1,0,4.757833230821933,0.4734453073454396
behavior past contribution,1,0,4.757833230821933,0.4734453073454396
significant amount avoiding,1,0,4.757833230821933,0.4734453073454396
contribution peer different,1,0,4.757833230821933,0.4734453073454396
contribute billion maximize,1,0,4.757833230821933,0.4734453073454396
self-interest cooperate credibility,1,0,4.757833230821933,0.4734453073454396
emissions maintain credibility,1,0,4.757833230821933,0.4734453073454396
collective effort considering,1,0,4.757833230821933,0.4734453073454396
credibility per institution,1,0,4.757833230821933,0.4734453073454396
payoff following selfish-institutional,1,0,4.757833230821933,0.4734453073454396
flocking institution sfi,1,0,4.757833230821933,0.4734453073454396
maintain credibility long-run,1,0,4.757833230821933,0.4734453073454396
rounds high contribution,1,0,4.757833230821933,0.4734453073454396
cooperate behavior given,1,0,4.757833230821933,0.4734453073454396
member contribution moderate,1,0,4.757833230821933,0.4734453073454396
contribution historical emissions,1,0,4.757833230821933,0.4734453073454396
contribute nothing avoid,1,0,4.757833230821933,0.4734453073454396
payoff maintaining cooperate,1,0,4.757833230821933,0.4734453073454396
mostly strategy high,1,0,4.757833230821933,0.4734453073454396
strategy invention approach,1,0,4.757833230821933,0.4734453073454396
except defectors sfi,1,0,4.757833230821933,0.4734453073454396
members maximize cumulative,1,0,4.757833230821933,0.4734453073454396
payoff following institution,1,0,4.757833230821933,0.4734453073454396
amount aligning previous,1,0,4.757833230821933,0.4734453073454396
low contributors different,1,0,4.757833230821933,0.4734453073454396
public good deviated,1,0,4.757833230821933,0.4734453073454396
wealth free endowment,1,0,4.757833230821933,0.4734453073454396
maintaining consistency institution,1,0,4.757833230821933,0.4734453073454396
million institution historical,1,0,4.757833230821933,0.4734453073454396
amount matching recent,1,0,4.757833230821933,0.4734453073454396
cumulative payoff per,1,0,4.757833230821933,0.4734453073454396
payoff considering past,1,0,4.757833230821933,0.4734453073454396
considering contributors strategy,1,0,4.757833230821933,0.4734453073454396
receiving aid packages,1,0,4.757833230821933,0.4734453073454396
moderate contribution consistent,1,0,4.757833230821933,0.4734453073454396
strategy follow approach,1,0,4.757833230821933,0.4734453073454396
country institution high,1,0,4.757833230821933,0.4734453073454396
contribution likely increase,1,0,4.757833230821933,0.4734453073454396
use strategy iterated,1,0,4.757833230821933,0.4734453073454396
average contribution marginal,1,0,4.757833230821933,0.4734453073454396
individualism historical contribution,1,0,4.757833230821933,0.4734453073454396
significant reward effect,1,0,4.757833230821933,0.4734453073454396
deviate low contribution,1,0,4.757833230821933,0.4734453073454396
group average likely,1,0,4.757833230821933,0.4734453073454396
institution strategy consistent,1,0,4.757833230821933,0.4734453073454396
level similar peers,1,0,4.757833230821933,0.4734453073454396
strategy considering recent,1,0,4.757833230821933,0.4734453073454396
contribution peers peers,1,0,4.757833230821933,0.4734453073454396
following institution high-contributor,1,0,4.757833230821933,0.4734453073454396
behavior account high,1,0,4.757833230821933,0.4734453073454396
previous rounds internal,1,0,4.757833230821933,0.4734453073454396
aligning past behavior,1,0,4.757833230821933,0.4734453073454396
choices maintains consistent,1,0,4.757833230821933,0.4734453073454396
payoff contribute nothing,1,0,4.757833230821933,0.4734453073454396
cumulative payoff peers,1,0,4.757833230821933,0.4734453073454396
considering mcpr fact,1,0,4.757833230821933,0.4734453073454396
contribution fact institution,1,0,4.757833230821933,0.4734453073454396
peers sfi associated,1,0,4.757833230821933,0.4734453073454396
cooperate fact high,1,0,4.757833230821933,0.4734453073454396
mix cooperate self-interested,1,0,4.757833230821933,0.4734453073454396
contribution significantly previous,1,0,4.757833230821933,0.4734453073454396
contribution reward defect,1,0,4.757833230821933,0.4734453073454396
maximum contribution optimal,1,0,4.757833230821933,0.4734453073454396
mcpr wealth aligning,1,0,4.757833230821933,0.4734453073454396
internal beliefs considering,1,0,4.757833230821933,0.4734453073454396
nothing avoid taken,1,0,4.757833230821933,0.4734453073454396
typical high mcpr,1,0,4.757833230821933,0.4734453073454396
payoff collective emissions,1,0,4.757833230821933,0.4734453073454396
balances between self-interest,1,0,4.757833230821933,0.4734453073454396
institution historical cooperate,1,0,4.757833230821933,0.4734453073454396
level maximize cumulative,1,0,4.757833230821933,0.4734453073454396
balance individual self-interest,1,0,4.757833230821933,0.4734453073454396
historical contribution maximize,1,0,4.757833230821933,0.4734453073454396
billion high mcpr,1,0,4.757833230821933,0.4734453073454396
choose between sfi,1,0,4.757833230821933,0.4734453073454396
usd aligning past,1,0,4.757833230821933,0.4734453073454396
amount considering mcpr,1,0,4.757833230821933,0.4734453073454396
billion institution strategy,1,0,4.757833230821933,0.4734453073454396
billion moderate amount,1,0,4.757833230821933,0.4734453073454396
amount matching peers,1,0,4.757833230821933,0.4734453073454396
between immediate payoff,1,0,4.757833230821933,0.4734453073454396
credibility reputation account,1,0,4.757833230821933,0.4734453073454396
experience exploring options,1,0,4.757833230821933,0.4734453073454396
use strategy inference,1,0,4.757833230821933,0.4734453073454396
amount still keeping,1,0,4.757833230821933,0.4734453073454396
cooperate developed countries,1,0,4.757833230821933,0.4734453073454396
consistent previous contribution,1,0,4.757833230821933,0.4734453073454396
peers selfish-institution strategy,1,0,4.757833230821933,0.4734453073454396
payoff per declared,1,0,4.757833230821933,0.4734453073454396
low contribution selfless-framework-institutional,1,0,4.757833230821933,0.4734453073454396
medium contribution balance,1,0,4.757833230821933,0.4734453073454396
beliefs considering self-interest,1,0,4.757833230821933,0.4734453073454396
following strategy considering,1,0,4.757833230821933,0.4734453073454396
institution reputation maximize,1,0,4.757833230821933,0.4734453073454396
high contribution multiple,1,0,4.757833230821933,0.4734453073454396
mcpr maintain institution,1,0,4.757833230821933,0.4734453073454396
contribute nothing initially,1,0,4.757833230821933,0.4734453073454396
selfish framework incentivization,1,0,4.757833230821933,0.4734453073454396
towards cooperate behavior,1,0,4.757833230821933,0.4734453073454396
interests given current,1,0,4.757833230821933,0.4734453073454396
institution credibility balance,1,0,4.757833230821933,0.4734453073454396
high mcpr maintain,1,0,4.757833230821933,0.4734453073454396
institution typical cooperate,1,0,4.757833230821933,0.4734453073454396
contribute billion balances,1,0,4.757833230821933,0.4734453073454396
contribution near maximum,1,0,4.757833230821933,0.4734453073454396
goods social identity,1,0,4.757833230821933,0.4734453073454396
given contributors institution,1,0,4.757833230821933,0.4734453073454396
significant contribution aligns,1,0,4.757833230821933,0.4734453073454396
chosen contribute amount,1,0,4.757833230821933,0.4734453073454396
top peers sfi,1,0,4.757833230821933,0.4734453073454396
contribution observed rounds,1,0,4.757833230821933,0.4734453073454396
followed peers choose,1,0,4.757833230821933,0.4734453073454396
matching peers contribution,1,0,4.757833230821933,0.4734453073454396
maintain credibility following,1,0,4.757833230821933,0.4734453073454396
strategy consistent past,1,0,4.757833230821933,0.4734453073454396
contribution received payoff,1,0,4.757833230821933,0.4734453073454396
contribution close group,1,0,4.757833230821933,0.4734453073454396
maximizes payoff wasting,1,0,4.757833230821933,0.4734453073454396
threshold considering previous,1,0,4.757833230821933,0.4734453073454396
amount balancing between,1,0,4.757833230821933,0.4734453073454396
high mcpr need,1,0,4.757833230821933,0.4734453073454396
behavior marginal return,1,0,4.757833230821933,0.4734453073454396
aligns recent choices,1,0,4.757833230821933,0.4734453073454396
contributors free-riders identified,1,0,4.757833230821933,0.4734453073454396
institution typical high,1,0,4.757833230821933,0.4734453073454396
historical strategy benefits,1,0,4.757833230821933,0.4734453073454396
contribution mcpr contribution,1,0,4.757833230821933,0.4734453073454396
historical strategy previous,1,0,4.757833230821933,0.4734453073454396
past contribution maintains,1,0,4.757833230821933,0.4734453073454396
significantly others contribute,1,0,4.757833230821933,0.4734453073454396
beliefs past peer,1,0,4.757833230821933,0.4734453073454396
institution strategy contributors,1,0,4.757833230821933,0.4734453073454396
previous contribution maximizes,1,0,4.757833230821933,0.4734453073454396
cooperate pressure high,1,0,4.757833230821933,0.4734453073454396
contributors strategy involvement,1,0,4.757833230821933,0.4734453073454396
moderately global emissions,1,0,4.757833230821933,0.4734453073454396
level considering mcpr,1,0,4.757833230821933,0.4734453073454396
high contributor advantage,1,0,4.757833230821933,0.4734453073454396
goal maximizing payoff,1,0,4.757833230821933,0.4734453073454396
low contributors simple,1,0,4.757833230821933,0.4734453073454396
strategy contributors framework,1,0,4.757833230821933,0.4734453073454396
amount considering future,1,0,4.757833230821933,0.4734453073454396
moderate amount institution,8,8,0.14272223321972177,0.285622813514913
considering previous contribution,6,6,0.1426826627650044,0.24733948021374283
sfi contribute little,5,5,0.14266288577878683,0.22579528547275207
contribution peers except,4,4,0.14264311428360266,0.20197982917933285
maximizes cumulative payoff,4,4,0.14264311428360266,0.20197982917933285
mcpr choose contribute,4,4,0.14264311428360266,0.20197982917933285
contribution peers low,13,14,0.06863909022910342,0.17827340606998504
significant amount maintain,3,3,0.14262334827716572,0.1749681008299899
low contribution peers,3,3,0.14262334827716572,0.1749681008299899
high-contributors mostly low-contributors,3,3,0.14262334827716572,0.1749681008299899
high mcpr choose,3,3,0.14262334827716572,0.1749681008299899
institution history cooperate,3,3,0.14262334827716572,0.1749681008299899
high contribution others,3,3,0.14262334827716572,0.1749681008299899
consistent institution strategy,2,2,0.1426035877571863,0.14295965220098864
contributors sfi high,2,2,0.1426035877571863,0.14295965220098864
mcpr past contribution,2,2,0.1426035877571863,0.14295965220098864
contribution institution tendencies,2,2,0.1426035877571863,0.14295965220098864
recent history considering,2,2,0.1426035877571863,0.14295965220098864
contribution balance individual,2,2,0.1426035877571863,0.14295965220098864
institution strategy high,2,2,0.1426035877571863,0.14295965220098864
found sfi institution,2,2,0.1426035877571863,0.14295965220098864
past contribution institution,2,2,0.1426035877571863,0.14295965220098864
high mcpr large,2,2,0.1426035877571863,0.14295965220098864
nothing maximize payoff,2,2,0.1426035877571863,0.14295965220098864
past behavior maximize,2,2,0.1426035877571863,0.14295965220098864
contribution significantly others,2,2,0.1426035877571863,0.14295965220098864
considering internal beliefs,2,2,0.1426035877571863,0.14295965220098864
high contributors prevalent,2,2,0.1426035877571863,0.14295965220098864
previous average contribution,2,2,0.1426035877571863,0.14295965220098864
average contribution institution,2,2,0.1426035877571863,0.14295965220098864
contribution maximum amount,2,2,0.1426035877571863,0.14295965220098864
amount consistent past,2,2,0.1426035877571863,0.14295965220098864
institution others contribute,2,2,0.1426035877571863,0.14295965220098864
considering marginal return,2,2,0.1426035877571863,0.14295965220098864
maximum allowed amount,2,2,0.1426035877571863,0.14295965220098864
relatively low marginal,1,1,0.14258383272137642,0.10132485096720505
typical behavior mcpr,1,1,0.14258383272137642,0.10132485096720505
considering high marginal,1,1,0.14258383272137642,0.10132485096720505
account previous contribution,1,1,0.14258383272137642,0.10132485096720505
average maximizes payoff,1,1,0.14258383272137642,0.10132485096720505
contribution current budget,1,1,0.14258383272137642,0.10132485096720505
contribution others low,1,1,0.14258383272137642,0.10132485096720505
contribution high level,1,1,0.14258383272137642,0.10132485096720505
contribution maximizes cumulative,1,1,0.14258383272137642,0.10132485096720505
payoff considering previous,1,1,0.14258383272137642,0.10132485096720505
moderate amount seen,1,1,0.14258383272137642,0.10132485096720505
contribution members choose,1,1,0.14258383272137642,0.10132485096720505
considering previous data,1,1,0.14258383272137642,0.10132485096720505
previous contribution institution,1,1,0.14258383272137642,0.10132485096720505
amount exhausting budget,1,1,0.14258383272137642,0.10132485096720505
high level due,1,1,0.14258383272137642,0.10132485096720505
recent history institution,1,1,0.14258383272137642,0.10132485096720505
individual interests group,1,1,0.14258383272137642,0.10132485096720505
choose contribution roughly,1,1,0.14258383272137642,0.10132485096720505
contribution reward high,1,1,0.14258383272137642,0.10132485096720505
self-interest considering previous,1,1,0.14258383272137642,0.10132485096720505
moderate level balance,1,1,0.14258383272137642,0.10132485096720505
considering institution past,1,1,0.14258383272137642,0.10132485096720505
justify moderate contribution,1,1,0.14258383272137642,0.10132485096720505
chosen contribute high,1,1,0.14258383272137642,0.10132485096720505
past contribution choose,1,1,0.14258383272137642,0.10132485096720505
recent institution strategy,1,1,0.14258383272137642,0.10132485096720505
belief peers follow,1,1,0.14258383272137642,0.10132485096720505
historical contribution peers,1,1,0.14258383272137642,0.10132485096720505
peer behavior mcpr,1,1,0.14258383272137642,0.10132485096720505
institution high mcpr,1,1,0.14258383272137642,0.10132485096720505
due low mcpr,1,1,0.14258383272137642,0.10132485096720505
contribution contribution nothing,1,1,0.14258383272137642,0.10132485096720505
previous data contribute,1,1,0.14258383272137642,0.10132485096720505
peer data indicating,1,1,0.14258383272137642,0.10132485096720505
amount due institution,1,1,0.14258383272137642,0.10132485096720505
previous rounds trends,1,1,0.14258383272137642,0.10132485096720505
amount considering high,1,1,0.14258383272137642,0.10132485096720505
prior experience institution,1,1,0.14258383272137642,0.10132485096720505
followed institution strategy,1,1,0.14258383272137642,0.10132485096720505
marginal return contribution,1,1,0.14258383272137642,0.10132485096720505
reputation high contributor,1,1,0.14258383272137642,0.10132485096720505
amount leveraging past,1,1,0.14258383272137642,0.10132485096720505
maintain reputation high,1,1,0.14258383272137642,0.10132485096720505
payoff requires contribution,1,1,0.14258383272137642,0.10132485096720505
associated low contribution,1,1,0.14258383272137642,0.10132485096720505
recent history maintain,1,1,0.14258383272137642,0.10132485096720505
institution strategy past,1,1,0.14258383272137642,0.10132485096720505
mcpr considering institution,1,1,0.14258383272137642,0.10132485096720505
cumulative payoff consistent,1,1,0.14258383272137642,0.10132485096720505
recent contribution peers,1,1,0.14258383272137642,0.10132485096720505
selfish-institution strategy contribute,1,1,0.14258383272137642,0.10132485096720505
considering group average,1,1,0.14258383272137642,0.10132485096720505
follows previous group,1,1,0.14258383272137642,0.10132485096720505
contribution set group,1,1,0.14258383272137642,0.10132485096720505
institution historical behavior,1,1,0.14258383272137642,0.10132485096720505
contributors defectors present,1,1,0.14258383272137642,0.10132485096720505
observed peers strategy,1,1,0.14258383272137642,0.10132485096720505
relatively low mcpr,1,1,0.14258383272137642,0.10132485096720505
high contribution likely,1,1,0.14258383272137642,0.10132485096720505
peers follow sfi,1,1,0.14258383272137642,0.10132485096720505
balance past contribution,1,1,0.14258383272137642,0.10132485096720505
amount institution past,1,1,0.14258383272137642,0.10132485096720505
following previous rounds,1,1,0.14258383272137642,0.10132485096720505
average considering institution,1,1,0.14258383272137642,0.10132485096720505
level due institution,1,1,0.14258383272137642,0.10132485096720505
amount account previous,1,1,0.14258383272137642,0.10132485096720505
unit contribution considering,1,1,0.14258383272137642,0.10132485096720505
sfi associated low,1,1,0.14258383272137642,0.10132485096720505
slightly above previous,1,1,0.14258383272137642,0.10132485096720505
overall group dynamics,1,1,0.14258383272137642,0.10132485096720505
align recent contribution,1,1,0.14258383272137642,0.10132485096720505
contribution aligns recent,1,1,0.14258383272137642,0.10132485096720505
contribution moderate notable,1,1,0.14258383272137642,0.10132485096720505
cooperate choose contribute,1,1,0.14258383272137642,0.10132485096720505
defectors present sfi,1,1,0.14258383272137642,0.10132485096720505
contribution aligns past,1,1,0.14258383272137642,0.10132485096720505
contribute small amount,1,1,0.14258383272137642,0.10132485096720505
payoff consistent institution,1,1,0.14258383272137642,0.10132485096720505
past contribution balances,1,1,0.14258383272137642,0.10132485096720505
high contributors emerge,1,1,0.14258383272137642,0.10132485096720505
contributors defectors observed,1,1,0.14258383272137642,0.10132485096720505
typical behavior contribution,1,1,0.14258383272137642,0.10132485096720505
strategy peer data,1,1,0.14258383272137642,0.10132485096720505
peers low others,1,1,0.14258383272137642,0.10132485096720505
consistent peer behavior,1,1,0.14258383272137642,0.10132485096720505
amount considering recent,1,1,0.14258383272137642,0.10132485096720505
budget maximize cumulative,1,1,0.14258383272137642,0.10132485096720505
contribute high amount,1,1,0.14258383272137642,0.10132485096720505
beliefs peer data,1,1,0.14258383272137642,0.10132485096720505
low mcpr choose,1,1,0.14258383272137642,0.10132485096720505
high contributors notable,1,1,0.14258383272137642,0.10132485096720505
high mcpr previous-round,1,1,0.14258383272137642,0.10132485096720505
above previous group,1,1,0.14258383272137642,0.10132485096720505
previous contribution group,1,1,0.14258383272137642,0.10132485096720505
institution strategy except,1,1,0.14258383272137642,0.10132485096720505
wealth potential future,1,1,0.14258383272137642,0.10132485096720505
moderate amount matching,1,1,0.14258383272137642,0.10132485096720505
historical contribution previous,1,1,0.14258383272137642,0.10132485096720505
except sfi defectors,1,1,0.14258383272137642,0.10132485096720505
balance individual interests,1,1,0.14258383272137642,0.10132485096720505
significant peer contribution,1,1,0.14258383272137642,0.10132485096720505
high mcpr potential,1,1,0.14258383272137642,0.10132485096720505
members contribution minimally,1,1,0.14258383272137642,0.10132485096720505
payoff choosing contribution,1,1,0.14258383272137642,0.10132485096720505
given peers follow,1,1,0.14258383272137642,0.10132485096720505
mcpr free endowment,1,1,0.14258383272137642,0.10132485096720505
contribution overall group,1,1,0.14258383272137642,0.10132485096720505
contribution maintain cooperate,1,1,0.14258383272137642,0.10132485096720505
selfish institution sfi,1,1,0.14258383272137642,0.10132485096720505
strategy choose contribute,1,1,0.14258383272137642,0.10132485096720505
internal beliefs peer,1,1,0.14258383272137642,0.10132485096720505
contribution mcpr choose,1,1,0.14258383272137642,0.10132485096720505
benefits contribution emissions,1,1,0.14258383272137642,0.10132485096720505
sfi high contributor,1,1,0.14258383272137642,0.10132485096720505
behavior internal beliefs,1,1,0.14258383272137642,0.10132485096720505
high contribution expected,1,1,0.14258383272137642,0.10132485096720505
moderate amount slightly,1,1,0.14258383272137642,0.10132485096720505
consistent strategy recent,1,1,0.14258383272137642,0.10132485096720505
institution sfi contribution,1,1,0.14258383272137642,0.10132485096720505
past contribution overall,1,1,0.14258383272137642,0.10132485096720505
contribution balances individual,1,1,0.14258383272137642,0.10132485096720505
amount slightly above,1,1,0.14258383272137642,0.10132485096720505
follows previous contribution,1,1,0.14258383272137642,0.10132485096720505
set group average,1,1,0.14258383272137642,0.10132485096720505
contribution maintain consistent,1,1,0.14258383272137642,0.10132485096720505
follow institution strategy,9,10,0.03736347405961027,0.08136196486445621
choose contribute nothing,7,8,0.009220387573840583,0.017827460278027785
choose moderate contribution,5,6,-0.03945491203630169,-0.06521783552107477
moderate amount maintain,16,19,-0.02925838712435791,-0.08625395847286935
contributors mostly strategy,4,5,-0.0801305072297751,-0.11958746843151326
climate ldf mode,360,420,-0.012241616191356997,-0.17044057370250598
ldf mode defaults,360,420,-0.012241616191356997,-0.17044057370250598
high contributors defectors,3,4,-0.1443567453902368,-0.18928838249151742
institution low contribution,3,4,-0.1443567453902368,-0.18928838249151742
contribution peers sfi,3,4,-0.1443567453902368,-0.18928838249151742
moderate contribution balance,17,21,-0.0688132929247054,-0.2109752292138091
nothing maximizes payoff,6,8,-0.14484132840378727,-0.26839349548374336
internal belief peers,2,3,-0.26133068342123345,-0.28689291429954417
recent contribution mcpr,2,3,-0.26133068342123345,-0.28689291429954417
average level balancing,2,3,-0.26133068342123345,-0.28689291429954417
maximum contribution maximize,2,3,-0.26133068342123345,-0.28689291429954417
behavior institution strategy,2,3,-0.26133068342123345,-0.28689291429954417
contributors follow institution,2,3,-0.26133068342123345,-0.28689291429954417
contribution peer behavior,2,3,-0.26133068342123345,-0.28689291429954417
rounds group average,2,3,-0.26133068342123345,-0.28689291429954417
choose contribution balances,2,3,-0.26133068342123345,-0.28689291429954417
amount given past,2,3,-0.26133068342123345,-0.28689291429954417
recent contribution institution,4,6,-0.2622483050448636,-0.4067131847442416
high contribution observed,7,10,-0.21393148987881183,-0.4343811648274421
precedent developing country,0,1,-4.472685314933109,-0.44507063843053657
options without committing,0,1,-4.472685314933109,-0.44507063843053657
contributors often reward,0,1,-4.472685314933109,-0.44507063843053657
contributors receive lower,0,1,-4.472685314933109,-0.44507063843053657
minimum level avoid,0,1,-4.472685314933109,-0.44507063843053657
peers follow use,0,1,-4.472685314933109,-0.44507063843053657
developing country context,0,1,-4.472685314933109,-0.44507063843053657
observed institution low,0,1,-4.472685314933109,-0.44507063843053657
yielded decent payoff,0,1,-4.472685314933109,-0.44507063843053657
history considering high,0,1,-4.472685314933109,-0.44507063843053657
limited budget potential,0,1,-4.472685314933109,-0.44507063843053657
sfi observed contribution,0,1,-4.472685314933109,-0.44507063843053657
contribution mostly low,0,1,-4.472685314933109,-0.44507063843053657
needs considering recent,0,1,-4.472685314933109,-0.44507063843053657
gain contribution choose,0,1,-4.472685314933109,-0.44507063843053657
significantly sfi others,0,1,-4.472685314933109,-0.44507063843053657
matching contribution balance,0,1,-4.472685314933109,-0.44507063843053657
lowly another sfi,0,1,-4.472685314933109,-0.44507063843053657
contribution maximum budget,0,1,-4.472685314933109,-0.44507063843053657
historical contribution institution,0,1,-4.472685314933109,-0.44507063843053657
maximum amount maximize,0,1,-4.472685314933109,-0.44507063843053657
emissions reduction consistent,0,1,-4.472685314933109,-0.44507063843053657
high contributors often,0,1,-4.472685314933109,-0.44507063843053657
contribution lack cooperate,0,1,-4.472685314933109,-0.44507063843053657
resilience choose free-ride,0,1,-4.472685314933109,-0.44507063843053657
amount balance budget,0,1,-4.472685314933109,-0.44507063843053657
amount maximizes payoff,0,1,-4.472685314933109,-0.44507063843053657
payoff due high,0,1,-4.472685314933109,-0.44507063843053657
budget given high,0,1,-4.472685314933109,-0.44507063843053657
high contribution contribution,0,1,-4.472685314933109,-0.44507063843053657
contribution maintain balance,0,1,-4.472685314933109,-0.44507063843053657
sfi low mcpr,0,1,-4.472685314933109,-0.44507063843053657
interests collective action,0,1,-4.472685314933109,-0.44507063843053657
history high mcpr,0,1,-4.472685314933109,-0.44507063843053657
institution received 08k,0,1,-4.472685314933109,-0.44507063843053657
low contribution seen,0,1,-4.472685314933109,-0.44507063843053657
previous contribution internal,0,1,-4.472685314933109,-0.44507063843053657
evidence cooperate among,0,1,-4.472685314933109,-0.44507063843053657
patterns past contribution,0,1,-4.472685314933109,-0.44507063843053657
previous data considering,0,1,-4.472685314933109,-0.44507063843053657
following recent history,0,1,-4.472685314933109,-0.44507063843053657
contribution contribution low,0,1,-4.472685314933109,-0.44507063843053657
substantial amount exhausting,0,1,-4.472685314933109,-0.44507063843053657
contributors institution notable,0,1,-4.472685314933109,-0.44507063843053657
matching previous contribution,0,1,-4.472685314933109,-0.44507063843053657
observed contribution minimally,0,1,-4.472685314933109,-0.44507063843053657
vulnerability choose contribute,0,1,-4.472685314933109,-0.44507063843053657
institution strategy need,0,1,-4.472685314933109,-0.44507063843053657
defectors observed institution,0,1,-4.472685314933109,-0.44507063843053657
recent contribution strategy,0,1,-4.472685314933109,-0.44507063843053657
unit contribution significant,0,1,-4.472685314933109,-0.44507063843053657
contribution pattern given,0,1,-4.472685314933109,-0.44507063843053657
contribution seen sfi,0,1,-4.472685314933109,-0.44507063843053657
contribution million usd,0,1,-4.472685314933109,-0.44507063843053657
contributors dominate institution,0,1,-4.472685314933109,-0.44507063843053657
high mcpr sfi,0,1,-4.472685314933109,-0.44507063843053657
moderate level considering,0,1,-4.472685314933109,-0.44507063843053657
free endowment choose,0,1,-4.472685314933109,-0.44507063843053657
like many high-contributors,0,1,-4.472685314933109,-0.44507063843053657
index contribute maximum,0,1,-4.472685314933109,-0.44507063843053657
level consistent provides,0,1,-4.472685314933109,-0.44507063843053657
need explore options,0,1,-4.472685314933109,-0.44507063843053657
history developing country,0,1,-4.472685314933109,-0.44507063843053657
balancing limited budget,0,1,-4.472685314933109,-0.44507063843053657
institution high-contributor strategy,0,1,-4.472685314933109,-0.44507063843053657
payoff given mcpr,0,1,-4.472685314933109,-0.44507063843053657
received 20m low,0,1,-4.472685314933109,-0.44507063843053657
contribute previous average,0,1,-4.472685314933109,-0.44507063843053657
maximum possible amount,0,1,-4.472685314933109,-0.44507063843053657
considering history institution,0,1,-4.472685314933109,-0.44507063843053657
average contribution maximize,0,1,-4.472685314933109,-0.44507063843053657
balance budget given,0,1,-4.472685314933109,-0.44507063843053657
high amounts contribute,0,1,-4.472685314933109,-0.44507063843053657
potential punishment effect,0,1,-4.472685314933109,-0.44507063843053657
conserve resources future,0,1,-4.472685314933109,-0.44507063843053657
constraints past behavior,0,1,-4.472685314933109,-0.44507063843053657
contribution cooperate incentives,0,1,-4.472685314933109,-0.44507063843053657
group behavior observe,0,1,-4.472685314933109,-0.44507063843053657
peers cooperate defect,0,1,-4.472685314933109,-0.44507063843053657
contribution balancing limited,0,1,-4.472685314933109,-0.44507063843053657
choose zero-contribution strategy,0,1,-4.472685314933109,-0.44507063843053657
contribution history institution,0,1,-4.472685314933109,-0.44507063843053657
leveraging past cooperate,0,1,-4.472685314933109,-0.44507063843053657
enough seen cooperate,0,1,-4.472685314933109,-0.44507063843053657
flexibility future rounds,0,1,-4.472685314933109,-0.44507063843053657
high contribute moderate,0,1,-4.472685314933109,-0.44507063843053657
rounds trends choosing,0,1,-4.472685314933109,-0.44507063843053657
institution average contribution,0,1,-4.472685314933109,-0.44507063843053657
significant amount balance,0,1,-4.472685314933109,-0.44507063843053657
mcpr personal gain,0,1,-4.472685314933109,-0.44507063843053657
institution strategy varying,0,1,-4.472685314933109,-0.44507063843053657
peers cooperate high,0,1,-4.472685314933109,-0.44507063843053657
behavior without immediately,0,1,-4.472685314933109,-0.44507063843053657
contribution balancing immediate,0,1,-4.472685314933109,-0.44507063843053657
contribution maintain budget,0,1,-4.472685314933109,-0.44507063843053657
committing institution funds,0,1,-4.472685314933109,-0.44507063843053657
between short-term resilience,0,1,-4.472685314933109,-0.44507063843053657
given peers sfi,0,1,-4.472685314933109,-0.44507063843053657
balance cooperate free-riding,0,1,-4.472685314933109,-0.44507063843053657
despite stating maximize,0,1,-4.472685314933109,-0.44507063843053657
tendency contribute minimally,0,1,-4.472685314933109,-0.44507063843053657
contribute except sfi,0,1,-4.472685314933109,-0.44507063843053657
data aiming balance,0,1,-4.472685314933109,-0.44507063843053657
contributors reward large,0,1,-4.472685314933109,-0.44507063843053657
ride contribute nothing,0,1,-4.472685314933109,-0.44507063843053657
contribution likely cooperate,0,1,-4.472685314933109,-0.44507063843053657
contribution protect sfi,0,1,-4.472685314933109,-0.44507063843053657
contribution recent institution,0,1,-4.472685314933109,-0.44507063843053657
low-contributors mcpr relatively,0,1,-4.472685314933109,-0.44507063843053657
contribution much sfi,0,1,-4.472685314933109,-0.44507063843053657
mcpr relatively low,0,1,-4.472685314933109,-0.44507063843053657
chose selfish strategy,0,1,-4.472685314933109,-0.44507063843053657
contribution vary institution,0,1,-4.472685314933109,-0.44507063843053657
mcpr much depletes,0,1,-4.472685314933109,-0.44507063843053657
need cooperate considering,0,1,-4.472685314933109,-0.44507063843053657
maximizing payoff contribution,0,1,-4.472685314933109,-0.44507063843053657
history high defectors,0,1,-4.472685314933109,-0.44507063843053657
contribution justify moderate,0,1,-4.472685314933109,-0.44507063843053657
moderate amount done,0,1,-4.472685314933109,-0.44507063843053657
payoff given past,0,1,-4.472685314933109,-0.44507063843053657
sfi tends lower,0,1,-4.472685314933109,-0.44507063843053657
pattern consistent appears,0,1,-4.472685314933109,-0.44507063843053657
interests group cooperate,0,1,-4.472685314933109,-0.44507063843053657
incentives rational choose,0,1,-4.472685314933109,-0.44507063843053657
trends choosing moderate,0,1,-4.472685314933109,-0.44507063843053657
sfi observed high,0,1,-4.472685314933109,-0.44507063843053657
needs considering past,0,1,-4.472685314933109,-0.44507063843053657
around amount consistent,0,1,-4.472685314933109,-0.44507063843053657
maximum amount balance,0,1,-4.472685314933109,-0.44507063843053657
low contributors prevalent,0,1,-4.472685314933109,-0.44507063843053657
contribution history high,0,1,-4.472685314933109,-0.44507063843053657
endowment choose contribute,0,1,-4.472685314933109,-0.44507063843053657
budget constraints choose,0,1,-4.472685314933109,-0.44507063843053657
institution history developing,0,1,-4.472685314933109,-0.44507063843053657
institution past behavior,0,1,-4.472685314933109,-0.44507063843053657
significant punishment effect,0,1,-4.472685314933109,-0.44507063843053657
contributors common low,0,1,-4.472685314933109,-0.44507063843053657
payoff contribution minimum,0,1,-4.472685314933109,-0.44507063843053657
history contribution around,0,1,-4.472685314933109,-0.44507063843053657
incentives contribution moderate,0,1,-4.472685314933109,-0.44507063843053657
considering cooperate incentives,0,1,-4.472685314933109,-0.44507063843053657
history minimal contribution,0,1,-4.472685314933109,-0.44507063843053657
pattern given high,0,1,-4.472685314933109,-0.44507063843053657
contribution significant peer,0,1,-4.472685314933109,-0.44507063843053657
high mcpr free-rider,0,1,-4.472685314933109,-0.44507063843053657
previous behavior mcpr,0,1,-4.472685314933109,-0.44507063843053657
sfi historical low,0,1,-4.472685314933109,-0.44507063843053657
behavior maximize cumulative,0,1,-4.472685314933109,-0.44507063843053657
significant amount exceeding,0,1,-4.472685314933109,-0.44507063843053657
significant marginal return,0,1,-4.472685314933109,-0.44507063843053657
mcpr suggests relatively,0,1,-4.472685314933109,-0.44507063843053657
historical average balancing,0,1,-4.472685314933109,-0.44507063843053657
choose conserve resources,0,1,-4.472685314933109,-0.44507063843053657
institution peer history,0,1,-4.472685314933109,-0.44507063843053657
observe others act,0,1,-4.472685314933109,-0.44507063843053657
given peers contribute,0,1,-4.472685314933109,-0.44507063843053657
contributors sfi low,0,1,-4.472685314933109,-0.44507063843053657
allowed amount considering,0,1,-4.472685314933109,-0.44507063843053657
receive lower payoffs,0,1,-4.472685314933109,-0.44507063843053657
average considering high,0,1,-4.472685314933109,-0.44507063843053657
contribution patterns past,0,1,-4.472685314933109,-0.44507063843053657
institution interests group,0,1,-4.472685314933109,-0.44507063843053657
history considering institution,0,1,-4.472685314933109,-0.44507063843053657
behavior indicate cooperate,0,1,-4.472685314933109,-0.44507063843053657
wealth mcpr contribution,0,1,-4.472685314933109,-0.44507063843053657
typical contribution levels,0,1,-4.472685314933109,-0.44507063843053657
cooperate avoid free-riding,0,1,-4.472685314933109,-0.44507063843053657
high depletes wealth,0,1,-4.472685314933109,-0.44507063843053657
amount previous rounds,0,1,-4.472685314933109,-0.44507063843053657
contributors free riders,0,1,-4.472685314933109,-0.44507063843053657
top peers free-riders,0,1,-4.472685314933109,-0.44507063843053657
limited budget constraints,0,1,-4.472685314933109,-0.44507063843053657
contribute institution social,0,1,-4.472685314933109,-0.44507063843053657
internal beliefs behavior,0,1,-4.472685314933109,-0.44507063843053657
recent history balances,0,1,-4.472685314933109,-0.44507063843053657
given sfi historical,0,1,-4.472685314933109,-0.44507063843053657
reduction match group,0,1,-4.472685314933109,-0.44507063843053657
unit contribution choose,0,1,-4.472685314933109,-0.44507063843053657
moderate below average,0,1,-4.472685314933109,-0.44507063843053657
historical contribution group,0,1,-4.472685314933109,-0.44507063843053657
high low sfi,0,1,-4.472685314933109,-0.44507063843053657
consistent previous actions,0,1,-4.472685314933109,-0.44507063843053657
average balancing resilience,0,1,-4.472685314933109,-0.44507063843053657
level avoid free-rider,0,1,-4.472685314933109,-0.44507063843053657
internal beliefs high,0,1,-4.472685314933109,-0.44507063843053657
institution strategy peers,0,1,-4.472685314933109,-0.44507063843053657
high defectors choose,0,1,-4.472685314933109,-0.44507063843053657
average institution cooperate,0,1,-4.472685314933109,-0.44507063843053657
future rounds avoids,0,1,-4.472685314933109,-0.44507063843053657
nothing allows maximize,0,1,-4.472685314933109,-0.44507063843053657
contribution pattern due,0,1,-4.472685314933109,-0.44507063843053657
contribution enough benefit,0,1,-4.472685314933109,-0.44507063843053657
consistency previous rounds,0,1,-4.472685314933109,-0.44507063843053657
amount balancing self-interest,0,1,-4.472685314933109,-0.44507063843053657
low contribution lack,0,1,-4.472685314933109,-0.44507063843053657
stating maximize payoff,0,1,-4.472685314933109,-0.44507063843053657
minimal amount previous,0,1,-4.472685314933109,-0.44507063843053657
follow use sfi,0,1,-4.472685314933109,-0.44507063843053657
maximize payoff decide,0,1,-4.472685314933109,-0.44507063843053657
contributors notable low,0,1,-4.472685314933109,-0.44507063843053657
maximize personal payoff,0,1,-4.472685314933109,-0.44507063843053657
contribution little sfi,0,1,-4.472685314933109,-0.44507063843053657
successful maximizes cumulative,0,1,-4.472685314933109,-0.44507063843053657
strategy sfi use,0,1,-4.472685314933109,-0.44507063843053657
incentives history high,0,1,-4.472685314933109,-0.44507063843053657
beliefs past performance,0,1,-4.472685314933109,-0.44507063843053657
institution strategy provides,0,1,-4.472685314933109,-0.44507063843053657
past contribution relatively,0,1,-4.472685314933109,-0.44507063843053657
mcpr peer behavior,0,1,-4.472685314933109,-0.44507063843053657
aligns past actions,0,1,-4.472685314933109,-0.44507063843053657
high mcpr rational,0,1,-4.472685314933109,-0.44507063843053657
balances individual interests,0,1,-4.472685314933109,-0.44507063843053657
contribution low contributors,0,1,-4.472685314933109,-0.44507063843053657
balance cooperate budget,0,1,-4.472685314933109,-0.44507063843053657
align previous rounds,0,1,-4.472685314933109,-0.44507063843053657
contribution high amounts,0,1,-4.472685314933109,-0.44507063843053657
suggests relatively low,0,1,-4.472685314933109,-0.44507063843053657
resources immediate resilience,0,1,-4.472685314933109,-0.44507063843053657
per sfi institution,0,1,-4.472685314933109,-0.44507063843053657
mcpr free-rider risk,0,1,-4.472685314933109,-0.44507063843053657
aligns recent contribution,0,1,-4.472685314933109,-0.44507063843053657
apparent pressure peers,0,1,-4.472685314933109,-0.44507063843053657
contribute historical average,0,1,-4.472685314933109,-0.44507063843053657
contribution sfi high,0,1,-4.472685314933109,-0.44507063843053657
peer contribution institution,0,1,-4.472685314933109,-0.44507063843053657
contributors mostly selfish-institutional,0,1,-4.472685314933109,-0.44507063843053657
contribution level aligns,0,1,-4.472685314933109,-0.44507063843053657
limited resources choose,0,1,-4.472685314933109,-0.44507063843053657
recent contribution chose,0,1,-4.472685314933109,-0.44507063843053657
cooperate immediate resilience,0,1,-4.472685314933109,-0.44507063843053657
aligns past behavior,0,1,-4.472685314933109,-0.44507063843053657
balancing past contribution,0,1,-4.472685314933109,-0.44507063843053657
amount exceeding average,0,1,-4.472685314933109,-0.44507063843053657
high-contributors institution low-contributors,0,1,-4.472685314933109,-0.44507063843053657
maintain consistency balance,0,1,-4.472685314933109,-0.44507063843053657
low mcpr historical,0,1,-4.472685314933109,-0.44507063843053657
social identity institution,0,1,-4.472685314933109,-0.44507063843053657
decide follow lead,0,1,-4.472685314933109,-0.44507063843053657
level considering past,0,1,-4.472685314933109,-0.44507063843053657
balance cooperate limited,0,1,-4.472685314933109,-0.44507063843053657
institution received 20m,0,1,-4.472685314933109,-0.44507063843053657
defectors choose conserve,0,1,-4.472685314933109,-0.44507063843053657
immediate need resilience,0,1,-4.472685314933109,-0.44507063843053657
budget per mcpr,0,1,-4.472685314933109,-0.44507063843053657
high vulnerability tight,0,1,-4.472685314933109,-0.44507063843053657
follow defect free-ride,0,1,-4.472685314933109,-0.44507063843053657
historical contribution considering,0,1,-4.472685314933109,-0.44507063843053657
moderately maintain consistent,0,1,-4.472685314933109,-0.44507063843053657
contributors present sfi,0,1,-4.472685314933109,-0.44507063843053657
consistent previous behavior,0,1,-4.472685314933109,-0.44507063843053657
budget given past,0,1,-4.472685314933109,-0.44507063843053657
members tend low-contributors,0,1,-4.472685314933109,-0.44507063843053657
reward still chose,0,1,-4.472685314933109,-0.44507063843053657
past performance group,0,1,-4.472685314933109,-0.44507063843053657
group type developing,0,1,-4.472685314933109,-0.44507063843053657
considering developing country,0,1,-4.472685314933109,-0.44507063843053657
institution sfi low,0,1,-4.472685314933109,-0.44507063843053657
contribution maximize marginal,0,1,-4.472685314933109,-0.44507063843053657
significant excessive amount,0,1,-4.472685314933109,-0.44507063843053657
accusations maintain cooperate,0,1,-4.472685314933109,-0.44507063843053657
appears strategic choice,0,1,-4.472685314933109,-0.44507063843053657
average previous balancing,0,1,-4.472685314933109,-0.44507063843053657
low contributors exist,0,1,-4.472685314933109,-0.44507063843053657
moderate amount group,0,1,-4.472685314933109,-0.44507063843053657
mcpr potential low,0,1,-4.472685314933109,-0.44507063843053657
budget sfi members,0,1,-4.472685314933109,-0.44507063843053657
long-term cooperate choose,0,1,-4.472685314933109,-0.44507063843053657
budget need cooperate,0,1,-4.472685314933109,-0.44507063843053657
past contribution pattern,0,1,-4.472685314933109,-0.44507063843053657
given high wealth,0,1,-4.472685314933109,-0.44507063843053657
sfi strategy contribute,0,1,-4.472685314933109,-0.44507063843053657
pattern successful don,0,1,-4.472685314933109,-0.44507063843053657
done previously balance,0,1,-4.472685314933109,-0.44507063843053657
don enough information,0,1,-4.472685314933109,-0.44507063843053657
still considering marginal,0,1,-4.472685314933109,-0.44507063843053657
contributors mostly standard,0,1,-4.472685314933109,-0.44507063843053657
institution balancing immediate,0,1,-4.472685314933109,-0.44507063843053657
low contribution came,0,1,-4.472685314933109,-0.44507063843053657
member sfi observed,0,1,-4.472685314933109,-0.44507063843053657
peer contribution reward,0,1,-4.472685314933109,-0.44507063843053657
payoff minimizing immediate,0,1,-4.472685314933109,-0.44507063843053657
sfi except uses,0,1,-4.472685314933109,-0.44507063843053657
suggests sfi tend,0,1,-4.472685314933109,-0.44507063843053657
effect contribution nothing,0,1,-4.472685314933109,-0.44507063843053657
minimizing immediate costs,0,1,-4.472685314933109,-0.44507063843053657
others low non-contributing,0,1,-4.472685314933109,-0.44507063843053657
considering institution high-contributor,0,1,-4.472685314933109,-0.44507063843053657
common defect free-ride,0,1,-4.472685314933109,-0.44507063843053657
minimal contribution cooperate,0,1,-4.472685314933109,-0.44507063843053657
reputation peers institution,0,1,-4.472685314933109,-0.44507063843053657
strategy contribute little,0,1,-4.472685314933109,-0.44507063843053657
internal beliefs sfi,0,1,-4.472685314933109,-0.44507063843053657
data peer behavior,0,1,-4.472685314933109,-0.44507063843053657
contribute minimal amount,0,1,-4.472685314933109,-0.44507063843053657
contribution pattern maximizes,0,1,-4.472685314933109,-0.44507063843053657
highly deviate sfi,0,1,-4.472685314933109,-0.44507063843053657
test group behavior,0,1,-4.472685314933109,-0.44507063843053657
incentives per developing,0,1,-4.472685314933109,-0.44507063843053657
free-riding accusations maintain,0,1,-4.472685314933109,-0.44507063843053657
choices maintain consistency,0,1,-4.472685314933109,-0.44507063843053657
maintain consistency sfi,0,1,-4.472685314933109,-0.44507063843053657
sfi contribution consistent,0,1,-4.472685314933109,-0.44507063843053657
developing country type,0,1,-4.472685314933109,-0.44507063843053657
return contribution peer,0,1,-4.472685314933109,-0.44507063843053657
consideration mcpr previous,0,1,-4.472685314933109,-0.44507063843053657
wealth follow institution,0,1,-4.472685314933109,-0.44507063843053657
contribute lowly another,0,1,-4.472685314933109,-0.44507063843053657
contributors reward choose,0,1,-4.472685314933109,-0.44507063843053657
contribution average institution,0,1,-4.472685314933109,-0.44507063843053657
reputation consistent contributor,0,1,-4.472685314933109,-0.44507063843053657
considering overall budget,0,1,-4.472685314933109,-0.44507063843053657
choose contribution high,0,1,-4.472685314933109,-0.44507063843053657
contributors choose contribute,0,1,-4.472685314933109,-0.44507063843053657
rounds patterns institution,0,1,-4.472685314933109,-0.44507063843053657
contribution high amount,0,1,-4.472685314933109,-0.44507063843053657
moderate still higher,0,1,-4.472685314933109,-0.44507063843053657
budget constraints long-run,0,1,-4.472685314933109,-0.44507063843053657
balance budget constraints,0,1,-4.472685314933109,-0.44507063843053657
begin moderate contribution,0,1,-4.472685314933109,-0.44507063843053657
contribute around range,0,1,-4.472685314933109,-0.44507063843053657
minimally due low,0,1,-4.472685314933109,-0.44507063843053657
average contribution choose,0,1,-4.472685314933109,-0.44507063843053657
internal belief contributors,0,1,-4.472685314933109,-0.44507063843053657
contribution balance cooperate,0,1,-4.472685314933109,-0.44507063843053657
considering group type,0,1,-4.472685314933109,-0.44507063843053657
future cooperate avoid,0,1,-4.472685314933109,-0.44507063843053657
country vulnerability index,0,1,-4.472685314933109,-0.44507063843053657
match group average,0,1,-4.472685314933109,-0.44507063843053657
involves high contribution,0,1,-4.472685314933109,-0.44507063843053657
behavior without committing,0,1,-4.472685314933109,-0.44507063843053657
cooperate incentives history,0,1,-4.472685314933109,-0.44507063843053657
high amount due,0,1,-4.472685314933109,-0.44507063843053657
contribution common low,0,1,-4.472685314933109,-0.44507063843053657
selfish strategy sfi,0,1,-4.472685314933109,-0.44507063843053657
institution history minimal,0,1,-4.472685314933109,-0.44507063843053657
successful don enough,0,1,-4.472685314933109,-0.44507063843053657
contributors contribution high,0,1,-4.472685314933109,-0.44507063843053657
contribution explore potential,0,1,-4.472685314933109,-0.44507063843053657
institution contribution budget,0,1,-4.472685314933109,-0.44507063843053657
institution strategy developing,0,1,-4.472685314933109,-0.44507063843053657
institution strategy choose,0,1,-4.472685314933109,-0.44507063843053657
previous rounds average,0,1,-4.472685314933109,-0.44507063843053657
peer data high,0,1,-4.472685314933109,-0.44507063843053657
allowed amount global,0,1,-4.472685314933109,-0.44507063843053657
institution cooperate history,0,1,-4.472685314933109,-0.44507063843053657
contributors exist institution,0,1,-4.472685314933109,-0.44507063843053657
lower contributors choose,0,1,-4.472685314933109,-0.44507063843053657
choosing contribution balances,0,1,-4.472685314933109,-0.44507063843053657
contribute highly deviate,0,1,-4.472685314933109,-0.44507063843053657
requires balance between,0,1,-4.472685314933109,-0.44507063843053657
aiming contribute significant,0,1,-4.472685314933109,-0.44507063843053657
strategy sfi contribution,0,1,-4.472685314933109,-0.44507063843053657
institution sfi typically,0,1,-4.472685314933109,-0.44507063843053657
contributors emerge sfi,0,1,-4.472685314933109,-0.44507063843053657
need resilience choose,0,1,-4.472685314933109,-0.44507063843053657
institution sfi past,0,1,-4.472685314933109,-0.44507063843053657
cooperate avoid punishment,0,1,-4.472685314933109,-0.44507063843053657
amount balancing interests,0,1,-4.472685314933109,-0.44507063843053657
high mcpr free,0,1,-4.472685314933109,-0.44507063843053657
future benefits avoid,0,1,-4.472685314933109,-0.44507063843053657
average contribution maximizes,0,1,-4.472685314933109,-0.44507063843053657
needs balancing long-run,0,1,-4.472685314933109,-0.44507063843053657
institution constraints past,0,1,-4.472685314933109,-0.44507063843053657
low budget sfi,0,1,-4.472685314933109,-0.44507063843053657
follow high contributors,0,1,-4.472685314933109,-0.44507063843053657
incentivize contribute moderate,0,1,-4.472685314933109,-0.44507063843053657
highly social identity,0,1,-4.472685314933109,-0.44507063843053657
individual group interests,0,1,-4.472685314933109,-0.44507063843053657
lead contribute nothing,0,1,-4.472685314933109,-0.44507063843053657
exceeding average contribution,0,1,-4.472685314933109,-0.44507063843053657
strategy recent institution,0,1,-4.472685314933109,-0.44507063843053657
tend contribute around,0,1,-4.472685314933109,-0.44507063843053657
given low marginal,0,1,-4.472685314933109,-0.44507063843053657
self-interest considering recent,0,1,-4.472685314933109,-0.44507063843053657
common low contribution,0,1,-4.472685314933109,-0.44507063843053657
sfi less cooperate,0,1,-4.472685314933109,-0.44507063843053657
contribution institution common,0,1,-4.472685314933109,-0.44507063843053657
maintain budget potential,0,1,-4.472685314933109,-0.44507063843053657
incentives consistent past,0,1,-4.472685314933109,-0.44507063843053657
beliefs past contribution,0,1,-4.472685314933109,-0.44507063843053657
contribution mcpr previous,0,1,-4.472685314933109,-0.44507063843053657
contribution follows sfi,0,1,-4.472685314933109,-0.44507063843053657
contribution peers contribution,0,1,-4.472685314933109,-0.44507063843053657
recent contribution sfi,0,1,-4.472685314933109,-0.44507063843053657
contributors sfi others,0,1,-4.472685314933109,-0.44507063843053657
mcpr balance interests,0,1,-4.472685314933109,-0.44507063843053657
behavior contribution nothing,0,1,-4.472685314933109,-0.44507063843053657
maintain cooperate sfi,0,1,-4.472685314933109,-0.44507063843053657
contributors dominate defect,0,1,-4.472685314933109,-0.44507063843053657
cooperate high contributors,0,1,-4.472685314933109,-0.44507063843053657
pattern historical behavior,0,1,-4.472685314933109,-0.44507063843053657
contributors institution received,0,1,-4.472685314933109,-0.44507063843053657
emerge sfi low-contributors,0,1,-4.472685314933109,-0.44507063843053657
contribution test group,0,1,-4.472685314933109,-0.44507063843053657
suggests moderate contribution,0,1,-4.472685314933109,-0.44507063843053657
previous average million,0,1,-4.472685314933109,-0.44507063843053657
budget potential benefits,0,1,-4.472685314933109,-0.44507063843053657
following contribution strategy,0,1,-4.472685314933109,-0.44507063843053657
considering past data,0,1,-4.472685314933109,-0.44507063843053657
per developing country,0,1,-4.472685314933109,-0.44507063843053657
contribution history consistent,0,1,-4.472685314933109,-0.44507063843053657
due stable mcpr,0,1,-4.472685314933109,-0.44507063843053657
peer contribution optimal,0,1,-4.472685314933109,-0.44507063843053657
amount demonstrate sfi,0,1,-4.472685314933109,-0.44507063843053657
since sfi contribution,0,1,-4.472685314933109,-0.44507063843053657
contributors mostly contribution,0,1,-4.472685314933109,-0.44507063843053657
nothing considering recent,0,1,-4.472685314933109,-0.44507063843053657
cooperate defect free-ride,0,1,-4.472685314933109,-0.44507063843053657
contribution substantial excessive,0,1,-4.472685314933109,-0.44507063843053657
notable low contributors,0,1,-4.472685314933109,-0.44507063843053657
aligns balancing immediate,0,1,-4.472685314933109,-0.44507063843053657
historical tendencies peer,0,1,-4.472685314933109,-0.44507063843053657
past contribution balancing,0,1,-4.472685314933109,-0.44507063843053657
sfi tend contribute,0,1,-4.472685314933109,-0.44507063843053657
amount consistent recent,0,1,-4.472685314933109,-0.44507063843053657
experience institution need,0,1,-4.472685314933109,-0.44507063843053657
consistency follow historical,0,1,-4.472685314933109,-0.44507063843053657
previous data suggests,0,1,-4.472685314933109,-0.44507063843053657
behavior internal belief,0,1,-4.472685314933109,-0.44507063843053657
institution social identity,0,1,-4.472685314933109,-0.44507063843053657
peers zero contribution,0,1,-4.472685314933109,-0.44507063843053657
past behavior keep,0,1,-4.472685314933109,-0.44507063843053657
significantly except low,0,1,-4.472685314933109,-0.44507063843053657
maintaining moderate contribution,0,1,-4.472685314933109,-0.44507063843053657
pressure contribute choose,0,1,-4.472685314933109,-0.44507063843053657
balance institution interests,0,1,-4.472685314933109,-0.44507063843053657
free ride contribute,0,1,-4.472685314933109,-0.44507063843053657
strategy varying contribution,0,1,-4.472685314933109,-0.44507063843053657
chosen contribute budget,0,1,-4.472685314933109,-0.44507063843053657
focusing minimal contribution,0,1,-4.472685314933109,-0.44507063843053657
strategy consistent reasonable,0,1,-4.472685314933109,-0.44507063843053657
exhibit high contribution,0,1,-4.472685314933109,-0.44507063843053657
past rounds considering,0,1,-4.472685314933109,-0.44507063843053657
contributors follow except,0,1,-4.472685314933109,-0.44507063843053657
maintain cooperate avoid,0,1,-4.472685314933109,-0.44507063843053657
cooperate among sfi,0,1,-4.472685314933109,-0.44507063843053657
institution follow strategy,0,1,-4.472685314933109,-0.44507063843053657
contributors institution defectors,0,1,-4.472685314933109,-0.44507063843053657
contributors contribution much,0,1,-4.472685314933109,-0.44507063843053657
highly except defectors,0,1,-4.472685314933109,-0.44507063843053657
emissions reduction outweighs,0,1,-4.472685314933109,-0.44507063843053657
contribution considering developing,0,1,-4.472685314933109,-0.44507063843053657
historical tendencies mcpr,0,1,-4.472685314933109,-0.44507063843053657
matching previous rounds,0,1,-4.472685314933109,-0.44507063843053657
avoid free-riding accusations,0,1,-4.472685314933109,-0.44507063843053657
follow lead contribute,0,1,-4.472685314933109,-0.44507063843053657
contributors chose selfish,0,1,-4.472685314933109,-0.44507063843053657
lack cooperate choose,0,1,-4.472685314933109,-0.44507063843053657
strategy incentivize contribute,0,1,-4.472685314933109,-0.44507063843053657
moderate level balancing,0,1,-4.472685314933109,-0.44507063843053657
previous rounds behavior,0,1,-4.472685314933109,-0.44507063843053657
level seen previous,0,1,-4.472685314933109,-0.44507063843053657
group average recent,0,1,-4.472685314933109,-0.44507063843053657
behavior contribute moderate,0,1,-4.472685314933109,-0.44507063843053657
highly low mcpr,0,1,-4.472685314933109,-0.44507063843053657
mcpr considering overall,0,1,-4.472685314933109,-0.44507063843053657
maximize payoff consistent,0,1,-4.472685314933109,-0.44507063843053657
balance institution tendency,0,1,-4.472685314933109,-0.44507063843053657
sfi balancing immediate,0,1,-4.472685314933109,-0.44507063843053657
vulnerability tight budget,0,1,-4.472685314933109,-0.44507063843053657
constraints long-run cooperate,0,1,-4.472685314933109,-0.44507063843053657
cooperate limited budget,0,1,-4.472685314933109,-0.44507063843053657
moderate contribution explore,0,1,-4.472685314933109,-0.44507063843053657
incentives keeping contribution,0,1,-4.472685314933109,-0.44507063843053657
contribution still considering,0,1,-4.472685314933109,-0.44507063843053657
behavior current group,0,1,-4.472685314933109,-0.44507063843053657
moderate amount mcpr,0,1,-4.472685314933109,-0.44507063843053657
follows sfi institution,0,1,-4.472685314933109,-0.44507063843053657
option maximizing payoff,0,1,-4.472685314933109,-0.44507063843053657
conserve wealth follow,0,1,-4.472685314933109,-0.44507063843053657
choosing contribution allows,0,1,-4.472685314933109,-0.44507063843053657
sfi developing country,0,1,-4.472685314933109,-0.44507063843053657
budget per sfi,0,1,-4.472685314933109,-0.44507063843053657
open future rounds,0,1,-4.472685314933109,-0.44507063843053657
seen cooperate high,0,1,-4.472685314933109,-0.44507063843053657
patterns institution strategies,0,1,-4.472685314933109,-0.44507063843053657
align previous contribution,0,1,-4.472685314933109,-0.44507063843053657
high-contributor strategy previous,0,1,-4.472685314933109,-0.44507063843053657
given sfi institution,0,1,-4.472685314933109,-0.44507063843053657
performance group average,0,1,-4.472685314933109,-0.44507063843053657
mcpr significant evidence,0,1,-4.472685314933109,-0.44507063843053657
contribute moderately matching,0,1,-4.472685314933109,-0.44507063843053657
strategy involves high,0,1,-4.472685314933109,-0.44507063843053657
contribute previous contribution,0,1,-4.472685314933109,-0.44507063843053657
contribution level internal,0,1,-4.472685314933109,-0.44507063843053657
contributers mostly sfi,0,1,-4.472685314933109,-0.44507063843053657
cooperate incentives following,0,1,-4.472685314933109,-0.44507063843053657
small amount follow,0,1,-4.472685314933109,-0.44507063843053657
between cooperate immediate,0,1,-4.472685314933109,-0.44507063843053657
payoffs low contributors,0,1,-4.472685314933109,-0.44507063843053657
potential benefits contribution,0,1,-4.472685314933109,-0.44507063843053657
avoids potential punishment,0,1,-4.472685314933109,-0.44507063843053657
cooperate recent contribution,0,1,-4.472685314933109,-0.44507063843053657
contribution considering marginal,0,1,-4.472685314933109,-0.44507063843053657
amount global emissions,0,1,-4.472685314933109,-0.44507063843053657
recent contribution follows,0,1,-4.472685314933109,-0.44507063843053657
institution recent history,0,1,-4.472685314933109,-0.44507063843053657
contribute highly low,0,1,-4.472685314933109,-0.44507063843053657
emissions reduction match,0,1,-4.472685314933109,-0.44507063843053657
strategy incentivized institution,0,1,-4.472685314933109,-0.44507063843053657
peer data previous,0,1,-4.472685314933109,-0.44507063843053657
history successful maximizes,0,1,-4.472685314933109,-0.44507063843053657
consistent contributor given,0,1,-4.472685314933109,-0.44507063843053657
contributors followed sfi,0,1,-4.472685314933109,-0.44507063843053657
sfi made high,0,1,-4.472685314933109,-0.44507063843053657
low contribution test,0,1,-4.472685314933109,-0.44507063843053657
low choose moderate,0,1,-4.472685314933109,-0.44507063843053657
strategy except use,0,1,-4.472685314933109,-0.44507063843053657
institution sets precedent,0,1,-4.472685314933109,-0.44507063843053657
exist sfi institution,0,1,-4.472685314933109,-0.44507063843053657
defectors sfi institution,0,1,-4.472685314933109,-0.44507063843053657
need long-run cooperate,0,1,-4.472685314933109,-0.44507063843053657
avoid immediate costs,0,1,-4.472685314933109,-0.44507063843053657
cooperate high depletes,0,1,-4.472685314933109,-0.44507063843053657
average recent contribution,0,1,-4.472685314933109,-0.44507063843053657
cooperate choose free-ride,0,1,-4.472685314933109,-0.44507063843053657
history contribution consistent,0,1,-4.472685314933109,-0.44507063843053657
past behavior need,0,1,-4.472685314933109,-0.44507063843053657
aiming balance cooperate,0,1,-4.472685314933109,-0.44507063843053657
data institution typical,0,1,-4.472685314933109,-0.44507063843053657
group past contribution,0,1,-4.472685314933109,-0.44507063843053657
contribution institution sets,0,1,-4.472685314933109,-0.44507063843053657
little followers standard,0,1,-4.472685314933109,-0.44507063843053657
overall budget need,0,1,-4.472685314933109,-0.44507063843053657
institution mcpr low,0,1,-4.472685314933109,-0.44507063843053657
consistent contribution past,0,1,-4.472685314933109,-0.44507063843053657
align recent history,0,1,-4.472685314933109,-0.44507063843053657
peers cooperate except,0,1,-4.472685314933109,-0.44507063843053657
considering low contribution,0,1,-4.472685314933109,-0.44507063843053657
mcpr incentive contribute,0,1,-4.472685314933109,-0.44507063843053657
minimally following internal,0,1,-4.472685314933109,-0.44507063843053657
necessary optimal payoff,0,1,-4.472685314933109,-0.44507063843053657
amount follow recent,0,1,-4.472685314933109,-0.44507063843053657
contribution choose free-ride,0,1,-4.472685314933109,-0.44507063843053657
behavior need cooperate,0,1,-4.472685314933109,-0.44507063843053657
still chose contribute,0,1,-4.472685314933109,-0.44507063843053657
level internal beliefs,0,1,-4.472685314933109,-0.44507063843053657
million usd prior,0,1,-4.472685314933109,-0.44507063843053657
contribution history suggests,0,1,-4.472685314933109,-0.44507063843053657
maintain consistent high-contribution,0,1,-4.472685314933109,-0.44507063843053657
strategy choose free,0,1,-4.472685314933109,-0.44507063843053657
contribution little public,0,1,-4.472685314933109,-0.44507063843053657
history institution strategy,0,1,-4.472685314933109,-0.44507063843053657
data institution strategy,0,1,-4.472685314933109,-0.44507063843053657
contribution around value,0,1,-4.472685314933109,-0.44507063843053657
common behavior among,0,1,-4.472685314933109,-0.44507063843053657
tend low-contributors mcpr,0,1,-4.472685314933109,-0.44507063843053657
contribution current group,0,1,-4.472685314933109,-0.44507063843053657
contribution mcpr suggests,0,1,-4.472685314933109,-0.44507063843053657
average due stable,0,1,-4.472685314933109,-0.44507063843053657
except uses sfi,0,1,-4.472685314933109,-0.44507063843053657
decision card account,0,1,-4.472685314933109,-0.44507063843053657
without immediately committing,0,1,-4.472685314933109,-0.44507063843053657
strategy except low,0,1,-4.472685314933109,-0.44507063843053657
contribution overall budget,0,1,-4.472685314933109,-0.44507063843053657
data considering internal,0,1,-4.472685314933109,-0.44507063843053657
mcpr choose conserve,0,1,-4.472685314933109,-0.44507063843053657
cooperate incentives keeping,0,1,-4.472685314933109,-0.44507063843053657
budget choose conserve,0,1,-4.472685314933109,-0.44507063843053657
maintain reputation consistent,0,1,-4.472685314933109,-0.44507063843053657
historical contribution maintaining,0,1,-4.472685314933109,-0.44507063843053657
others mostly followed,0,1,-4.472685314933109,-0.44507063843053657
sfi others mostly,0,1,-4.472685314933109,-0.44507063843053657
allows maximize payoff,0,1,-4.472685314933109,-0.44507063843053657
peer free-riding choose,0,1,-4.472685314933109,-0.44507063843053657
contribution past contribution,0,1,-4.472685314933109,-0.44507063843053657
country institution contribute,0,1,-4.472685314933109,-0.44507063843053657
institution choices contribution,0,1,-4.472685314933109,-0.44507063843053657
takes account group,0,1,-4.472685314933109,-0.44507063843053657
payoff contribution 100k,0,1,-4.472685314933109,-0.44507063843053657
personal gain contribution,0,1,-4.472685314933109,-0.44507063843053657
exploiting high mcpr,0,1,-4.472685314933109,-0.44507063843053657
level aligns internal,0,1,-4.472685314933109,-0.44507063843053657
considering mcpr past,0,1,-4.472685314933109,-0.44507063843053657
recent average contribution,0,1,-4.472685314933109,-0.44507063843053657
contribution pattern aligns,0,1,-4.472685314933109,-0.44507063843053657
still higher sfi,0,1,-4.472685314933109,-0.44507063843053657
contribute little followers,0,1,-4.472685314933109,-0.44507063843053657
prevalent sfi less,0,1,-4.472685314933109,-0.44507063843053657
many high-contributors institution,0,1,-4.472685314933109,-0.44507063843053657
contributors sfi moderate,0,1,-4.472685314933109,-0.44507063843053657
contribution amount maintain,0,1,-4.472685314933109,-0.44507063843053657
high-contributors institution still,0,1,-4.472685314933109,-0.44507063843053657
given current budget,0,1,-4.472685314933109,-0.44507063843053657
choose contribution substantial,0,1,-4.472685314933109,-0.44507063843053657
type relatively high,0,1,-4.472685314933109,-0.44507063843053657
tendency low contribution,0,1,-4.472685314933109,-0.44507063843053657
balancing resilience needs,0,1,-4.472685314933109,-0.44507063843053657
per mcpr considering,0,1,-4.472685314933109,-0.44507063843053657
average due consistent,0,1,-4.472685314933109,-0.44507063843053657
resilience needs balancing,0,1,-4.472685314933109,-0.44507063843053657
considering group history,0,1,-4.472685314933109,-0.44507063843053657
recent history contribution,0,1,-4.472685314933109,-0.44507063843053657
sfi typically faces,0,1,-4.472685314933109,-0.44507063843053657
history institution tendencies,0,1,-4.472685314933109,-0.44507063843053657
between cooperate incentives,0,1,-4.472685314933109,-0.44507063843053657
low contribution minimally,0,1,-4.472685314933109,-0.44507063843053657
follows selfish-investment strategy,0,1,-4.472685314933109,-0.44507063843053657
institution strategy group,0,1,-4.472685314933109,-0.44507063843053657
mostly sfi undercontributed,0,1,-4.472685314933109,-0.44507063843053657
since contributors chose,0,1,-4.472685314933109,-0.44507063843053657
history cooperate recent,0,1,-4.472685314933109,-0.44507063843053657
developing country guidance,0,1,-4.472685314933109,-0.44507063843053657
vulnerability index contribution,0,1,-4.472685314933109,-0.44507063843053657
sfi members observed,0,1,-4.472685314933109,-0.44507063843053657
amount mcpr previous,0,1,-4.472685314933109,-0.44507063843053657
cooperate balance past,0,1,-4.472685314933109,-0.44507063843053657
chosen contribute minimal,0,1,-4.472685314933109,-0.44507063843053657
pattern sfi members,0,1,-4.472685314933109,-0.44507063843053657
follow historical behavior,0,1,-4.472685314933109,-0.44507063843053657
behavior institution typical,0,1,-4.472685314933109,-0.44507063843053657
resources future rounds,0,1,-4.472685314933109,-0.44507063843053657
given cooperate incentives,0,1,-4.472685314933109,-0.44507063843053657
contribute significant excessive,0,1,-4.472685314933109,-0.44507063843053657
institution recent peer,0,1,-4.472685314933109,-0.44507063843053657
observed institution strategy,0,1,-4.472685314933109,-0.44507063843053657
past actions takes,0,1,-4.472685314933109,-0.44507063843053657
indicating defector behavior,0,1,-4.472685314933109,-0.44507063843053657
behavior among sfi,0,1,-4.472685314933109,-0.44507063843053657
individual interests cooperate,0,1,-4.472685314933109,-0.44507063843053657
institution tendency contribute,0,1,-4.472685314933109,-0.44507063843053657
moderately balance immediate,0,1,-4.472685314933109,-0.44507063843053657
members contribution nothing,0,1,-4.472685314933109,-0.44507063843053657
rounds considering mcpr,0,1,-4.472685314933109,-0.44507063843053657
contribution significantly penalized,0,1,-4.472685314933109,-0.44507063843053657
cooperate sfi defect,0,1,-4.472685314933109,-0.44507063843053657
pattern maximizes payoff,0,1,-4.472685314933109,-0.44507063843053657
institution behavior internal,0,1,-4.472685314933109,-0.44507063843053657
previous contribution amount,0,1,-4.472685314933109,-0.44507063843053657
payoff consistent previous,0,1,-4.472685314933109,-0.44507063843053657
amount align trend,0,1,-4.472685314933109,-0.44507063843053657
balance budget per,0,1,-4.472685314933109,-0.44507063843053657
low amounts sfi,0,1,-4.472685314933109,-0.44507063843053657
indicate cooperate strategy,0,1,-4.472685314933109,-0.44507063843053657
best option maximizing,0,1,-4.472685314933109,-0.44507063843053657
significant amount past,0,1,-4.472685314933109,-0.44507063843053657
mostly seen institution,0,1,-4.472685314933109,-0.44507063843053657
chosen contribute recent,0,1,-4.472685314933109,-0.44507063843053657
moderate level contribution,0,1,-4.472685314933109,-0.44507063843053657
contribution moderately balance,0,1,-4.472685314933109,-0.44507063843053657
mcpr immediate need,0,1,-4.472685314933109,-0.44507063843053657
sfi contribute moderate,0,1,-4.472685314933109,-0.44507063843053657
strategy contribute others,0,1,-4.472685314933109,-0.44507063843053657
peers exhibit high,0,1,-4.472685314933109,-0.44507063843053657
contribution levels mcpr,0,1,-4.472685314933109,-0.44507063843053657
institution contribution little,0,1,-4.472685314933109,-0.44507063843053657
past rounds averages,0,1,-4.472685314933109,-0.44507063843053657
higher vulnerability tighter,0,1,-4.472685314933109,-0.44507063843053657
institution framework low,0,1,-4.472685314933109,-0.44507063843053657
level consistent past,0,1,-4.472685314933109,-0.44507063843053657
contribution high enough,0,1,-4.472685314933109,-0.44507063843053657
behavior considering high,0,1,-4.472685314933109,-0.44507063843053657
contribution sfi others,0,1,-4.472685314933109,-0.44507063843053657
contribution peers actions,0,1,-4.472685314933109,-0.44507063843053657
constraints contribution maximum,0,1,-4.472685314933109,-0.44507063843053657
historical contribution current,0,1,-4.472685314933109,-0.44507063843053657
stick consistent contribution,0,1,-4.472685314933109,-0.44507063843053657
actions takes account,0,1,-4.472685314933109,-0.44507063843053657
chosen contribute historical,0,1,-4.472685314933109,-0.44507063843053657
followed institution recent,0,1,-4.472685314933109,-0.44507063843053657
members considering low,0,1,-4.472685314933109,-0.44507063843053657
past sfi institution,0,1,-4.472685314933109,-0.44507063843053657
budget constraints contribution,0,1,-4.472685314933109,-0.44507063843053657
follow except uses,0,1,-4.472685314933109,-0.44507063843053657
following internal beliefs,0,1,-4.472685314933109,-0.44507063843053657
history moderate contribution,0,1,-4.472685314933109,-0.44507063843053657
consistent provides balance,0,1,-4.472685314933109,-0.44507063843053657
high contributors contribution,0,1,-4.472685314933109,-0.44507063843053657
protect sfi interests,0,1,-4.472685314933109,-0.44507063843053657
cooperate incentives given,0,1,-4.472685314933109,-0.44507063843053657
contribution pattern historical,0,1,-4.472685314933109,-0.44507063843053657
low mcpr rational,0,1,-4.472685314933109,-0.44507063843053657
sfi history moderate,0,1,-4.472685314933109,-0.44507063843053657
contribution considering group,0,1,-4.472685314933109,-0.44507063843053657
history suggests moderate,0,1,-4.472685314933109,-0.44507063843053657
contribution sfi notable,0,1,-4.472685314933109,-0.44507063843053657
typical behavior historical,0,1,-4.472685314933109,-0.44507063843053657
sfi except high-contributors,0,1,-4.472685314933109,-0.44507063843053657
high contribution average,0,1,-4.472685314933109,-0.44507063843053657
low mcpr personal,0,1,-4.472685314933109,-0.44507063843053657
optimal payoff given,0,1,-4.472685314933109,-0.44507063843053657
contribution past sfi,0,1,-4.472685314933109,-0.44507063843053657
contribution amount maximizes,0,1,-4.472685314933109,-0.44507063843053657
free-riding aligns internal,0,1,-4.472685314933109,-0.44507063843053657
previously balance immediate,0,1,-4.472685314933109,-0.44507063843053657
immediate needs cooperate,0,1,-4.472685314933109,-0.44507063843053657
sfi institution mcpr,0,1,-4.472685314933109,-0.44507063843053657
moderate contribution previous,0,1,-4.472685314933109,-0.44507063843053657
past behavior avoid,0,1,-4.472685314933109,-0.44507063843053657
contribution peer free-riding,0,1,-4.472685314933109,-0.44507063843053657
prevalent sfi low,0,1,-4.472685314933109,-0.44507063843053657
conserve resources immediate,0,1,-4.472685314933109,-0.44507063843053657
history consistent high,0,1,-4.472685314933109,-0.44507063843053657
sfi moderate contribution,0,1,-4.472685314933109,-0.44507063843053657
high enough seen,0,1,-4.472685314933109,-0.44507063843053657
balance cooperate resilience,0,1,-4.472685314933109,-0.44507063843053657
enough benefit mcpr,0,1,-4.472685314933109,-0.44507063843053657
contribution moderate previous,0,1,-4.472685314933109,-0.44507063843053657
contribution justify substantial,0,1,-4.472685314933109,-0.44507063843053657
recent contribution high,0,1,-4.472685314933109,-0.44507063843053657
contribution peers zero,0,1,-4.472685314933109,-0.44507063843053657
levels mcpr considering,0,1,-4.472685314933109,-0.44507063843053657
potential returns avoid,0,1,-4.472685314933109,-0.44507063843053657
mcpr large budget,0,1,-4.472685314933109,-0.44507063843053657
due consistent mcpr,0,1,-4.472685314933109,-0.44507063843053657
maintain consistency recent,0,1,-4.472685314933109,-0.44507063843053657
peers contribute except,0,1,-4.472685314933109,-0.44507063843053657
tendencies peer data,0,1,-4.472685314933109,-0.44507063843053657
high amount maximize,0,1,-4.472685314933109,-0.44507063843053657
given developing country,0,1,-4.472685314933109,-0.44507063843053657
sfi except use,0,1,-4.472685314933109,-0.44507063843053657
contributors standard institution,0,1,-4.472685314933109,-0.44507063843053657
contribution peer data,0,1,-4.472685314933109,-0.44507063843053657
contribution peers standard,0,1,-4.472685314933109,-0.44507063843053657
varying levels contribution,0,1,-4.472685314933109,-0.44507063843053657
considering group past,0,1,-4.472685314933109,-0.44507063843053657
sfi higher payoff,0,1,-4.472685314933109,-0.44507063843053657
contribution reward considering,0,1,-4.472685314933109,-0.44507063843053657
historical data institution,0,1,-4.472685314933109,-0.44507063843053657
peers standard institution,0,1,-4.472685314933109,-0.44507063843053657
focusing long-term cooperate,0,1,-4.472685314933109,-0.44507063843053657
payoff considering cooperate,0,1,-4.472685314933109,-0.44507063843053657
contribution maximum possible,0,1,-4.472685314933109,-0.44507063843053657
consistent appears strategic,0,1,-4.472685314933109,-0.44507063843053657
usd prior experience,0,1,-4.472685314933109,-0.44507063843053657
peers institution follow,0,1,-4.472685314933109,-0.44507063843053657
optimizing payoff considering,0,1,-4.472685314933109,-0.44507063843053657
sfi institution contribution,0,1,-4.472685314933109,-0.44507063843053657
amount seen recent,0,1,-4.472685314933109,-0.44507063843053657
balancing interests cooperate,0,1,-4.472685314933109,-0.44507063843053657
given institution sfi,0,1,-4.472685314933109,-0.44507063843053657
historical contribution overall,0,1,-4.472685314933109,-0.44507063843053657
needs choose moderate,0,1,-4.472685314933109,-0.44507063843053657
returns avoid free-riding,0,1,-4.472685314933109,-0.44507063843053657
institution history consistent,0,1,-4.472685314933109,-0.44507063843053657
level balancing interests,0,1,-4.472685314933109,-0.44507063843053657
contribution pattern sfi,0,1,-4.472685314933109,-0.44507063843053657
immediate financial burden,0,1,-4.472685314933109,-0.44507063843053657
seems best option,0,1,-4.472685314933109,-0.44507063843053657
low contributors receive,0,1,-4.472685314933109,-0.44507063843053657
high contributors dominated,0,1,-4.472685314933109,-0.44507063843053657
follows recent contribution,0,1,-4.472685314933109,-0.44507063843053657
mostly sfi associated,0,1,-4.472685314933109,-0.44507063843053657
within sfi balancing,0,1,-4.472685314933109,-0.44507063843053657
contribute sfi except,0,1,-4.472685314933109,-0.44507063843053657
cooperate resilience needs,0,1,-4.472685314933109,-0.44507063843053657
sfi interests balance,0,1,-4.472685314933109,-0.44507063843053657
peer behavior internal,0,1,-4.472685314933109,-0.44507063843053657
pressure peers choose,0,1,-4.472685314933109,-0.44507063843053657
contribution high contribute,0,1,-4.472685314933109,-0.44507063843053657
beliefs previous data,0,1,-4.472685314933109,-0.44507063843053657
behavior maintain maximum,0,1,-4.472685314933109,-0.44507063843053657
cooperate minimal free-riding,0,1,-4.472685314933109,-0.44507063843053657
align institution typical,0,1,-4.472685314933109,-0.44507063843053657
pattern balancing immediate,0,1,-4.472685314933109,-0.44507063843053657
considering mcpr budget,0,1,-4.472685314933109,-0.44507063843053657
consistent high contribution,0,1,-4.472685314933109,-0.44507063843053657
institution defectors sfi,0,1,-4.472685314933109,-0.44507063843053657
institution contribute moderate,0,1,-4.472685314933109,-0.44507063843053657
given sfi high,0,1,-4.472685314933109,-0.44507063843053657
institution still mindful,0,1,-4.472685314933109,-0.44507063843053657
strategy developing country,0,1,-4.472685314933109,-0.44507063843053657
conserve budget potential,0,1,-4.472685314933109,-0.44507063843053657
enough information change,0,1,-4.472685314933109,-0.44507063843053657
mostly low contribution,0,1,-4.472685314933109,-0.44507063843053657
free-riding common behavior,0,1,-4.472685314933109,-0.44507063843053657
institution choose contribute,0,1,-4.472685314933109,-0.44507063843053657
mcpr apparent pressure,0,1,-4.472685314933109,-0.44507063843053657
institution sfi tends,0,1,-4.472685314933109,-0.44507063843053657
sfi members low,0,1,-4.472685314933109,-0.44507063843053657
free riders defectors,0,1,-4.472685314933109,-0.44507063843053657
follow past contribution,0,1,-4.472685314933109,-0.44507063843053657
mcpr institution typical,0,1,-4.472685314933109,-0.44507063843053657
beliefs previous-round peer,0,1,-4.472685314933109,-0.44507063843053657
cooperate mcpr balance,0,1,-4.472685314933109,-0.44507063843053657
incentive contribute choose,0,1,-4.472685314933109,-0.44507063843053657
significant amount similar,0,1,-4.472685314933109,-0.44507063843053657
contribution little nothing,0,1,-4.472685314933109,-0.44507063843053657
tighter budget constraints,0,1,-4.472685314933109,-0.44507063843053657
contribution significantly lower,0,1,-4.472685314933109,-0.44507063843053657
low-contributors sfi observed,0,1,-4.472685314933109,-0.44507063843053657
100k aligns past,0,1,-4.472685314933109,-0.44507063843053657
institution framework sfi,0,1,-4.472685314933109,-0.44507063843053657
dominate defectors low,0,1,-4.472685314933109,-0.44507063843053657
data contribute significantly,0,1,-4.472685314933109,-0.44507063843053657
sfi institution balancing,0,1,-4.472685314933109,-0.44507063843053657
rational choose zero-contribution,0,1,-4.472685314933109,-0.44507063843053657
cooperate incentives immediate,0,1,-4.472685314933109,-0.44507063843053657
payoff decide follow,0,1,-4.472685314933109,-0.44507063843053657
contribution allows conserve,0,1,-4.472685314933109,-0.44507063843053657
rounds average maximizes,0,1,-4.472685314933109,-0.44507063843053657
considering institution high,0,1,-4.472685314933109,-0.44507063843053657
consistent amount past,0,1,-4.472685314933109,-0.44507063843053657
contribution moderately low,0,1,-4.472685314933109,-0.44507063843053657
behavior choose conserve,0,1,-4.472685314933109,-0.44507063843053657
amount group average,0,1,-4.472685314933109,-0.44507063843053657
consistency balance between,0,1,-4.472685314933109,-0.44507063843053657
requires contribution enough,0,1,-4.472685314933109,-0.44507063843053657
average contribution last,0,1,-4.472685314933109,-0.44507063843053657
low contribution expected,0,1,-4.472685314933109,-0.44507063843053657
immediately committing cooperate,0,1,-4.472685314933109,-0.44507063843053657
contribution common defect,0,1,-4.472685314933109,-0.44507063843053657
moderately matching previous,0,1,-4.472685314933109,-0.44507063843053657
past behavior current,0,1,-4.472685314933109,-0.44507063843053657
contribute budget per,0,1,-4.472685314933109,-0.44507063843053657
behavior group average,0,1,-4.472685314933109,-0.44507063843053657
history balances short-term,0,1,-4.472685314933109,-0.44507063843053657
little nothing considering,0,1,-4.472685314933109,-0.44507063843053657
maximum budget maximize,0,1,-4.472685314933109,-0.44507063843053657
contribution institution low,0,1,-4.472685314933109,-0.44507063843053657
amount balance recent,0,1,-4.472685314933109,-0.44507063843053657
follow except low-contributors,0,1,-4.472685314933109,-0.44507063843053657
low mcpr apparent,0,1,-4.472685314933109,-0.44507063843053657
behavior observe others,0,1,-4.472685314933109,-0.44507063843053657
following historical contribution,0,1,-4.472685314933109,-0.44507063843053657
contribute maximum budget,0,1,-4.472685314933109,-0.44507063843053657
marginal return previous,0,1,-4.472685314933109,-0.44507063843053657
behavior institution average,0,1,-4.472685314933109,-0.44507063843053657
choices previous contribution,0,1,-4.472685314933109,-0.44507063843053657
contribution past performance,0,1,-4.472685314933109,-0.44507063843053657
stable level cooperate,0,1,-4.472685314933109,-0.44507063843053657
amount matching previous,0,1,-4.472685314933109,-0.44507063843053657
contribution nothing seems,0,1,-4.472685314933109,-0.44507063843053657
institution apparent strategy,0,1,-4.472685314933109,-0.44507063843053657
maintain moderate contribution,0,1,-4.472685314933109,-0.44507063843053657
high contribution peer,0,1,-4.472685314933109,-0.44507063843053657
members observed contribution,0,1,-4.472685314933109,-0.44507063843053657
consistent yielded decent,0,1,-4.472685314933109,-0.44507063843053657
cooperate free-riding considering,0,1,-4.472685314933109,-0.44507063843053657
group behavior maintain,0,1,-4.472685314933109,-0.44507063843053657
sfi institution behavior,0,1,-4.472685314933109,-0.44507063843053657
cooperate except high,0,1,-4.472685314933109,-0.44507063843053657
previous contribution sfi,0,1,-4.472685314933109,-0.44507063843053657
mcpr significant punishment,0,1,-4.472685314933109,-0.44507063843053657
amounts contribute low,0,1,-4.472685314933109,-0.44507063843053657
options open future,0,1,-4.472685314933109,-0.44507063843053657
mcpr institution tendency,0,1,-4.472685314933109,-0.44507063843053657
follow defect contribute,0,1,-4.472685314933109,-0.44507063843053657
low mcpr incentive,0,1,-4.472685314933109,-0.44507063843053657
reward considering internal,0,1,-4.472685314933109,-0.44507063843053657
rounds avoids potential,0,1,-4.472685314933109,-0.44507063843053657
typical contribution patterns,0,1,-4.472685314933109,-0.44507063843053657
strategy past behavior,0,1,-4.472685314933109,-0.44507063843053657
maximum maximize cumulative,0,1,-4.472685314933109,-0.44507063843053657
maximize marginal return,0,1,-4.472685314933109,-0.44507063843053657
act wait information,0,1,-4.472685314933109,-0.44507063843053657
incentives choose contribution,0,1,-4.472685314933109,-0.44507063843053657
balancing interests need,0,1,-4.472685314933109,-0.44507063843053657
keep options open,0,1,-4.472685314933109,-0.44507063843053657
usd institution strategy,0,1,-4.472685314933109,-0.44507063843053657
chosen contribute substantial,0,1,-4.472685314933109,-0.44507063843053657
typically faces higher,0,1,-4.472685314933109,-0.44507063843053657
contribution mostly institution,0,1,-4.472685314933109,-0.44507063843053657
strategy high contributors,0,1,-4.472685314933109,-0.44507063843053657
history maintain consistency,0,1,-4.472685314933109,-0.44507063843053657
incentives given past,0,1,-4.472685314933109,-0.44507063843053657
level balance immediate,0,1,-4.472685314933109,-0.44507063843053657
20m low contributors,0,1,-4.472685314933109,-0.44507063843053657
contribution mostly seen,0,1,-4.472685314933109,-0.44507063843053657
moderate contribution mcpr,0,1,-4.472685314933109,-0.44507063843053657
significant pressure contribute,0,1,-4.472685314933109,-0.44507063843053657
contribution chose moderate,0,1,-4.472685314933109,-0.44507063843053657
sfi members considering,0,1,-4.472685314933109,-0.44507063843053657
mcpr low budget,0,1,-4.472685314933109,-0.44507063843053657
consistent high-contribution reputation,0,1,-4.472685314933109,-0.44507063843053657
sfi institution historical,0,1,-4.472685314933109,-0.44507063843053657
roughly similar previous,0,1,-4.472685314933109,-0.44507063843053657
present sfi institution,0,1,-4.472685314933109,-0.44507063843053657
peer history contribution,0,1,-4.472685314933109,-0.44507063843053657
budget future rounds,0,1,-4.472685314933109,-0.44507063843053657
reward choose moderate,0,1,-4.472685314933109,-0.44507063843053657
past behavior group,0,1,-4.472685314933109,-0.44507063843053657
historical low contribution,0,1,-4.472685314933109,-0.44507063843053657
others act wait,0,1,-4.472685314933109,-0.44507063843053657
peers cooperate within,0,1,-4.472685314933109,-0.44507063843053657
low contributors another,0,1,-4.472685314933109,-0.44507063843053657
information change strategy,0,1,-4.472685314933109,-0.44507063843053657
follow strategy involves,0,1,-4.472685314933109,-0.44507063843053657
country type relatively,0,1,-4.472685314933109,-0.44507063843053657
balance budget long-run,0,1,-4.472685314933109,-0.44507063843053657
sfi past contribution,0,1,-4.472685314933109,-0.44507063843053657
mcpr risk punishment,0,1,-4.472685314933109,-0.44507063843053657
account group average,0,1,-4.472685314933109,-0.44507063843053657
balance individual group,0,1,-4.472685314933109,-0.44507063843053657
peers defectors contribute,0,1,-4.472685314933109,-0.44507063843053657
peer behavior contribute,0,1,-4.472685314933109,-0.44507063843053657
pattern due high,0,1,-4.472685314933109,-0.44507063843053657
sfi institution choose,0,1,-4.472685314933109,-0.44507063843053657
past performance institution,0,1,-4.472685314933109,-0.44507063843053657
similar previous group,0,1,-4.472685314933109,-0.44507063843053657
faces higher vulnerability,0,1,-4.472685314933109,-0.44507063843053657
interests immediate resilience,0,1,-4.472685314933109,-0.44507063843053657
minimal contribution protect,0,1,-4.472685314933109,-0.44507063843053657
past behavior contribution,0,1,-4.472685314933109,-0.44507063843053657
contribute low amounts,0,1,-4.472685314933109,-0.44507063843053657
given history low,0,1,-4.472685314933109,-0.44507063843053657
previous contribution low,0,1,-4.472685314933109,-0.44507063843053657
contribution strategy consistent,0,1,-4.472685314933109,-0.44507063843053657
significantly sfi high,0,1,-4.472685314933109,-0.44507063843053657
significantly except sfi,0,1,-4.472685314933109,-0.44507063843053657
institution history low,0,1,-4.472685314933109,-0.44507063843053657
benefit mcpr much,0,1,-4.472685314933109,-0.44507063843053657
peers sfi high,0,1,-4.472685314933109,-0.44507063843053657
tend contribute consistently,0,1,-4.472685314933109,-0.44507063843053657
peers strategy iterated,0,1,-4.472685314933109,-0.44507063843053657
high contributors free,0,1,-4.472685314933109,-0.44507063843053657
averages institution history,0,1,-4.472685314933109,-0.44507063843053657
minimally following institution,0,1,-4.472685314933109,-0.44507063843053657
higher payoffs low,0,1,-4.472685314933109,-0.44507063843053657
avoid free-rider reputation,0,1,-4.472685314933109,-0.44507063843053657
needs considering historical,0,1,-4.472685314933109,-0.44507063843053657
contribution ldf context,0,1,-4.472685314933109,-0.44507063843053657
past data internal,0,1,-4.472685314933109,-0.44507063843053657
interests balance immediate,0,1,-4.472685314933109,-0.44507063843053657
data high contributors,0,1,-4.472685314933109,-0.44507063843053657
follow institution apparent,0,1,-4.472685314933109,-0.44507063843053657
contribution history successful,0,1,-4.472685314933109,-0.44507063843053657
institution tendency low,0,1,-4.472685314933109,-0.44507063843053657
follow strategy choose,0,1,-4.472685314933109,-0.44507063843053657
highly except sfi,0,1,-4.472685314933109,-0.44507063843053657
cooperate incentives per,0,1,-4.472685314933109,-0.44507063843053657
future rounds avoid,0,1,-4.472685314933109,-0.44507063843053657
nothing maximizes cumulative,0,1,-4.472685314933109,-0.44507063843053657
institution recent contribution,0,1,-4.472685314933109,-0.44507063843053657
contributors sfi higher,0,1,-4.472685314933109,-0.44507063843053657
behavior avoid deviating,0,1,-4.472685314933109,-0.44507063843053657
contributors dominate defectors,0,1,-4.472685314933109,-0.44507063843053657
high contribution necessary,0,1,-4.472685314933109,-0.44507063843053657
contribution moderate still,0,1,-4.472685314933109,-0.44507063843053657
consistent mcpr peer,0,1,-4.472685314933109,-0.44507063843053657
pattern aligns institution,0,1,-4.472685314933109,-0.44507063843053657
strategy sfi contribute,0,1,-4.472685314933109,-0.44507063843053657
consistency recent contribution,0,1,-4.472685314933109,-0.44507063843053657
sfi commitment emissions,0,1,-4.472685314933109,-0.44507063843053657
contributors defectors low,0,1,-4.472685314933109,-0.44507063843053657
incentives contribution substantial,0,1,-4.472685314933109,-0.44507063843053657
behavior historical contribution,0,1,-4.472685314933109,-0.44507063843053657
mostly contribution sfi,0,1,-4.472685314933109,-0.44507063843053657
contribution pattern balancing,0,1,-4.472685314933109,-0.44507063843053657
vulnerability tighter budget,0,1,-4.472685314933109,-0.44507063843053657
peer contribution mcpr,0,1,-4.472685314933109,-0.44507063843053657
recent contribution amount,0,1,-4.472685314933109,-0.44507063843053657
defectors contribute highly,0,1,-4.472685314933109,-0.44507063843053657
sfi high vulnerability,0,1,-4.472685314933109,-0.44507063843053657
maintain maximum flexibility,0,1,-4.472685314933109,-0.44507063843053657
following institution peer,0,1,-4.472685314933109,-0.44507063843053657
tight budget constraints,0,1,-4.472685314933109,-0.44507063843053657
high contributors exist,0,1,-4.472685314933109,-0.44507063843053657
chose moderate level,0,1,-4.472685314933109,-0.44507063843053657
contribution around amount,0,1,-4.472685314933109,-0.44507063843053657
contribution expected sfi,0,1,-4.472685314933109,-0.44507063843053657
substantial amount like,0,1,-4.472685314933109,-0.44507063843053657
contribution despite stating,0,1,-4.472685314933109,-0.44507063843053657
observe group behavior,0,1,-4.472685314933109,-0.44507063843053657
dominate institution low,0,1,-4.472685314933109,-0.44507063843053657
balance recent contribution,0,1,-4.472685314933109,-0.44507063843053657
rounds provides balance,0,1,-4.472685314933109,-0.44507063843053657
high mcpr risk,0,1,-4.472685314933109,-0.44507063843053657
free-riding considering recent,0,1,-4.472685314933109,-0.44507063843053657
contribution maximum maximize,0,1,-4.472685314933109,-0.44507063843053657
contribution reward still,0,1,-4.472685314933109,-0.44507063843053657
punishment effect contribution,0,1,-4.472685314933109,-0.44507063843053657
maintain consistency follow,0,1,-4.472685314933109,-0.44507063843053657
incentives following contribution,0,1,-4.472685314933109,-0.44507063843053657
given past observations,0,1,-4.472685314933109,-0.44507063843053657
mcpr sfi members,0,1,-4.472685314933109,-0.44507063843053657
contribute highly social,0,1,-4.472685314933109,-0.44507063843053657
stable mcpr peer,0,1,-4.472685314933109,-0.44507063843053657
selfish institution framework,0,1,-4.472685314933109,-0.44507063843053657
cooperate history choose,0,1,-4.472685314933109,-0.44507063843053657
incentives immediate resilience,0,1,-4.472685314933109,-0.44507063843053657
unit contribution relatively,0,1,-4.472685314933109,-0.44507063843053657
vulnerability choose conserve,0,1,-4.472685314933109,-0.44507063843053657
million usd institution,0,1,-4.472685314933109,-0.44507063843053657
internal beliefs previous,0,1,-4.472685314933109,-0.44507063843053657
previous data aiming,0,1,-4.472685314933109,-0.44507063843053657
amount like many,0,1,-4.472685314933109,-0.44507063843053657
past rounds patterns,0,1,-4.472685314933109,-0.44507063843053657
cooperate incentives past,0,1,-4.472685314933109,-0.44507063843053657
institution constraints choose,0,1,-4.472685314933109,-0.44507063843053657
contribution sfi peers,0,1,-4.472685314933109,-0.44507063843053657
relatively high mcpr,0,1,-4.472685314933109,-0.44507063843053657
history contribution moderately,0,1,-4.472685314933109,-0.44507063843053657
tends lower contributors,0,1,-4.472685314933109,-0.44507063843053657
low contribution still,0,1,-4.472685314933109,-0.44507063843053657
considering institution sfi,0,1,-4.472685314933109,-0.44507063843053657
contributors sfi common,0,1,-4.472685314933109,-0.44507063843053657
followed sfi strategy,0,1,-4.472685314933109,-0.44507063843053657
between cooperate resilience,0,1,-4.472685314933109,-0.44507063843053657
little public good,0,1,-4.472685314933109,-0.44507063843053657
often reward higher,0,1,-4.472685314933109,-0.44507063843053657
institution sfi strategy,0,1,-4.472685314933109,-0.44507063843053657
peer contribution justify,0,1,-4.472685314933109,-0.44507063843053657
low mcpr immediate,0,1,-4.472685314933109,-0.44507063843053657
seen recent contribution,0,1,-4.472685314933109,-0.44507063843053657
nothing observe group,0,1,-4.472685314933109,-0.44507063843053657
given mcpr past,0,1,-4.472685314933109,-0.44507063843053657
current budget constraints,0,1,-4.472685314933109,-0.44507063843053657
except use sfi,0,1,-4.472685314933109,-0.44507063843053657
incentives considering mcpr,0,1,-4.472685314933109,-0.44507063843053657
incentives choose moderate,0,1,-4.472685314933109,-0.44507063843053657
payoff cooperate incentives,0,1,-4.472685314933109,-0.44507063843053657
without committing significant,0,1,-4.472685314933109,-0.44507063843053657
needs considering mcpr,0,1,-4.472685314933109,-0.44507063843053657
potential low contribution,0,1,-4.472685314933109,-0.44507063843053657
contribution historical behavior,0,1,-4.472685314933109,-0.44507063843053657
resilience needs choose,0,1,-4.472685314933109,-0.44507063843053657
rounds considering institution,0,1,-4.472685314933109,-0.44507063843053657
previous contribution justify,0,1,-4.472685314933109,-0.44507063843053657
considering current mcpr,0,1,-4.472685314933109,-0.44507063843053657
sfi institution strategy,0,1,-4.472685314933109,-0.44507063843053657
low contributors present,0,1,-4.472685314933109,-0.44507063843053657
explore options without,0,1,-4.472685314933109,-0.44507063843053657
benefits avoid immediate,0,1,-4.472685314933109,-0.44507063843053657
contributor within sfi,0,1,-4.472685314933109,-0.44507063843053657
vulnerability index contribute,0,1,-4.472685314933109,-0.44507063843053657
contribution significant marginal,0,1,-4.472685314933109,-0.44507063843053657
high-contribution reputation peers,0,1,-4.472685314933109,-0.44507063843053657
rounds behavior choose,0,1,-4.472685314933109,-0.44507063843053657
members low contribution,0,1,-4.472685314933109,-0.44507063843053657
maximize payoff minimizing,0,1,-4.472685314933109,-0.44507063843053657
cumulative payoff consideration,0,1,-4.472685314933109,-0.44507063843053657
recent peer contribution,0,1,-4.472685314933109,-0.44507063843053657
maximize payoff due,0,1,-4.472685314933109,-0.44507063843053657
internal beliefs previous-round,0,1,-4.472685314933109,-0.44507063843053657
beliefs sfi members,0,1,-4.472685314933109,-0.44507063843053657
amount done previously,0,1,-4.472685314933109,-0.44507063843053657
significant evidence cooperate,0,1,-4.472685314933109,-0.44507063843053657
country vulnerability choose,0,1,-4.472685314933109,-0.44507063843053657
mindful budget constraints,0,1,-4.472685314933109,-0.44507063843053657
contribution sfi varying,0,1,-4.472685314933109,-0.44507063843053657
peer contribution choose,0,1,-4.472685314933109,-0.44507063843053657
chose contribute little,0,1,-4.472685314933109,-0.44507063843053657
balances short-term resilience,0,1,-4.472685314933109,-0.44507063843053657
low contribution choose,0,1,-4.472685314933109,-0.44507063843053657
expected sfi low,0,1,-4.472685314933109,-0.44507063843053657
interests group average,0,1,-4.472685314933109,-0.44507063843053657
free-riding choose contribute,0,1,-4.472685314933109,-0.44507063843053657
framework low contribution,0,1,-4.472685314933109,-0.44507063843053657
strategy peers choose,0,1,-4.472685314933109,-0.44507063843053657
peer contribution significant,0,1,-4.472685314933109,-0.44507063843053657
reputation consistent previous,0,1,-4.472685314933109,-0.44507063843053657
previous data indicating,0,1,-4.472685314933109,-0.44507063843053657
contribution moderate below,0,1,-4.472685314933109,-0.44507063843053657
contribute minimally aligning,0,1,-4.472685314933109,-0.44507063843053657
balance payoff cooperate,0,1,-4.472685314933109,-0.44507063843053657
cooperate incentives consistent,0,1,-4.472685314933109,-0.44507063843053657
payoff consideration mcpr,0,1,-4.472685314933109,-0.44507063843053657
beliefs high contributors,0,1,-4.472685314933109,-0.44507063843053657
explore potential returns,0,1,-4.472685314933109,-0.44507063843053657
contribution 100k aligns,0,1,-4.472685314933109,-0.44507063843053657
players high contribution,0,1,-4.472685314933109,-0.44507063843053657
country institution contribution,0,1,-4.472685314933109,-0.44507063843053657
high contributor within,0,1,-4.472685314933109,-0.44507063843053657
uses selfish-institutional strategy,0,1,-4.472685314933109,-0.44507063843053657
contribute minimally due,0,1,-4.472685314933109,-0.44507063843053657
keeping contribution consistent,0,1,-4.472685314933109,-0.44507063843053657
balances immediate needs,0,1,-4.472685314933109,-0.44507063843053657
conserve wealth potential,0,1,-4.472685314933109,-0.44507063843053657
conserve budget future,0,1,-4.472685314933109,-0.44507063843053657
contribution optimal contribute,0,1,-4.472685314933109,-0.44507063843053657
contribution considering low,0,1,-4.472685314933109,-0.44507063843053657
contribution selfish institution,0,1,-4.472685314933109,-0.44507063843053657
behavior considering current,0,1,-4.472685314933109,-0.44507063843053657
followers sfi strategies,0,1,-4.472685314933109,-0.44507063843053657
members choose free,0,1,-4.472685314933109,-0.44507063843053657
moderately contribution nothing,0,1,-4.472685314933109,-0.44507063843053657
contributors reward institution,0,1,-4.472685314933109,-0.44507063843053657
cooperate strategy optimal,0,1,-4.472685314933109,-0.44507063843053657
previous rounds considering,0,1,-4.472685314933109,-0.44507063843053657
peer contribution sfi,0,1,-4.472685314933109,-0.44507063843053657
behavior keep options,0,1,-4.472685314933109,-0.44507063843053657
mostly selfish-institutional group,0,1,-4.472685314933109,-0.44507063843053657
contribution budget aligns,0,1,-4.472685314933109,-0.44507063843053657
balance between short-term,0,1,-4.472685314933109,-0.44507063843053657
choosing contribution million,0,1,-4.472685314933109,-0.44507063843053657
card account mcpr,0,1,-4.472685314933109,-0.44507063843053657
return previous rounds,0,1,-4.472685314933109,-0.44507063843053657
contribute high low,0,1,-4.472685314933109,-0.44507063843053657
provides stable level,0,1,-4.472685314933109,-0.44507063843053657
contribution common sfi,0,1,-4.472685314933109,-0.44507063843053657
contribution minimum level,0,1,-4.472685314933109,-0.44507063843053657
relatively low choose,0,1,-4.472685314933109,-0.44507063843053657
potential future benefits,0,1,-4.472685314933109,-0.44507063843053657
avoid deviating institution,0,1,-4.472685314933109,-0.44507063843053657
pattern consistent yielded,0,1,-4.472685314933109,-0.44507063843053657
performance institution strategy,0,1,-4.472685314933109,-0.44507063843053657
strategy provides stable,0,1,-4.472685314933109,-0.44507063843053657
much depletes budget,0,1,-4.472685314933109,-0.44507063843053657
avoid immediate financial,0,1,-4.472685314933109,-0.44507063843053657
strategy sfi deviate,0,1,-4.472685314933109,-0.44507063843053657
demonstrate sfi commitment,0,1,-4.472685314933109,-0.44507063843053657
group history high,0,1,-4.472685314933109,-0.44507063843053657
previous contribution historical,0,1,-4.472685314933109,-0.44507063843053657
institution choices maintain,0,1,-4.472685314933109,-0.44507063843053657
recent strategy sfi,0,1,-4.472685314933109,-0.44507063843053657
behavior maintaining consistency,0,1,-4.472685314933109,-0.44507063843053657
followers standard institution,0,1,-4.472685314933109,-0.44507063843053657
committing cooperate action,0,1,-4.472685314933109,-0.44507063843053657
moderate contribution level,0,1,-4.472685314933109,-0.44507063843053657
high contribution exceptions,0,1,-4.472685314933109,-0.44507063843053657
contribution roughly similar,0,1,-4.472685314933109,-0.44507063843053657
rounds contribution maintain,0,1,-4.472685314933109,-0.44507063843053657
contributors exist sfi,0,1,-4.472685314933109,-0.44507063843053657
cooperate budget constraints,0,1,-4.472685314933109,-0.44507063843053657
followers selfish institution,0,1,-4.472685314933109,-0.44507063843053657
considering past behavior,0,1,-4.472685314933109,-0.44507063843053657
still mindful budget,0,1,-4.472685314933109,-0.44507063843053657
contribute highly others,0,1,-4.472685314933109,-0.44507063843053657
peer contribution low,0,1,-4.472685314933109,-0.44507063843053657
peers contribution high,0,1,-4.472685314933109,-0.44507063843053657
previous contribution marginal,0,1,-4.472685314933109,-0.44507063843053657
budget long-run cooperate,0,1,-4.472685314933109,-0.44507063843053657
cooperate incentives rational,0,1,-4.472685314933109,-0.44507063843053657
rounds avoid immediate,0,1,-4.472685314933109,-0.44507063843053657
reward large payoffs,0,1,-4.472685314933109,-0.44507063843053657
contribution moderately maintain,0,1,-4.472685314933109,-0.44507063843053657
reduction outweighs costs,0,1,-4.472685314933109,-0.44507063843053657
deviating institution trend,0,1,-4.472685314933109,-0.44507063843053657
rounds averages institution,0,1,-4.472685314933109,-0.44507063843053657
contribute significantly others,0,1,-4.472685314933109,-0.44507063843053657
excessive amount consistent,0,1,-4.472685314933109,-0.44507063843053657
sfi varying levels,0,1,-4.472685314933109,-0.44507063843053657
cooperate considering payoff,0,1,-4.472685314933109,-0.44507063843053657
nothing observe others,0,1,-4.472685314933109,-0.44507063843053657
budget aligns balancing,0,1,-4.472685314933109,-0.44507063843053657
strategy need long-run,0,1,-4.472685314933109,-0.44507063843053657
past rounds balance,0,1,-4.472685314933109,-0.44507063843053657
typical behavior maintaining,0,1,-4.472685314933109,-0.44507063843053657
historical data peer,0,1,-4.472685314933109,-0.44507063843053657
mostly standard institution,0,1,-4.472685314933109,-0.44507063843053657
incentives past contribution,0,1,-4.472685314933109,-0.44507063843053657
except high contribution,0,1,-4.472685314933109,-0.44507063843053657
past contribution ldf,0,1,-4.472685314933109,-0.44507063843053657
contributor given high,0,1,-4.472685314933109,-0.44507063843053657
maximum budget given,0,1,-4.472685314933109,-0.44507063843053657
past rounds provides,0,1,-4.472685314933109,-0.44507063843053657
free-rider reputation consistent,0,1,-4.472685314933109,-0.44507063843053657
low sfi made,0,1,-4.472685314933109,-0.44507063843053657
peer contribution pattern,0,1,-4.472685314933109,-0.44507063843053657
peers cooperate sfi,0,1,-4.472685314933109,-0.44507063843053657
contribution level seen,0,1,-4.472685314933109,-0.44507063843053657
cooperate sfi members,0,1,-4.472685314933109,-0.44507063843053657
interests need cooperate,0,1,-4.472685314933109,-0.44507063843053657
minimal free-riding aligns,0,1,-4.472685314933109,-0.44507063843053657
index contribution nothing,0,1,-4.472685314933109,-0.44507063843053657
institution sfi developing,0,1,-4.472685314933109,-0.44507063843053657
personal payoff contribution,0,1,-4.472685314933109,-0.44507063843053657
peer contribution contribution,0,1,-4.472685314933109,-0.44507063843053657
contribution moderately sfi,0,1,-4.472685314933109,-0.44507063843053657
institution framework sif,0,1,-4.472685314933109,-0.44507063843053657
contribution pattern successful,0,1,-4.472685314933109,-0.44507063843053657
contribution choose conserve,0,1,-4.472685314933109,-0.44507063843053657
institution recent strategy,0,1,-4.472685314933109,-0.44507063843053657
institution history contribution,0,1,-4.472685314933109,-0.44507063843053657
reduction consistent previous,0,1,-4.472685314933109,-0.44507063843053657
observe others actions,0,1,-4.472685314933109,-0.44507063843053657
past cooperate mcpr,0,1,-4.472685314933109,-0.44507063843053657
matching group average,0,1,-4.472685314933109,-0.44507063843053657
payoff requires balance,0,1,-4.472685314933109,-0.44507063843053657
moderate previous group,0,1,-4.472685314933109,-0.44507063843053657
observed contribution around,0,1,-4.472685314933109,-0.44507063843053657
country limited resources,0,1,-4.472685314933109,-0.44507063843053657
contribution moderately contribution,0,1,-4.472685314933109,-0.44507063843053657
aim contribute substantial,0,1,-4.472685314933109,-0.44507063843053657
minimally aligning institution,0,1,-4.472685314933109,-0.44507063843053657
mcpr consistent peer,0,1,-4.472685314933109,-0.44507063843053657
justify substantial contribution,0,1,-4.472685314933109,-0.44507063843053657
contribution came sfi,0,1,-4.472685314933109,-0.44507063843053657
high mcpr consistent,0,1,-4.472685314933109,-0.44507063843053657
high vulnerability choose,0,1,-4.472685314933109,-0.44507063843053657
standard institution contribute,0,1,-4.472685314933109,-0.44507063843053657
committing significant funds,0,1,-4.472685314933109,-0.44507063843053657
previous data institution,0,1,-4.472685314933109,-0.44507063843053657
history consistent amount,0,1,-4.472685314933109,-0.44507063843053657
balance interests collective,0,1,-4.472685314933109,-0.44507063843053657
maximum flexibility future,0,1,-4.472685314933109,-0.44507063843053657
moderately low contributors,0,1,-4.472685314933109,-0.44507063843053657
substantial amount high,0,1,-4.472685314933109,-0.44507063843053657
contribution indicating defector,0,1,-4.472685314933109,-0.44507063843053657
mcpr contribution minimally,0,1,-4.472685314933109,-0.44507063843053657
sets precedent developing,0,1,-4.472685314933109,-0.44507063843053657
institution need explore,0,1,-4.472685314933109,-0.44507063843053657
others contribute lowly,0,1,-4.472685314933109,-0.44507063843053657
amount balance payoff,0,1,-4.472685314933109,-0.44507063843053657
contributors selfish-institution strategy,0,1,-4.472685314933109,-0.44507063843053657
data suggests sfi,0,1,-4.472685314933109,-0.44507063843053657
history institution constraints,0,1,-4.472685314933109,-0.44507063843053657
without committing institution,0,1,-4.472685314933109,-0.44507063843053657
peer behavior indicate,0,1,-4.472685314933109,-0.44507063843053657
history cooperate minimal,0,1,-4.472685314933109,-0.44507063843053657
amount align previous,0,1,-4.472685314933109,-0.44507063843053657
peers sfi contribute,0,1,-4.472685314933109,-0.44507063843053657
amount balancing past,0,1,-4.472685314933109,-0.44507063843053657
significantly lower average,0,1,-4.472685314933109,-0.44507063843053657
contribution balance budget,0,1,-4.472685314933109,-0.44507063843053657
members tend contribute,0,1,-4.472685314933109,-0.44507063843053657
contributors low contribution,0,1,-4.472685314933109,-0.44507063843053657
low mcpr sfi,0,1,-4.472685314933109,-0.44507063843053657
minimally maximizes cumulative,0,1,-4.472685314933109,-0.44507063843053657
zero contribution sfi,0,1,-4.472685314933109,-0.44507063843053657
strategy group average,0,1,-4.472685314933109,-0.44507063843053657
contribution previous data,0,1,-4.472685314933109,-0.44507063843053657
resources choose contribute,0,1,-4.472685314933109,-0.44507063843053657
sfi institution received,0,1,-4.472685314933109,-0.44507063843053657
peers contribution nothing,0,1,-4.472685314933109,-0.44507063843053657
observed high contributors,0,1,-4.472685314933109,-0.44507063843053657
previous balancing immediate,0,1,-4.472685314933109,-0.44507063843053657
institution choices previous,0,1,-4.472685314933109,-0.44507063843053657
since developing country,0,1,-4.472685314933109,-0.44507063843053657
incentives considering history,0,1,-4.472685314933109,-0.44507063843053657
riders defectors sfi,0,1,-4.472685314933109,-0.44507063843053657
dominate defect contribute,0,1,-4.472685314933109,-0.44507063843053657
balancing long-run cooperate,0,1,-4.472685314933109,-0.44507063843053657
mcpr significant pressure,0,1,-4.472685314933109,-0.44507063843053657
nothing seems best,0,1,-4.472685314933109,-0.44507063843053657
aligning institution constraints,0,1,-4.472685314933109,-0.44507063843053657
behavior contribution despite,0,1,-4.472685314933109,-0.44507063843053657
contribution necessary optimal,0,1,-4.472685314933109,-0.44507063843053657
since contributors contribution,0,1,-4.472685314933109,-0.44507063843053657
group average previous,1,2,-0.5457294563682549,-0.447437768193617
group average maintain,1,2,-0.5457294563682549,-0.447437768193617
individual collective interests,1,2,-0.5457294563682549,-0.447437768193617
peers low sfi,1,2,-0.5457294563682549,-0.447437768193617
reward high contribution,1,2,-0.5457294563682549,-0.447437768193617
contribution previous rounds,1,2,-0.5457294563682549,-0.447437768193617
contribution low mcpr,1,2,-0.5457294563682549,-0.447437768193617
balance cooperate self-interest,1,2,-0.5457294563682549,-0.447437768193617
contribute maximum amount,1,2,-0.5457294563682549,-0.447437768193617
maximizes payoff given,1,2,-0.5457294563682549,-0.447437768193617
past contribution maximize,1,2,-0.5457294563682549,-0.447437768193617
balance individual collective,1,2,-0.5457294563682549,-0.447437768193617
peers choose contribute,1,2,-0.5457294563682549,-0.447437768193617
amount institution history,1,2,-0.5457294563682549,-0.447437768193617
due high mcpr,1,2,-0.5457294563682549,-0.447437768193617
internal beliefs past,1,2,-0.5457294563682549,-0.447437768193617
recent contribution peer,1,2,-0.5457294563682549,-0.447437768193617
observed peers institution,1,2,-0.5457294563682549,-0.447437768193617
mostly low-contributors mostly,1,2,-0.5457294563682549,-0.447437768193617
low mcpr significant,1,2,-0.5457294563682549,-0.447437768193617
contributors defectors sfi,1,2,-0.5457294563682549,-0.447437768193617
indicating low contribution,1,2,-0.5457294563682549,-0.447437768193617
amount maintain recent,1,2,-0.5457294563682549,-0.447437768193617
following recent contribution,1,2,-0.5457294563682549,-0.447437768193617
contribution others contribute,1,2,-0.5457294563682549,-0.447437768193617
mostly sfi institution,1,2,-0.5457294563682549,-0.447437768193617
maintain recent trend,1,2,-0.5457294563682549,-0.447437768193617
average contribution maintain,1,2,-0.5457294563682549,-0.447437768193617
amount maintain reputation,1,2,-0.5457294563682549,-0.447437768193617
group average considering,1,2,-0.5457294563682549,-0.447437768193617
sfi members contribution,1,2,-0.5457294563682549,-0.447437768193617
low-contributors mostly sfi,1,2,-0.5457294563682549,-0.447437768193617
contribution institution choices,1,2,-0.5457294563682549,-0.447437768193617
sfi high contributors,1,2,-0.5457294563682549,-0.447437768193617
data indicating low,1,2,-0.5457294563682549,-0.447437768193617
contribute recent average,1,2,-0.5457294563682549,-0.447437768193617
group previous average,1,2,-0.5457294563682549,-0.447437768193617
mcpr previous data,1,2,-0.5457294563682549,-0.447437768193617
past contribution group,1,2,-0.5457294563682549,-0.447437768193617
previous contribution mcpr,3,5,-0.3671303669036128,-0.503425528784538
sfi institution cooperate,0,2,-5.1609986040227405,-0.5148208005413943
highly except low,0,2,-5.1609986040227405,-0.5148208005413943
budget high vulnerability,0,2,-5.1609986040227405,-0.5148208005413943
budget contribution minimally,0,2,-5.1609986040227405,-0.5148208005413943
constraints choose contribute,0,2,-5.1609986040227405,-0.5148208005413943
peers contribute institution,0,2,-5.1609986040227405,-0.5148208005413943
choices well mcpr,0,2,-5.1609986040227405,-0.5148208005413943
sfi members tend,0,2,-5.1609986040227405,-0.5148208005413943
consistency considering low,0,2,-5.1609986040227405,-0.5148208005413943
institution strategy deviate,0,2,-5.1609986040227405,-0.5148208005413943
low contribution maintain,0,2,-5.1609986040227405,-0.5148208005413943
balancing immediate needs,0,2,-5.1609986040227405,-0.5148208005413943
previous contribution balance,0,2,-5.1609986040227405,-0.5148208005413943
institution historical tendencies,0,2,-5.1609986040227405,-0.5148208005413943
reward cautious defectors,0,2,-5.1609986040227405,-0.5148208005413943
previous rounds balance,0,2,-5.1609986040227405,-0.5148208005413943
minimally aligns interests,0,2,-5.1609986040227405,-0.5148208005413943
recent contribution group,0,2,-5.1609986040227405,-0.5148208005413943
high mcpr developing,0,2,-5.1609986040227405,-0.5148208005413943
group average balancing,0,2,-5.1609986040227405,-0.5148208005413943
first prior contribution,0,2,-5.1609986040227405,-0.5148208005413943
high mcpr contribution,0,2,-5.1609986040227405,-0.5148208005413943
incentives considering recent,0,2,-5.1609986040227405,-0.5148208005413943
high budget choose,0,2,-5.1609986040227405,-0.5148208005413943
moderate amount consistent,0,2,-5.1609986040227405,-0.5148208005413943
mcpr high budget,0,2,-5.1609986040227405,-0.5148208005413943
mostly institution strategy,0,2,-5.1609986040227405,-0.5148208005413943
institution choices past,0,2,-5.1609986040227405,-0.5148208005413943
balance short-term resilience,0,2,-5.1609986040227405,-0.5148208005413943
given recent contribution,0,2,-5.1609986040227405,-0.5148208005413943
sfi contribution maximum,0,2,-5.1609986040227405,-0.5148208005413943
peers sfi institution,0,2,-5.1609986040227405,-0.5148208005413943
behavior considering low,0,2,-5.1609986040227405,-0.5148208005413943
contribution level historical,0,2,-5.1609986040227405,-0.5148208005413943
amount past contribution,0,2,-5.1609986040227405,-0.5148208005413943
high reward cautious,0,2,-5.1609986040227405,-0.5148208005413943
group average million,0,2,-5.1609986040227405,-0.5148208005413943
high vulnerability limited,0,2,-5.1609986040227405,-0.5148208005413943
sfi high budget,0,2,-5.1609986040227405,-0.5148208005413943
balance institution strategy,0,2,-5.1609986040227405,-0.5148208005413943
resilience needs considering,0,2,-5.1609986040227405,-0.5148208005413943
contribution minimally aligns,0,2,-5.1609986040227405,-0.5148208005413943
significantly emissions reduction,0,2,-5.1609986040227405,-0.5148208005413943
follow sfi strategy,0,2,-5.1609986040227405,-0.5148208005413943
level observed peer,0,2,-5.1609986040227405,-0.5148208005413943
past behavior choose,0,2,-5.1609986040227405,-0.5148208005413943
amount balance resilience,0,2,-5.1609986040227405,-0.5148208005413943
aim contribute moderate,0,2,-5.1609986040227405,-0.5148208005413943
sfi members rational,0,2,-5.1609986040227405,-0.5148208005413943
focusing immediate resilience,0,2,-5.1609986040227405,-0.5148208005413943
contributors common sfi,0,2,-5.1609986040227405,-0.5148208005413943
contribution recent observations,0,2,-5.1609986040227405,-0.5148208005413943
sfi high contribution,0,2,-5.1609986040227405,-0.5148208005413943
incentives considering past,0,2,-5.1609986040227405,-0.5148208005413943
contributors institution often,0,2,-5.1609986040227405,-0.5148208005413943
sfi high reward,0,2,-5.1609986040227405,-0.5148208005413943
past contribution mcpr,0,2,-5.1609986040227405,-0.5148208005413943
belief peers contribute,0,2,-5.1609986040227405,-0.5148208005413943
contribute defect free-ride,0,2,-5.1609986040227405,-0.5148208005413943
conserve resources observe,0,2,-5.1609986040227405,-0.5148208005413943
low contributor sfi,0,2,-5.1609986040227405,-0.5148208005413943
incentives considering group,0,2,-5.1609986040227405,-0.5148208005413943
country high vulnerability,0,2,-5.1609986040227405,-0.5148208005413943
developing country high,0,2,-5.1609986040227405,-0.5148208005413943
due institution history,0,2,-5.1609986040227405,-0.5148208005413943
contributors sfi observed,0,2,-5.1609986040227405,-0.5148208005413943
high contributers low,0,2,-5.1609986040227405,-0.5148208005413943
high contribution trust,0,2,-5.1609986040227405,-0.5148208005413943
vulnerability limited budget,0,2,-5.1609986040227405,-0.5148208005413943
choose contribute maximum,0,2,-5.1609986040227405,-0.5148208005413943
high mcpr low,0,2,-5.1609986040227405,-0.5148208005413943
allows conserve wealth,0,2,-5.1609986040227405,-0.5148208005413943
institution often defectors,0,2,-5.1609986040227405,-0.5148208005413943
balance mcpr maintain,0,2,-5.1609986040227405,-0.5148208005413943
resources observe behavior,0,2,-5.1609986040227405,-0.5148208005413943
moderately balance mcpr,0,2,-5.1609986040227405,-0.5148208005413943
recent trend balance,0,2,-5.1609986040227405,-0.5148208005413943
institution choices well,0,2,-5.1609986040227405,-0.5148208005413943
previous contribution peer,0,2,-5.1609986040227405,-0.5148208005413943
mcpr rational contribute,0,2,-5.1609986040227405,-0.5148208005413943
budget potential future,0,2,-5.1609986040227405,-0.5148208005413943
pattern institution strategy,0,2,-5.1609986040227405,-0.5148208005413943
except follows sfi,0,2,-5.1609986040227405,-0.5148208005413943
choose contribute significantly,0,2,-5.1609986040227405,-0.5148208005413943
maintain consistency considering,0,2,-5.1609986040227405,-0.5148208005413943
contributors low contributor,0,2,-5.1609986040227405,-0.5148208005413943
significantly sfi except,0,2,-5.1609986040227405,-0.5148208005413943
choose free ride,0,2,-5.1609986040227405,-0.5148208005413943
contribute sfi high,0,2,-5.1609986040227405,-0.5148208005413943
average balancing immediate,0,2,-5.1609986040227405,-0.5148208005413943
recent contribution choose,0,2,-5.1609986040227405,-0.5148208005413943
high-contributing peers mostly,0,2,-5.1609986040227405,-0.5148208005413943
moderate contribution chosen,0,2,-5.1609986040227405,-0.5148208005413943
recent contribution considering,0,2,-5.1609986040227405,-0.5148208005413943
low contribution past,0,2,-5.1609986040227405,-0.5148208005413943
behavior choose contribute,0,2,-5.1609986040227405,-0.5148208005413943
cooperate incentives choose,0,2,-5.1609986040227405,-0.5148208005413943
observed peer behavior,0,2,-5.1609986040227405,-0.5148208005413943
mcpr maintain consistent,0,2,-5.1609986040227405,-0.5148208005413943
amount balance short-term,0,2,-5.1609986040227405,-0.5148208005413943
low contribution institution,0,2,-5.1609986040227405,-0.5148208005413943
members rational contribute,0,2,-5.1609986040227405,-0.5148208005413943
peer institution vary,0,2,-5.1609986040227405,-0.5148208005413943
allows conserve budget,0,2,-5.1609986040227405,-0.5148208005413943
use strategy except,0,2,-5.1609986040227405,-0.5148208005413943
contribute minimally following,0,2,-5.1609986040227405,-0.5148208005413943
chose strategy incentivize,0,2,-5.1609986040227405,-0.5148208005413943
amount align recent,0,2,-5.1609986040227405,-0.5148208005413943
mcpr high peer,0,2,-5.1609986040227405,-0.5148208005413943
defect contribute little,0,2,-5.1609986040227405,-0.5148208005413943
level historical data,0,2,-5.1609986040227405,-0.5148208005413943
contribution group previous,0,2,-5.1609986040227405,-0.5148208005413943
chosen balance immediate,0,2,-5.1609986040227405,-0.5148208005413943
contribution pattern consistent,0,2,-5.1609986040227405,-0.5148208005413943
limited budget choose,0,2,-5.1609986040227405,-0.5148208005413943
consistent amount recent,0,2,-5.1609986040227405,-0.5148208005413943
amount recent history,0,2,-5.1609986040227405,-0.5148208005413943
high contributors deviating,0,2,-5.1609986040227405,-0.5148208005413943
assess future opportunities,0,2,-5.1609986040227405,-0.5148208005413943
sfi history low,0,2,-5.1609986040227405,-0.5148208005413943
cooperate incentives contribution,0,2,-5.1609986040227405,-0.5148208005413943
needs long-run incentives,0,2,-5.1609986040227405,-0.5148208005413943
prior contribution choose,0,2,-5.1609986040227405,-0.5148208005413943
contribution relatively low,0,2,-5.1609986040227405,-0.5148208005413943
standard institution framework,0,2,-5.1609986040227405,-0.5148208005413943
among sfi members,0,2,-5.1609986040227405,-0.5148208005413943
contribution pattern institution,0,2,-5.1609986040227405,-0.5148208005413943
follow except follows,0,2,-5.1609986040227405,-0.5148208005413943
contribution chosen balance,0,2,-5.1609986040227405,-0.5148208005413943
developing country institution,0,2,-5.1609986040227405,-0.5148208005413943
contribute significantly emissions,0,2,-5.1609986040227405,-0.5148208005413943
contribution level observed,0,2,-5.1609986040227405,-0.5148208005413943
institution vary between,0,2,-5.1609986040227405,-0.5148208005413943
highly institution others,0,2,-5.1609986040227405,-0.5148208005413943
developing country vulnerability,0,2,-5.1609986040227405,-0.5148208005413943
vary between sfi,0,2,-5.1609986040227405,-0.5148208005413943
conserve wealth assess,0,2,-5.1609986040227405,-0.5148208005413943
wealth assess future,0,2,-5.1609986040227405,-0.5148208005413943
mcpr institution history,0,2,-5.1609986040227405,-0.5148208005413943
choices past contribution,0,2,-5.1609986040227405,-0.5148208005413943
maintaining consistency past,0,2,-5.1609986040227405,-0.5148208005413943
potential future cooperate,0,2,-5.1609986040227405,-0.5148208005413943
mcpr low contribution,0,2,-5.1609986040227405,-0.5148208005413943
given high vulnerability,0,2,-5.1609986040227405,-0.5148208005413943
immediate needs considering,0,2,-5.1609986040227405,-0.5148208005413943
average maintain cooperate,0,2,-5.1609986040227405,-0.5148208005413943
low contributers sfi,0,2,-5.1609986040227405,-0.5148208005413943
cooperate balance immediate,0,2,-5.1609986040227405,-0.5148208005413943
contribute moderately balance,0,2,-5.1609986040227405,-0.5148208005413943
strategy sfi except,0,2,-5.1609986040227405,-0.5148208005413943
institution sfi high,0,2,-5.1609986040227405,-0.5148208005413943
contribute nothing observe,0,2,-5.1609986040227405,-0.5148208005413943
amount given recent,0,2,-5.1609986040227405,-0.5148208005413943
made high contribution,0,2,-5.1609986040227405,-0.5148208005413943
past performance mcpr,0,2,-5.1609986040227405,-0.5148208005413943
follow strategy sfi,0,2,-5.1609986040227405,-0.5148208005413943
low contribution history,0,2,-5.1609986040227405,-0.5148208005413943
low mcpr previous,0,2,-5.1609986040227405,-0.5148208005413943
contribution consistent amount,0,2,-5.1609986040227405,-0.5148208005413943
contribute significantly sfi,0,2,-5.1609986040227405,-0.5148208005413943
contribute recent contribution,0,2,-5.1609986040227405,-0.5148208005413943
incentives considering historical,0,2,-5.1609986040227405,-0.5148208005413943
contribution level consistent,0,2,-5.1609986040227405,-0.5148208005413943
limited budget high,0,2,-5.1609986040227405,-0.5148208005413943
recent average due,0,2,-5.1609986040227405,-0.5148208005413943
peers follow defect,0,2,-5.1609986040227405,-0.5148208005413943
balance resilience needs,0,2,-5.1609986040227405,-0.5148208005413943
self-interest cooperate incentives,0,2,-5.1609986040227405,-0.5148208005413943
trend balance immediate,0,2,-5.1609986040227405,-0.5148208005413943
given high contribution,0,2,-5.1609986040227405,-0.5148208005413943
high vulnerability index,0,2,-5.1609986040227405,-0.5148208005413943
consistency past choices,0,2,-5.1609986040227405,-0.5148208005413943
historical contribution mcpr,0,2,-5.1609986040227405,-0.5148208005413943
provides balance between,0,2,-5.1609986040227405,-0.5148208005413943
peers mostly institution,0,2,-5.1609986040227405,-0.5148208005413943
aligns internal beliefs,0,2,-5.1609986040227405,-0.5148208005413943
contribute choose contribute,0,2,-5.1609986040227405,-0.5148208005413943
high budget contribution,0,2,-5.1609986040227405,-0.5148208005413943
significant amount previous,0,2,-5.1609986040227405,-0.5148208005413943
contributors deviating norm,0,2,-5.1609986040227405,-0.5148208005413943
peers contribute defect,0,2,-5.1609986040227405,-0.5148208005413943
contributers low contributers,0,2,-5.1609986040227405,-0.5148208005413943
country limited budget,0,2,-5.1609986040227405,-0.5148208005413943
mcpr developing country,0,2,-5.1609986040227405,-0.5148208005413943
observe behavior without,0,2,-5.1609986040227405,-0.5148208005413943
given sfi low,0,2,-5.1609986040227405,-0.5148208005413943
current group average,0,2,-5.1609986040227405,-0.5148208005413943
consistent past rounds,0,2,-5.1609986040227405,-0.5148208005413943
often defectors low,0,2,-5.1609986040227405,-0.5148208005413943
sfi contribute less,0,3,-5.56493287520116,-0.5555711770481665
rounds balance immediate,0,3,-5.56493287520116,-0.5555711770481665
recent contribution history,0,3,-5.56493287520116,-0.5555711770481665
low-contributors use sfi,0,3,-5.56493287520116,-0.5555711770481665
peers contribute contribute,0,3,-5.56493287520116,-0.5555711770481665
high amounts institution,0,3,-5.56493287520116,-0.5555711770481665
high-contributors mostly use,0,3,-5.56493287520116,-0.5555711770481665
between immediate resilience,0,3,-5.56493287520116,-0.5555711770481665
average million usd,0,3,-5.56493287520116,-0.5555711770481665
cooperate balance budget,0,3,-5.56493287520116,-0.5555711770481665
high-contributors mostly sfi,0,3,-5.56493287520116,-0.5555711770481665
immediate needs long-term,0,3,-5.56493287520116,-0.5555711770481665
contributors prevalent sfi,0,3,-5.56493287520116,-0.5555711770481665
peers except low,0,3,-5.56493287520116,-0.5555711770481665
needs long-term cooperate,0,3,-5.56493287520116,-0.5555711770481665
amount past performance,0,3,-5.56493287520116,-0.5555711770481665
incentives considering institution,0,3,-5.56493287520116,-0.5555711770481665
consistent amount following,0,3,-5.56493287520116,-0.5555711770481665
institution typical contribution,0,3,-5.56493287520116,-0.5555711770481665
budget choose contribute,0,3,-5.56493287520116,-0.5555711770481665
chosen contribute minimally,0,3,-5.56493287520116,-0.5555711770481665
use low-contributors use,0,3,-5.56493287520116,-0.5555711770481665
except high low,0,3,-5.56493287520116,-0.5555711770481665
consistency past behavior,0,3,-5.56493287520116,-0.5555711770481665
follow institution recent,0,3,-5.56493287520116,-0.5555711770481665
contribute contribute sfi,0,3,-5.56493287520116,-0.5555711770481665
given past behavior,0,3,-5.56493287520116,-0.5555711770481665
moderately except high,0,3,-5.56493287520116,-0.5555711770481665
contribution sfi low,0,3,-5.56493287520116,-0.5555711770481665
contributors high-contributors institution,0,3,-5.56493287520116,-0.5555711770481665
high contributors dominate,0,3,-5.56493287520116,-0.5555711770481665
mostly use low-contributors,0,3,-5.56493287520116,-0.5555711770481665
historical contribution recent,0,3,-5.56493287520116,-0.5555711770481665
developing country limited,0,3,-5.56493287520116,-0.5555711770481665
peers contribute sfi,0,3,-5.56493287520116,-0.5555711770481665
long-term cooperate incentives,0,3,-5.56493287520116,-0.5555711770481665
contributors chose strategy,0,3,-5.56493287520116,-0.5555711770481665
high contribution mostly,0,3,-5.56493287520116,-0.5555711770481665
given sfi history,0,3,-5.56493287520116,-0.5555711770481665
high contribution common,0,3,-5.56493287520116,-0.5555711770481665
allows conserve resources,0,3,-5.56493287520116,-0.5555711770481665
contribution institution sfi,0,3,-5.56493287520116,-0.5555711770481665
high contributors common,0,3,-5.56493287520116,-0.5555711770481665
amount internal belief,0,3,-5.56493287520116,-0.5555711770481665
follow strategy except,0,3,-5.56493287520116,-0.5555711770481665
amount following recent,0,3,-5.56493287520116,-0.5555711770481665
contribute highly sfi,0,3,-5.56493287520116,-0.5555711770481665
contribute moderately except,0,3,-5.56493287520116,-0.5555711770481665
contributers mostly institution,0,3,-5.56493287520116,-0.5555711770481665
common sfi low,0,3,-5.56493287520116,-0.5555711770481665
peers contribute moderately,0,3,-5.56493287520116,-0.5555711770481665
level balancing immediate,0,3,-5.56493287520116,-0.5555711770481665
high low contributors,0,3,-5.56493287520116,-0.5555711770481665
considering historical contribution,0,3,-5.56493287520116,-0.5555711770481665
chosen moderate contribution,5,8,-0.3269789032050934,-0.5740495245617157
contribute significantly institution,8,12,-0.2628427988080002,-0.5761715475424043
strategy except sfi,0,4,-5.851912968868563,-0.5844629938082858
low contributors use,0,4,-5.851912968868563,-0.5844629938082858
low mcpr high,0,4,-5.851912968868563,-0.5844629938082858
contribution past behavior,0,4,-5.851912968868563,-0.5844629938082858
amount balancing immediate,0,4,-5.851912968868563,-0.5844629938082858
contribution highly institution,0,4,-5.851912968868563,-0.5844629938082858
past behavior considering,0,4,-5.851912968868563,-0.5844629938082858
resilience needs cooperate,0,4,-5.851912968868563,-0.5844629938082858
use low contributors,0,4,-5.851912968868563,-0.5844629938082858
stick recent contribution,0,4,-5.851912968868563,-0.5844629938082858
consistency maximize cumulative,0,4,-5.851912968868563,-0.5844629938082858
contributors use sfi,0,4,-5.851912968868563,-0.5844629938082858
high contribution sfi,0,4,-5.851912968868563,-0.5844629938082858
history low contribution,0,4,-5.851912968868563,-0.5844629938082858
amount past behavior,0,4,-5.851912968868563,-0.5844629938082858
defectors low contributors,0,4,-5.851912968868563,-0.5844629938082858
contributors mostly use,0,4,-5.851912968868563,-0.5844629938082858
past behavior mcpr,0,4,-5.851912968868563,-0.5844629938082858
contribute highly except,0,4,-5.851912968868563,-0.5844629938082858
amount balance institution,0,4,-5.851912968868563,-0.5844629938082858
maintain consistency maximize,0,4,-5.851912968868563,-0.5844629938082858
short-term resilience needs,0,4,-5.851912968868563,-0.5844629938082858
contribution recent average,0,4,-5.851912968868563,-0.5844629938082858
rational contribute minimally,0,4,-5.851912968868563,-0.5844629938082858
incentives considering previous,0,4,-5.851912968868563,-0.5844629938082858
high contributers mostly,0,4,-5.851912968868563,-0.5844629938082858
moderate contribution past,0,4,-5.851912968868563,-0.5844629938082858
mostly use low,0,4,-5.851912968868563,-0.5844629938082858
amount balance cooperate,0,4,-5.851912968868563,-0.5844629938082858
maintain consistent contribution,0,4,-5.851912968868563,-0.5844629938082858
contribute moderate amount,72,91,-0.09263877013184185,-0.5873720799467702
mostly sfi low,0,5,-6.0746865903819405,-0.6068633089535671
peers follow contribute,0,5,-6.0746865903819405,-0.6068633089535671
follow recent institution,0,5,-6.0746865903819405,-0.6068633089535671
moderate amount historical,0,5,-6.0746865903819405,-0.6068633089535671
needs cooperate incentives,0,5,-6.0746865903819405,-0.6068633089535671
contribute highly defect,0,5,-6.0746865903819405,-0.6068633089535671
amount historical contribution,0,5,-6.0746865903819405,-0.6068633089535671
follow contribute highly,0,5,-6.0746865903819405,-0.6068633089535671
highly defect free-ride,0,5,-6.0746865903819405,-0.6068633089535671
considering low mcpr,0,5,-6.0746865903819405,-0.6068633089535671
choose conserve wealth,0,5,-6.0746865903819405,-0.6068633089535671
maintain consistency previous,0,5,-6.0746865903819405,-0.6068633089535671
given high peer,0,6,-6.256804388197029,-0.6251605546926909
chosen contribute consistent,0,6,-6.256804388197029,-0.6251605546926909
average contribution previous,0,6,-6.256804388197029,-0.6251605546926909
interests immediate needs,0,6,-6.256804388197029,-0.6251605546926909
contribute consistent amount,0,6,-6.256804388197029,-0.6251605546926909
significantly sfi institution,0,6,-6.256804388197029,-0.6251605546926909
maintain cooperate balance,0,6,-6.256804388197029,-0.6251605546926909
recent institution choices,0,6,-6.256804388197029,-0.6251605546926909
contribution balances immediate,0,6,-6.256804388197029,-0.6251605546926909
nothing allows conserve,0,6,-6.256804388197029,-0.6251605546926909
given past contribution,2,4,-0.548310777088636,-0.634451971789999
high mcpr institution,2,4,-0.548310777088636,-0.634451971789999
except low contributors,0,7,-6.410846321695109,-0.6406278564562496
contribution nothing allows,0,7,-6.410846321695109,-0.6406278564562496
peers contribution highly,0,7,-6.410846321695109,-0.6406278564562496
contributors institution low,0,7,-6.410846321695109,-0.6406278564562496
found sfi low,0,7,-6.410846321695109,-0.6406278564562496
long-term interests immediate,0,7,-6.410846321695109,-0.6406278564562496
balance long-term interests,0,7,-6.410846321695109,-0.6406278564562496
defect free-ride sfi,0,7,-6.410846321695109,-0.6406278564562496
amount previous contribution,0,7,-6.410846321695109,-0.6406278564562496
amount balance long-term,0,7,-6.410846321695109,-0.6406278564562496
contributors strategy iterated,0,7,-6.410846321695109,-0.6406278564562496
contribute high amounts,0,8,-6.544328379365821,-0.6540247101526175
recent contribution level,0,8,-6.544328379365821,-0.6540247101526175
high peer contribution,0,8,-6.544328379365821,-0.6540247101526175
considering recent contribution,4,7,-0.41629023854294367,-0.6648698286571673
against long-run cooperate,0,9,-6.662101704185279,-0.6658407719036188
resilience needs against,0,9,-6.662101704185279,-0.6658407719036188
needs against long-run,0,9,-6.662101704185279,-0.6658407719036188
peers contribute high,0,9,-6.662101704185279,-0.6658407719036188
recent contribution pattern,0,10,-6.767480256818473,-0.6764102427680259
maintain recent contribution,0,11,-6.862828661803373,-0.6859714148975943
contribution significantly sfi,0,11,-6.862828661803373,-0.6859714148975943
interests cooperate incentives,0,13,-7.030001148718657,-0.7027300936923745
balancing immediate resilience,0,15,-7.173257713621187,-0.717086941399993
amount balance immediate,0,16,-7.237883725882025,-0.723562435834582
sfi low contributors,0,16,-7.237883725882025,-0.723562435834582
level balances immediate,0,16,-7.237883725882025,-0.723562435834582
cooperate incentives considering,0,17,-7.298600752855702,-0.7296456313040689
balances immediate resilience,0,21,-7.5103146184585725,-0.7508527937187076
immediate needs long-run,0,23,-7.601503486399547,-0.7599852242003744
balance immediate needs,0,24,-7.644174257019278,-0.7642582881076768
balance immediate resilience,0,27,-7.762298908178195,-0.7760862376490466
moderate amount previous,3,6,-0.5492481647187031,-0.7778320419152058
contribution nothing maximizes,5,9,-0.4447522280245515,-0.7980413304877767
maintain cooperate incentives,1,3,-0.9496637275466746,-0.8258492116877155
previous rounds group,1,3,-0.9496637275466746,-0.8258492116877155
recent contribution maximize,1,3,-0.9496637275466746,-0.8258492116877155
amount following past,1,3,-0.9496637275466746,-0.8258492116877155
low mcpr contribution,1,3,-0.9496637275466746,-0.8258492116877155
contribution consistent previous,1,3,-0.9496637275466746,-0.8258492116877155
amount similar past,1,3,-0.9496637275466746,-0.8258492116877155
high-contributors low-contributors sfi,1,3,-0.9496637275466746,-0.8258492116877155
moderate amount recent,1,3,-0.9496637275466746,-0.8258492116877155
balance between immediate,1,3,-0.9496637275466746,-0.8258492116877155
contribute moderate level,1,3,-0.9496637275466746,-0.8258492116877155
previous contribution current,1,3,-0.9496637275466746,-0.8258492116877155
recent average level,1,3,-0.9496637275466746,-0.8258492116877155
previous contribution maximize,1,3,-0.9496637275466746,-0.8258492116877155
similar past contribution,1,3,-0.9496637275466746,-0.8258492116877155
following past behavior,1,3,-0.9496637275466746,-0.8258492116877155
choose contribute moderate,1,3,-0.9496637275466746,-0.8258492116877155
maintain consistency past,1,3,-0.9496637275466746,-0.8258492116877155
moderate amount following,1,3,-0.9496637275466746,-0.8258492116877155
minimally maximizes payoff,1,3,-0.9496637275466746,-0.8258492116877155
amount internal beliefs,1,3,-0.9496637275466746,-0.8258492116877155
contribution current decision,1,3,-0.9496637275466746,-0.8258492116877155
high contributors sfi,1,3,-0.9496637275466746,-0.8258492116877155
mostly institution low,1,3,-0.9496637275466746,-0.8258492116877155
amount recent contribution,1,3,-0.9496637275466746,-0.8258492116877155
resilience needs long-run,0,58,-8.530724218702403,-0.8529989033263997
group average contribution,12,19,-0.31732799662933786,-0.8608947419791954
immediate resilience needs,0,72,-8.74873327051791,-0.8748125867228358
needs long-run cooperate,0,79,-8.842413673432974,-0.8841854150942241
long-run cooperate incentives,0,92,-8.996430528033603,-0.8995941684578028
high-contributors mostly strategy,2,5,-0.7710843986020137,-0.9235283924354079
past behavior institution,2,5,-0.7710843986020137,-0.9235283924354079
mcpr contribution nothing,2,5,-0.7710843986020137,-0.9235283924354079
moderate amount given,2,5,-0.7710843986020137,-0.9235283924354079
contribution maximize payoff,2,5,-0.7710843986020137,-0.9235283924354079
contributors sfi institution,2,5,-0.7710843986020137,-0.9235283924354079
peers follow deviate,8,14,-0.41713270151423565,-0.941674708892641
peers contribute significantly,13,21,-0.3374922141296892,-0.956639431636744
defaults developing countries,0,420,-10.558531212076659,-1.0558405520513658
countries non-binding agreement,0,420,-10.558531212076659,-1.0558405520513658
mode defaults developing,0,420,-10.558531212076659,-1.0558405520513658
developing countries non-binding,0,420,-10.558531212076659,-1.0558405520513658
contribution minimally maximizes,1,4,-1.2366438212140771,-1.1107738489126089
consistent contribution level,1,4,-1.2366438212140771,-1.1107738489126089
followed recent contribution,1,4,-1.2366438212140771,-1.1107738489126089
consistency previous contribution,1,4,-1.2366438212140771,-1.1107738489126089
mostly found institution,1,4,-1.2366438212140771,-1.1107738489126089
contribution sfi institution,1,4,-1.2366438212140771,-1.1107738489126089
contribute institution strategy,2,6,-0.9532021964171022,-1.1698579075148523
focusing moderate contribution,2,6,-0.9532021964171022,-1.1698579075148523
peers follow institution,2,6,-0.9532021964171022,-1.1698579075148523
high-contributors mostly institution,2,6,-0.9532021964171022,-1.1698579075148523
contribution institution strategy,3,8,-0.8367721558874948,-1.237701533209477
given low contribution,1,5,-1.4594174427274549,-1.338014551995737
members high mcpr,1,5,-1.4594174427274549,-1.338014551995737
contribution low sfi,1,5,-1.4594174427274549,-1.338014551995737
sfi members high,1,5,-1.4594174427274549,-1.338014551995737
follow deviate sfi,1,5,-1.4594174427274549,-1.338014551995737
contribution observed institution,1,5,-1.4594174427274549,-1.338014551995737
peers cooperate institution,1,5,-1.4594174427274549,-1.338014551995737
contributors sfi penalized,2,7,-1.1072441299151823,-1.3838759294551208
contribute significantly except,2,7,-1.1072441299151823,-1.3838759294551208
sfi low contribution,2,7,-1.1072441299151823,-1.3838759294551208
moderate amount past,3,9,-0.9545454807069529,-1.4338048175370088
reward high payoffs,4,11,-0.868272578651208,-1.4886306788734014
contribution low contribution,7,16,-0.6843349589423653,-1.5110218400305244
low contributors mostly,7,16,-0.6843349589423653,-1.5110218400305244
moderate amount internal,1,6,-1.6415352405425434,-1.526439435356149
recent contribution maintain,1,6,-1.6415352405425434,-1.526439435356149
contribution choose contribute,2,8,-1.240726187585894,-1.5727379805065962
contribution group average,2,8,-1.240726187585894,-1.5727379805065962
strategy iterated prisoner,2,8,-1.240726187585894,-1.5727379805065962
iterated prisoner dilemma,2,8,-1.240726187585894,-1.5727379805065962
amount maintain consistency,3,10,-1.0599240333401472,-1.6123879139599628
contributors reward high,4,12,-0.9553373282413773,-1.6564151024865619
mostly sfi contribute,1,7,-1.7955771740406234,-1.6870835374647257
contribution maintain consistency,1,7,-1.7955771740406234,-1.6870835374647257
amount maintain cooperate,1,7,-1.7955771740406234,-1.6870835374647257
moderate amount balancing,1,7,-1.7955771740406234,-1.6870835374647257
mostly found sfi,2,9,-1.358499512405352,-1.74152259632185
high contribution low,9,21,-0.7054708875804874,-1.7715327045403348
high contributors institution,4,13,-1.035445065566492,-1.8128343408930085
institution low contributors,2,10,-1.4638780650385463,-1.8939466307561739
contribution sfi members,2,10,-1.4638780650385463,-1.8939466307561739
institution strategy sfi,3,12,-1.242337187915215,-1.9273441531275368
follow recent contribution,2,11,-1.5592264700234466,-2.032803477565978
choose contribute minimally,1,10,-2.1522111091639875,-2.0614452134896935
contributors mostly found,3,13,-1.3224449252403314,-2.0676081462259805
amount balance interests,1,11,-2.2475595141488878,-2.161789051394168
balance interests cooperate,1,11,-2.2475595141488878,-2.161789051394168
follow except sfi,2,13,-1.7263989569387306,-2.2779431200602396
given low mcpr,2,14,-1.8005811223198531,-2.387253468852399
previous contribution level,1,14,-2.4889141664452925,-2.4157651278845993
maintain previous contribution,1,14,-2.4889141664452925,-2.4157651278845993
peers follow except,4,18,-1.3612995867394115,-2.465324536318548
contribution level balances,2,16,-1.9342815341020998,-2.5848538167390234
high contributors mostly,71,122,-0.4039575524751058,-2.706400384294781
contributors mostly sfi,6,24,-1.2446872060572467,-2.7289036210554984
contributors mostly low,3,19,-1.702466624667064,-2.744380062770143
mostly low contributors,3,19,-1.702466624667064,-2.744380062770143
contribution moderate amount,25,56,-0.6672110575090198,-2.774321246984008
contribution balance immediate,1,20,-2.846149890217422,-2.7907802668118333
low contribution sfi,9,31,-1.096075168220155,-2.896110147346818
contributors low contributors,13,43,-1.0567732936069003,-3.339901406865678
high contributors low,13,46,-1.1245882598353916,-3.5814484766391925
moderate amount balance,12,50,-1.288598734371181,-4.01006812308063
peers contribute highly,1,71,-4.1193497653091775,-4.110764082437704
contribute highly institution,2,55,-3.1736321497191806,-4.419384943118594
contributors mostly institution,14,62,-1.3508995897471063,-4.56676927494534
low contributors sfi,22,78,-1.1296040069096698,-4.680238225496295
