term,count_SI,count_SFI,log_odds_SI_minus_SFI,z
contributors follow,102,9,2.5834429850266556,7.433306475570216
contribution peers,140,60,1.0032099485434536,6.501992436986841
follow strategy,183,95,0.8132037819822671,6.431073006815039
significant amount,61,11,1.8636456319827825,5.691555160283911
high contribution,201,132,0.576408814804724,5.145264470916325
contribute significant,51,12,1.5963517500548985,4.977239725406374
cumulative payoff,76,31,1.0476956399098452,4.91687211422626
peers strategy,52,14,1.4616452429245994,4.855866204872066
mostly following,49,2,3.3447747311665603,4.6476886453683806
self-interest cooperate,47,2,3.3028637985173965,4.585610527268902
following strategy,45,2,3.2591412829762767,4.5207907972363035
maximize cumulative,50,20,1.0650863162893298,4.0264816433598645
amount maximize,25,5,1.7554473198243716,3.586395375565632
payoff contribution,26,6,1.6126807172783355,3.5632405453042795
chosen contribute,65,36,0.7399903630652336,3.562246968424398
institution strategy,83,53,0.5981426000894672,3.4021030009024926
selfish-institution strategy,20,2,2.4454081523785245,3.304945265903829
maximize payoff,33,13,1.078835022631445,3.2956656082133384
substantial amount,19,3,1.9901065898818517,3.2080563395052213
high mcpr,57,33,0.6949924666118221,3.177670596791436
reward low,27,10,1.13994509632556,3.0806691414962013
cooperate considering,19,1,3.0823087009354913,3.0185323944040587
follow selfish-institution,18,1,3.0281476922553816,2.9613472782765564
selfish-institutional strategy,19,5,1.4803983452921532,2.9478271253016963
payoff considering,19,5,1.4803983452921532,2.9478271253016963
contributors strategy,46,26,0.7183408134035325,2.9281968986001043
considering mcpr,16,3,1.8179859716733153,2.893771167418467
balances self-interest,16,1,2.910188082726955,2.8365969586393285
emissions reduction,19,6,1.2983032907935854,2.7743471300819054
strategy contribution,14,2,2.088209432054474,2.7685979534982574
higher payoffs,16,4,1.5310286106284252,2.7416948875564526
follow selfish-institutional,16,4,1.5310286106284252,2.7416948875564526
reward higher,16,4,1.5310286106284252,2.7416948875564526
contribution substantial,13,2,2.0140334284748143,2.6574700902859507
following institution,14,3,1.6842978881543988,2.651193593838353
institution typical,22,9,1.0399751008193157,2.629507788602736
previous group,23,10,0.9791743933469021,2.5861092115175635
considering high,16,5,1.3082777270836168,2.5556308428361016
strategy high,12,2,1.9339318513984765,2.5376790350471072
selfish individualism,12,1,2.622222418552041,2.531023774012865
contributors penalized,13,3,1.6101218845747391,2.5173835684374173
considering past,14,4,1.3973405271095087,2.4672668050612003
cooperate self-interest,11,2,1.8468732605049833,2.4078159643619257
contribution significant,11,2,1.8468732605049833,2.4078159643619257
maximizing cumulative,12,3,1.5300203074984013,2.373651632188515
mcpr previous,20,9,0.9444642554581275,2.3540883704639914
amount considering,10,2,1.7515310126652484,2.2661083182600636
typical strategy,9,1,2.334449182779859,2.2247112249938987
use strategy,11,3,1.4429617166049082,2.2184911950751722
strategy contribute,9,2,1.6461586156262946,2.110285944208479
cooperate strategy,8,1,2.216682012004301,2.0993124106484267
top peers,8,1,2.216682012004301,2.0993124106484267
contribution top,8,1,2.216682012004301,2.0993124106484267
balance between,15,7,0.9075436404010873,1.983847185176301
strategy institution,7,1,2.0832061068277357,1.9573331510258671
institution historical,12,5,1.0203120629087028,1.918419631593328
between cooperate,9,3,1.2422470717262195,1.8659559675387627
considering institution,18,10,0.733557440275483,1.8606897106870597
contribution reward,14,7,0.8384754042344138,1.812391632095283
defectors free-riders,6,1,1.929170324274632,1.7939070619759196
contribution internal,6,1,1.929170324274632,1.7939070619759196
align past,6,1,1.929170324274632,1.7939070619759196
within institution,6,1,1.929170324274632,1.7939070619759196
strategy selfish,6,1,1.929170324274632,1.7939070619759196
amount institution,15,8,0.7740843367484764,1.769058621062432
typical behavior,11,5,0.9332534720152097,1.7317327922556678
contributors reward,41,32,0.39447483877055056,1.672576978214876
peers use,8,3,1.1244799009506625,1.6632610056123827
contributors used,5,1,1.74705867585594,1.6017281026304646
strategy previous,5,1,1.74705867585594,1.6017281026304646
used strategy,5,1,1.74705867585594,1.6017281026304646
budget low,5,1,1.74705867585594,1.6017281026304646
contribution members,5,1,1.74705867585594,1.6017281026304646
institution high,5,1,1.74705867585594,1.6017281026304646
balancing self-interest,5,1,1.74705867585594,1.6017281026304646
global emissions,5,1,1.74705867585594,1.6017281026304646
strategy inclusion,5,1,1.74705867585594,1.6017281026304646
choosing moderate,10,5,0.8379112241754747,1.5310837365356236
high budget,10,5,0.8379112241754747,1.5310837365356236
contribute substantial,6,2,1.2408797571210677,1.522922420447273
given institution,6,2,1.2408797571210677,1.522922420447273
self-interest considering,6,2,1.2408797571210677,1.522922420447273
amount high,6,2,1.2408797571210677,1.522922420447273
marginal return,17,11,0.5809830563574714,1.5020182784349891
unit contribution,12,7,0.6841978235784172,1.4394843405189708
return per,12,7,0.6841978235784172,1.4394843405189708
per unit,12,7,0.6841978235784172,1.4394843405189708
defectors penalized,4,1,1.5242912021909563,1.3691434643315732
consistent recent,4,1,1.5242912021909563,1.3691434643315732
except defectors,4,1,1.5242912021909563,1.3691434643315732
contribution emissions,4,1,1.5242912021909563,1.3691434643315732
given marginal,4,1,1.5242912021909563,1.3691434643315732
public good,4,1,1.5242912021909563,1.3691434643315732
amount avoid,4,1,1.5242912021909563,1.3691434643315732
aligns institution,4,1,1.5242912021909563,1.3691434643315732
contribution maintaining,4,1,1.5242912021909563,1.3691434643315732
amount demonstrate,4,1,1.5242912021909563,1.3691434643315732
contribution historical,4,1,1.5242912021909563,1.3691434643315732
amount consistent,8,4,0.8375225399057715,1.3690922573007198
balance individual,8,4,0.8375225399057715,1.3690922573007198
maintaining consistency,5,2,1.0587681087023757,1.268087398946926
maximum allowed,5,2,1.0587681087023757,1.268087398946926
optimizing cumulative,5,2,1.0587681087023757,1.268087398946926
peers follow,141,141,0.14744053382085376,1.238017697772628
past contribution,29,24,0.3352501066058249,1.2151195474575713
contribution balances,12,8,0.5507385199258064,1.2072610197270763
mcpr peer,6,3,0.8369682132209935,1.1852942551773957
choosing contribution,6,3,0.8369682132209935,1.1852942551773957
given current,3,1,1.2373172548245357,1.0759992720204523
mcpr recent,3,1,1.2373172548245357,1.0759992720204523
commitment emissions,3,1,1.2373172548245357,1.0759992720204523
free-riders sfi,3,1,1.2373172548245357,1.0759992720204523
following consistent,3,1,1.2373172548245357,1.0759992720204523
requires contribution,3,1,1.2373172548245357,1.0759992720204523
amount leveraging,3,1,1.2373172548245357,1.0759992720204523
maximum cumulative,3,1,1.2373172548245357,1.0759992720204523
wealth mcpr,3,1,1.2373172548245357,1.0759992720204523
align institution,3,1,1.2373172548245357,1.0759992720204523
reduction fund,3,1,1.2373172548245357,1.0759992720204523
contribution maximizes,3,1,1.2373172548245357,1.0759992720204523
contribution patterns,3,1,1.2373172548245357,1.0759992720204523
aligning institution,3,1,1.2373172548245357,1.0759992720204523
cooperate within,3,1,1.2373172548245357,1.0759992720204523
mcpr historical,3,1,1.2373172548245357,1.0759992720204523
optimizing maximum,3,1,1.2373172548245357,1.0759992720204523
mcpr potential,3,1,1.2373172548245357,1.0759992720204523
developed countries,362,0,10.687353648569246,1.068720604032311
countries binding,360,0,10.68155677772885,1.0681408429984947
defaults developed,360,0,10.68155677772885,1.0681408429984947
binding treaty,360,0,10.68155677772885,1.0681408429984947
peer data,9,6,0.5504437726379532,1.045147600735652
amount align,9,6,0.5504437726379532,1.045147600735652
contributors defectors,10,7,0.5017969848451891,1.0188830027193663
considering previous,10,7,0.5017969848451891,1.0188830027193663
contribution others,12,9,0.4329879544780795,0.9824113198645172
consistent institution,4,2,0.8360006350373919,0.967338731026663
contribution aligns,4,2,0.8360006350373919,0.967338731026663
current mcpr,4,2,0.8360006350373919,0.967338731026663
consistent strategy,4,2,0.8360006350373919,0.967338731026663
internal beliefs,16,13,0.3531452651807747,0.9461042600185237
peers low,17,14,0.3396967464786247,0.9415463736853479
observed peers,5,3,0.6548565648023015,0.8979685205396734
institution cooperate,5,3,0.6548565648023015,0.8979685205396734
average level,5,3,0.6548565648023015,0.8979685205396734
current decision,5,3,0.6548565648023015,0.8979685205396734
contribution maximum,9,7,0.39642458780623535,0.7871377334257149
balance self-interest,22,0,7.8444362463981525,0.7842654836985743
maintain credibility,21,0,7.797814808936908,0.7795959732234332
contribution maximize,16,14,0.2789858859679928,0.7625909066334132
contribute billion,17,0,7.586125624742464,0.7583896705750695
peers defectors,2,1,0.8333891284002668,0.6832868691563084
relatively high,2,1,0.8333891284002668,0.6832868691563084
significant peer,2,1,0.8333891284002668,0.6832868691563084
avoid punishment,2,1,0.8333891284002668,0.6832868691563084
sfi defectors,2,1,0.8333891284002668,0.6832868691563084
contribution million,2,1,0.8333891284002668,0.6832868691563084
account mcpr,2,1,0.8333891284002668,0.6832868691563084
large wealth,2,1,0.8333891284002668,0.6832868691563084
amount account,2,1,0.8333891284002668,0.6832868691563084
reward considering,2,1,0.8333891284002668,0.6832868691563084
strategy recent,2,1,0.8333891284002668,0.6832868691563084
seen previous,2,1,0.8333891284002668,0.6832868691563084
institution common,2,1,0.8333891284002668,0.6832868691563084
amount due,2,1,0.8333891284002668,0.6832868691563084
average maximize,2,1,0.8333891284002668,0.6832868691563084
rounds trends,2,1,0.8333891284002668,0.6832868691563084
contribution optimal,2,1,0.8333891284002668,0.6832868691563084
past actions,2,1,0.8333891284002668,0.6832868691563084
low others,2,1,0.8333891284002668,0.6832868691563084
sfi strategies,2,1,0.8333891284002668,0.6832868691563084
mcpr previous-round,2,1,0.8333891284002668,0.6832868691563084
history choose,2,1,0.8333891284002668,0.6832868691563084
strategy incentivized,2,1,0.8333891284002668,0.6832868691563084
high wealth,2,1,0.8333891284002668,0.6832868691563084
contribution marginal,2,1,0.8333891284002668,0.6832868691563084
contribution selfish,2,1,0.8333891284002668,0.6832868691563084
payoff choosing,2,1,0.8333891284002668,0.6832868691563084
average institution,2,1,0.8333891284002668,0.6832868691563084
high level,2,1,0.8333891284002668,0.6832868691563084
prior experience,2,1,0.8333891284002668,0.6832868691563084
aiming moderate,2,1,0.8333891284002668,0.6832868691563084
institution low-contributors,2,1,0.8333891284002668,0.6832868691563084
amount matching,2,1,0.8333891284002668,0.6832868691563084
rounds contribution,2,1,0.8333891284002668,0.6832868691563084
aiming balance,2,1,0.8333891284002668,0.6832868691563084
behavior maintain,2,1,0.8333891284002668,0.6832868691563084
free endowment,2,1,0.8333891284002668,0.6832868691563084
level contribution,2,1,0.8333891284002668,0.6832868691563084
strategy peer,2,1,0.8333891284002668,0.6832868691563084
mcpr optimal,2,1,0.8333891284002668,0.6832868691563084
amount emissions,2,1,0.8333891284002668,0.6832868691563084
institution credibility,7,0,6.698432788332611,0.6693660124535837
cooperate given,7,0,6.698432788332611,0.6693660124535837
strategy incentivizing,7,0,6.698432788332611,0.6693660124535837
contribution penalized,7,0,6.698432788332611,0.6693660124535837
cooperate behavior,7,0,6.698432788332611,0.6693660124535837
historical emissions,6,0,6.544397005779508,0.6538959200930459
advantage high,6,0,6.544397005779508,0.6538959200930459
between self-interest,6,0,6.544397005779508,0.6538959200930459
strategy incentives,6,0,6.544397005779508,0.6538959200930459
incentives framework,6,0,6.544397005779508,0.6538959200930459
strategy incentivization,6,0,6.544397005779508,0.6538959200930459
emissions index,6,0,6.544397005779508,0.6538959200930459
peers institution,25,24,0.1863926928625741,0.6523717633472188
billion usd,5,0,6.362285357360816,0.6355945260761269
payoff contribute,5,0,6.362285357360816,0.6355945260761269
historical high,5,0,6.362285357360816,0.6355945260761269
contribute level,5,0,6.362285357360816,0.6355945260761269
credibility avoid,5,0,6.362285357360816,0.6355945260761269
maintain institution,5,0,6.362285357360816,0.6355945260761269
amount advantage,5,0,6.362285357360816,0.6355945260761269
payoff following,5,0,6.362285357360816,0.6355945260761269
contribute average,4,0,6.139517883695832,0.6131876912616082
strict institution,4,0,6.139517883695832,0.6131876912616082
strategy historical,4,0,6.139517883695832,0.6131876912616082
self-interested strategy,4,0,6.139517883695832,0.6131876912616082
individual gain,4,0,6.139517883695832,0.6131876912616082
stage budget,4,0,6.139517883695832,0.6131876912616082
avoid seen,4,0,6.139517883695832,0.6131876912616082
developed country,4,0,6.139517883695832,0.6131876912616082
higher contribution,4,0,6.139517883695832,0.6131876912616082
follow self-interested,4,0,6.139517883695832,0.6131876912616082
incentivization framework,4,0,6.139517883695832,0.6131876912616082
contributors emerging,4,0,6.139517883695832,0.6131876912616082
amount support,4,0,6.139517883695832,0.6131876912616082
significantly public,4,0,6.139517883695832,0.6131876912616082
high marginal,3,2,0.5490266876709704,0.602730090443533
maintain balance,3,2,0.5490266876709704,0.602730090443533
nothing maximize,3,2,0.5490266876709704,0.602730090443533
contribute previous,3,2,0.5490266876709704,0.602730090443533
low marginal,3,2,0.5490266876709704,0.602730090443533
data internal,3,2,0.5490266876709704,0.602730090443533
max contribution,3,2,0.5490266876709704,0.602730090443533
country institution,3,2,0.5490266876709704,0.602730090443533
payoff requires,3,2,0.5490266876709704,0.602730090443533
due institution,3,2,0.5490266876709704,0.602730090443533
followed institution,3,2,0.5490266876709704,0.602730090443533
level consistent,3,2,0.5490266876709704,0.602730090443533
optimal contribute,3,2,0.5490266876709704,0.602730090443533
previous-round peer,3,2,0.5490266876709704,0.602730090443533
follow cooperate,3,0,5.852543936329411,0.5842846259515944
consistent level,3,0,5.852543936329411,0.5842846259515944
demonstrate commitment,3,0,5.852543936329411,0.5842846259515944
show low,3,0,5.852543936329411,0.5842846259515944
level previous,3,0,5.852543936329411,0.5842846259515944
strategy follow,3,0,5.852543936329411,0.5842846259515944
cooperate credibility,3,0,5.852543936329411,0.5842846259515944
gain group,3,0,5.852543936329411,0.5842846259515944
maximal contribution,3,0,5.852543936329411,0.5842846259515944
long-term benefits,3,0,5.852543936329411,0.5842846259515944
billion high,3,0,5.852543936329411,0.5842846259515944
strategy incentive,3,0,5.852543936329411,0.5842846259515944
free-riding maintain,3,0,5.852543936329411,0.5842846259515944
framework peers,3,0,5.852543936329411,0.5842846259515944
support global,3,0,5.852543936329411,0.5842846259515944
reduction considering,3,0,5.852543936329411,0.5842846259515944
group stability,3,0,5.852543936329411,0.5842846259515944
self-interest institution,3,0,5.852543936329411,0.5842846259515944
strategy considering,3,0,5.852543936329411,0.5842846259515944
maximum mcpr,3,0,5.852543936329411,0.5842846259515944
part developed,3,0,5.852543936329411,0.5842846259515944
amount maximum,3,0,5.852543936329411,0.5842846259515944
previous maintain,3,0,5.852543936329411,0.5842846259515944
incentivizing approach,3,0,5.852543936329411,0.5842846259515944
peers framework,3,0,5.852543936329411,0.5842846259515944
seen free-rider,3,0,5.852543936329411,0.5842846259515944
mcpr level,3,0,5.852543936329411,0.5842846259515944
follow strict,3,0,5.852543936329411,0.5842846259515944
amount aligning,3,0,5.852543936329411,0.5842846259515944
historical strategy,3,0,5.852543936329411,0.5842846259515944
cooperate maximize,3,0,5.852543936329411,0.5842846259515944
strategy low,3,0,5.852543936329411,0.5842846259515944
rounds institution,3,0,5.852543936329411,0.5842846259515944
peers following,3,0,5.852543936329411,0.5842846259515944
similar recent,3,0,5.852543936329411,0.5842846259515944
amount part,3,0,5.852543936329411,0.5842846259515944
institution reputation,3,0,5.852543936329411,0.5842846259515944
following low,3,0,5.852543936329411,0.5842846259515944
billion institution,3,0,5.852543936329411,0.5842846259515944
selfish framework,3,0,5.852543936329411,0.5842846259515944
previous rounds,15,14,0.21436603861574888,0.577054314084428
decision card,4,3,0.43208909113731764,0.5665786169708446
little nothing,4,3,0.43208909113731764,0.5665786169708446
avoid free-riding,4,3,0.43208909113731764,0.5665786169708446
institution tendencies,4,3,0.43208909113731764,0.5665786169708446
others contribute,5,4,0.3678992037574105,0.549055982999818
public goods,2,0,5.448615809905143,0.543511240423793
want contribute,2,0,5.448615809905143,0.543511240423793
behavior peer,2,0,5.448615809905143,0.543511240423793
simple-folk-institution sfi,2,0,5.448615809905143,0.543511240423793
contributors simple-folk-institution,2,0,5.448615809905143,0.543511240423793
amount set,2,0,5.448615809905143,0.543511240423793
strategy maximizes,2,0,5.448615809905143,0.543511240423793
capacity considering,2,0,5.448615809905143,0.543511240423793
given internal,2,0,5.448615809905143,0.543511240423793
return choose,2,0,5.448615809905143,0.543511240423793
credibility reputation,2,0,5.448615809905143,0.543511240423793
high-contributors dominating,2,0,5.448615809905143,0.543511240423793
close previous,2,0,5.448615809905143,0.543511240423793
amount optimize,2,0,5.448615809905143,0.543511240423793
contributors free-riders,2,0,5.448615809905143,0.543511240423793
amount billion,2,0,5.448615809905143,0.543511240423793
contributors successful,2,0,5.448615809905143,0.543511240423793
historical peer,2,0,5.448615809905143,0.543511240423793
increase stage,2,0,5.448615809905143,0.543511240423793
maximize mcpr,2,0,5.448615809905143,0.543511240423793
fair institution,2,0,5.448615809905143,0.543511240423793
simple fair,2,0,5.448615809905143,0.543511240423793
billion maximize,2,0,5.448615809905143,0.543511240423793
framework show,2,0,5.448615809905143,0.543511240423793
optimal due,2,0,5.448615809905143,0.543511240423793
trend considering,2,0,5.448615809905143,0.543511240423793
account institution,2,0,5.448615809905143,0.543511240423793
incentive approach,2,0,5.448615809905143,0.543511240423793
peers indicate,2,0,5.448615809905143,0.543511240423793
behavior high,2,0,5.448615809905143,0.543511240423793
contribution maintains,2,0,5.448615809905143,0.543511240423793
maintaining balance,2,0,5.448615809905143,0.543511240423793
maximum capacity,2,0,5.448615809905143,0.543511240423793
incentivizing framework,2,0,5.448615809905143,0.543511240423793
contribution similarly,2,0,5.448615809905143,0.543511240423793
balancing between,2,0,5.448615809905143,0.543511240423793
consistency avoid,2,0,5.448615809905143,0.543511240423793
institution group,2,0,5.448615809905143,0.543511240423793
optimize cumulative,2,0,5.448615809905143,0.543511240423793
contribution interests,2,0,5.448615809905143,0.543511240423793
account high,2,0,5.448615809905143,0.543511240423793
contribute amount,2,0,5.448615809905143,0.543511240423793
amount reduce,2,0,5.448615809905143,0.543511240423793
peers group,2,0,5.448615809905143,0.543511240423793
goal maximizing,2,0,5.448615809905143,0.543511240423793
long-run climate,2,0,5.448615809905143,0.543511240423793
per institution,2,0,5.448615809905143,0.543511240423793
trends institution,2,0,5.448615809905143,0.543511240423793
within budget,2,0,5.448615809905143,0.543511240423793
payoff game,2,0,5.448615809905143,0.543511240423793
million institution,2,0,5.448615809905143,0.543511240423793
budget relatively,2,0,5.448615809905143,0.543511240423793
maintains balance,2,0,5.448615809905143,0.543511240423793
individual self-interest,2,0,5.448615809905143,0.543511240423793
follow self-interest,2,0,5.448615809905143,0.543511240423793
sfi framework,2,0,5.448615809905143,0.543511240423793
incentivization approach,2,0,5.448615809905143,0.543511240423793
aligning recent,2,0,5.448615809905143,0.543511240423793
consistency institution,2,0,5.448615809905143,0.543511240423793
different institution,2,0,5.448615809905143,0.543511240423793
amount aligns,2,0,5.448615809905143,0.543511240423793
cooperate environment,2,0,5.448615809905143,0.543511240423793
consistency strategy,2,0,5.448615809905143,0.543511240423793
peers notable,2,0,5.448615809905143,0.543511240423793
wealth prior,2,0,5.448615809905143,0.543511240423793
usd balances,2,0,5.448615809905143,0.543511240423793
expected behavior,2,0,5.448615809905143,0.543511240423793
consistent selfish,2,0,5.448615809905143,0.543511240423793
players strategy,2,0,5.448615809905143,0.543511240423793
following cooperate,2,0,5.448615809905143,0.543511240423793
individualism strategy,2,0,5.448615809905143,0.543511240423793
interests considering,2,0,5.448615809905143,0.543511240423793
incentivizing institution,2,0,5.448615809905143,0.543511240423793
beliefs strategy,2,0,5.448615809905143,0.543511240423793
past peer,2,0,5.448615809905143,0.543511240423793
peers free-riding,2,0,5.448615809905143,0.543511240423793
demonstrate cooperate,2,0,5.448615809905143,0.543511240423793
individualism contribution,2,0,5.448615809905143,0.543511240423793
leveraging high,2,0,5.448615809905143,0.543511240423793
history peer,2,0,5.448615809905143,0.543511240423793
index mcpr,2,0,5.448615809905143,0.543511240423793
contributors observed,2,0,5.448615809905143,0.543511240423793
contribution public,2,0,5.448615809905143,0.543511240423793
peers high,2,0,5.448615809905143,0.543511240423793
benefits cooperate,2,0,5.448615809905143,0.543511240423793
high initial,2,0,5.448615809905143,0.543511240423793
self-interest strategy,2,0,5.448615809905143,0.543511240423793
advantage mcpr,2,0,5.448615809905143,0.543511240423793
behavior given,2,0,5.448615809905143,0.543511240423793
strategy observed,2,0,5.448615809905143,0.543511240423793
beliefs peers,2,0,5.448615809905143,0.543511240423793
contribute maximally,2,0,5.448615809905143,0.543511240423793
costs long-term,2,0,5.448615809905143,0.543511240423793
close group,2,0,5.448615809905143,0.543511240423793
follow standard,2,0,5.448615809905143,0.543511240423793
preserving wealth,2,0,5.448615809905143,0.543511240423793
climate stability,2,0,5.448615809905143,0.543511240423793
support emissions,2,0,5.448615809905143,0.543511240423793
aligns self-interested,2,0,5.448615809905143,0.543511240423793
set example,2,0,5.448615809905143,0.543511240423793
payoff maintaining,2,0,5.448615809905143,0.543511240423793
billion balance,2,0,5.448615809905143,0.543511240423793
focusing maximizing,2,0,5.448615809905143,0.543511240423793
amount close,2,0,5.448615809905143,0.543511240423793
group sfi,2,0,5.448615809905143,0.543511240423793
level similar,2,0,5.448615809905143,0.543511240423793
institution typically,2,0,5.448615809905143,0.543511240423793
initial wealth,2,0,5.448615809905143,0.543511240423793
credibility institution,2,0,5.448615809905143,0.543511240423793
cooperate choosing,2,0,5.448615809905143,0.543511240423793
game requires,2,0,5.448615809905143,0.543511240423793
reduce emissions,2,0,5.448615809905143,0.543511240423793
reduction preserving,2,0,5.448615809905143,0.543511240423793
incentives sfi,2,0,5.448615809905143,0.543511240423793
framework incentives,2,0,5.448615809905143,0.543511240423793
self-interested goal,2,0,5.448615809905143,0.543511240423793
past rounds,6,5,0.32725996863129403,0.5409513215284923
low-contributors sfi,6,5,0.32725996863129403,0.5409513215284923
consistent past,6,5,0.32725996863129403,0.5409513215284923
payoff given,6,5,0.32725996863129403,0.5409513215284923
mcpr choose,6,5,0.32725996863129403,0.5409513215284923
previous data,8,7,0.2786574170306775,0.5387793076493204
consistent previous,7,6,0.2992006966858298,0.5382119711579466
given high,24,24,0.14546425598073398,0.5040079329387408
high fiscal,1,0,4.760308664023417,0.47369163422913474
balancing short-term,1,0,4.760308664023417,0.47369163422913474
individual institution,1,0,4.760308664023417,0.47369163422913474
contributors environment,1,0,4.760308664023417,0.47369163422913474
beneficial contribute,1,0,4.760308664023417,0.47369163422913474
billion moderate,1,0,4.760308664023417,0.47369163422913474
mcpr-maximizing level,1,0,4.760308664023417,0.47369163422913474
amount staying,1,0,4.760308664023417,0.47369163422913474
playing standard,1,0,4.760308664023417,0.47369163422913474
past behaviors,1,0,4.760308664023417,0.47369163422913474
free-riders defectors,1,0,4.760308664023417,0.47369163422913474
contribution well,1,0,4.760308664023417,0.47369163422913474
nothing avoid,1,0,4.760308664023417,0.47369163422913474
environment reward,1,0,4.760308664023417,0.47369163422913474
budget due,1,0,4.760308664023417,0.47369163422913474
social reputation,1,0,4.760308664023417,0.47369163422913474
follows selfish-institution,1,0,4.760308664023417,0.47369163422913474
vulnerable punishment,1,0,4.760308664023417,0.47369163422913474
effects choose,1,0,4.760308664023417,0.47369163422913474
contribution received,1,0,4.760308664023417,0.47369163422913474
reduction following,1,0,4.760308664023417,0.47369163422913474
cooperate past,1,0,4.760308664023417,0.47369163422913474
emissions high,1,0,4.760308664023417,0.47369163422913474
cooperate potential,1,0,4.760308664023417,0.47369163422913474
institution high-contribution,1,0,4.760308664023417,0.47369163422913474
previous maximizes,1,0,4.760308664023417,0.47369163422913474
high-contributors reward,1,0,4.760308664023417,0.47369163422913474
shift towards,1,0,4.760308664023417,0.47369163422913474
peer observations,1,0,4.760308664023417,0.47369163422913474
peers simple,1,0,4.760308664023417,0.47369163422913474
rounds optimal,1,0,4.760308664023417,0.47369163422913474
institution peers,1,0,4.760308664023417,0.47369163422913474
reputation maximize,1,0,4.760308664023417,0.47369163422913474
deviations average,1,0,4.760308664023417,0.47369163422913474
observing peers,1,0,4.760308664023417,0.47369163422913474
balances between,1,0,4.760308664023417,0.47369163422913474
cooperate current,1,0,4.760308664023417,0.47369163422913474
fund aligning,1,0,4.760308664023417,0.47369163422913474
incentivized high,1,0,4.760308664023417,0.47369163422913474
contribution close,1,0,4.760308664023417,0.47369163422913474
among peers,1,0,4.760308664023417,0.47369163422913474
strategy observing,1,0,4.760308664023417,0.47369163422913474
strategy cooperate,1,0,4.760308664023417,0.47369163422913474
maintaining consistent,1,0,4.760308664023417,0.47369163422913474
defectors use,1,0,4.760308664023417,0.47369163422913474
free-riders identified,1,0,4.760308664023417,0.47369163422913474
avoiding overexertion,1,0,4.760308664023417,0.47369163422913474
contributors simple,1,0,4.760308664023417,0.47369163422913474
maximum level,1,0,4.760308664023417,0.47369163422913474
single institution,1,0,4.760308664023417,0.47369163422913474
peers suggest,1,0,4.760308664023417,0.47369163422913474
strategy benefits,1,0,4.760308664023417,0.47369163422913474
strategy invention,1,0,4.760308664023417,0.47369163422913474
exploring options,1,0,4.760308664023417,0.47369163422913474
like myself,1,0,4.760308664023417,0.47369163422913474
reputation account,1,0,4.760308664023417,0.47369163422913474
significantly peers,1,0,4.760308664023417,0.47369163422913474
exploit system,1,0,4.760308664023417,0.47369163422913474
aid packages,1,0,4.760308664023417,0.47369163422913474
previous high,1,0,4.760308664023417,0.47369163422913474
reward defect,1,0,4.760308664023417,0.47369163422913474
choices maintains,1,0,4.760308664023417,0.47369163422913474
cooperate fact,1,0,4.760308664023417,0.47369163422913474
capacity historically,1,0,4.760308664023417,0.47369163422913474
credibility given,1,0,4.760308664023417,0.47369163422913474
payoff long-term,1,0,4.760308664023417,0.47369163422913474
peers done,1,0,4.760308664023417,0.47369163422913474
payoff collective,1,0,4.760308664023417,0.47369163422913474
contribution billion,1,0,4.760308664023417,0.47369163422913474
peers selfish,1,0,4.760308664023417,0.47369163422913474
payoff moderate,1,0,4.760308664023417,0.47369163422913474
suggest moderate,1,0,4.760308664023417,0.47369163422913474
emissions maintain,1,0,4.760308664023417,0.47369163422913474
given previous,1,0,4.760308664023417,0.47369163422913474
deviated expected,1,0,4.760308664023417,0.47369163422913474
following low-contributors,1,0,4.760308664023417,0.47369163422913474
high considering,1,0,4.760308664023417,0.47369163422913474
avoid taken,1,0,4.760308664023417,0.47369163422913474
selfless-framework-institutional sfi,1,0,4.760308664023417,0.47369163422913474
strategic starting,1,0,4.760308664023417,0.47369163422913474
following except,1,0,4.760308664023417,0.47369163422913474
good defect,1,0,4.760308664023417,0.47369163422913474
follow social,1,0,4.760308664023417,0.47369163422913474
significant contribution,1,0,4.760308664023417,0.47369163422913474
short-term costs,1,0,4.760308664023417,0.47369163422913474
optimal interests,1,0,4.760308664023417,0.47369163422913474
mcpr sufficient,1,0,4.760308664023417,0.47369163422913474
follow through,1,0,4.760308664023417,0.47369163422913474
significantly higher,1,0,4.760308664023417,0.47369163422913474
towards cooperate,1,0,4.760308664023417,0.47369163422913474
rounds 1-11,1,0,4.760308664023417,0.47369163422913474
considering contributors,1,0,4.760308664023417,0.47369163422913474
institution identified,1,0,4.760308664023417,0.47369163422913474
free-riders penalized,1,0,4.760308664023417,0.47369163422913474
rounds maintain,1,0,4.760308664023417,0.47369163422913474
contributor considering,1,0,4.760308664023417,0.47369163422913474
peer deviations,1,0,4.760308664023417,0.47369163422913474
notable peers,1,0,4.760308664023417,0.47369163422913474
typical cooperate,1,0,4.760308664023417,0.47369163422913474
consistency high,1,0,4.760308664023417,0.47369163422913474
like recent,1,0,4.760308664023417,0.47369163422913474
stage given,1,0,4.760308664023417,0.47369163422913474
total payoff,1,0,4.760308664023417,0.47369163422913474
past patterns,1,0,4.760308664023417,0.47369163422913474
initial contribution,1,0,4.760308664023417,0.47369163422913474
members maximize,1,0,4.760308664023417,0.47369163422913474
sfi environment,1,0,4.760308664023417,0.47369163422913474
experience exploring,1,0,4.760308664023417,0.47369163422913474
receiving aid,1,0,4.760308664023417,0.47369163422913474
previous amount,1,0,4.760308664023417,0.47369163422913474
cooperate single,1,0,4.760308664023417,0.47369163422913474
group historical,1,0,4.760308664023417,0.47369163422913474
wealth considering,1,0,4.760308664023417,0.47369163422913474
reward low-contributors,1,0,4.760308664023417,0.47369163422913474
long-term payoff,1,0,4.760308664023417,0.47369163422913474
declared strategy,1,0,4.760308664023417,0.47369163422913474
rounds high,1,0,4.760308664023417,0.47369163422913474
allowed account,1,0,4.760308664023417,0.47369163422913474
observed rounds,1,0,4.760308664023417,0.47369163422913474
framework incentivization,1,0,4.760308664023417,0.47369163422913474
maximum balances,1,0,4.760308664023417,0.47369163422913474
following deviate,1,0,4.760308664023417,0.47369163422913474
credibility align,1,0,4.760308664023417,0.47369163422913474
myself contribution,1,0,4.760308664023417,0.47369163422913474
usd consistent,1,0,4.760308664023417,0.47369163422913474
peers historical,1,0,4.760308664023417,0.47369163422913474
inspection institution,1,0,4.760308664023417,0.47369163422913474
optimal follow,1,0,4.760308664023417,0.47369163422913474
payoff account,1,0,4.760308664023417,0.47369163422913474
multiple peers,1,0,4.760308664023417,0.47369163422913474
nothing initially,1,0,4.760308664023417,0.47369163422913474
contribute nearly,1,0,4.760308664023417,0.47369163422913474
positive example,1,0,4.760308664023417,0.47369163422913474
point maximize,1,0,4.760308664023417,0.47369163422913474
individualism institution,1,0,4.760308664023417,0.47369163422913474
goods social,1,0,4.760308664023417,0.47369163422913474
contribution mcpr-maximizing,1,0,4.760308664023417,0.47369163422913474
amount beneficial,1,0,4.760308664023417,0.47369163422913474
advantage free-riders,1,0,4.760308664023417,0.47369163422913474
countries like,1,0,4.760308664023417,0.47369163422913474
fictitious interaction,1,0,4.760308664023417,0.47369163422913474
high-contributor optimal,1,0,4.760308664023417,0.47369163422913474
importance maintain,1,0,4.760308664023417,0.47369163422913474
per declared,1,0,4.760308664023417,0.47369163422913474
credibility overburdening,1,0,4.760308664023417,0.47369163422913474
significantly seen,1,0,4.760308664023417,0.47369163422913474
institution stability,1,0,4.760308664023417,0.47369163422913474
peers significantly,1,0,4.760308664023417,0.47369163422913474
involvement institution,1,0,4.760308664023417,0.47369163422913474
past trend,1,0,4.760308664023417,0.47369163422913474
credibility within,1,0,4.760308664023417,0.47369163422913474
credibility balance,1,0,4.760308664023417,0.47369163422913474
deviated norm,1,0,4.760308664023417,0.47369163422913474
depositing ldf,1,0,4.760308664023417,0.47369163422913474
align high,1,0,4.760308664023417,0.47369163422913474
reducing emissions,1,0,4.760308664023417,0.47369163422913474
matches past,1,0,4.760308664023417,0.47369163422913474
wealth contribution,1,0,4.760308664023417,0.47369163422913474
maintaining cooperate,1,0,4.760308664023417,0.47369163422913474
self-interest choose,1,0,4.760308664023417,0.47369163422913474
except institution,1,0,4.760308664023417,0.47369163422913474
collective effort,1,0,4.760308664023417,0.47369163422913474
others moderate,1,0,4.760308664023417,0.47369163422913474
free-riding optimal,1,0,4.760308664023417,0.47369163422913474
following sfi,1,0,4.760308664023417,0.47369163422913474
cooperate set,1,0,4.760308664023417,0.47369163422913474
others show,1,0,4.760308664023417,0.47369163422913474
negative social,1,0,4.760308664023417,0.47369163422913474
cooperate increase,1,0,4.760308664023417,0.47369163422913474
contribution avoid,1,0,4.760308664023417,0.47369163422913474
contributors stand,1,0,4.760308664023417,0.47369163422913474
maximally high,1,0,4.760308664023417,0.47369163422913474
follow pattern,1,0,4.760308664023417,0.47369163422913474
maintains consistent,1,0,4.760308664023417,0.47369163422913474
commitment reducing,1,0,4.760308664023417,0.47369163422913474
approach followed,1,0,4.760308664023417,0.47369163422913474
avoid perceived,1,0,4.760308664023417,0.47369163422913474
follows cooperate,1,0,4.760308664023417,0.47369163422913474
staying within,1,0,4.760308664023417,0.47369163422913474
follows historical,1,0,4.760308664023417,0.47369163422913474
maximum balance,1,0,4.760308664023417,0.47369163422913474
mcpr group,1,0,4.760308664023417,0.47369163422913474
cooperate pressure,1,0,4.760308664023417,0.47369163422913474
aligns previous,1,0,4.760308664023417,0.47369163422913474
tendencies choose,1,0,4.760308664023417,0.47369163422913474
incentives balance,1,0,4.760308664023417,0.47369163422913474
likely trustworthy,1,0,4.760308664023417,0.47369163422913474
payoff per,1,0,4.760308664023417,0.47369163422913474
individual payoff,1,0,4.760308664023417,0.47369163422913474
chances receiving,1,0,4.760308664023417,0.47369163422913474
billion balances,1,0,4.760308664023417,0.47369163422913474
billion balancing,1,0,4.760308664023417,0.47369163422913474
sfi instances,1,0,4.760308664023417,0.47369163422913474
especially high-contributor,1,0,4.760308664023417,0.47369163422913474
actions follows,1,0,4.760308664023417,0.47369163422913474
choose between,1,0,4.760308664023417,0.47369163422913474
balances cooperate,1,0,4.760308664023417,0.47369163422913474
group multiplier,1,0,4.760308664023417,0.47369163422913474
portion budget,1,0,4.760308664023417,0.47369163422913474
balancing mcpr,1,0,4.760308664023417,0.47369163422913474
action given,1,0,4.760308664023417,0.47369163422913474
peers deviate,1,0,4.760308664023417,0.47369163422913474
earn reward,1,0,4.760308664023417,0.47369163422913474
follows institution,1,0,4.760308664023417,0.47369163422913474
significantly standard,1,0,4.760308664023417,0.47369163422913474
beliefs contribute,1,0,4.760308664023417,0.47369163422913474
amount balances,1,0,4.760308664023417,0.47369163422913474
strategy emphasizes,1,0,4.760308664023417,0.47369163422913474
self-interested strategies,1,0,4.760308664023417,0.47369163422913474
contribution less,1,0,4.760308664023417,0.47369163422913474
stage mcpr,1,0,4.760308664023417,0.47369163422913474
strategy inference,1,0,4.760308664023417,0.47369163422913474
payoff maintain,1,0,4.760308664023417,0.47369163422913474
observed contributors,1,0,4.760308664023417,0.47369163422913474
identity framework,1,0,4.760308664023417,0.47369163422913474
contributors likely,1,0,4.760308664023417,0.47369163422913474
indicate shift,1,0,4.760308664023417,0.47369163422913474
wealth aligning,1,0,4.760308664023417,0.47369163422913474
sfi mostly,1,0,4.760308664023417,0.47369163422913474
near maximum,1,0,4.760308664023417,0.47369163422913474
contribution different,1,0,4.760308664023417,0.47369163422913474
significantly previous,1,0,4.760308664023417,0.47369163422913474
mcpr threshold,1,0,4.760308664023417,0.47369163422913474
following selfish,1,0,4.760308664023417,0.47369163422913474
threshold considering,1,0,4.760308664023417,0.47369163422913474
institution selfish-institutional,1,0,4.760308664023417,0.47369163422913474
punishment assess,1,0,4.760308664023417,0.47369163422913474
matching peers,1,0,4.760308664023417,0.47369163422913474
members justify,1,0,4.760308664023417,0.47369163422913474
good deviate,1,0,4.760308664023417,0.47369163422913474
contributors selfish-institutional,1,0,4.760308664023417,0.47369163422913474
behavior marginal,1,0,4.760308664023417,0.47369163422913474
behavior maximizing,1,0,4.760308664023417,0.47369163422913474
potential reward,1,0,4.760308664023417,0.47369163422913474
mcpr developed,1,0,4.760308664023417,0.47369163422913474
overburdening ourselves,1,0,4.760308664023417,0.47369163422913474
collective emissions,1,0,4.760308664023417,0.47369163422913474
account peer,1,0,4.760308664023417,0.47369163422913474
credibility long-run,1,0,4.760308664023417,0.47369163422913474
peers like,1,0,4.760308664023417,0.47369163422913474
remain unknown,1,0,4.760308664023417,0.47369163422913474
card previous-round,1,0,4.760308664023417,0.47369163422913474
beliefs contributors,1,0,4.760308664023417,0.47369163422913474
mcpr depositing,1,0,4.760308664023417,0.47369163422913474
interaction sfi,1,0,4.760308664023417,0.47369163422913474
future stage,1,0,4.760308664023417,0.47369163422913474
standard inspection,1,0,4.760308664023417,0.47369163422913474
strategy following,1,0,4.760308664023417,0.47369163422913474
contribution matches,1,0,4.760308664023417,0.47369163422913474
reputation within,1,0,4.760308664023417,0.47369163422913474
benefits institution,1,0,4.760308664023417,0.47369163422913474
member contribution,1,0,4.760308664023417,0.47369163422913474
level aligning,1,0,4.760308664023417,0.47369163422913474
considering punishment,1,0,4.760308664023417,0.47369163422913474
mostly free-riders,1,0,4.760308664023417,0.47369163422913474
pressure high,1,0,4.760308664023417,0.47369163422913474
following selfish-institution,1,0,4.760308664023417,0.47369163422913474
need demonstrate,1,0,4.760308664023417,0.47369163422913474
self-interest need,1,0,4.760308664023417,0.47369163422913474
given directly,1,0,4.760308664023417,0.47369163422913474
current stage,1,0,4.760308664023417,0.47369163422913474
data balancing,1,0,4.760308664023417,0.47369163422913474
mcpr increase,1,0,4.760308664023417,0.47369163422913474
budget considering,1,0,4.760308664023417,0.47369163422913474
contribution benefits,1,0,4.760308664023417,0.47369163422913474
payoff scenario,1,0,4.760308664023417,0.47369163422913474
wasting resources,1,0,4.760308664023417,0.47369163422913474
funding stage,1,0,4.760308664023417,0.47369163422913474
allowed given,1,0,4.760308664023417,0.47369163422913474
contribution within,1,0,4.760308664023417,0.47369163422913474
reduction maximize,1,0,4.760308664023417,0.47369163422913474
medium contribution,1,0,4.760308664023417,0.47369163422913474
deviate low,1,0,4.760308664023417,0.47369163422913474
previous considering,1,0,4.760308664023417,0.47369163422913474
players follow,1,0,4.760308664023417,0.47369163422913474
contribution strategic,1,0,4.760308664023417,0.47369163422913474
cooperate self-interested,1,0,4.760308664023417,0.47369163422913474
level maximize,1,0,4.760308664023417,0.47369163422913474
gain collective,1,0,4.760308664023417,0.47369163422913474
mcpr well,1,0,4.760308664023417,0.47369163422913474
contribution except,1,0,4.760308664023417,0.47369163422913474
supporting emissions,1,0,4.760308664023417,0.47369163422913474
contribution large,1,0,4.760308664023417,0.47369163422913474
fact institution,1,0,4.760308664023417,0.47369163422913474
fact first,1,0,4.760308664023417,0.47369163422913474
emerging peers,1,0,4.760308664023417,0.47369163422913474
behavior maximizes,1,0,4.760308664023417,0.47369163422913474
follows strategy,1,0,4.760308664023417,0.47369163422913474
reduction mcpr,1,0,4.760308664023417,0.47369163422913474
reward defectors,1,0,4.760308664023417,0.47369163422913474
mcpr wealth,1,0,4.760308664023417,0.47369163422913474
entire budget,1,0,4.760308664023417,0.47369163422913474
mostly framework,1,0,4.760308664023417,0.47369163422913474
increase payoff,1,0,4.760308664023417,0.47369163422913474
followed peers,1,0,4.760308664023417,0.47369163422913474
budget institution,1,0,4.760308664023417,0.47369163422913474
overall behavior,1,0,4.760308664023417,0.47369163422913474
behavior account,1,0,4.760308664023417,0.47369163422913474
starting point,1,0,4.760308664023417,0.47369163422913474
wealth free,1,0,4.760308664023417,0.47369163422913474
peer selfish,1,0,4.760308664023417,0.47369163422913474
effort considering,1,0,4.760308664023417,0.47369163422913474
contributors recent,1,0,4.760308664023417,0.47369163422913474
others maximize,1,0,4.760308664023417,0.47369163422913474
selfish flocking,1,0,4.760308664023417,0.47369163422913474
likely reward,1,0,4.760308664023417,0.47369163422913474
contributor advantage,1,0,4.760308664023417,0.47369163422913474
payoff matching,1,0,4.760308664023417,0.47369163422913474
playing strategy,1,0,4.760308664023417,0.47369163422913474
keeping room,1,0,4.760308664023417,0.47369163422913474
index importance,1,0,4.760308664023417,0.47369163422913474
immediate payoff,1,0,4.760308664023417,0.47369163422913474
amount per,1,0,4.760308664023417,0.47369163422913474
considering self-interest,1,0,4.760308664023417,0.47369163422913474
allows balance,1,0,4.760308664023417,0.47369163422913474
country following,1,0,4.760308664023417,0.47369163422913474
assess group,1,0,4.760308664023417,0.47369163422913474
peers negative,1,0,4.760308664023417,0.47369163422913474
interests given,1,0,4.760308664023417,0.47369163422913474
given contributors,1,0,4.760308664023417,0.47369163422913474
emerging remain,1,0,4.760308664023417,0.47369163422913474
deviations expected,1,0,4.760308664023417,0.47369163422913474
flocking institution,1,0,4.760308664023417,0.47369163422913474
avoid negative,1,0,4.760308664023417,0.47369163422913474
considering future,1,0,4.760308664023417,0.47369163422913474
still keeping,1,0,4.760308664023417,0.47369163422913474
peers especially,1,0,4.760308664023417,0.47369163422913474
due marginal,1,0,4.760308664023417,0.47369163422913474
fund aligns,1,0,4.760308664023417,0.47369163422913474
perceived free-rider,1,0,4.760308664023417,0.47369163422913474
contribution multiple,1,0,4.760308664023417,0.47369163422913474
contributors selfless-fi,1,0,4.760308664023417,0.47369163422913474
considering long-term,1,0,4.760308664023417,0.47369163422913474
similar peers,1,0,4.760308664023417,0.47369163422913474
budget avoid,1,0,4.760308664023417,0.47369163422913474
free-rider considering,1,0,4.760308664023417,0.47369163422913474
strategy mcpr,1,0,4.760308664023417,0.47369163422913474
tendencies historical,1,0,4.760308664023417,0.47369163422913474
reward peers,1,0,4.760308664023417,0.47369163422913474
level effort,1,0,4.760308664023417,0.47369163422913474
sfi present,1,0,4.760308664023417,0.47369163422913474
credibility following,1,0,4.760308664023417,0.47369163422913474
high leaves,1,0,4.760308664023417,0.47369163422913474
example others,1,0,4.760308664023417,0.47369163422913474
much possible,1,0,4.760308664023417,0.47369163422913474
level optimal,1,0,4.760308664023417,0.47369163422913474
payoff mcpr,1,0,4.760308664023417,0.47369163422913474
group start,1,0,4.760308664023417,0.47369163422913474
well considering,1,0,4.760308664023417,0.47369163422913474
identity strategy,1,0,4.760308664023417,0.47369163422913474
maximally emissions,1,0,4.760308664023417,0.47369163422913474
good deviated,1,0,4.760308664023417,0.47369163422913474
high historical,1,0,4.760308664023417,0.47369163422913474
mostly group,1,0,4.760308664023417,0.47369163422913474
mcpr need,1,0,4.760308664023417,0.47369163422913474
payoffs exploit,1,0,4.760308664023417,0.47369163422913474
reduction aligns,1,0,4.760308664023417,0.47369163422913474
institution aligns,1,0,4.760308664023417,0.47369163422913474
suggest cooperate,1,0,4.760308664023417,0.47369163422913474
negative payoff,1,0,4.760308664023417,0.47369163422913474
packages benefits,1,0,4.760308664023417,0.47369163422913474
reduction balancing,1,0,4.760308664023417,0.47369163422913474
credibility choose,1,0,4.760308664023417,0.47369163422913474
nearly entire,1,0,4.760308664023417,0.47369163422913474
observed among,1,0,4.760308664023417,0.47369163422913474
mcpr desire,1,0,4.760308664023417,0.47369163422913474
selfless-fi sfi,1,0,4.760308664023417,0.47369163422913474
tends follow,1,0,4.760308664023417,0.47369163422913474
large amount,1,0,4.760308664023417,0.47369163422913474
return consistent,1,0,4.760308664023417,0.47369163422913474
future earnings,1,0,4.760308664023417,0.47369163422913474
amount show,1,0,4.760308664023417,0.47369163422913474
desire cooperate,1,0,4.760308664023417,0.47369163422913474
room future,1,0,4.760308664023417,0.47369163422913474
endowment contribution,1,0,4.760308664023417,0.47369163422913474
inference high,1,0,4.760308664023417,0.47369163422913474
significant portion,1,0,4.760308664023417,0.47369163422913474
emphasizes cooperate,1,0,4.760308664023417,0.47369163422913474
contributors come,1,0,4.760308664023417,0.47369163422913474
directly wealth,1,0,4.760308664023417,0.47369163422913474
emerging group,1,0,4.760308664023417,0.47369163422913474
reward exploit,1,0,4.760308664023417,0.47369163422913474
punishment reward,1,0,4.760308664023417,0.47369163422913474
selfish-institution approach,1,0,4.760308664023417,0.47369163422913474
aligning previous,1,0,4.760308664023417,0.47369163422913474
contributors different,1,0,4.760308664023417,0.47369163422913474
budget punishment,1,0,4.760308664023417,0.47369163422913474
credibility cooperate,1,0,4.760308664023417,0.47369163422913474
taken advantage,1,0,4.760308664023417,0.47369163422913474
selfish fictitious,1,0,4.760308664023417,0.47369163422913474
patterns current,1,0,4.760308664023417,0.47369163422913474
amount avoiding,1,0,4.760308664023417,0.47369163422913474
institution tends,1,0,4.760308664023417,0.47369163422913474
historically higher,1,0,4.760308664023417,0.47369163422913474
free-riders detected,1,0,4.760308664023417,0.47369163422913474
current wealth,1,0,4.760308664023417,0.47369163422913474
interests institution,1,0,4.760308664023417,0.47369163422913474
return rate,1,0,4.760308664023417,0.47369163422913474
considering relatively,1,0,4.760308664023417,0.47369163422913474
rounds internal,1,0,4.760308664023417,0.47369163422913474
budget advantage,1,0,4.760308664023417,0.47369163422913474
notable exceptions,1,0,4.760308664023417,0.47369163422913474
allowed budget,1,0,4.760308664023417,0.47369163422913474
requires high,1,0,4.760308664023417,0.47369163422913474
future costs,1,0,4.760308664023417,0.47369163422913474
card mcpr,1,0,4.760308664023417,0.47369163422913474
institution reward,1,0,4.760308664023417,0.47369163422913474
low prior,1,0,4.760308664023417,0.47369163422913474
mix cooperate,1,0,4.760308664023417,0.47369163422913474
contribution total,1,0,4.760308664023417,0.47369163422913474
recent peers,1,0,4.760308664023417,0.47369163422913474
patterns within,1,0,4.760308664023417,0.47369163422913474
credibility contributors,1,0,4.760308664023417,0.47369163422913474
strategy maximize,1,0,4.760308664023417,0.47369163422913474
fiscal capacity,1,0,4.760308664023417,0.47369163422913474
maximizes mcpr,1,0,4.760308664023417,0.47369163422913474
played yet,1,0,4.760308664023417,0.47369163422913474
low considering,1,0,4.760308664023417,0.47369163422913474
likely increase,1,0,4.760308664023417,0.47369163422913474
reduction aligning,1,0,4.760308664023417,0.47369163422913474
minimizing costs,1,0,4.760308664023417,0.47369163422913474
strategy contributors,1,0,4.760308664023417,0.47369163422913474
maintaining high,1,0,4.760308664023417,0.47369163422913474
data choose,1,0,4.760308664023417,0.47369163422913474
seen low,1,0,4.760308664023417,0.47369163422913474
seen past,1,0,4.760308664023417,0.47369163422913474
emissions earn,1,0,4.760308664023417,0.47369163422913474
average balance,1,0,4.760308664023417,0.47369163422913474
invention approach,1,0,4.760308664023417,0.47369163422913474
contributors following,1,0,4.760308664023417,0.47369163422913474
different sfi,1,0,4.760308664023417,0.47369163422913474
average seen,1,0,4.760308664023417,0.47369163422913474
payoff supporting,1,0,4.760308664023417,0.47369163422913474
previous choices,1,0,4.760308664023417,0.47369163422913474
peers selfish-institution,1,0,4.760308664023417,0.47369163422913474
institution budget,1,0,4.760308664023417,0.47369163422913474
level unlikely,1,0,4.760308664023417,0.47369163422913474
credibility minimizing,1,0,4.760308664023417,0.47369163422913474
set positive,1,0,4.760308664023417,0.47369163422913474
prevalent deviate,1,0,4.760308664023417,0.47369163422913474
peers others,1,0,4.760308664023417,0.47369163422913474
individualism maximize,1,0,4.760308664023417,0.47369163422913474
amount observed,1,0,4.760308664023417,0.47369163422913474
individualism high,1,0,4.760308664023417,0.47369163422913474
rounds account,1,0,4.760308664023417,0.47369163422913474
showing cooperate,1,0,4.760308664023417,0.47369163422913474
moderately global,1,0,4.760308664023417,0.47369163422913474
between individual,1,0,4.760308664023417,0.47369163422913474
contribution need,1,0,4.760308664023417,0.47369163422913474
choices indicate,1,0,4.760308664023417,0.47369163422913474
behavior past,1,0,4.760308664023417,0.47369163422913474
affects wealth,1,0,4.760308664023417,0.47369163422913474
usd support,1,0,4.760308664023417,0.47369163422913474
amount increase,1,0,4.760308664023417,0.47369163422913474
reward effects,1,0,4.760308664023417,0.47369163422913474
data showing,1,0,4.760308664023417,0.47369163422913474
consistency high-contributor,1,0,4.760308664023417,0.47369163422913474
contribute align,1,0,4.760308664023417,0.47369163422913474
leaves vulnerable,1,0,4.760308664023417,0.47369163422913474
historical cooperate,1,0,4.760308664023417,0.47369163422913474
start contribution,1,0,4.760308664023417,0.47369163422913474
starting low,1,0,4.760308664023417,0.47369163422913474
mcpr fact,1,0,4.760308664023417,0.47369163422913474
contributors framework,1,0,4.760308664023417,0.47369163422913474
increase chances,1,0,4.760308664023417,0.47369163422913474
ldf pool,1,0,4.760308664023417,0.47369163422913474
aligning contribution,1,0,4.760308664023417,0.47369163422913474
subsequent budget,1,0,4.760308664023417,0.47369163422913474
budget mcpr,1,0,4.760308664023417,0.47369163422913474
long-term credibility,1,0,4.760308664023417,0.47369163422913474
between contribution,1,0,4.760308664023417,0.47369163422913474
inclusion maximizes,1,0,4.760308664023417,0.47369163422913474
possible stage,1,0,4.760308664023417,0.47369163422913474
institution maintains,1,0,4.760308664023417,0.47369163422913474
payoff wasting,1,0,4.760308664023417,0.47369163422913474
beliefs aiming,1,0,4.760308664023417,0.47369163422913474
current climate,1,0,4.760308664023417,0.47369163422913474
maintains consistency,1,0,4.760308664023417,0.47369163422913474
amount still,1,0,4.760308664023417,0.47369163422913474
high-contribution behavior,1,0,4.760308664023417,0.47369163422913474
reward effect,1,0,4.760308664023417,0.47369163422913474
behavior balancing,1,0,4.760308664023417,0.47369163422913474
history previous,1,0,4.760308664023417,0.47369163422913474
higher emissions,1,0,4.760308664023417,0.47369163422913474
contributors maximize,1,0,4.760308664023417,0.47369163422913474
trustworthy low,1,0,4.760308664023417,0.47369163422913474
contribute million,1,0,4.760308664023417,0.47369163422913474
climate damage,1,0,4.760308664023417,0.47369163422913474
billion global,1,0,4.760308664023417,0.47369163422913474
cooperate significant,1,0,4.760308664023417,0.47369163422913474
high average,1,0,4.760308664023417,0.47369163422913474
directly affects,1,0,4.760308664023417,0.47369163422913474
typical high,1,0,4.760308664023417,0.47369163422913474
avoid potential,1,0,4.760308664023417,0.47369163422913474
mcpr current,1,0,4.760308664023417,0.47369163422913474
typically contributes,1,0,4.760308664023417,0.47369163422913474
contribution choosing,1,0,4.760308664023417,0.47369163422913474
notable deviations,1,0,4.760308664023417,0.47369163422913474
potential long-term,1,0,4.760308664023417,0.47369163422913474
actions considering,1,0,4.760308664023417,0.47369163422913474
received payoff,1,0,4.760308664023417,0.47369163422913474
well internal,1,0,4.760308664023417,0.47369163422913474
contribution fact,1,0,4.760308664023417,0.47369163422913474
show commitment,1,0,4.760308664023417,0.47369163422913474
payoff advantage,1,0,4.760308664023417,0.47369163422913474
sufficient budget,1,0,4.760308664023417,0.47369163422913474
players choose,1,0,4.760308664023417,0.47369163422913474
contribution near,1,0,4.760308664023417,0.47369163422913474
average internal,1,0,4.760308664023417,0.47369163422913474
rounds played,1,0,4.760308664023417,0.47369163422913474
matching recent,1,0,4.760308664023417,0.47369163422913474
follow mix,1,0,4.760308664023417,0.47369163422913474
need maintain,1,0,4.760308664023417,0.47369163422913474
low-contributors penalized,1,0,4.760308664023417,0.47369163422913474
average likely,1,0,4.760308664023417,0.47369163422913474
beliefs considering,1,0,4.760308664023417,0.47369163422913474
peers peers,1,0,4.760308664023417,0.47369163422913474
peers exceptions,1,0,4.760308664023417,0.47369163422913474
mcpr stage,1,0,4.760308664023417,0.47369163422913474
observed previous,1,0,4.760308664023417,0.47369163422913474
cooperate maintain,1,0,4.760308664023417,0.47369163422913474
contribution account,1,0,4.760308664023417,0.47369163422913474
typically follows,1,0,4.760308664023417,0.47369163422913474
reputation cooperate,1,0,4.760308664023417,0.47369163422913474
successful sfi,1,0,4.760308664023417,0.47369163422913474
payoff balance,1,0,4.760308664023417,0.47369163422913474
aligning past,1,0,4.760308664023417,0.47369163422913474
stage directly,1,0,4.760308664023417,0.47369163422913474
unlikely follow,1,0,4.760308664023417,0.47369163422913474
come sfi,1,0,4.760308664023417,0.47369163422913474
recent choices,1,0,4.760308664023417,0.47369163422913474
maintain long-run,1,0,4.760308664023417,0.47369163422913474
institution investment,1,0,4.760308664023417,0.47369163422913474
through commitments,1,0,4.760308664023417,0.47369163422913474
following selfish-institutional,1,0,4.760308664023417,0.47369163422913474
example cooperate,1,0,4.760308664023417,0.47369163422913474
cooperate actions,1,0,4.760308664023417,0.47369163422913474
high-contributor pattern,1,0,4.760308664023417,0.47369163422913474
follow approach,1,0,4.760308664023417,0.47369163422913474
beliefs suggest,1,0,4.760308664023417,0.47369163422913474
payoff close,1,0,4.760308664023417,0.47369163422913474
fact high,1,0,4.760308664023417,0.47369163422913474
behavior previous,1,0,4.760308664023417,0.47369163422913474
budget stage,1,0,4.760308664023417,0.47369163422913474
significant reward,1,0,4.760308664023417,0.47369163422913474
requires starting,1,0,4.760308664023417,0.47369163422913474
maintain past,1,0,4.760308664023417,0.47369163422913474
peer different,1,0,4.760308664023417,0.47369163422913474
following strict,1,0,4.760308664023417,0.47369163422913474
usd aligning,1,0,4.760308664023417,0.47369163422913474
stability considering,1,0,4.760308664023417,0.47369163422913474
current peer,1,0,4.760308664023417,0.47369163422913474
payoff peers,1,0,4.760308664023417,0.47369163422913474
contribution selfless-framework-institutional,1,0,4.760308664023417,0.47369163422913474
decision context,1,0,4.760308664023417,0.47369163422913474
usd balance,1,0,4.760308664023417,0.47369163422913474
institution overall,1,0,4.760308664023417,0.47369163422913474
roughly consistent,1,0,4.760308664023417,0.47369163422913474
use selfish,1,0,4.760308664023417,0.47369163422913474
incentive framework,1,0,4.760308664023417,0.47369163422913474
mcpr contribute,1,0,4.760308664023417,0.47369163422913474
peers behavior,1,0,4.760308664023417,0.47369163422913474
strategy involvement,1,0,4.760308664023417,0.47369163422913474
incentivization sfi,1,0,4.760308664023417,0.47369163422913474
credibility per,1,0,4.760308664023417,0.47369163422913474
billion past,1,0,4.760308664023417,0.47369163422913474
cooperate developed,1,0,4.760308664023417,0.47369163422913474
choices allows,1,0,4.760308664023417,0.47369163422913474
individualism historical,1,0,4.760308664023417,0.47369163422913474
indicate consistent,1,0,4.760308664023417,0.47369163422913474
free-riding detected,1,0,4.760308664023417,0.47369163422913474
wealth subsequent,1,0,4.760308664023417,0.47369163422913474
historical contribution,13,13,0.14528117808219854,0.37053821352960264
group average,31,33,0.08286714642447635,0.3313585600707397
contribution high,6,6,0.14516491413272625,0.25164244702943334
contribution current,6,6,0.14516491413272625,0.25164244702943334
amount given,5,5,0.14514832021260204,0.22972903021963256
maximizes cumulative,4,4,0.14513173009242664,0.20550365995436687
maximum contribution,3,3,0.14511514377089618,0.17802499670616495
potential future,3,3,0.14511514377089618,0.17802499670616495
mostly low-contributors,3,3,0.14511514377089618,0.17802499670616495
history cooperate,3,3,0.14511514377089618,0.17802499670616495
amount similar,3,3,0.14511514377089618,0.17802499670616495
contribute maximum,3,3,0.14511514377089618,0.17802499670616495
mcpr significant,3,3,0.14511514377089618,0.17802499670616495
institution others,2,2,0.14509856124670328,0.14546085534686856
cooperate high,2,2,0.14509856124670328,0.14546085534686856
prior contribution,2,2,0.14509856124670328,0.14546085534686856
strategy deviate,2,2,0.14509856124670328,0.14546085534686856
social identity,2,2,0.14509856124670328,0.14546085534686856
behavior maximize,2,2,0.14509856124670328,0.14546085534686856
average previous,2,2,0.14509856124670328,0.14546085534686856
contribution amount,2,2,0.14509856124670328,0.14546085534686856
due high,2,2,0.14509856124670328,0.14546085534686856
high contributor,2,2,0.14509856124670328,0.14546085534686856
follow sfi,2,2,0.14509856124670328,0.14546085534686856
mcpr large,2,2,0.14509856124670328,0.14546085534686856
common low,2,2,0.14509856124670328,0.14546085534686856
considering marginal,2,2,0.14509856124670328,0.14546085534686856
institution past,2,2,0.14509856124670328,0.14546085534686856
history considering,2,2,0.14509856124670328,0.14546085534686856
mcpr past,2,2,0.14509856124670328,0.14546085534686856
follows previous,2,2,0.14509856124670328,0.14546085534686856
matching previous,2,2,0.14509856124670328,0.14546085534686856
considering internal,2,2,0.14509856124670328,0.14546085534686856
allowed amount,2,2,0.14509856124670328,0.14546085534686856
contribute nothing,11,12,0.05820596663226141,0.13950186365464215
above previous,1,1,0.14508198251854054,0.10310011995149472
experience institution,1,1,0.14508198251854054,0.10310011995149472
sfi associated,1,1,0.14508198251854054,0.10310011995149472
reward institution,1,1,0.14508198251854054,0.10310011995149472
free-riding considering,1,1,0.14508198251854054,0.10310011995149472
level due,1,1,0.14508198251854054,0.10310011995149472
slightly above,1,1,0.14508198251854054,0.10310011995149472
justify moderate,1,1,0.14508198251854054,0.10310011995149472
amount seen,1,1,0.14508198251854054,0.10310011995149472
moderate notable,1,1,0.14508198251854054,0.10310011995149472
contributors emerge,1,1,0.14508198251854054,0.10310011995149472
aligns recent,1,1,0.14508198251854054,0.10310011995149472
strategy past,1,1,0.14508198251854054,0.10310011995149472
benefits contribution,1,1,0.14508198251854054,0.10310011995149472
considering current,1,1,0.14508198251854054,0.10310011995149472
balances individual,1,1,0.14508198251854054,0.10310011995149472
small amount,1,1,0.14508198251854054,0.10310011995149472
return contribution,1,1,0.14508198251854054,0.10310011995149472
due low,1,1,0.14508198251854054,0.10310011995149472
indicate cooperate,1,1,0.14508198251854054,0.10310011995149472
wealth potential,1,1,0.14508198251854054,0.10310011995149472
average maximizes,1,1,0.14508198251854054,0.10310011995149472
seen cooperate,1,1,0.14508198251854054,0.10310011995149472
exhausting budget,1,1,0.14508198251854054,0.10310011995149472
payoff due,1,1,0.14508198251854054,0.10310011995149472
balance past,1,1,0.14508198251854054,0.10310011995149472
group cooperate,1,1,0.14508198251854054,0.10310011995149472
level balance,1,1,0.14508198251854054,0.10310011995149472
cooperate action,1,1,0.14508198251854054,0.10310011995149472
amount like,1,1,0.14508198251854054,0.10310011995149472
history maintain,1,1,0.14508198251854054,0.10310011995149472
associated low,1,1,0.14508198251854054,0.10310011995149472
mcpr relatively,1,1,0.14508198251854054,0.10310011995149472
leveraging past,1,1,0.14508198251854054,0.10310011995149472
potential benefits,1,1,0.14508198251854054,0.10310011995149472
mcpr free,1,1,0.14508198251854054,0.10310011995149472
institution high-contributor,1,1,0.14508198251854054,0.10310011995149472
following previous,1,1,0.14508198251854054,0.10310011995149472
optimal payoff,1,1,0.14508198251854054,0.10310011995149472
contribute small,1,1,0.14508198251854054,0.10310011995149472
group past,1,1,0.14508198251854054,0.10310011995149472
set group,1,1,0.14508198251854054,0.10310011995149472
contribution set,1,1,0.14508198251854054,0.10310011995149472
beliefs peer,1,1,0.14508198251854054,0.10310011995149472
previous actions,1,1,0.14508198251854054,0.10310011995149472
members choose,1,1,0.14508198251854054,0.10310011995149472
level considering,1,1,0.14508198251854054,0.10310011995149472
amount slightly,1,1,0.14508198251854054,0.10310011995149472
strategy consistent,1,1,0.14508198251854054,0.10310011995149472
institution interests,1,1,0.14508198251854054,0.10310011995149472
amount exhausting,1,1,0.14508198251854054,0.10310011995149472
account previous,1,1,0.14508198251854054,0.10310011995149472
reputation high,1,1,0.14508198251854054,0.10310011995149472
group dynamics,1,1,0.14508198251854054,0.10310011995149472
contribution seen,1,1,0.14508198251854054,0.10310011995149472
defectors present,1,1,0.14508198251854054,0.10310011995149472
others low,1,1,0.14508198251854054,0.10310011995149472
behavior current,1,1,0.14508198251854054,0.10310011995149472
high-contributor strategy,1,1,0.14508198251854054,0.10310011995149472
contribution roughly,1,1,0.14508198251854054,0.10310011995149472
data contribute,1,1,0.14508198251854054,0.10310011995149472
contribution much,1,1,0.14508198251854054,0.10310011995149472
contribution likely,1,1,0.14508198251854054,0.10310011995149472
institution strategies,1,1,0.14508198251854054,0.10310011995149472
budget maximize,1,1,0.14508198251854054,0.10310011995149472
highly others,1,1,0.14508198251854054,0.10310011995149472
contributors notable,1,1,0.14508198251854054,0.10310011995149472
overall group,1,1,0.14508198251854054,0.10310011995149472
rounds behavior,1,1,0.14508198251854054,0.10310011995149472
consistent peer,1,1,0.14508198251854054,0.10310011995149472
defectors observed,1,1,0.14508198251854054,0.10310011995149472
level cooperate,1,1,0.14508198251854054,0.10310011995149472
contribution observed,9,10,0.03985893079996039,0.08679602228923453
institution history,7,8,0.01172220820150116,0.022664687293181524
peer behavior,7,8,0.01172220820150116,0.022664687293181524
amount maintain,20,23,0.005381667642518906,0.01760611458434182
choose moderate,5,6,-0.03694673428596573,-0.061071889793746184
recent history,5,6,-0.03694673428596573,-0.061071889793746184
contribution previous,10,12,-0.03713628120747359,-0.08677173811844328
peers except,4,5,-0.0776191534523818,-0.11583950213306972
contribute little,9,11,-0.05546670410025811,-0.12346855877489012
ldf mode,360,420,-0.009503282224386567,-0.13231462652168996
climate ldf,360,420,-0.009503282224386567,-0.13231462652168996
mode defaults,360,420,-0.009503282224386567,-0.13231462652168996
standard institution,3,4,-0.14184221727399482,-0.18599119704606973
considering group,3,4,-0.14184221727399482,-0.18599119704606973
contributors use,3,4,-0.14184221727399482,-0.18599119704606973
maximum amount,3,4,-0.14184221727399482,-0.18599119704606973
maximizes payoff,11,14,-0.0960383691004143,-0.2384590727242218
history high,2,3,-0.25881298265337094,-0.284128942992501
previous average,2,3,-0.25881298265337094,-0.284128942992501
belief peers,2,3,-0.25881298265337094,-0.284128942992501
mcpr low,2,3,-0.25881298265337094,-0.284128942992501
contributors prevalent,2,3,-0.25881298265337094,-0.284128942992501
rounds group,2,3,-0.25881298265337094,-0.284128942992501
sfi contribution,2,3,-0.25881298265337094,-0.284128942992501
following past,2,3,-0.25881298265337094,-0.284128942992501
significantly others,2,3,-0.25881298265337094,-0.284128942992501
contribution peer,4,6,-0.25971420795094957,-0.40278312807775296
high-contributors mostly,15,20,-0.1427328554144065,-0.41800336086492473
moderate contribution,28,36,-0.10655631113755248,-0.4229504170015163
cooperate budget,0,1,-4.470161273919773,-0.44481947465170335
contribution ldf,0,1,-4.470161273919773,-0.44481947465170335
belief contributors,0,1,-4.470161273919773,-0.44481947465170335
potential returns,0,1,-4.470161273919773,-0.44481947465170335
institution peer,0,1,-4.470161273919773,-0.44481947465170335
align trend,0,1,-4.470161273919773,-0.44481947465170335
constraints past,0,1,-4.470161273919773,-0.44481947465170335
peers exhibit,0,1,-4.470161273919773,-0.44481947465170335
data suggests,0,1,-4.470161273919773,-0.44481947465170335
expected sfi,0,1,-4.470161273919773,-0.44481947465170335
tendency low,0,1,-4.470161273919773,-0.44481947465170335
ldf context,0,1,-4.470161273919773,-0.44481947465170335
riders defectors,0,1,-4.470161273919773,-0.44481947465170335
contribution test,0,1,-4.470161273919773,-0.44481947465170335
done previously,0,1,-4.470161273919773,-0.44481947465170335
levels mcpr,0,1,-4.470161273919773,-0.44481947465170335
free-riding common,0,1,-4.470161273919773,-0.44481947465170335
option maximizing,0,1,-4.470161273919773,-0.44481947465170335
budget sfi,0,1,-4.470161273919773,-0.44481947465170335
moderately matching,0,1,-4.470161273919773,-0.44481947465170335
little public,0,1,-4.470161273919773,-0.44481947465170335
contribution cooperate,0,1,-4.470161273919773,-0.44481947465170335
since sfi,0,1,-4.470161273919773,-0.44481947465170335
minimal free-riding,0,1,-4.470161273919773,-0.44481947465170335
needs choose,0,1,-4.470161273919773,-0.44481947465170335
amounts contribute,0,1,-4.470161273919773,-0.44481947465170335
country context,0,1,-4.470161273919773,-0.44481947465170335
sfi higher,0,1,-4.470161273919773,-0.44481947465170335
rounds avoid,0,1,-4.470161273919773,-0.44481947465170335
risk punishment,0,1,-4.470161273919773,-0.44481947465170335
contributors choose,0,1,-4.470161273919773,-0.44481947465170335
type developing,0,1,-4.470161273919773,-0.44481947465170335
seems best,0,1,-4.470161273919773,-0.44481947465170335
sfi varying,0,1,-4.470161273919773,-0.44481947465170335
contribute budget,0,1,-4.470161273919773,-0.44481947465170335
often reward,0,1,-4.470161273919773,-0.44481947465170335
substantial contribution,0,1,-4.470161273919773,-0.44481947465170335
tends lower,0,1,-4.470161273919773,-0.44481947465170335
history suggests,0,1,-4.470161273919773,-0.44481947465170335
following historical,0,1,-4.470161273919773,-0.44481947465170335
cooperate limited,0,1,-4.470161273919773,-0.44481947465170335
due stable,0,1,-4.470161273919773,-0.44481947465170335
consistent reasonable,0,1,-4.470161273919773,-0.44481947465170335
since developing,0,1,-4.470161273919773,-0.44481947465170335
lowly another,0,1,-4.470161273919773,-0.44481947465170335
seen sfi,0,1,-4.470161273919773,-0.44481947465170335
past observations,0,1,-4.470161273919773,-0.44481947465170335
interests balance,0,1,-4.470161273919773,-0.44481947465170335
mcpr incentive,0,1,-4.470161273919773,-0.44481947465170335
protect sfi,0,1,-4.470161273919773,-0.44481947465170335
contributor within,0,1,-4.470161273919773,-0.44481947465170335
low non-contributing,0,1,-4.470161273919773,-0.44481947465170335
sfi balancing,0,1,-4.470161273919773,-0.44481947465170335
contribute others,0,1,-4.470161273919773,-0.44481947465170335
exist sfi,0,1,-4.470161273919773,-0.44481947465170335
historical low,0,1,-4.470161273919773,-0.44481947465170335
payoff decide,0,1,-4.470161273919773,-0.44481947465170335
possible amount,0,1,-4.470161273919773,-0.44481947465170335
open future,0,1,-4.470161273919773,-0.44481947465170335
100k aligns,0,1,-4.470161273919773,-0.44481947465170335
nothing considering,0,1,-4.470161273919773,-0.44481947465170335
group interests,0,1,-4.470161273919773,-0.44481947465170335
sfi use,0,1,-4.470161273919773,-0.44481947465170335
incentives following,0,1,-4.470161273919773,-0.44481947465170335
free-riding aligns,0,1,-4.470161273919773,-0.44481947465170335
framework sif,0,1,-4.470161273919773,-0.44481947465170335
matching group,0,1,-4.470161273919773,-0.44481947465170335
committing institution,0,1,-4.470161273919773,-0.44481947465170335
wait information,0,1,-4.470161273919773,-0.44481947465170335
pattern due,0,1,-4.470161273919773,-0.44481947465170335
high depletes,0,1,-4.470161273919773,-0.44481947465170335
incentives consistent,0,1,-4.470161273919773,-0.44481947465170335
average recent,0,1,-4.470161273919773,-0.44481947465170335
benefits avoid,0,1,-4.470161273919773,-0.44481947465170335
20m low,0,1,-4.470161273919773,-0.44481947465170335
uses sfi,0,1,-4.470161273919773,-0.44481947465170335
previously balance,0,1,-4.470161273919773,-0.44481947465170335
institution apparent,0,1,-4.470161273919773,-0.44481947465170335
institution choose,0,1,-4.470161273919773,-0.44481947465170335
significant funds,0,1,-4.470161273919773,-0.44481947465170335
high contribute,0,1,-4.470161273919773,-0.44481947465170335
contribution average,0,1,-4.470161273919773,-0.44481947465170335
below average,0,1,-4.470161273919773,-0.44481947465170335
choose zero-contribution,0,1,-4.470161273919773,-0.44481947465170335
nothing seems,0,1,-4.470161273919773,-0.44481947465170335
free-riding choose,0,1,-4.470161273919773,-0.44481947465170335
patterns past,0,1,-4.470161273919773,-0.44481947465170335
consistent high-contribution,0,1,-4.470161273919773,-0.44481947465170335
identity institution,0,1,-4.470161273919773,-0.44481947465170335
balancing limited,0,1,-4.470161273919773,-0.44481947465170335
low budget,0,1,-4.470161273919773,-0.44481947465170335
account group,0,1,-4.470161273919773,-0.44481947465170335
data previous,0,1,-4.470161273919773,-0.44481947465170335
suggests moderate,0,1,-4.470161273919773,-0.44481947465170335
amount mcpr,0,1,-4.470161273919773,-0.44481947465170335
typically faces,0,1,-4.470161273919773,-0.44481947465170335
levels contribution,0,1,-4.470161273919773,-0.44481947465170335
followed sfi,0,1,-4.470161273919773,-0.44481947465170335
defectors choose,0,1,-4.470161273919773,-0.44481947465170335
considering payoff,0,1,-4.470161273919773,-0.44481947465170335
framework sfi,0,1,-4.470161273919773,-0.44481947465170335
peers standard,0,1,-4.470161273919773,-0.44481947465170335
per sfi,0,1,-4.470161273919773,-0.44481947465170335
mostly standard,0,1,-4.470161273919773,-0.44481947465170335
incentives given,0,1,-4.470161273919773,-0.44481947465170335
avoid free-rider,0,1,-4.470161273919773,-0.44481947465170335
payoffs low,0,1,-4.470161273919773,-0.44481947465170335
vary institution,0,1,-4.470161273919773,-0.44481947465170335
stable mcpr,0,1,-4.470161273919773,-0.44481947465170335
considering cooperate,0,1,-4.470161273919773,-0.44481947465170335
dominate defectors,0,1,-4.470161273919773,-0.44481947465170335
contribution explore,0,1,-4.470161273919773,-0.44481947465170335
incentives per,0,1,-4.470161273919773,-0.44481947465170335
mcpr free-rider,0,1,-4.470161273919773,-0.44481947465170335
usd institution,0,1,-4.470161273919773,-0.44481947465170335
little followers,0,1,-4.470161273919773,-0.44481947465170335
following contribution,0,1,-4.470161273919773,-0.44481947465170335
contribute historical,0,1,-4.470161273919773,-0.44481947465170335
uses selfish-institutional,0,1,-4.470161273919773,-0.44481947465170335
previous balancing,0,1,-4.470161273919773,-0.44481947465170335
contribution enough,0,1,-4.470161273919773,-0.44481947465170335
reputation peers,0,1,-4.470161273919773,-0.44481947465170335
vulnerability tighter,0,1,-4.470161273919773,-0.44481947465170335
incentives keeping,0,1,-4.470161273919773,-0.44481947465170335
consistent high,0,1,-4.470161273919773,-0.44481947465170335
history moderate,0,1,-4.470161273919773,-0.44481947465170335
common behavior,0,1,-4.470161273919773,-0.44481947465170335
committing significant,0,1,-4.470161273919773,-0.44481947465170335
budget long-run,0,1,-4.470161273919773,-0.44481947465170335
focusing minimal,0,1,-4.470161273919773,-0.44481947465170335
chose selfish,0,1,-4.470161273919773,-0.44481947465170335
strategy involves,0,1,-4.470161273919773,-0.44481947465170335
contribute consistently,0,1,-4.470161273919773,-0.44481947465170335
follow lead,0,1,-4.470161273919773,-0.44481947465170335
large payoffs,0,1,-4.470161273919773,-0.44481947465170335
keeping contribution,0,1,-4.470161273919773,-0.44481947465170335
maintaining moderate,0,1,-4.470161273919773,-0.44481947465170335
observe group,0,1,-4.470161273919773,-0.44481947465170335
information change,0,1,-4.470161273919773,-0.44481947465170335
incentivize contribute,0,1,-4.470161273919773,-0.44481947465170335
moderately contribution,0,1,-4.470161273919773,-0.44481947465170335
suggests sfi,0,1,-4.470161273919773,-0.44481947465170335
behavior indicate,0,1,-4.470161273919773,-0.44481947465170335
contribute lowly,0,1,-4.470161273919773,-0.44481947465170335
institution average,0,1,-4.470161273919773,-0.44481947465170335
tendency contribute,0,1,-4.470161273919773,-0.44481947465170335
another sfi,0,1,-4.470161273919773,-0.44481947465170335
higher payoff,0,1,-4.470161273919773,-0.44481947465170335
observed high,0,1,-4.470161273919773,-0.44481947465170335
likely cooperate,0,1,-4.470161273919773,-0.44481947465170335
maintain moderate,0,1,-4.470161273919773,-0.44481947465170335
strategy peers,0,1,-4.470161273919773,-0.44481947465170335
incentives history,0,1,-4.470161273919773,-0.44481947465170335
rounds average,0,1,-4.470161273919773,-0.44481947465170335
budget future,0,1,-4.470161273919773,-0.44481947465170335
maximum possible,0,1,-4.470161273919773,-0.44481947465170335
type relatively,0,1,-4.470161273919773,-0.44481947465170335
personal payoff,0,1,-4.470161273919773,-0.44481947465170335
varying levels,0,1,-4.470161273919773,-0.44481947465170335
consistent contributor,0,1,-4.470161273919773,-0.44481947465170335
peer free-riding,0,1,-4.470161273919773,-0.44481947465170335
vulnerability tight,0,1,-4.470161273919773,-0.44481947465170335
significantly lower,0,1,-4.470161273919773,-0.44481947465170335
low-contributors mcpr,0,1,-4.470161273919773,-0.44481947465170335
received 08k,0,1,-4.470161273919773,-0.44481947465170335
endowment choose,0,1,-4.470161273919773,-0.44481947465170335
high-contribution reputation,0,1,-4.470161273919773,-0.44481947465170335
individual group,0,1,-4.470161273919773,-0.44481947465170335
interests collective,0,1,-4.470161273919773,-0.44481947465170335
personal gain,0,1,-4.470161273919773,-0.44481947465170335
stating maximize,0,1,-4.470161273919773,-0.44481947465170335
trends choosing,0,1,-4.470161273919773,-0.44481947465170335
chose contribute,0,1,-4.470161273919773,-0.44481947465170335
mcpr personal,0,1,-4.470161273919773,-0.44481947465170335
around amount,0,1,-4.470161273919773,-0.44481947465170335
mindful budget,0,1,-4.470161273919773,-0.44481947465170335
strategy developing,0,1,-4.470161273919773,-0.44481947465170335
amount group,0,1,-4.470161273919773,-0.44481947465170335
enough information,0,1,-4.470161273919773,-0.44481947465170335
within sfi,0,1,-4.470161273919773,-0.44481947465170335
balancing long-run,0,1,-4.470161273919773,-0.44481947465170335
enough seen,0,1,-4.470161273919773,-0.44481947465170335
cooperate except,0,1,-4.470161273919773,-0.44481947465170335
framework low,0,1,-4.470161273919773,-0.44481947465170335
focusing long-term,0,1,-4.470161273919773,-0.44481947465170335
decide follow,0,1,-4.470161273919773,-0.44481947465170335
accusations maintain,0,1,-4.470161273919773,-0.44481947465170335
data high,0,1,-4.470161273919773,-0.44481947465170335
contribute minimal,0,1,-4.470161273919773,-0.44481947465170335
free-rider risk,0,1,-4.470161273919773,-0.44481947465170335
given developing,0,1,-4.470161273919773,-0.44481947465170335
sfi tend,0,1,-4.470161273919773,-0.44481947465170335
contribution exceptions,0,1,-4.470161273919773,-0.44481947465170335
sfi low-contributors,0,1,-4.470161273919773,-0.44481947465170335
stable level,0,1,-4.470161273919773,-0.44481947465170335
level avoid,0,1,-4.470161273919773,-0.44481947465170335
performance group,0,1,-4.470161273919773,-0.44481947465170335
follow use,0,1,-4.470161273919773,-0.44481947465170335
resilience choose,0,1,-4.470161273919773,-0.44481947465170335
avoids potential,0,1,-4.470161273919773,-0.44481947465170335
contribution vary,0,1,-4.470161273919773,-0.44481947465170335
takes account,0,1,-4.470161273919773,-0.44481947465170335
data considering,0,1,-4.470161273919773,-0.44481947465170335
returns avoid,0,1,-4.470161273919773,-0.44481947465170335
wealth follow,0,1,-4.470161273919773,-0.44481947465170335
sfi less,0,1,-4.470161273919773,-0.44481947465170335
allows maximize,0,1,-4.470161273919773,-0.44481947465170335
like many,0,1,-4.470161273919773,-0.44481947465170335
reward choose,0,1,-4.470161273919773,-0.44481947465170335
contribution allows,0,1,-4.470161273919773,-0.44481947465170335
contribution minimum,0,1,-4.470161273919773,-0.44481947465170335
minimal amount,0,1,-4.470161273919773,-0.44481947465170335
high defectors,0,1,-4.470161273919773,-0.44481947465170335
choices maintain,0,1,-4.470161273919773,-0.44481947465170335
consistent yielded,0,1,-4.470161273919773,-0.44481947465170335
pattern successful,0,1,-4.470161273919773,-0.44481947465170335
gain contribution,0,1,-4.470161273919773,-0.44481947465170335
immediately committing,0,1,-4.470161273919773,-0.44481947465170335
cooperate recent,0,1,-4.470161273919773,-0.44481947465170335
moderately sfi,0,1,-4.470161273919773,-0.44481947465170335
roughly similar,0,1,-4.470161273919773,-0.44481947465170335
justify substantial,0,1,-4.470161273919773,-0.44481947465170335
maximize marginal,0,1,-4.470161273919773,-0.44481947465170335
selfish-investment strategy,0,1,-4.470161273919773,-0.44481947465170335
rounds patterns,0,1,-4.470161273919773,-0.44481947465170335
averages institution,0,1,-4.470161273919773,-0.44481947465170335
beliefs behavior,0,1,-4.470161273919773,-0.44481947465170335
follows selfish-investment,0,1,-4.470161273919773,-0.44481947465170335
institution trend,0,1,-4.470161273919773,-0.44481947465170335
financial burden,0,1,-4.470161273919773,-0.44481947465170335
consistent provides,0,1,-4.470161273919773,-0.44481947465170335
rounds provides,0,1,-4.470161273919773,-0.44481947465170335
pattern sfi,0,1,-4.470161273919773,-0.44481947465170335
involves high,0,1,-4.470161273919773,-0.44481947465170335
institution sets,0,1,-4.470161273919773,-0.44481947465170335
choices previous,0,1,-4.470161273919773,-0.44481947465170335
despite stating,0,1,-4.470161273919773,-0.44481947465170335
institution defectors,0,1,-4.470161273919773,-0.44481947465170335
sfi interests,0,1,-4.470161273919773,-0.44481947465170335
tighter budget,0,1,-4.470161273919773,-0.44481947465170335
mostly seen,0,1,-4.470161273919773,-0.44481947465170335
receive lower,0,1,-4.470161273919773,-0.44481947465170335
evidence cooperate,0,1,-4.470161273919773,-0.44481947465170335
rounds averages,0,1,-4.470161273919773,-0.44481947465170335
reward large,0,1,-4.470161273919773,-0.44481947465170335
institution need,0,1,-4.470161273919773,-0.44481947465170335
incentive contribute,0,1,-4.470161273919773,-0.44481947465170335
much depletes,0,1,-4.470161273919773,-0.44481947465170335
begin moderate,0,1,-4.470161273919773,-0.44481947465170335
contribution still,0,1,-4.470161273919773,-0.44481947465170335
members considering,0,1,-4.470161273919773,-0.44481947465170335
others mostly,0,1,-4.470161273919773,-0.44481947465170335
mcpr suggests,0,1,-4.470161273919773,-0.44481947465170335
resources future,0,1,-4.470161273919773,-0.44481947465170335
successful don,0,1,-4.470161273919773,-0.44481947465170335
exceeding average,0,1,-4.470161273919773,-0.44481947465170335
resources immediate,0,1,-4.470161273919773,-0.44481947465170335
varying contribution,0,1,-4.470161273919773,-0.44481947465170335
effect contribution,0,1,-4.470161273919773,-0.44481947465170335
zero-contribution strategy,0,1,-4.470161273919773,-0.44481947465170335
moderate previous,0,1,-4.470161273919773,-0.44481947465170335
needs balancing,0,1,-4.470161273919773,-0.44481947465170335
peers high-contributors,0,1,-4.470161273919773,-0.44481947465170335
depletes wealth,0,1,-4.470161273919773,-0.44481947465170335
defector behavior,0,1,-4.470161273919773,-0.44481947465170335
strategy optimal,0,1,-4.470161273919773,-0.44481947465170335
pattern aligns,0,1,-4.470161273919773,-0.44481947465170335
follow historical,0,1,-4.470161273919773,-0.44481947465170335
high enough,0,1,-4.470161273919773,-0.44481947465170335
significant excessive,0,1,-4.470161273919773,-0.44481947465170335
contribution despite,0,1,-4.470161273919773,-0.44481947465170335
pressure contribute,0,1,-4.470161273919773,-0.44481947465170335
mostly contribution,0,1,-4.470161273919773,-0.44481947465170335
common defect,0,1,-4.470161273919773,-0.44481947465170335
lower contributors,0,1,-4.470161273919773,-0.44481947465170335
significant punishment,0,1,-4.470161273919773,-0.44481947465170335
except high-contributors,0,1,-4.470161273919773,-0.44481947465170335
contribution indicating,0,1,-4.470161273919773,-0.44481947465170335
precedent developing,0,1,-4.470161273919773,-0.44481947465170335
behavior need,0,1,-4.470161273919773,-0.44481947465170335
reduction match,0,1,-4.470161273919773,-0.44481947465170335
requires balance,0,1,-4.470161273919773,-0.44481947465170335
successful maximizes,0,1,-4.470161273919773,-0.44481947465170335
yielded decent,0,1,-4.470161273919773,-0.44481947465170335
mostly selfish-institutional,0,1,-4.470161273919773,-0.44481947465170335
contributors present,0,1,-4.470161273919773,-0.44481947465170335
aligns balancing,0,1,-4.470161273919773,-0.44481947465170335
much sfi,0,1,-4.470161273919773,-0.44481947465170335
cooperate defect,0,1,-4.470161273919773,-0.44481947465170335
strategy group,0,1,-4.470161273919773,-0.44481947465170335
institution notable,0,1,-4.470161273919773,-0.44481947465170335
lead contribute,0,1,-4.470161273919773,-0.44481947465170335
amount global,0,1,-4.470161273919773,-0.44481947465170335
appears strategic,0,1,-4.470161273919773,-0.44481947465170335
apparent strategy,0,1,-4.470161273919773,-0.44481947465170335
sfi peers,0,1,-4.470161273919773,-0.44481947465170335
cooperate free-riding,0,1,-4.470161273919773,-0.44481947465170335
moderate below,0,1,-4.470161273919773,-0.44481947465170335
past cooperate,0,1,-4.470161273919773,-0.44481947465170335
moderate still,0,1,-4.470161273919773,-0.44481947465170335
consistency sfi,0,1,-4.470161273919773,-0.44481947465170335
return previous,0,1,-4.470161273919773,-0.44481947465170335
still mindful,0,1,-4.470161273919773,-0.44481947465170335
mcpr much,0,1,-4.470161273919773,-0.44481947465170335
institution still,0,1,-4.470161273919773,-0.44481947465170335
pattern historical,0,1,-4.470161273919773,-0.44481947465170335
sfi tends,0,1,-4.470161273919773,-0.44481947465170335
provides stable,0,1,-4.470161273919773,-0.44481947465170335
tend low-contributors,0,1,-4.470161273919773,-0.44481947465170335
payoff consideration,0,1,-4.470161273919773,-0.44481947465170335
significant pressure,0,1,-4.470161273919773,-0.44481947465170335
contribution chose,0,1,-4.470161273919773,-0.44481947465170335
institution mcpr,0,1,-4.470161273919773,-0.44481947465170335
contribution necessary,0,1,-4.470161273919773,-0.44481947465170335
considering developing,0,1,-4.470161273919773,-0.44481947465170335
historical average,0,1,-4.470161273919773,-0.44481947465170335
lower payoffs,0,1,-4.470161273919773,-0.44481947465170335
amounts sfi,0,1,-4.470161273919773,-0.44481947465170335
committing cooperate,0,1,-4.470161273919773,-0.44481947465170335
behavior avoid,0,1,-4.470161273919773,-0.44481947465170335
choices contribution,0,1,-4.470161273919773,-0.44481947465170335
beliefs high,0,1,-4.470161273919773,-0.44481947465170335
reduction consistent,0,1,-4.470161273919773,-0.44481947465170335
balancing past,0,1,-4.470161273919773,-0.44481947465170335
sfi developing,0,1,-4.470161273919773,-0.44481947465170335
following internal,0,1,-4.470161273919773,-0.44481947465170335
beliefs previous,0,1,-4.470161273919773,-0.44481947465170335
members low,0,1,-4.470161273919773,-0.44481947465170335
free riders,0,1,-4.470161273919773,-0.44481947465170335
sfi made,0,1,-4.470161273919773,-0.44481947465170335
follows recent,0,1,-4.470161273919773,-0.44481947465170335
followers standard,0,1,-4.470161273919773,-0.44481947465170335
consistent appears,0,1,-4.470161273919773,-0.44481947465170335
need resilience,0,1,-4.470161273919773,-0.44481947465170335
high-contributing mostly,0,1,-4.470161273919773,-0.44481947465170335
others act,0,1,-4.470161273919773,-0.44481947465170335
cooperate history,0,1,-4.470161273919773,-0.44481947465170335
large budget,0,1,-4.470161273919773,-0.44481947465170335
contribution 100k,0,1,-4.470161273919773,-0.44481947465170335
explore potential,0,1,-4.470161273919773,-0.44481947465170335
reward still,0,1,-4.470161273919773,-0.44481947465170335
optimizing payoff,0,1,-4.470161273919773,-0.44481947465170335
patterns institution,0,1,-4.470161273919773,-0.44481947465170335
rounds avoids,0,1,-4.470161273919773,-0.44481947465170335
mcpr consistent,0,1,-4.470161273919773,-0.44481947465170335
cooperate among,0,1,-4.470161273919773,-0.44481947465170335
lower average,0,1,-4.470161273919773,-0.44481947465170335
deviating institution,0,1,-4.470161273919773,-0.44481947465170335
sfi typically,0,1,-4.470161273919773,-0.44481947465170335
sfi commitment,0,1,-4.470161273919773,-0.44481947465170335
higher vulnerability,0,1,-4.470161273919773,-0.44481947465170335
constraints contribution,0,1,-4.470161273919773,-0.44481947465170335
sfi common,0,1,-4.470161273919773,-0.44481947465170335
balance recent,0,1,-4.470161273919773,-0.44481947465170335
others actions,0,1,-4.470161273919773,-0.44481947465170335
budget aligns,0,1,-4.470161273919773,-0.44481947465170335
performance institution,0,1,-4.470161273919773,-0.44481947465170335
incentivized institution,0,1,-4.470161273919773,-0.44481947465170335
followers selfish,0,1,-4.470161273919773,-0.44481947465170335
balance payoff,0,1,-4.470161273919773,-0.44481947465170335
institution follow,0,1,-4.470161273919773,-0.44481947465170335
index contribute,0,1,-4.470161273919773,-0.44481947465170335
sets precedent,0,1,-4.470161273919773,-0.44481947465170335
balances short-term,0,1,-4.470161273919773,-0.44481947465170335
country type,0,1,-4.470161273919773,-0.44481947465170335
minimally due,0,1,-4.470161273919773,-0.44481947465170335
pattern balancing,0,1,-4.470161273919773,-0.44481947465170335
sfi past,0,1,-4.470161273919773,-0.44481947465170335
apparent pressure,0,1,-4.470161273919773,-0.44481947465170335
consistency follow,0,1,-4.470161273919773,-0.44481947465170335
consideration mcpr,0,1,-4.470161273919773,-0.44481947465170335
index contribution,0,1,-4.470161273919773,-0.44481947465170335
behavior historical,0,1,-4.470161273919773,-0.44481947465170335
contribute low,0,1,-4.470161273919773,-0.44481947465170335
tendencies peer,0,1,-4.470161273919773,-0.44481947465170335
highly social,0,1,-4.470161273919773,-0.44481947465170335
data peer,0,1,-4.470161273919773,-0.44481947465170335
defectors contribute,0,1,-4.470161273919773,-0.44481947465170335
exploiting high,0,1,-4.470161273919773,-0.44481947465170335
incentives past,0,1,-4.470161273919773,-0.44481947465170335
options without,0,1,-4.470161273919773,-0.44481947465170335
followers sfi,0,1,-4.470161273919773,-0.44481947465170335
similar previous,0,1,-4.470161273919773,-0.44481947465170335
constraints long-run,0,1,-4.470161273919773,-0.44481947465170335
amount exceeding,0,1,-4.470161273919773,-0.44481947465170335
explore options,0,1,-4.470161273919773,-0.44481947465170335
strategic choice,0,1,-4.470161273919773,-0.44481947465170335
free-rider reputation,0,1,-4.470161273919773,-0.44481947465170335
act wait,0,1,-4.470161273919773,-0.44481947465170335
stick consistent,0,1,-4.470161273919773,-0.44481947465170335
seen institution,0,1,-4.470161273919773,-0.44481947465170335
received 20m,0,1,-4.470161273919773,-0.44481947465170335
options open,0,1,-4.470161273919773,-0.44481947465170335
country guidance,0,1,-4.470161273919773,-0.44481947465170335
incentives immediate,0,1,-4.470161273919773,-0.44481947465170335
reduction outweighs,0,1,-4.470161273919773,-0.44481947465170335
institution balancing,0,1,-4.470161273919773,-0.44481947465170335
lack cooperate,0,1,-4.470161273919773,-0.44481947465170335
tight budget,0,1,-4.470161273919773,-0.44481947465170335
free-riding accusations,0,1,-4.470161273919773,-0.44481947465170335
pressure peers,0,1,-4.470161273919773,-0.44481947465170335
contributors another,0,1,-4.470161273919773,-0.44481947465170335
contribute around,0,1,-4.470161273919773,-0.44481947465170335
minimum level,0,1,-4.470161273919773,-0.44481947465170335
card account,0,1,-4.470161273919773,-0.44481947465170335
mcpr apparent,0,1,-4.470161273919773,-0.44481947465170335
exhibit high,0,1,-4.470161273919773,-0.44481947465170335
pattern maximizes,0,1,-4.470161273919773,-0.44481947465170335
less cooperate,0,1,-4.470161273919773,-0.44481947465170335
past data,0,1,-4.470161273919773,-0.44481947465170335
level aligns,0,1,-4.470161273919773,-0.44481947465170335
mcpr immediate,0,1,-4.470161273919773,-0.44481947465170335
follow high,0,1,-4.470161273919773,-0.44481947465170335
peers free-riders,0,1,-4.470161273919773,-0.44481947465170335
minimizing immediate,0,1,-4.470161273919773,-0.44481947465170335
contributors selfish-institution,0,1,-4.470161273919773,-0.44481947465170335
institution social,0,1,-4.470161273919773,-0.44481947465170335
data aiming,0,1,-4.470161273919773,-0.44481947465170335
still higher,0,1,-4.470161273919773,-0.44481947465170335
significant evidence,0,1,-4.470161273919773,-0.44481947465170335
strategy need,0,1,-4.470161273919773,-0.44481947465170335
emerge sfi,0,1,-4.470161273919773,-0.44481947465170335
sfi deviate,0,1,-4.470161273919773,-0.44481947465170335
substantial excessive,0,1,-4.470161273919773,-0.44481947465170335
selfish strategy,0,1,-4.470161273919773,-0.44481947465170335
considering history,0,1,-4.470161273919773,-0.44481947465170335
amount done,0,1,-4.470161273919773,-0.44481947465170335
maximum maximize,0,1,-4.470161273919773,-0.44481947465170335
low choose,0,1,-4.470161273919773,-0.44481947465170335
behavior among,0,1,-4.470161273919773,-0.44481947465170335
per mcpr,0,1,-4.470161273919773,-0.44481947465170335
amount follow,0,1,-4.470161273919773,-0.44481947465170335
resources choose,0,1,-4.470161273919773,-0.44481947465170335
recent peer,0,1,-4.470161273919773,-0.44481947465170335
faces higher,0,1,-4.470161273919773,-0.44481947465170335
potential low,0,1,-4.470161273919773,-0.44481947465170335
zero contribution,0,1,-4.470161273919773,-0.44481947465170335
mcpr balance,0,1,-4.470161273919773,-0.44481947465170335
maintain maximum,0,1,-4.470161273919773,-0.44481947465170335
still considering,0,1,-4.470161273919773,-0.44481947465170335
given cooperate,0,1,-4.470161273919773,-0.44481947465170335
per developing,0,1,-4.470161273919773,-0.44481947465170335
cooperate mcpr,0,1,-4.470161273919773,-0.44481947465170335
contributors receive,0,1,-4.470161273919773,-0.44481947465170335
sfi historical,0,1,-4.470161273919773,-0.44481947465170335
contributors followed,0,1,-4.470161273919773,-0.44481947465170335
dominate institution,0,1,-4.470161273919773,-0.44481947465170335
mcpr budget,0,1,-4.470161273919773,-0.44481947465170335
previous behavior,0,1,-4.470161273919773,-0.44481947465170335
contributors dominated,0,1,-4.470161273919773,-0.44481947465170335
contribution lack,0,1,-4.470161273919773,-0.44481947465170335
strategy provides,0,1,-4.470161273919773,-0.44481947465170335
actions takes,0,1,-4.470161273919773,-0.44481947465170335
best option,0,1,-4.470161273919773,-0.44481947465170335
suggests relatively,0,1,-4.470161273919773,-0.44481947465170335
match group,0,1,-4.470161273919773,-0.44481947465170335
level seen,0,1,-4.470161273919773,-0.44481947465170335
usd prior,0,1,-4.470161273919773,-0.44481947465170335
demonstrate sfi,0,1,-4.470161273919773,-0.44481947465170335
behavior maintaining,0,1,-4.470161273919773,-0.44481947465170335
group history,0,1,-4.470161273919773,-0.44481947465170335
selfish-institutional group,0,1,-4.470161273919773,-0.44481947465170335
sfi defect,0,1,-4.470161273919773,-0.44481947465170335
future benefits,0,1,-4.470161273919773,-0.44481947465170335
pattern given,0,1,-4.470161273919773,-0.44481947465170335
contribution last,0,1,-4.470161273919773,-0.44481947465170335
behavior keep,0,1,-4.470161273919773,-0.44481947465170335
moderately maintain,0,1,-4.470161273919773,-0.44481947465170335
maximize personal,0,1,-4.470161273919773,-0.44481947465170335
still chose,0,1,-4.470161273919773,-0.44481947465170335
tendencies mcpr,0,1,-4.470161273919773,-0.44481947465170335
higher sfi,0,1,-4.470161273919773,-0.44481947465170335
history successful,0,1,-4.470161273919773,-0.44481947465170335
contributors standard,0,1,-4.470161273919773,-0.44481947465170335
need long-run,0,1,-4.470161273919773,-0.44481947465170335
contributors free,0,1,-4.470161273919773,-0.44481947465170335
necessary optimal,0,1,-4.470161273919773,-0.44481947465170335
peers zero,0,1,-4.470161273919773,-0.44481947465170335
consistency balance,0,1,-4.470161273919773,-0.44481947465170335
due consistent,0,1,-4.470161273919773,-0.44481947465170335
contribution protect,0,1,-4.470161273919773,-0.44481947465170335
immediate financial,0,1,-4.470161273919773,-0.44481947465170335
low amounts,0,1,-4.470161273919773,-0.44481947465170335
mostly followed,0,1,-4.470161273919773,-0.44481947465170335
keep options,0,1,-4.470161273919773,-0.44481947465170335
institution behavior,0,1,-4.470161273919773,-0.44481947465170335
behavior group,0,1,-4.470161273919773,-0.44481947465170335
history minimal,0,1,-4.470161273919773,-0.44481947465170335
contributors often,0,1,-4.470161273919773,-0.44481947465170335
incentives rational,0,1,-4.470161273919773,-0.44481947465170335
decent payoff,0,1,-4.470161273919773,-0.44481947465170335
outweighs costs,0,1,-4.470161273919773,-0.44481947465170335
notable low,0,1,-4.470161273919773,-0.44481947465170335
members observed,0,1,-4.470161273919773,-0.44481947465170335
rational choose,0,1,-4.470161273919773,-0.44481947465170335
contributor given,0,1,-4.470161273919773,-0.44481947465170335
given mcpr,0,1,-4.470161273919773,-0.44481947465170335
payoff cooperate,0,1,-4.470161273919773,-0.44481947465170335
strategy varying,0,1,-4.470161273919773,-0.44481947465170335
consistent mcpr,0,1,-4.470161273919773,-0.44481947465170335
follow past,0,1,-4.470161273919773,-0.44481947465170335
limited resources,0,1,-4.470161273919773,-0.44481947465170335
need explore,0,1,-4.470161273919773,-0.44481947465170335
history balances,0,1,-4.470161273919773,-0.44481947465170335
collective action,0,1,-4.470161273919773,-0.44481947465170335
sfi undercontributed,0,1,-4.470161273919773,-0.44481947465170335
contribution budget,0,1,-4.470161273919773,-0.44481947465170335
benefit mcpr,0,1,-4.470161273919773,-0.44481947465170335
amount maximizes,0,1,-4.470161273919773,-0.44481947465170335
maintain budget,0,1,-4.470161273919773,-0.44481947465170335
contribution levels,0,1,-4.470161273919773,-0.44481947465170335
payoff minimizing,0,1,-4.470161273919773,-0.44481947465170335
maximize contribution,0,1,-4.470161273919773,-0.44481947465170335
matching contribution,0,1,-4.470161273919773,-0.44481947465170335
aiming contribute,0,1,-4.470161273919773,-0.44481947465170335
significantly penalized,0,1,-4.470161273919773,-0.44481947465170335
around range,0,1,-4.470161273919773,-0.44481947465170335
history developing,0,1,-4.470161273919773,-0.44481947465170335
many high-contributors,0,1,-4.470161273919773,-0.44481947465170335
seen recent,0,1,-4.470161273919773,-0.44481947465170335
ride contribute,0,1,-4.470161273919773,-0.44481947465170335
institution funds,0,1,-4.470161273919773,-0.44481947465170335
enough benefit,0,1,-4.470161273919773,-0.44481947465170335
came sfi,0,1,-4.470161273919773,-0.44481947465170335
potential punishment,0,1,-4.470161273919773,-0.44481947465170335
don enough,0,1,-4.470161273919773,-0.44481947465170335
highly deviate,0,1,-4.470161273919773,-0.44481947465170335
chose moderate,0,1,-4.470161273919773,-0.44481947465170335
member sfi,0,1,-4.470161273919773,-0.44481947465170335
consistency recent,0,1,-4.470161273919773,-0.44481947465170335
moderately low,0,1,-4.470161273919773,-0.44481947465170335
interests need,0,1,-4.470161273919773,-0.44481947465170335
beliefs previous-round,0,1,-4.470161273919773,-0.44481947465170335
highly low,0,1,-4.470161273919773,-0.44481947465170335
cooperate minimal,0,1,-4.470161273919773,-0.44481947465170335
beliefs sfi,0,1,-4.470161273919773,-0.44481947465170335
little sfi,0,1,-4.470161273919773,-0.44481947465170335
dominate defect,0,1,-4.470161273919773,-0.44481947465170335
test group,0,1,-4.470161273919773,-0.44481947465170335
considering overall,0,1,-4.470161273919773,-0.44481947465170335
sfi moderate,0,1,-4.470161273919773,-0.44481947465170335
significant marginal,0,1,-4.470161273919773,-0.44481947465170335
past sfi,0,1,-4.470161273919773,-0.44481947465170335
except low-contributors,0,1,-4.470161273919773,-0.44481947465170335
between short-term,0,1,-4.470161273919773,-0.44481947465170335
around value,0,1,-4.470161273919773,-0.44481947465170335
maximum flexibility,0,1,-4.470161273919773,-0.44481947465170335
mcpr risk,0,1,-4.470161273919773,-0.44481947465170335
excessive amount,0,1,-4.470161273919773,-0.44481947465170335
minimally aligning,0,1,-4.470161273919773,-0.44481947465170335
group type,0,1,-4.470161273919773,-0.44481947465170335
behavior contribute,0,1,-4.470161273919773,-0.44481947465170335
budget need,0,1,-4.470161273919773,-0.44481947465170335
change strategy,0,1,-4.470161273919773,-0.44481947465170335
contribution came,0,1,-4.470161273919773,-0.44481947465170335
contribution follows,0,1,-4.470161273919773,-0.44481947465170335
balancing resilience,0,1,-4.470161273919773,-0.44481947465170335
without immediately,0,1,-4.470161273919773,-0.44481947465170335
peer history,0,1,-4.470161273919773,-0.44481947465170335
contribute except,0,1,-4.470161273919773,-0.44481947465170335
cooperate immediate,0,1,-4.470161273919773,-0.44481947465170335
immediate need,0,1,-4.470161273919773,-0.44481947465170335
recent strategy,0,1,-4.470161273919773,-0.44481947465170335
given history,0,1,-4.470161273919773,-0.44481947465170335
level internal,0,1,-4.470161273919773,-0.44481947465170335
behavior observe,0,1,-4.470161273919773,-0.44481947465170335
exist institution,0,1,-4.470161273919773,-0.44481947465170335
depletes budget,0,1,-4.470161273919773,-0.44481947465170335
players high,0,1,-4.470161273919773,-0.44481947465170335
avoid deviating,0,1,-4.470161273919773,-0.44481947465170335
peers actions,0,1,-4.470161273919773,-0.44481947465170335
flexibility future,0,1,-4.470161273919773,-0.44481947465170335
indicating defector,0,1,-4.470161273919773,-0.44481947465170335
sfi notable,0,1,-4.470161273919773,-0.44481947465170335
interests group,1,2,-0.543208584635023,-0.4453709323117391
punishment effect,1,2,-0.543208584635023,-0.4453709323117391
immediate costs,1,2,-0.543208584635023,-0.4453709323117391
members contribution,1,2,-0.543208584635023,-0.4453709323117391
contribution overall,1,2,-0.543208584635023,-0.4453709323117391
align recent,1,2,-0.543208584635023,-0.4453709323117391
individual collective,1,2,-0.543208584635023,-0.4453709323117391
maximizing payoff,1,2,-0.543208584635023,-0.4453709323117391
low-contributors mostly,1,2,-0.543208584635023,-0.4453709323117391
maintain reputation,1,2,-0.543208584635023,-0.4453709323117391
data indicating,1,2,-0.543208584635023,-0.4453709323117391
strategy choose,1,2,-0.543208584635023,-0.4453709323117391
contribution contribution,1,2,-0.543208584635023,-0.4453709323117391
indicating low,1,2,-0.543208584635023,-0.4453709323117391
recent trend,1,2,-0.543208584635023,-0.4453709323117391
selfish institution,1,2,-0.543208584635023,-0.4453709323117391
low contributor,1,2,-0.543208584635023,-0.4453709323117391
mcpr considering,1,2,-0.543208584635023,-0.4453709323117391
cooperate choose,1,2,-0.543208584635023,-0.4453709323117391
present sfi,1,2,-0.543208584635023,-0.4453709323117391
payoff consistent,1,2,-0.543208584635023,-0.4453709323117391
contribution strategy,1,2,-0.543208584635023,-0.4453709323117391
behavior internal,1,2,-0.543208584635023,-0.4453709323117391
high amount,1,2,-0.543208584635023,-0.4453709323117391
average considering,1,2,-0.543208584635023,-0.4453709323117391
between sfi,1,2,-0.543208584635023,-0.4453709323117391
contribution expected,1,2,-0.543208584635023,-0.4453709323117391
group previous,1,2,-0.543208584635023,-0.4453709323117391
collective interests,1,2,-0.543208584635023,-0.4453709323117391
aligns past,1,2,-0.543208584635023,-0.4453709323117391
behavior contribution,1,2,-0.543208584635023,-0.4453709323117391
average maintain,1,2,-0.543208584635023,-0.4453709323117391
peers choose,1,2,-0.543208584635023,-0.4453709323117391
current budget,1,2,-0.543208584635023,-0.4453709323117391
beliefs past,1,2,-0.543208584635023,-0.4453709323117391
individual interests,1,2,-0.543208584635023,-0.4453709323117391
mcpr maintain,1,2,-0.543208584635023,-0.4453709323117391
group behavior,1,2,-0.543208584635023,-0.4453709323117391
contribution balance,18,24,-0.142817290349754,-0.45814790124131843
follow institution,10,14,-0.1913806169401493,-0.46243165473994363
nothing maximizes,6,9,-0.2600641397993293,-0.4937932360394355
contribution institution,13,18,-0.18045935857983508,-0.49596841198360314
contribution consistent,3,5,-0.3645931008188015,-0.4999463163968888
contribution considering,3,5,-0.3645931008188015,-0.4999463163968888
peer contribution,9,13,-0.2225936347663211,-0.5135764815319345
country high,0,2,-5.158451841073337,-0.5145667554154416
behavior without,0,2,-5.158451841073337,-0.5145667554154416
strategy incentivize,0,2,-5.158451841073337,-0.5145667554154416
aligns internal,0,2,-5.158451841073337,-0.5145667554154416
institution often,0,2,-5.158451841073337,-0.5145667554154416
often defectors,0,2,-5.158451841073337,-0.5145667554154416
free ride,0,2,-5.158451841073337,-0.5145667554154416
choices well,0,2,-5.158451841073337,-0.5145667554154416
incentives choose,0,2,-5.158451841073337,-0.5145667554154416
overall budget,0,2,-5.158451841073337,-0.5145667554154416
vulnerability choose,0,2,-5.158451841073337,-0.5145667554154416
consistency considering,0,2,-5.158451841073337,-0.5145667554154416
trend balance,0,2,-5.158451841073337,-0.5145667554154416
balancing interests,0,2,-5.158451841073337,-0.5145667554154416
contribution trust,0,2,-5.158451841073337,-0.5145667554154416
future opportunities,0,2,-5.158451841073337,-0.5145667554154416
contributor sfi,0,2,-5.158451841073337,-0.5145667554154416
high-contributing peers,0,2,-5.158451841073337,-0.5145667554154416
institution vary,0,2,-5.158451841073337,-0.5145667554154416
level observed,0,2,-5.158451841073337,-0.5145667554154416
except uses,0,2,-5.158451841073337,-0.5145667554154416
balance mcpr,0,2,-5.158451841073337,-0.5145667554154416
contributors exist,0,2,-5.158451841073337,-0.5145667554154416
observe behavior,0,2,-5.158451841073337,-0.5145667554154416
minimally aligns,0,2,-5.158451841073337,-0.5145667554154416
reputation consistent,0,2,-5.158451841073337,-0.5145667554154416
level historical,0,2,-5.158451841073337,-0.5145667554154416
contribution around,0,2,-5.158451841073337,-0.5145667554154416
without committing,0,2,-5.158451841073337,-0.5145667554154416
choose free,0,2,-5.158451841073337,-0.5145667554154416
performance mcpr,0,2,-5.158451841073337,-0.5145667554154416
data institution,0,2,-5.158451841073337,-0.5145667554154416
tend contribute,0,2,-5.158451841073337,-0.5145667554154416
pattern consistent,0,2,-5.158451841073337,-0.5145667554154416
incentives contribution,0,2,-5.158451841073337,-0.5145667554154416
contribution chosen,0,2,-5.158451841073337,-0.5145667554154416
contribute choose,0,2,-5.158451841073337,-0.5145667554154416
among sfi,0,2,-5.158451841073337,-0.5145667554154416
contributors contribution,0,2,-5.158451841073337,-0.5145667554154416
cooperate avoid,0,2,-5.158451841073337,-0.5145667554154416
pattern institution,0,2,-5.158451841073337,-0.5145667554154416
avoid immediate,0,2,-5.158451841073337,-0.5145667554154416
defect contribute,0,2,-5.158451841073337,-0.5145667554154416
minimally following,0,2,-5.158451841073337,-0.5145667554154416
first prior,0,2,-5.158451841073337,-0.5145667554154416
recent observations,0,2,-5.158451841073337,-0.5145667554154416
average due,0,2,-5.158451841073337,-0.5145667554154416
aligns interests,0,2,-5.158451841073337,-0.5145667554154416
members rational,0,2,-5.158451841073337,-0.5145667554154416
future cooperate,0,2,-5.158451841073337,-0.5145667554154416
contribute defect,0,2,-5.158451841073337,-0.5145667554154416
cooperate resilience,0,2,-5.158451841073337,-0.5145667554154416
wealth assess,0,2,-5.158451841073337,-0.5145667554154416
assess future,0,2,-5.158451841073337,-0.5145667554154416
except follows,0,2,-5.158451841073337,-0.5145667554154416
contribution justify,0,2,-5.158451841073337,-0.5145667554154416
mcpr developing,0,2,-5.158451841073337,-0.5145667554154416
follow defect,0,2,-5.158451841073337,-0.5145667554154416
mcpr sfi,0,2,-5.158451841073337,-0.5145667554154416
cautious defectors,0,2,-5.158451841073337,-0.5145667554154416
historical data,0,2,-5.158451841073337,-0.5145667554154416
made high,0,2,-5.158451841073337,-0.5145667554154416
contributers low,0,2,-5.158451841073337,-0.5145667554154416
resources observe,0,2,-5.158451841073337,-0.5145667554154416
deviating norm,0,2,-5.158451841073337,-0.5145667554154416
contribution balancing,0,2,-5.158451841073337,-0.5145667554154416
past choices,0,2,-5.158451841073337,-0.5145667554154416
institution contribution,0,2,-5.158451841073337,-0.5145667554154416
historical tendencies,0,2,-5.158451841073337,-0.5145667554154416
history consistent,0,2,-5.158451841073337,-0.5145667554154416
contribution relatively,0,2,-5.158451841073337,-0.5145667554154416
focusing immediate,0,2,-5.158451841073337,-0.5145667554154416
budget high,0,2,-5.158451841073337,-0.5145667554154416
observed contribution,0,2,-5.158451841073337,-0.5145667554154416
low contributers,0,2,-5.158451841073337,-0.5145667554154416
since contributors,0,2,-5.158451841073337,-0.5145667554154416
contributers sfi,0,2,-5.158451841073337,-0.5145667554154416
balance short-term,0,2,-5.158451841073337,-0.5145667554154416
institution tendency,0,2,-5.158451841073337,-0.5145667554154416
vulnerability limited,0,2,-5.158451841073337,-0.5145667554154416
cooperate sfi,0,2,-5.158451841073337,-0.5145667554154416
observe others,0,2,-5.158451841073337,-0.5145667554154416
align previous,0,2,-5.158451841073337,-0.5145667554154416
rounds considering,0,2,-5.158451841073337,-0.5145667554154416
well mcpr,0,2,-5.158451841073337,-0.5145667554154416
significantly emissions,0,2,-5.158451841073337,-0.5145667554154416
except use,0,2,-5.158451841073337,-0.5145667554154416
institution constraints,0,2,-5.158451841073337,-0.5145667554154416
reward cautious,0,2,-5.158451841073337,-0.5145667554154416
nothing observe,0,2,-5.158451841073337,-0.5145667554154416
minimal contribution,0,2,-5.158451841073337,-0.5145667554154416
constraints choose,0,2,-5.158451841073337,-0.5145667554154416
budget given,0,2,-5.158451841073337,-0.5145667554154416
contributors deviating,0,2,-5.158451841073337,-0.5145667554154416
budget per,0,2,-5.158451841073337,-0.5145667554154416
vary between,0,2,-5.158451841073337,-0.5145667554154416
given recent,0,2,-5.158451841073337,-0.5145667554154416
peers mostly,0,2,-5.158451841073337,-0.5145667554154416
choices past,0,2,-5.158451841073337,-0.5145667554154416
mcpr rational,0,2,-5.158451841073337,-0.5145667554154416
peer institution,0,2,-5.158451841073337,-0.5145667554154416
current group,0,2,-5.158451841073337,-0.5145667554154416
chosen balance,0,2,-5.158451841073337,-0.5145667554154416
balance resilience,0,2,-5.158451841073337,-0.5145667554154416
country vulnerability,0,2,-5.158451841073337,-0.5145667554154416
institution received,0,2,-5.158451841073337,-0.5145667554154416
institution contribute,0,2,-5.158451841073337,-0.5145667554154416
observed peer,0,2,-5.158451841073337,-0.5145667554154416
members tend,0,2,-5.158451841073337,-0.5145667554154416
conserve budget,0,2,-5.158451841073337,-0.5145667554154416
high reward,0,2,-5.158451841073337,-0.5145667554154416
maximum budget,0,2,-5.158451841073337,-0.5145667554154416
provides balance,0,2,-5.158451841073337,-0.5145667554154416
long-run incentives,0,2,-5.158451841073337,-0.5145667554154416
budget contribution,0,2,-5.158451841073337,-0.5145667554154416
typical contribution,0,3,-5.562363384973411,-0.5553146537904277
sfi others,0,3,-5.562363384973411,-0.5553146537904277
average balancing,0,3,-5.562363384973411,-0.5553146537904277
follows sfi,0,3,-5.562363384973411,-0.5553146537904277
contribute contribute,0,3,-5.562363384973411,-0.5553146537904277
prevalent sfi,0,3,-5.562363384973411,-0.5553146537904277
low-contributors use,0,3,-5.562363384973411,-0.5553146537904277
rounds balance,0,3,-5.562363384973411,-0.5553146537904277
contributors dominate,0,3,-5.562363384973411,-0.5553146537904277
institution framework,0,3,-5.562363384973411,-0.5553146537904277
aim contribute,0,3,-5.562363384973411,-0.5553146537904277
history contribution,0,3,-5.562363384973411,-0.5553146537904277
needs long-term,0,3,-5.562363384973411,-0.5553146537904277
amounts institution,0,3,-5.562363384973411,-0.5553146537904277
chose strategy,0,3,-5.562363384973411,-0.5553146537904277
moderately except,0,3,-5.562363384973411,-0.5553146537904277
vulnerability index,0,3,-5.562363384973411,-0.5553146537904277
average million,0,3,-5.562363384973411,-0.5553146537904277
moderately balance,0,3,-5.562363384973411,-0.5553146537904277
contribution common,0,3,-5.562363384973411,-0.5553146537904277
contribution little,0,3,-5.562363384973411,-0.5553146537904277
sfi history,0,3,-5.562363384973411,-0.5553146537904277
common sfi,0,3,-5.562363384973411,-0.5553146537904277
highly sfi,0,3,-5.562363384973411,-0.5553146537904277
contributors common,0,3,-5.562363384973411,-0.5553146537904277
contributors high-contributors,0,3,-5.562363384973411,-0.5553146537904277
budget potential,0,3,-5.562363384973411,-0.5553146537904277
country limited,0,3,-5.562363384973411,-0.5553146537904277
contribute less,0,3,-5.562363384973411,-0.5553146537904277
contribution mostly,0,3,-5.562363384973411,-0.5553146537904277
use low-contributors,0,3,-5.562363384973411,-0.5553146537904277
chosen moderate,5,8,-0.3244252227702944,-0.5695662413128284
significantly institution,8,12,-0.2602758490219852,-0.5705445969948556
conserve resources,0,4,-5.849320746018302,-0.5842040941397942
budget choose,0,4,-5.849320746018302,-0.5842040941397942
consistency maximize,0,4,-5.849320746018302,-0.5842040941397942
use low,0,4,-5.849320746018302,-0.5842040941397942
sfi strategy,0,4,-5.849320746018302,-0.5842040941397942
history low,0,4,-5.849320746018302,-0.5842040941397942
defectors low,0,4,-5.849320746018302,-0.5842040941397942
balance institution,0,4,-5.849320746018302,-0.5842040941397942
long-term cooperate,0,4,-5.849320746018302,-0.5842040941397942
except high,0,4,-5.849320746018302,-0.5842040941397942
contributors chose,0,4,-5.849320746018302,-0.5842040941397942
institution recent,0,4,-5.849320746018302,-0.5842040941397942
behavior considering,0,4,-5.849320746018302,-0.5842040941397942
highly except,0,4,-5.849320746018302,-0.5842040941397942
short-term resilience,0,4,-5.849320746018302,-0.5842040941397942
stick recent,0,4,-5.849320746018302,-0.5842040941397942
rational contribute,0,4,-5.849320746018302,-0.5842040941397942
needs considering,0,4,-5.849320746018302,-0.5842040941397942
sfi observed,0,4,-5.849320746018302,-0.5842040941397942
contributers mostly,0,4,-5.849320746018302,-0.5842040941397942
balance budget,0,5,-6.07207162956311,-0.6066020734557865
needs cooperate,0,5,-6.07207162956311,-0.6066020734557865
sfi except,0,5,-6.07207162956311,-0.6066020734557865
past performance,0,5,-6.07207162956311,-0.6066020734557865
highly defect,0,5,-6.07207162956311,-0.6066020734557865
amount historical,0,5,-6.07207162956311,-0.6066020734557865
follow contribute,0,5,-6.07207162956311,-0.6066020734557865
choose conserve,0,6,-6.254166684061678,-0.6248970034486275
contribution moderately,0,6,-6.254166684061678,-0.6248970034486275
considering low,0,6,-6.254166684061678,-0.6248970034486275
high contributers,0,6,-6.254166684061678,-0.6248970034486275
contribute consistent,0,6,-6.254166684061678,-0.6248970034486275
limited budget,0,6,-6.254166684061678,-0.6248970034486275
cooperate balance,0,6,-6.254166684061678,-0.6248970034486275
future rounds,2,4,-0.5457703436982619,-0.6315124290323643
internal belief,2,4,-0.5457703436982619,-0.6315124290323643
mcpr institution,2,4,-0.5457703436982619,-0.6315124290323643
level balancing,2,4,-0.5457703436982619,-0.6315124290323643
relatively low,2,4,-0.5457703436982619,-0.6315124290323643
contribution maintain,7,11,-0.3067097800523815,-0.6347502779167938
mostly use,0,7,-6.408185868893396,-0.6403620007345492
interests immediate,0,7,-6.408185868893396,-0.6403620007345492
nothing allows,0,7,-6.408185868893396,-0.6403620007345492
contribution recent,0,7,-6.408185868893396,-0.6403620007345492
except low,0,7,-6.408185868893396,-0.6403620007345492
free-ride sfi,0,7,-6.408185868893396,-0.6403620007345492
budget constraints,0,7,-6.408185868893396,-0.6403620007345492
high vulnerability,0,7,-6.408185868893396,-0.6403620007345492
balance long-term,0,7,-6.408185868893396,-0.6403620007345492
allows conserve,0,7,-6.408185868893396,-0.6403620007345492
conserve wealth,0,7,-6.408185868893396,-0.6403620007345492
long-term interests,0,7,-6.408185868893396,-0.6403620007345492
given sfi,0,8,-6.541645172546007,-0.6537565568050346
high peer,0,8,-6.541645172546007,-0.6537565568050346
considering recent,4,7,-0.4137333927826674,-0.6607862123598269
use sfi,0,9,-6.659395737993734,-0.665570325324187
against long-run,0,9,-6.659395737993734,-0.665570325324187
needs against,0,9,-6.659395737993734,-0.665570325324187
consistent amount,0,9,-6.659395737993734,-0.665570325324187
high amounts,0,9,-6.659395737993734,-0.665570325324187
developing country,0,12,-6.947119134946059,-0.6944228717040647
contribution mcpr,9,14,-0.2967530139791048,-0.6949026087170161
contribute moderate,73,94,-0.1087685881662015,-0.6972643359476163
significantly sfi,0,13,-7.027204091465954,-0.7024504954016099
mostly strategy,6,10,-0.36541992770526655,-0.7081336727985634
balancing immediate,0,17,-7.29571251873193,-0.7293568927523995
incentives considering,0,17,-7.29571251873193,-0.7293568927523995
balances immediate,0,22,-7.553939904095737,-0.7552224464104481
amount following,3,6,-0.546688155317371,-0.7742066181671264
maintain consistent,3,6,-0.546688155317371,-0.7742066181671264
choose contribution,3,6,-0.546688155317371,-0.7742066181671264
mcpr contribution,3,6,-0.546688155317371,-0.7742066181671264
sfi contribute,5,9,-0.4421757882180213,-0.7934182947353587
immediate needs,0,33,-7.960424722945863,-0.7959219237253641
behavior choose,1,3,-0.9471201285350972,-0.823637240041723
need cooperate,1,3,-0.9471201285350972,-0.823637240041723
high-contributors low-contributors,1,3,-0.9471201285350972,-0.823637240041723
following recent,1,3,-0.9471201285350972,-0.823637240041723
given peers,1,3,-0.9471201285350972,-0.823637240041723
choose free-ride,1,3,-0.9471201285350972,-0.823637240041723
considering historical,1,3,-0.9471201285350972,-0.823637240041723
between immediate,1,3,-0.9471201285350972,-0.823637240041723
similar past,1,3,-0.9471201285350972,-0.823637240041723
history institution,1,3,-0.9471201285350972,-0.823637240041723
immediate resilience,0,72,-8.744582587576986,-0.8743975472459263
resilience needs,0,80,-8.850785396191009,-0.8850232343083574
needs long-run,0,81,-8.863313447233535,-0.8862766447297986
long-run cooperate,0,92,-8.991816682171319,-0.8991328089420548
defectors sfi,2,5,-0.7685212272430704,-0.9204584800769771
behavior institution,2,5,-0.7685212272430704,-0.9204584800769771
contribution history,2,5,-0.7685212272430704,-0.9204584800769771
follow deviate,8,14,-0.4145201847546627,-0.9357769671185786
previous contribution,29,42,-0.22610474919927803,-0.9366332171788521
average contribution,15,24,-0.32539674723042467,-0.9889082519916502
sfi penalized,3,7,-0.7007073401490889,-1.0168223016920017
non-binding agreement,0,420,-10.545994652368133,-1.0545869110043673
developing countries,0,420,-10.545994652368133,-1.0545869110043673
countries non-binding,0,420,-10.545994652368133,-1.0545869110043673
defaults developing,0,420,-10.545994652368133,-1.0545869110043673
choose contribute,21,33,-0.30767532159405775,-1.1024303519335306
amount previous,4,9,-0.6649432618830051,-1.1076783802280998
contribute recent,1,4,-1.2340774895799882,-1.108468727568951
mcpr high,1,4,-1.2340774895799882,-1.108468727568951
followed recent,1,4,-1.2340774895799882,-1.108468727568951
million usd,1,4,-1.2340774895799882,-1.108468727568951
found institution,1,4,-1.2340774895799882,-1.108468727568951
historical behavior,1,4,-1.2340774895799882,-1.108468727568951
moderate level,1,4,-1.2340774895799882,-1.108468727568951
high low,1,4,-1.2340774895799882,-1.108468727568951
minimally maximizes,1,4,-1.2340774895799882,-1.108468727568951
contribute significantly,15,25,-0.3663085177438532,-1.1219039245444615
focusing moderate,2,6,-0.9506162817416381,-1.166684233825659
high payoffs,5,11,-0.642857211024177,-1.1928773333837066
consistent contribution,1,5,-1.4568283731247966,-1.3356408563668754
consistency previous,1,5,-1.4568283731247966,-1.3356408563668754
members high,1,5,-1.4568283731247966,-1.3356408563668754
high-contributors institution,1,5,-1.4568283731247966,-1.3356408563668754
consistency past,1,5,-1.4568283731247966,-1.3356408563668754
cooperate institution,1,5,-1.4568283731247966,-1.3356408563668754
amount recent,1,5,-1.4568283731247966,-1.3356408563668754
behavior mcpr,2,7,-1.104635466573356,-1.3806155225500223
significantly except,2,7,-1.104635466573356,-1.3806155225500223
low contribution,44,67,-0.2770827992923586,-1.4280862849480802
peers contribution,3,9,-0.9519172092494266,-1.4298569404020134
contribution minimally,1,6,-1.6389234276233644,-1.5240107490025805
strategy except,1,6,-1.6389234276233644,-1.5240107490025805
amount internal,1,6,-1.6389234276233644,-1.5240107490025805
recent average,1,6,-1.6389234276233644,-1.5240107490025805
balance cooperate,1,6,-1.6389234276233644,-1.5240107490025805
contribute moderately,1,6,-1.6389234276233644,-1.5240107490025805
deviate sfi,1,6,-1.6389234276233644,-1.5240107490025805
observed institution,1,6,-1.6389234276233644,-1.5240107490025805
reward high,5,13,-0.80998414169024,-1.5404820209269636
low sfi,2,8,-1.2380947702259668,-1.5694024097207693
iterated prisoner,2,8,-1.2380947702259668,-1.5694024097207693
prisoner dilemma,2,8,-1.2380947702259668,-1.5694024097207693
given past,2,8,-1.2380947702259668,-1.5694024097207693
strategy iterated,2,8,-1.2380947702259668,-1.5694024097207693
contribute institution,2,8,-1.2380947702259668,-1.5694024097207693
institution sfi,4,12,-0.9526666588353301,-1.6517845526198789
recent institution,1,7,-1.7929426124550822,-1.684608163226479
amount balancing,1,7,-1.7929426124550822,-1.684608163226479
contribution past,1,7,-1.7929426124550822,-1.684608163226479
contribution highly,1,7,-1.7929426124550822,-1.684608163226479
institution low,5,14,-0.884143520903022,-1.6984604678486825
found sfi,2,9,-1.3558453356736937,-1.7381200858972192
amount past,3,11,-1.1525986320555806,-1.7720705180504275
maintain cooperate,3,11,-1.1525986320555806,-1.7720705180504275
contribution significantly,7,18,-0.7995772473804781,-1.7961087977106691
institution choices,1,8,-1.926401916107693,-1.8244021598412026
contribute sfi,1,8,-1.926401916107693,-1.8244021598412026
contribution group,2,10,-1.461201123579631,-1.8904832382934205
defect free-ride,2,10,-1.461201123579631,-1.8904832382934205
contribution choose,2,10,-1.461201123579631,-1.8904832382934205
sfi high,2,10,-1.461201123579631,-1.8904832382934205
past behavior,11,26,-0.71602470721791,-1.9914693959705596
moderate amount,98,147,-0.2639934517339402,-2.024421868711532
contribute high,1,10,-2.149508269461357,-2.0588563615206215
mostly found,3,13,-1.3197255627216435,-2.0633564938593167
contribution low,10,25,-0.7720551732997514,-2.064258830586969
contribution nothing,6,19,-1.0077573951749486,-2.1534789728627013
balance interests,2,12,-1.6435687326260187,-2.1566685053705186
peers cooperate,1,11,-2.2448339043615757,-2.1591674552319793
contribution pattern,1,12,-2.331875878507745,-2.250775237368792
maintain recent,1,13,-2.4119608350276387,-2.3350467493794294
interests cooperate,1,13,-2.4119608350276387,-2.3350467493794294
maintain consistency,5,19,-1.1898690435936405,-2.369313808959924
maintain previous,1,14,-2.4861202142404206,-2.413053289768002
strategy sfi,3,16,-1.5275397652830431,-2.4314546969758255
peers sfi,8,26,-1.0345065228721566,-2.560073964119131
low mcpr,8,26,-1.0345065228721566,-2.560073964119131
follow except,4,19,-1.4126365172586244,-2.5706385369850224
follow recent,2,16,-1.931467891707312,-2.58109383963389
level balances,2,16,-1.931467891707312,-2.58109383963389
sfi members,2,17,-1.9921621164118921,-2.6709736671274884
contribute minimally,1,18,-2.7377013716896723,-2.677308153272027
given low,3,20,-1.7509838359645826,-2.8322805465597765
mostly low,3,20,-1.7509838359645826,-2.8322805465597765
except sfi,2,20,-2.1549119623888497,-2.9123424985761504
sfi institution,7,28,-1.2422758662329425,-2.941545298786422
contribution moderate,26,60,-0.6941585058492947,-2.9569291591863265
contributors mostly,78,138,-0.4305628134514148,-3.0396246254704846
high contributors,153,241,-0.316230484912877,-3.059299809097459
contributors institution,11,37,-1.0699034416679982,-3.1166404914744015
mostly sfi,7,30,-1.3114579101341146,-3.1262820453391416
sfi low,2,24,-2.337575854204868,-3.183509683540039
contribution level,3,27,-2.0517038269149577,-3.3764075634208326
recent contribution,20,56,-0.8877376780600699,-3.408607937267517
contributors low,13,46,-1.1213735506702047,-3.571210671698759
balance immediate,1,51,-3.782312033757476,-3.764094595978528
contribution sfi,9,42,-1.3978706556303795,-3.8074612961205387
amount balance,12,52,-1.3246926561847001,-4.137826001915443
low contributors,60,135,-0.6728162119353751,-4.33662284673463
highly institution,2,59,-3.240544377096562,-4.5179633916672435
cooperate incentives,1,123,-4.670270734723557,-4.674413094520751
contributors sfi,23,82,-1.1317632007211262,-4.797459057347913
contribute highly,2,79,-3.534550731145046,-4.948540849139414
mostly institution,16,74,-1.391842428168962,-5.049651830863136
peers contribute,16,115,-1.8370579243971754,-6.886800787037211
