run,source_file,round_number,agent_id,agent_group,institution_choice,stage1_payoff,stage2_payoff,payoff,cumulative_payoff,wealth
20260731_013853,results/To_Use/simulation_llama3.1_8b_Full_scnldf_sh1_ldf1_seed1_26agents_30rounds_20260731_013853.json,1,0,developing,SFI,1588.5714285714287,0.0,1588.5714285714287,45768.57142857143,45768.57142857143
20260731_013853,results/To_Use/simulation_llama3.1_8b_Full_scnldf_sh1_ldf1_seed1_26agents_30rounds_20260731_013853.json,1,1,developing,SFI,588.5714285714287,0.0,588.5714285714287,34288.57142857143,34288.57142857143
20260731_013853,results/To_Use/simulation_llama3.1_8b_Full_scnldf_sh1_ldf1_seed1_26agents_30rounds_20260731_013853.json,1,2,developed,SI,1242333.3333333333,-354.0,1241979.3333333333,1845699.3333333333,1845699.3333333333
20260731_013853,results/To_Use/simulation_llama3.1_8b_Full_scnldf_sh1_ldf1_seed1_26agents_30rounds_20260731_013853.json,1,3,developed,SI,1272333.3333333333,-6420.0,1265913.3333333333,1875073.3333333333,1875073.3333333333
20260731_013853,results/To_Use/simulation_llama3.1_8b_Full_scnldf_sh1_ldf1_seed1_26agents_30rounds_20260731_013853.json,1,4,developing,SFI,1488.5714285714287,0.0,1488.5714285714287,3608.5714285714284,3608.5714285714284
20260731_013853,results/To_Use/simulation_llama3.1_8b_Full_scnldf_sh1_ldf1_seed1_26agents_30rounds_20260731_013853.json,1,5,developed,SI,1272333.3333333333,-8506.0,1263827.3333333333,5953827.333333333,5953827.333333333
20260731_013853,results/To_Use/simulation_llama3.1_8b_Full_scnldf_sh1_ldf1_seed1_26agents_30rounds_20260731_013853.json,1,6,developed,SI,1072333.3333333333,-1650.0,1070683.3333333333,3450683.333333333,3450683.333333333
20260731_013853,results/To_Use/simulation_llama3.1_8b_Full_scnldf_sh1_ldf1_seed1_26agents_30rounds_20260731_013853.json,1,7,developing,SFI,1588.5714285714287,0.0,1588.5714285714287,26998.571428571428,26998.571428571428
20260731_013853,results/To_Use/simulation_llama3.1_8b_Full_scnldf_sh1_ldf1_seed1_26agents_30rounds_20260731_013853.json,1,8,developing,SFI,1588.5714285714287,0.0,1588.5714285714287,365088.5714285714,365088.5714285714
20260731_013853,results/To_Use/simulation_llama3.1_8b_Full_scnldf_sh1_ldf1_seed1_26agents_30rounds_20260731_013853.json,1,9,developing,SFI,1588.5714285714287,0.0,1588.5714285714287,381648.5714285714,381648.5714285714
20260731_013853,results/To_Use/simulation_llama3.1_8b_Full_scnldf_sh1_ldf1_seed1_26agents_30rounds_20260731_013853.json,1,10,developed,SI,1272333.3333333333,-8715.0,1263618.3333333333,2200178.333333333,2200178.333333333
20260731_013853,results/To_Use/simulation_llama3.1_8b_Full_scnldf_sh1_ldf1_seed1_26agents_30rounds_20260731_013853.json,1,11,developing,SFI,1588.5714285714287,0.0,1588.5714285714287,409378.5714285714,409378.5714285714
20260731_013853,results/To_Use/simulation_llama3.1_8b_Full_scnldf_sh1_ldf1_seed1_26agents_30rounds_20260731_013853.json,1,12,developing,SFI,1588.5714285714287,0.0,1588.5714285714287,534288.5714285715,534288.5714285715
20260731_013853,results/To_Use/simulation_llama3.1_8b_Full_scnldf_sh1_ldf1_seed1_26agents_30rounds_20260731_013853.json,1,13,developed,SI,1249833.3333333333,-1465.0,1248368.3333333333,29998368.333333332,29998368.333333332
20260731_013853,results/To_Use/simulation_llama3.1_8b_Full_scnldf_sh1_ldf1_seed1_26agents_30rounds_20260731_013853.json,1,14,developed,SI,392333.33333333326,1643.0,393976.33333333326,2153976.333333333,2153976.333333333
20260731_013853,results/To_Use/simulation_llama3.1_8b_Full_scnldf_sh1_ldf1_seed1_26agents_30rounds_20260731_013853.json,1,15,developing,SFI,588.5714285714287,0.0,588.5714285714287,7188.571428571428,7188.571428571428
20260731_013853,results/To_Use/simulation_llama3.1_8b_Full_scnldf_sh1_ldf1_seed1_26agents_30rounds_20260731_013853.json,1,16,developed,SI,72333.33333333326,-1414.0,70919.33333333326,2310919.333333333,2310919.333333333
20260731_013853,results/To_Use/simulation_llama3.1_8b_Full_scnldf_sh1_ldf1_seed1_26agents_30rounds_20260731_013853.json,1,17,developing,SFI,1588.5714285714287,0.0,1588.5714285714287,379288.5714285714,379288.5714285714
20260731_013853,results/To_Use/simulation_llama3.1_8b_Full_scnldf_sh1_ldf1_seed1_26agents_30rounds_20260731_013853.json,1,18,developing,SFI,-10211.42857142857,0.0,-10211.42857142857,108588.57142857143,108588.57142857143
20260731_013853,results/To_Use/simulation_llama3.1_8b_Full_scnldf_sh1_ldf1_seed1_26agents_30rounds_20260731_013853.json,1,19,developing,SFI,1588.5714285714287,0.0,1588.5714285714287,165288.57142857142,165288.57142857142
20260731_013853,results/To_Use/simulation_llama3.1_8b_Full_scnldf_sh1_ldf1_seed1_26agents_30rounds_20260731_013853.json,1,20,developing,SFI,1588.5714285714287,0.0,1588.5714285714287,1111588.5714285714,1111588.5714285714
20260731_013853,results/To_Use/simulation_llama3.1_8b_Full_scnldf_sh1_ldf1_seed1_26agents_30rounds_20260731_013853.json,1,21,developed,SI,-727666.6666666667,-318.0,-727037.6666666667,2962962.333333333,2962962.333333333
20260731_013853,results/To_Use/simulation_llama3.1_8b_Full_scnldf_sh1_ldf1_seed1_26agents_30rounds_20260731_013853.json,1,22,developed,SI,62333.333333333256,838.0,63171.333333333256,1273171.3333333333,1273171.3333333333
20260731_013853,results/To_Use/simulation_llama3.1_8b_Full_scnldf_sh1_ldf1_seed1_26agents_30rounds_20260731_013853.json,1,23,developed,SI,-2727666.666666667,-6285.0,-2733004.666666667,1296995.333333333,1296995.333333333
20260731_013853,results/To_Use/simulation_llama3.1_8b_Full_scnldf_sh1_ldf1_seed1_26agents_30rounds_20260731_013853.json,1,24,developing,SFI,1588.5714285714287,0.0,1588.5714285714287,2331588.5714285714,2331588.5714285714
20260731_013853,results/To_Use/simulation_llama3.1_8b_Full_scnldf_sh1_ldf1_seed1_26agents_30rounds_20260731_013853.json,1,25,developed,SI,1272333.3333333333,-5234.0,1267099.3333333333,4427099.333333333,4427099.333333333
20260731_013853,results/To_Use/simulation_llama3.1_8b_Full_scnldf_sh1_ldf1_seed1_26agents_30rounds_20260731_013853.json,2,0,developing,SFI,44850.200000000004,0.0,44850.200000000004,90618.77142857143,90618.77142857143
20260731_013853,results/To_Use/simulation_llama3.1_8b_Full_scnldf_sh1_ldf1_seed1_26agents_30rounds_20260731_013853.json,2,1,developing,SFI,45919.200000000004,0.0,45919.200000000004,80207.77142857143,80207.77142857143
20260731_013853,results/To_Use/simulation_llama3.1_8b_Full_scnldf_sh1_ldf1_seed1_26agents_30rounds_20260731_013853.json,2,2,developed,SI,2816910.0,-55.0,2816855.0,4662554.333333333,4662554.333333333
20260731_013853,results/To_Use/simulation_llama3.1_8b_Full_scnldf_sh1_ldf1_seed1_26agents_30rounds_20260731_013853.json,2,3,developed,SI,3216910.0,-8087.0,3208823.0,5083896.333333333,5083896.333333333
20260731_013853,results/To_Use/simulation_llama3.1_8b_Full_scnldf_sh1_ldf1_seed1_26agents_30rounds_20260731_013853.json,2,4,developing,SFI,45919.200000000004,0.0,45919.200000000004,49527.77142857143,49527.77142857143
20260731_013853,results/To_Use/simulation_llama3.1_8b_Full_scnldf_sh1_ldf1_seed1_26agents_30rounds_20260731_013853.json,2,5,developed,SI,1316910.0,-1949.0,1314961.0,7268788.333333333,7268788.333333333
20260731_013853,results/To_Use/simulation_llama3.1_8b_Full_scnldf_sh1_ldf1_seed1_26agents_30rounds_20260731_013853.json,2,6,developed,SI,3016910.0,-148.0,3016762.0,6467445.333333333,6467445.333333333
20260731_013853,results/To_Use/simulation_llama3.1_8b_Full_scnldf_sh1_ldf1_seed1_26agents_30rounds_20260731_013853.json,2,7,developing,SFI,44919.200000000004,0.0,44919.200000000004,71917.77142857143,71917.77142857143
20260731_013853,results/To_Use/simulation_llama3.1_8b_Full_scnldf_sh1_ldf1_seed1_26agents_30rounds_20260731_013853.json,2,8,developing,SFI,44850.200000000004,0.0,44850.200000000004,409938.77142857143,409938.77142857143
20260731_013853,results/To_Use/simulation_llama3.1_8b_Full_scnldf_sh1_ldf1_seed1_26agents_30rounds_20260731_013853.json,2,9,developing,SFI,-335728.8,0.0,-335728.8,45919.77142857143,45919.77142857143
20260731_013853,results/To_Use/simulation_llama3.1_8b_Full_scnldf_sh1_ldf1_seed1_26agents_30rounds_20260731_013853.json,2,10,developed,SI,3196910.0,-2568.0,3194342.0,5394520.333333333,5394520.333333333
20260731_013853,results/To_Use/simulation_llama3.1_8b_Full_scnldf_sh1_ldf1_seed1_26agents_30rounds_20260731_013853.json,2,11,developing,SFI,44919.200000000004,0.0,44919.200000000004,454297.77142857143,454297.77142857143
20260731_013853,results/To_Use/simulation_llama3.1_8b_Full_scnldf_sh1_ldf1_seed1_26agents_30rounds_20260731_013853.json,2,12,developing,SFI,44850.200000000004,0.0,44850.200000000004,579138.7714285714,579138.7714285714
20260731_013853,results/To_Use/simulation_llama3.1_8b_Full_scnldf_sh1_ldf1_seed1_26agents_30rounds_20260731_013853.json,2,13,developed,SI,-11683090.0,-4995.0,-11687571.0,18310797.333333332,18310797.333333332
20260731_013853,results/To_Use/simulation_llama3.1_8b_Full_scnldf_sh1_ldf1_seed1_26agents_30rounds_20260731_013853.json,2,14,developed,SI,2436910.0,30.0,2436940.0,4590916.333333333,4590916.333333333
20260731_013853,results/To_Use/simulation_llama3.1_8b_Full_scnldf_sh1_ldf1_seed1_26agents_30rounds_20260731_013853.json,2,15,developing,SFI,45919.200000000004,0.0,45919.200000000004,53107.77142857143,53107.77142857143
20260731_013853,results/To_Use/simulation_llama3.1_8b_Full_scnldf_sh1_ldf1_seed1_26agents_30rounds_20260731_013853.json,2,16,developed,SI,2116910.0,-5.0,2116905.0,4427824.333333333,4427824.333333333
20260731_013853,results/To_Use/simulation_llama3.1_8b_Full_scnldf_sh1_ldf1_seed1_26agents_30rounds_20260731_013853.json,2,17,developing,SFI,44919.200000000004,0.0,44919.200000000004,424207.77142857143,424207.77142857143
20260731_013853,results/To_Use/simulation_llama3.1_8b_Full_scnldf_sh1_ldf1_seed1_26agents_30rounds_20260731_013853.json,2,18,developing,SFI,34119.200000000004,0.0,34119.200000000004,142707.77142857143,142707.77142857143
20260731_013853,results/To_Use/simulation_llama3.1_8b_Full_scnldf_sh1_ldf1_seed1_26agents_30rounds_20260731_013853.json,2,19,developing,SFI,44850.200000000004,0.0,44850.200000000004,210138.77142857143,210138.77142857143
20260731_013853,results/To_Use/simulation_llama3.1_8b_Full_scnldf_sh1_ldf1_seed1_26agents_30rounds_20260731_013853.json,2,20,developing,SFI,44850.200000000004,0.0,44850.200000000004,1156438.7714285713,1156438.7714285713
20260731_013853,results/To_Use/simulation_llama3.1_8b_Full_scnldf_sh1_ldf1_seed1_26agents_30rounds_20260731_013853.json,2,21,developed,SI,353948.0,2080.0,356542.0,3319504.333333333,3319504.333333333
20260731_013853,results/To_Use/simulation_llama3.1_8b_Full_scnldf_sh1_ldf1_seed1_26agents_30rounds_20260731_013853.json,2,22,developed,SI,2106910.0,-10.0,2106900.0,3380071.333333333,3380071.333333333
20260731_013853,results/To_Use/simulation_llama3.1_8b_Full_scnldf_sh1_ldf1_seed1_26agents_30rounds_20260731_013853.json,2,23,developed,SI,2813047.0,-35.0,2813012.0,4110007.333333333,4110007.333333333
20260731_013853,results/To_Use/simulation_llama3.1_8b_Full_scnldf_sh1_ldf1_seed1_26agents_30rounds_20260731_013853.json,2,24,developing,SFI,45919.200000000004,0.0,45919.200000000004,2377507.7714285715,2377507.7714285715
20260731_013853,results/To_Use/simulation_llama3.1_8b_Full_scnldf_sh1_ldf1_seed1_26agents_30rounds_20260731_013853.json,2,25,developed,SI,3216910.0,-4842.0,3212068.0,7639167.333333333,7639167.333333333
20260731_013853,results/To_Use/simulation_llama3.1_8b_Full_scnldf_sh1_ldf1_seed1_26agents_30rounds_20260731_013853.json,3,0,developing,SFI,66553.25714285715,0.0,66553.25714285715,157172.0285714286,157172.0285714286
20260731_013853,results/To_Use/simulation_llama3.1_8b_Full_scnldf_sh1_ldf1_seed1_26agents_30rounds_20260731_013853.json,3,1,developing,SFI,65484.257142857154,0.0,65484.257142857154,145692.0285714286,145692.0285714286
20260731_013853,results/To_Use/simulation_llama3.1_8b_Full_scnldf_sh1_ldf1_seed1_26agents_30rounds_20260731_013853.json,3,2,developed,SI,2328519.466666667,-7163.0,2321356.466666667,6983910.8,6983910.8
20260731_013853,results/To_Use/simulation_llama3.1_8b_Full_scnldf_sh1_ldf1_seed1_26agents_30rounds_20260731_013853.json,3,3,developed,SI,-2255376.533333333,-254194.0,-2483134.533333333,2600761.8,2600761.8
20260731_013853,results/To_Use/simulation_llama3.1_8b_Full_scnldf_sh1_ldf1_seed1_26agents_30rounds_20260731_013853.json,3,4,developing,SFI,46553.257142857154,0.0,46553.257142857154,96081.02857142859,96081.02857142859
20260731_013853,results/To_Use/simulation_llama3.1_8b_Full_scnldf_sh1_ldf1_seed1_26agents_30rounds_20260731_013853.json,3,5,developed,SI,-1171480.5333333332,2700.0,-1142344.5333333332,6126443.8,6126443.8
20260731_013853,results/To_Use/simulation_llama3.1_8b_Full_scnldf_sh1_ldf1_seed1_26agents_30rounds_20260731_013853.json,3,6,developed,SI,-1171480.5333333332,2800.0,-1168680.5333333332,5298764.8,5298764.8
20260731_013853,results/To_Use/simulation_llama3.1_8b_Full_scnldf_sh1_ldf1_seed1_26agents_30rounds_20260731_013853.json,3,7,developing,SFI,56553.257142857154,0.0,56553.257142857154,128471.02857142859,128471.02857142859
20260731_013853,results/To_Use/simulation_llama3.1_8b_Full_scnldf_sh1_ldf1_seed1_26agents_30rounds_20260731_013853.json,3,8,developing,SFI,-133446.74285714285,0.0,-133446.74285714285,276492.0285714286,276492.0285714286
20260731_013853,results/To_Use/simulation_llama3.1_8b_Full_scnldf_sh1_ldf1_seed1_26agents_30rounds_20260731_013853.json,3,9,developing,SFI,20634.257142857154,0.0,20634.257142857154,66554.02857142859,66554.02857142859
20260731_013853,results/To_Use/simulation_llama3.1_8b_Full_scnldf_sh1_ldf1_seed1_26agents_30rounds_20260731_013853.json,3,10,developed,SI,2728519.466666667,-11026.0,2717493.466666667,8112013.8,8112013.8
20260731_013853,results/To_Use/simulation_llama3.1_8b_Full_scnldf_sh1_ldf1_seed1_26agents_30rounds_20260731_013853.json,3,11,developing,SFI,35723.257142857154,0.0,35723.257142857154,490021.0285714286,490021.0285714286
20260731_013853,results/To_Use/simulation_llama3.1_8b_Full_scnldf_sh1_ldf1_seed1_26agents_30rounds_20260731_013853.json,3,12,developing,SFI,35729.257142857154,0.0,35729.257142857154,614868.0285714286,614868.0285714286
20260731_013853,results/To_Use/simulation_llama3.1_8b_Full_scnldf_sh1_ldf1_seed1_26agents_30rounds_20260731_013853.json,3,13,developed,SI,2708519.466666667,-13303.0,2695216.466666667,21006013.799999997,21006013.799999997
20260731_013853,results/To_Use/simulation_llama3.1_8b_Full_scnldf_sh1_ldf1_seed1_26agents_30rounds_20260731_013853.json,3,14,developed,SI,2828519.466666667,-778493.0,2050026.4666666668,6640942.8,6640942.8
20260731_013853,results/To_Use/simulation_llama3.1_8b_Full_scnldf_sh1_ldf1_seed1_26agents_30rounds_20260731_013853.json,3,15,developing,SFI,66553.25714285715,0.0,66553.25714285715,119661.02857142859,119661.02857142859
20260731_013853,results/To_Use/simulation_llama3.1_8b_Full_scnldf_sh1_ldf1_seed1_26agents_30rounds_20260731_013853.json,3,16,developed,SI,1628519.4666666668,223.0,1628742.4666666668,6056566.8,6056566.8
20260731_013853,results/To_Use/simulation_llama3.1_8b_Full_scnldf_sh1_ldf1_seed1_26agents_30rounds_20260731_013853.json,3,17,developing,SFI,35723.257142857154,0.0,35723.257142857154,459931.0285714286,459931.0285714286
20260731_013853,results/To_Use/simulation_llama3.1_8b_Full_scnldf_sh1_ldf1_seed1_26agents_30rounds_20260731_013853.json,3,18,developing,SFI,54753.257142857154,0.0,54753.257142857154,197461.0285714286,197461.0285714286
20260731_013853,results/To_Use/simulation_llama3.1_8b_Full_scnldf_sh1_ldf1_seed1_26agents_30rounds_20260731_013853.json,3,19,developing,SFI,65484.257142857154,0.0,65484.257142857154,275623.0285714286,275623.0285714286
20260731_013853,results/To_Use/simulation_llama3.1_8b_Full_scnldf_sh1_ldf1_seed1_26agents_30rounds_20260731_013853.json,3,20,developing,SFI,-33446.742857142846,0.0,-33446.742857142846,1122992.0285714285,1122992.0285714285
20260731_013853,results/To_Use/simulation_llama3.1_8b_Full_scnldf_sh1_ldf1_seed1_26agents_30rounds_20260731_013853.json,3,21,developed,SI,828519.4666666668,3757.0,832276.4666666668,4151780.8,4151780.8
20260731_013853,results/To_Use/simulation_llama3.1_8b_Full_scnldf_sh1_ldf1_seed1_26agents_30rounds_20260731_013853.json,3,22,developed,SI,1618519.4666666668,-4517.0,1614002.4666666668,4994073.8,4994073.8
20260731_013853,results/To_Use/simulation_llama3.1_8b_Full_scnldf_sh1_ldf1_seed1_26agents_30rounds_20260731_013853.json,3,23,developed,SI,1328519.4666666668,2743.0,1331262.4666666668,5441269.8,5441269.8
20260731_013853,results/To_Use/simulation_llama3.1_8b_Full_scnldf_sh1_ldf1_seed1_26agents_30rounds_20260731_013853.json,3,24,developing,SFI,-33446.742857142846,0.0,-33446.742857142846,2344061.0285714287,2344061.0285714287
20260731_013853,results/To_Use/simulation_llama3.1_8b_Full_scnldf_sh1_ldf1_seed1_26agents_30rounds_20260731_013853.json,3,25,developed,SI,1328519.4666666668,-995.0,1327524.4666666668,8966691.8,8966691.8
20260731_013853,results/To_Use/simulation_llama3.1_8b_Full_scnldf_sh1_ldf1_seed1_26agents_30rounds_20260731_013853.json,4,0,developing,SFI,25678.17142857143,0.0,25678.17142857143,182850.2,182850.2
20260731_013853,results/To_Use/simulation_llama3.1_8b_Full_scnldf_sh1_ldf1_seed1_26agents_30rounds_20260731_013853.json,4,1,developing,SFI,24609.17142857143,0.0,24609.17142857143,170301.2,170301.2
20260731_013853,results/To_Use/simulation_llama3.1_8b_Full_scnldf_sh1_ldf1_seed1_26agents_30rounds_20260731_013853.json,4,2,developed,SI,898784.6666666665,-283841.0,614943.6666666665,7598854.466666667,7598854.466666667
20260731_013853,results/To_Use/simulation_llama3.1_8b_Full_scnldf_sh1_ldf1_seed1_26agents_30rounds_20260731_013853.json,4,3,developed,SI,932420.6666666665,421.0,932841.6666666665,3533603.4666666663,3533603.4666666663
20260731_013853,results/To_Use/simulation_llama3.1_8b_Full_scnldf_sh1_ldf1_seed1_26agents_30rounds_20260731_013853.json,4,4,developing,SFI,15678.17142857143,0.0,15678.17142857143,111759.20000000001,111759.20000000001
20260731_013853,results/To_Use/simulation_llama3.1_8b_Full_scnldf_sh1_ldf1_seed1_26agents_30rounds_20260731_013853.json,4,5,developed,SI,-664436.3333333335,-825.0,-665261.3333333335,5461182.466666667,5461182.466666667
20260731_013853,results/To_Use/simulation_llama3.1_8b_Full_scnldf_sh1_ldf1_seed1_26agents_30rounds_20260731_013853.json,4,6,developed,SI,-2601215.3333333335,-825.0,-2576317.3333333335,2722447.4666666663,2722447.4666666663
20260731_013853,results/To_Use/simulation_llama3.1_8b_Full_scnldf_sh1_ldf1_seed1_26agents_30rounds_20260731_013853.json,4,7,developing,SFI,25678.17142857143,0.0,25678.17142857143,154149.2,154149.2
20260731_013853,results/To_Use/simulation_llama3.1_8b_Full_scnldf_sh1_ldf1_seed1_26agents_30rounds_20260731_013853.json,4,8,developing,SFI,25678.17142857143,0.0,25678.17142857143,302170.20000000007,302170.20000000007
20260731_013853,results/To_Use/simulation_llama3.1_8b_Full_scnldf_sh1_ldf1_seed1_26agents_30rounds_20260731_013853.json,4,9,developing,SFI,-12485.82857142857,0.0,-12485.82857142857,54068.20000000001,54068.20000000001
20260731_013853,results/To_Use/simulation_llama3.1_8b_Full_scnldf_sh1_ldf1_seed1_26agents_30rounds_20260731_013853.json,4,10,developed,SI,2398784.6666666665,-8143.0,2390641.6666666665,10502655.466666667,10502655.466666667
20260731_013853,results/To_Use/simulation_llama3.1_8b_Full_scnldf_sh1_ldf1_seed1_26agents_30rounds_20260731_013853.json,4,11,developing,SFI,-5151.82857142857,0.0,-5151.82857142857,484869.20000000007,484869.20000000007
20260731_013853,results/To_Use/simulation_llama3.1_8b_Full_scnldf_sh1_ldf1_seed1_26agents_30rounds_20260731_013853.json,4,12,developing,SFI,-5145.82857142857,0.0,-5145.82857142857,609722.2000000001,609722.2000000001
20260731_013853,results/To_Use/simulation_llama3.1_8b_Full_scnldf_sh1_ldf1_seed1_26agents_30rounds_20260731_013853.json,4,13,developed,SI,1198784.6666666665,137.0,1198921.6666666665,22204935.466666665,22204935.466666665
20260731_013853,results/To_Use/simulation_llama3.1_8b_Full_scnldf_sh1_ldf1_seed1_26agents_30rounds_20260731_013853.json,4,14,developed,SI,-921685.3333333335,-750750.0,-1646712.3333333335,4994230.466666667,4994230.466666667
20260731_013853,results/To_Use/simulation_llama3.1_8b_Full_scnldf_sh1_ldf1_seed1_26agents_30rounds_20260731_013853.json,4,15,developing,SFI,-19116.82857142857,0.0,-19116.82857142857,100544.20000000001,100544.20000000001
20260731_013853,results/To_Use/simulation_llama3.1_8b_Full_scnldf_sh1_ldf1_seed1_26agents_30rounds_20260731_013853.json,4,16,developed,SI,1198784.6666666665,-964.0,1197820.6666666665,7254387.466666667,7254387.466666667
20260731_013853,results/To_Use/simulation_llama3.1_8b_Full_scnldf_sh1_ldf1_seed1_26agents_30rounds_20260731_013853.json,4,17,developing,SFI,-5151.82857142857,0.0,-5151.82857142857,454779.20000000007,454779.20000000007
20260731_013853,results/To_Use/simulation_llama3.1_8b_Full_scnldf_sh1_ldf1_seed1_26agents_30rounds_20260731_013853.json,4,18,developing,SFI,25678.17142857143,0.0,25678.17142857143,223139.2,223139.2
20260731_013853,results/To_Use/simulation_llama3.1_8b_Full_scnldf_sh1_ldf1_seed1_26agents_30rounds_20260731_013853.json,4,19,developing,SFI,24609.17142857143,0.0,24609.17142857143,300232.20000000007,300232.20000000007
20260731_013853,results/To_Use/simulation_llama3.1_8b_Full_scnldf_sh1_ldf1_seed1_26agents_30rounds_20260731_013853.json,4,20,developing,SFI,-11424.82857142857,0.0,-11424.82857142857,1111567.2,1111567.2
20260731_013853,results/To_Use/simulation_llama3.1_8b_Full_scnldf_sh1_ldf1_seed1_26agents_30rounds_20260731_013853.json,4,21,developed,SI,2367954.6666666665,10059.0,2378013.6666666665,6529794.466666667,6529794.466666667
20260731_013853,results/To_Use/simulation_llama3.1_8b_Full_scnldf_sh1_ldf1_seed1_26agents_30rounds_20260731_013853.json,4,22,developed,SI,1188784.6666666665,20130.0,1208914.6666666665,6202988.466666667,6202988.466666667
20260731_013853,results/To_Use/simulation_llama3.1_8b_Full_scnldf_sh1_ldf1_seed1_26agents_30rounds_20260731_013853.json,4,23,developed,SI,2398784.6666666665,-8133.0,2390651.6666666665,7831921.466666667,7831921.466666667
20260731_013853,results/To_Use/simulation_llama3.1_8b_Full_scnldf_sh1_ldf1_seed1_26agents_30rounds_20260731_013853.json,4,24,developing,SFI,25678.17142857143,0.0,25678.17142857143,2369739.2,2369739.2
20260731_013853,results/To_Use/simulation_llama3.1_8b_Full_scnldf_sh1_ldf1_seed1_26agents_30rounds_20260731_013853.json,4,25,developed,SI,2398784.6666666665,-6198.0,2392586.6666666665,11359278.466666667,11359278.466666667
20260731_013853,results/To_Use/simulation_llama3.1_8b_Full_scnldf_sh1_ldf1_seed1_26agents_30rounds_20260731_013853.json,5,0,developing,SFI,130892.0,0.0,128642.0,311492.2,311492.2
20260731_013853,results/To_Use/simulation_llama3.1_8b_Full_scnldf_sh1_ldf1_seed1_26agents_30rounds_20260731_013853.json,5,1,developing,SFI,129823.0,0.0,127573.0,297874.2,297874.2
20260731_013853,results/To_Use/simulation_llama3.1_8b_Full_scnldf_sh1_ldf1_seed1_26agents_30rounds_20260731_013853.json,5,2,developed,SI,-975201.3333333335,95.0,-979606.3333333335,6619248.133333333,6619248.133333333
20260731_013853,results/To_Use/simulation_llama3.1_8b_Full_scnldf_sh1_ldf1_seed1_26agents_30rounds_20260731_013853.json,5,3,developed,SI,2524218.6666666665,-377084.0,2142634.6666666665,5676238.133333333,5676238.133333333
20260731_013853,results/To_Use/simulation_llama3.1_8b_Full_scnldf_sh1_ldf1_seed1_26agents_30rounds_20260731_013853.json,5,4,developing,SFI,130892.0,0.0,128642.0,240401.2,240401.2
20260731_013853,results/To_Use/simulation_llama3.1_8b_Full_scnldf_sh1_ldf1_seed1_26agents_30rounds_20260731_013853.json,5,5,developed,SI,2824218.6666666665,-1767.0,2817951.6666666665,8279134.133333333,8279134.133333333
20260731_013853,results/To_Use/simulation_llama3.1_8b_Full_scnldf_sh1_ldf1_seed1_26agents_30rounds_20260731_013853.json,5,6,developed,SI,1474218.6666666665,70.0,1469788.6666666665,4192236.133333333,4192236.133333333
20260731_013853,results/To_Use/simulation_llama3.1_8b_Full_scnldf_sh1_ldf1_seed1_26agents_30rounds_20260731_013853.json,5,7,developing,SFI,130892.0,0.0,128642.0,282791.2,282791.2
20260731_013853,results/To_Use/simulation_llama3.1_8b_Full_scnldf_sh1_ldf1_seed1_26agents_30rounds_20260731_013853.json,5,8,developing,SFI,130892.0,0.0,128642.0,430812.20000000007,430812.20000000007
20260731_013853,results/To_Use/simulation_llama3.1_8b_Full_scnldf_sh1_ldf1_seed1_26agents_30rounds_20260731_013853.json,5,9,developing,SFI,120892.0,0.0,118642.0,172710.2,172710.2
20260731_013853,results/To_Use/simulation_llama3.1_8b_Full_scnldf_sh1_ldf1_seed1_26agents_30rounds_20260731_013853.json,5,10,developed,SI,2324218.6666666665,-527388.0,1792330.6666666665,12294986.133333333,12294986.133333333
20260731_013853,results/To_Use/simulation_llama3.1_8b_Full_scnldf_sh1_ldf1_seed1_26agents_30rounds_20260731_013853.json,5,11,developing,SFI,100062.0,0.0,97812.0,582681.2000000001,582681.2000000001
20260731_013853,results/To_Use/simulation_llama3.1_8b_Full_scnldf_sh1_ldf1_seed1_26agents_30rounds_20260731_013853.json,5,12,developing,SFI,115980.0,0.0,113730.0,723452.2000000001,723452.2000000001
20260731_013853,results/To_Use/simulation_llama3.1_8b_Full_scnldf_sh1_ldf1_seed1_26agents_30rounds_20260731_013853.json,5,13,developed,SI,1624218.6666666665,-1335.0,1618383.6666666665,23823319.133333333,23823319.133333333
20260731_013853,results/To_Use/simulation_llama3.1_8b_Full_scnldf_sh1_ldf1_seed1_26agents_30rounds_20260731_013853.json,5,14,developed,SI,1944218.6666666665,69.0,1939787.6666666665,6934018.133333333,6934018.133333333
20260731_013853,results/To_Use/simulation_llama3.1_8b_Full_scnldf_sh1_ldf1_seed1_26agents_30rounds_20260731_013853.json,5,15,developing,SFI,86097.0,0.0,83847.0,184391.2,184391.2
20260731_013853,results/To_Use/simulation_llama3.1_8b_Full_scnldf_sh1_ldf1_seed1_26agents_30rounds_20260731_013853.json,5,16,developed,SI,1624218.6666666665,74.0,1619792.6666666665,8874180.133333333,8874180.133333333
20260731_013853,results/To_Use/simulation_llama3.1_8b_Full_scnldf_sh1_ldf1_seed1_26agents_30rounds_20260731_013853.json,5,17,developing,SFI,100062.0,0.0,97812.0,552591.2000000001,552591.2000000001
20260731_013853,results/To_Use/simulation_llama3.1_8b_Full_scnldf_sh1_ldf1_seed1_26agents_30rounds_20260731_013853.json,5,18,developing,SFI,119092.0,0.0,116842.0,339981.2,339981.2
20260731_013853,results/To_Use/simulation_llama3.1_8b_Full_scnldf_sh1_ldf1_seed1_26agents_30rounds_20260731_013853.json,5,19,developing,SFI,129823.0,0.0,127573.0,427805.20000000007,427805.20000000007
20260731_013853,results/To_Use/simulation_llama3.1_8b_Full_scnldf_sh1_ldf1_seed1_26agents_30rounds_20260731_013853.json,5,20,developing,SFI,-869108.0,0.0,-871358.0,240209.19999999995,240209.19999999995
20260731_013853,results/To_Use/simulation_llama3.1_8b_Full_scnldf_sh1_ldf1_seed1_26agents_30rounds_20260731_013853.json,5,21,developed,SI,-3705575.3333333335,42.0,-3657240.3333333335,2872554.1333333333,2872554.1333333333
20260731_013853,results/To_Use/simulation_llama3.1_8b_Full_scnldf_sh1_ldf1_seed1_26agents_30rounds_20260731_013853.json,5,22,developed,SI,2793388.6666666665,-1202814.0,1586074.6666666665,7789063.133333333,7789063.133333333
20260731_013853,results/To_Use/simulation_llama3.1_8b_Full_scnldf_sh1_ldf1_seed1_26agents_30rounds_20260731_013853.json,5,23,developed,SI,2432622.6666666665,-1696.0,2426426.6666666665,10258348.133333333,10258348.133333333
20260731_013853,results/To_Use/simulation_llama3.1_8b_Full_scnldf_sh1_ldf1_seed1_26agents_30rounds_20260731_013853.json,5,24,developing,SFI,130892.0,0.0,128642.0,2498381.2,2498381.2
20260731_013853,results/To_Use/simulation_llama3.1_8b_Full_scnldf_sh1_ldf1_seed1_26agents_30rounds_20260731_013853.json,5,25,developed,SI,-2175781.3333333335,6.0,-2127482.3333333335,9231796.133333333,9231796.133333333
20260731_013853,results/To_Use/simulation_llama3.1_8b_Full_scnldf_sh1_ldf1_seed1_26agents_30rounds_20260731_013853.json,6,0,developing,SFI,90713.62857142858,0.0,90713.62857142858,402205.8285714286,402205.8285714286
20260731_013853,results/To_Use/simulation_llama3.1_8b_Full_scnldf_sh1_ldf1_seed1_26agents_30rounds_20260731_013853.json,6,1,developing,SFI,90713.62857142858,0.0,90713.62857142858,388587.8285714286,388587.8285714286
20260731_013853,results/To_Use/simulation_llama3.1_8b_Full_scnldf_sh1_ldf1_seed1_26agents_30rounds_20260731_013853.json,6,2,developed,SI,1684110.6666666667,-11327.0,1672783.6666666667,8292031.8,8292031.8
20260731_013853,results/To_Use/simulation_llama3.1_8b_Full_scnldf_sh1_ldf1_seed1_26agents_30rounds_20260731_013853.json,6,3,developed,SI,1684110.6666666667,-13005.0,1671105.6666666667,7347343.8,7347343.8
20260731_013853,results/To_Use/simulation_llama3.1_8b_Full_scnldf_sh1_ldf1_seed1_26agents_30rounds_20260731_013853.json,6,4,developing,SFI,91782.62857142858,0.0,91782.62857142858,332183.8285714286,332183.8285714286
20260731_013853,results/To_Use/simulation_llama3.1_8b_Full_scnldf_sh1_ldf1_seed1_26agents_30rounds_20260731_013853.json,6,5,developed,SI,1684110.6666666667,-17180.0,1666930.6666666667,9946064.799999999,9946064.799999999
20260731_013853,results/To_Use/simulation_llama3.1_8b_Full_scnldf_sh1_ldf1_seed1_26agents_30rounds_20260731_013853.json,6,6,developed,SI,1684110.6666666667,-7250.0,1676860.6666666667,5869096.8,5869096.8
20260731_013853,results/To_Use/simulation_llama3.1_8b_Full_scnldf_sh1_ldf1_seed1_26agents_30rounds_20260731_013853.json,6,7,developing,SFI,91782.62857142858,0.0,91782.62857142858,374573.8285714286,374573.8285714286
20260731_013853,results/To_Use/simulation_llama3.1_8b_Full_scnldf_sh1_ldf1_seed1_26agents_30rounds_20260731_013853.json,6,8,developing,SFI,-339029.3714285714,0.0,-339029.3714285714,91782.82857142866,91782.82857142866
20260731_013853,results/To_Use/simulation_llama3.1_8b_Full_scnldf_sh1_ldf1_seed1_26agents_30rounds_20260731_013853.json,6,9,developing,SFI,91782.62857142858,0.0,91782.62857142858,264492.8285714286,264492.8285714286
20260731_013853,results/To_Use/simulation_llama3.1_8b_Full_scnldf_sh1_ldf1_seed1_26agents_30rounds_20260731_013853.json,6,10,developed,SI,-1315889.3333333333,-4400.0,-1318215.3333333333,10976770.799999999,10976770.799999999
20260731_013853,results/To_Use/simulation_llama3.1_8b_Full_scnldf_sh1_ldf1_seed1_26agents_30rounds_20260731_013853.json,6,11,developing,SFI,60952.62857142858,0.0,60952.62857142858,643633.8285714287,643633.8285714287
20260731_013853,results/To_Use/simulation_llama3.1_8b_Full_scnldf_sh1_ldf1_seed1_26agents_30rounds_20260731_013853.json,6,12,developing,SFI,60958.62857142858,0.0,60958.62857142858,784410.8285714287,784410.8285714287
20260731_013853,results/To_Use/simulation_llama3.1_8b_Full_scnldf_sh1_ldf1_seed1_26agents_30rounds_20260731_013853.json,6,13,developed,SI,484110.66666666674,653.0,484763.66666666674,24308082.8,24308082.8
20260731_013853,results/To_Use/simulation_llama3.1_8b_Full_scnldf_sh1_ldf1_seed1_26agents_30rounds_20260731_013853.json,6,14,developed,SI,1684110.6666666667,-900.0,1683210.6666666667,8617228.799999999,8617228.799999999
20260731_013853,results/To_Use/simulation_llama3.1_8b_Full_scnldf_sh1_ldf1_seed1_26agents_30rounds_20260731_013853.json,6,15,developing,SFI,46987.62857142858,0.0,46987.62857142858,231378.8285714286,231378.8285714286
20260731_013853,results/To_Use/simulation_llama3.1_8b_Full_scnldf_sh1_ldf1_seed1_26agents_30rounds_20260731_013853.json,6,16,developed,SI,484110.66666666674,1694.0,485804.66666666674,9359984.799999999,9359984.799999999
20260731_013853,results/To_Use/simulation_llama3.1_8b_Full_scnldf_sh1_ldf1_seed1_26agents_30rounds_20260731_013853.json,6,17,developing,SFI,60952.62857142858,0.0,60952.62857142858,613543.8285714287,613543.8285714287
20260731_013853,results/To_Use/simulation_llama3.1_8b_Full_scnldf_sh1_ldf1_seed1_26agents_30rounds_20260731_013853.json,6,18,developing,SFI,79982.62857142858,0.0,79982.62857142858,419963.8285714286,419963.8285714286
20260731_013853,results/To_Use/simulation_llama3.1_8b_Full_scnldf_sh1_ldf1_seed1_26agents_30rounds_20260731_013853.json,6,19,developing,SFI,90713.62857142858,0.0,90713.62857142858,518518.82857142866,518518.82857142866
20260731_013853,results/To_Use/simulation_llama3.1_8b_Full_scnldf_sh1_ldf1_seed1_26agents_30rounds_20260731_013853.json,6,20,developing,SFI,-28217.371428571423,0.0,-28217.371428571423,211991.82857142854,211991.82857142854
20260731_013853,results/To_Use/simulation_llama3.1_8b_Full_scnldf_sh1_ldf1_seed1_26agents_30rounds_20260731_013853.json,6,21,developed,SI,484110.66666666674,3265.0,487375.66666666674,3359929.8,3359929.8
20260731_013853,results/To_Use/simulation_llama3.1_8b_Full_scnldf_sh1_ldf1_seed1_26agents_30rounds_20260731_013853.json,6,22,developed,SI,1653280.6666666667,-1550.0,1651730.6666666667,9440793.799999999,9440793.799999999
20260731_013853,results/To_Use/simulation_llama3.1_8b_Full_scnldf_sh1_ldf1_seed1_26agents_30rounds_20260731_013853.json,6,23,developed,SI,-1315889.3333333333,1308.0,-1312507.3333333333,8945840.799999999,8945840.799999999
20260731_013853,results/To_Use/simulation_llama3.1_8b_Full_scnldf_sh1_ldf1_seed1_26agents_30rounds_20260731_013853.json,6,24,developing,SFI,-8217.371428571423,0.0,-8217.371428571423,2490163.8285714285,2490163.8285714285
20260731_013853,results/To_Use/simulation_llama3.1_8b_Full_scnldf_sh1_ldf1_seed1_26agents_30rounds_20260731_013853.json,6,25,developed,SI,-1315889.3333333333,-6624.0,-1322513.3333333333,7909282.8,7909282.8
20260731_013853,results/To_Use/simulation_llama3.1_8b_Full_scnldf_sh1_ldf1_seed1_26agents_30rounds_20260731_013853.json,7,0,developing,SFI,-31492.0,0.0,-31492.0,370713.8285714286,370713.8285714286
20260731_013853,results/To_Use/simulation_llama3.1_8b_Full_scnldf_sh1_ldf1_seed1_26agents_30rounds_20260731_013853.json,7,1,developing,SFI,67439.0,0.0,67439.0,456026.8285714286,456026.8285714286
20260731_013853,results/To_Use/simulation_llama3.1_8b_Full_scnldf_sh1_ldf1_seed1_26agents_30rounds_20260731_013853.json,7,2,developed,SI,2041762.8000000003,-7506.0,2034256.8000000003,10326288.6,10326288.6
20260731_013853,results/To_Use/simulation_llama3.1_8b_Full_scnldf_sh1_ldf1_seed1_26agents_30rounds_20260731_013853.json,7,3,developed,SI,2341762.8000000003,-4080.0,2337682.8000000003,9685026.6,9685026.6
20260731_013853,results/To_Use/simulation_llama3.1_8b_Full_scnldf_sh1_ldf1_seed1_26agents_30rounds_20260731_013853.json,7,4,developing,SFI,68508.0,0.0,68508.0,400691.8285714286,400691.8285714286
20260731_013853,results/To_Use/simulation_llama3.1_8b_Full_scnldf_sh1_ldf1_seed1_26agents_30rounds_20260731_013853.json,7,5,developed,SI,478541.8000000003,-6109.0,472432.8000000003,10418497.6,10418497.6
20260731_013853,results/To_Use/simulation_llama3.1_8b_Full_scnldf_sh1_ldf1_seed1_26agents_30rounds_20260731_013853.json,7,6,developed,SI,1541762.8000000003,-7127.0,1534635.8000000003,7403732.6,7403732.6
20260731_013853,results/To_Use/simulation_llama3.1_8b_Full_scnldf_sh1_ldf1_seed1_26agents_30rounds_20260731_013853.json,7,7,developing,SFI,68508.0,0.0,68508.0,443081.8285714286,443081.8285714286
20260731_013853,results/To_Use/simulation_llama3.1_8b_Full_scnldf_sh1_ldf1_seed1_26agents_30rounds_20260731_013853.json,7,8,developing,SFI,-23274.0,0.0,-23274.0,68508.82857142866,68508.82857142866
20260731_013853,results/To_Use/simulation_llama3.1_8b_Full_scnldf_sh1_ldf1_seed1_26agents_30rounds_20260731_013853.json,7,9,developing,SFI,-59738.0,0.0,-59738.0,204754.8285714286,204754.8285714286
20260731_013853,results/To_Use/simulation_llama3.1_8b_Full_scnldf_sh1_ldf1_seed1_26agents_30rounds_20260731_013853.json,7,10,developed,SI,-1458237.1999999997,-8500.0,-1399443.1999999997,9577327.6,9577327.6
20260731_013853,results/To_Use/simulation_llama3.1_8b_Full_scnldf_sh1_ldf1_seed1_26agents_30rounds_20260731_013853.json,7,11,developing,SFI,37678.0,0.0,37678.0,681311.8285714287,681311.8285714287
20260731_013853,results/To_Use/simulation_llama3.1_8b_Full_scnldf_sh1_ldf1_seed1_26agents_30rounds_20260731_013853.json,7,12,developing,SFI,37684.0,0.0,37684.0,822094.8285714287,822094.8285714287
20260731_013853,results/To_Use/simulation_llama3.1_8b_Full_scnldf_sh1_ldf1_seed1_26agents_30rounds_20260731_013853.json,7,13,developed,SI,2341762.8000000003,-1300009.0,1041753.8000000003,25349836.6,25349836.6
20260731_013853,results/To_Use/simulation_llama3.1_8b_Full_scnldf_sh1_ldf1_seed1_26agents_30rounds_20260731_013853.json,7,14,developed,SI,-458237.1999999997,-429861.0,-888098.1999999997,7729130.6,7729130.6
20260731_013853,results/To_Use/simulation_llama3.1_8b_Full_scnldf_sh1_ldf1_seed1_26agents_30rounds_20260731_013853.json,7,15,developing,SFI,23713.0,0.0,23713.0,255091.8285714286,255091.8285714286
20260731_013853,results/To_Use/simulation_llama3.1_8b_Full_scnldf_sh1_ldf1_seed1_26agents_30rounds_20260731_013853.json,7,16,developed,SI,2341762.8000000003,-7651.0,2334111.8000000003,11694096.6,11694096.6
20260731_013853,results/To_Use/simulation_llama3.1_8b_Full_scnldf_sh1_ldf1_seed1_26agents_30rounds_20260731_013853.json,7,17,developing,SFI,37678.0,0.0,37678.0,651221.8285714287,651221.8285714287
20260731_013853,results/To_Use/simulation_llama3.1_8b_Full_scnldf_sh1_ldf1_seed1_26agents_30rounds_20260731_013853.json,7,18,developing,SFI,48508.0,0.0,48508.0,468471.8285714286,468471.8285714286
20260731_013853,results/To_Use/simulation_llama3.1_8b_Full_scnldf_sh1_ldf1_seed1_26agents_30rounds_20260731_013853.json,7,19,developing,SFI,67439.0,0.0,67439.0,585957.8285714287,585957.8285714287
20260731_013853,results/To_Use/simulation_llama3.1_8b_Full_scnldf_sh1_ldf1_seed1_26agents_30rounds_20260731_013853.json,7,20,developing,SFI,-51492.0,0.0,-51492.0,160499.82857142854,160499.82857142854
20260731_013853,results/To_Use/simulation_llama3.1_8b_Full_scnldf_sh1_ldf1_seed1_26agents_30rounds_20260731_013853.json,7,21,developed,SI,2341762.8000000003,415.0,2342177.8000000003,5702107.6,5702107.6
20260731_013853,results/To_Use/simulation_llama3.1_8b_Full_scnldf_sh1_ldf1_seed1_26agents_30rounds_20260731_013853.json,7,22,developed,SI,2341762.8000000003,-2192.0,2339570.8000000003,11780364.6,11780364.6
20260731_013853,results/To_Use/simulation_llama3.1_8b_Full_scnldf_sh1_ldf1_seed1_26agents_30rounds_20260731_013853.json,7,23,developed,SI,3541762.8000000003,-16800.0,3524962.8000000003,12470803.6,12470803.6
20260731_013853,results/To_Use/simulation_llama3.1_8b_Full_scnldf_sh1_ldf1_seed1_26agents_30rounds_20260731_013853.json,7,24,developing,SFI,68508.0,0.0,68508.0,2558671.8285714285,2558671.8285714285
20260731_013853,results/To_Use/simulation_llama3.1_8b_Full_scnldf_sh1_ldf1_seed1_26agents_30rounds_20260731_013853.json,7,25,developed,SI,-1458237.1999999997,-5100.0,-1396043.1999999997,6513239.6,6513239.6
20260731_013853,results/To_Use/simulation_llama3.1_8b_Full_scnldf_sh1_ldf1_seed1_26agents_30rounds_20260731_013853.json,8,0,developing,SFI,23814.17142857144,0.0,23814.17142857144,394528.00000000006,394528.00000000006
20260731_013853,results/To_Use/simulation_llama3.1_8b_Full_scnldf_sh1_ldf1_seed1_26agents_30rounds_20260731_013853.json,8,1,developing,SFI,122745.17142857144,0.0,122745.17142857144,578772.0,578772.0
20260731_013853,results/To_Use/simulation_llama3.1_8b_Full_scnldf_sh1_ldf1_seed1_26agents_30rounds_20260731_013853.json,8,2,developed,SI,-228567.06666666642,8075.0,-217828.06666666642,10108460.533333333,10108460.533333333
20260731_013853,results/To_Use/simulation_llama3.1_8b_Full_scnldf_sh1_ldf1_seed1_26agents_30rounds_20260731_013853.json,8,3,developed,SI,1771432.9333333336,-2120.0,1769312.9333333336,11454339.533333333,11454339.533333333
20260731_013853,results/To_Use/simulation_llama3.1_8b_Full_scnldf_sh1_ldf1_seed1_26agents_30rounds_20260731_013853.json,8,4,developing,SFI,23814.17142857144,0.0,23814.17142857144,424506.00000000006,424506.00000000006
20260731_013853,results/To_Use/simulation_llama3.1_8b_Full_scnldf_sh1_ldf1_seed1_26agents_30rounds_20260731_013853.json,8,5,developed,SI,2771432.9333333336,-17202.0,2754230.9333333336,13172728.533333333,13172728.533333333
20260731_013853,results/To_Use/simulation_llama3.1_8b_Full_scnldf_sh1_ldf1_seed1_26agents_30rounds_20260731_013853.json,8,6,developed,SI,2271432.9333333336,-550.0,2270882.9333333336,9674615.533333333,9674615.533333333
20260731_013853,results/To_Use/simulation_llama3.1_8b_Full_scnldf_sh1_ldf1_seed1_26agents_30rounds_20260731_013853.json,8,7,developing,SFI,-319266.82857142854,0.0,-319266.82857142854,123815.00000000006,123815.00000000006
20260731_013853,results/To_Use/simulation_llama3.1_8b_Full_scnldf_sh1_ldf1_seed1_26agents_30rounds_20260731_013853.json,8,8,developing,SFI,92984.17142857144,0.0,92984.17142857144,161493.00000000012,161493.00000000012
20260731_013853,results/To_Use/simulation_llama3.1_8b_Full_scnldf_sh1_ldf1_seed1_26agents_30rounds_20260731_013853.json,8,9,developing,SFI,113814.17142857144,0.0,113814.17142857144,318569.00000000006,318569.00000000006
20260731_013853,results/To_Use/simulation_llama3.1_8b_Full_scnldf_sh1_ldf1_seed1_26agents_30rounds_20260731_013853.json,8,10,developed,SI,771432.9333333336,9330.0,780762.9333333336,10358090.533333333,10358090.533333333
20260731_013853,results/To_Use/simulation_llama3.1_8b_Full_scnldf_sh1_ldf1_seed1_26agents_30rounds_20260731_013853.json,8,11,developing,SFI,92984.17142857144,0.0,92984.17142857144,774296.0000000001,774296.0000000001
20260731_013853,results/To_Use/simulation_llama3.1_8b_Full_scnldf_sh1_ldf1_seed1_26agents_30rounds_20260731_013853.json,8,12,developing,SFI,92990.17142857144,0.0,92990.17142857144,915085.0000000001,915085.0000000001
20260731_013853,results/To_Use/simulation_llama3.1_8b_Full_scnldf_sh1_ldf1_seed1_26agents_30rounds_20260731_013853.json,8,13,developed,SI,2571432.9333333336,-15973.0,2555459.9333333336,27905296.533333335,27905296.533333335
20260731_013853,results/To_Use/simulation_llama3.1_8b_Full_scnldf_sh1_ldf1_seed1_26agents_30rounds_20260731_013853.json,8,14,developed,SI,2891432.9333333336,-13356.0,2878076.9333333336,10607207.533333333,10607207.533333333
20260731_013853,results/To_Use/simulation_llama3.1_8b_Full_scnldf_sh1_ldf1_seed1_26agents_30rounds_20260731_013853.json,8,15,developing,SFI,79019.17142857144,0.0,79019.17142857144,334111.00000000006,334111.00000000006
20260731_013853,results/To_Use/simulation_llama3.1_8b_Full_scnldf_sh1_ldf1_seed1_26agents_30rounds_20260731_013853.json,8,16,developed,SI,2571432.9333333336,-7657.0,2563775.9333333336,14257872.533333333,14257872.533333333
20260731_013853,results/To_Use/simulation_llama3.1_8b_Full_scnldf_sh1_ldf1_seed1_26agents_30rounds_20260731_013853.json,8,17,developing,SFI,92984.17142857144,0.0,92984.17142857144,744206.0000000001,744206.0000000001
20260731_013853,results/To_Use/simulation_llama3.1_8b_Full_scnldf_sh1_ldf1_seed1_26agents_30rounds_20260731_013853.json,8,18,developing,SFI,112014.17142857144,0.0,112014.17142857144,580486.0,580486.0
20260731_013853,results/To_Use/simulation_llama3.1_8b_Full_scnldf_sh1_ldf1_seed1_26agents_30rounds_20260731_013853.json,8,19,developing,SFI,122745.17142857144,0.0,122745.17142857144,708703.0000000001,708703.0000000001
20260731_013853,results/To_Use/simulation_llama3.1_8b_Full_scnldf_sh1_ldf1_seed1_26agents_30rounds_20260731_013853.json,8,20,developing,SFI,3814.1714285714406,0.0,3814.1714285714406,164314.0,164314.0
20260731_013853,results/To_Use/simulation_llama3.1_8b_Full_scnldf_sh1_ldf1_seed1_26agents_30rounds_20260731_013853.json,8,21,developed,SI,1465685.9333333336,62.0,1465747.9333333336,7167855.533333333,7167855.533333333
20260731_013853,results/To_Use/simulation_llama3.1_8b_Full_scnldf_sh1_ldf1_seed1_26agents_30rounds_20260731_013853.json,8,22,developed,SI,2571432.9333333336,-12500.0,2558932.9333333336,14339297.533333333,14339297.533333333
20260731_013853,results/To_Use/simulation_llama3.1_8b_Full_scnldf_sh1_ldf1_seed1_26agents_30rounds_20260731_013853.json,8,23,developed,SI,-2228567.0666666664,-8000.0,-2233903.0666666664,10236900.533333333,10236900.533333333
20260731_013853,results/To_Use/simulation_llama3.1_8b_Full_scnldf_sh1_ldf1_seed1_26agents_30rounds_20260731_013853.json,8,24,developing,SFI,-4431.828571428559,0.0,-4431.828571428559,2554240.0,2554240.0
20260731_013853,results/To_Use/simulation_llama3.1_8b_Full_scnldf_sh1_ldf1_seed1_26agents_30rounds_20260731_013853.json,8,25,developed,SI,-228567.06666666642,-11157.0,-239724.06666666642,6273515.533333333,6273515.533333333
20260731_013853,results/To_Use/simulation_llama3.1_8b_Full_scnldf_sh1_ldf1_seed1_26agents_30rounds_20260731_013853.json,9,0,developing,SFI,-86523.8857142857,0.0,-86523.8857142857,308004.11428571434,308004.11428571434
20260731_013853,results/To_Use/simulation_llama3.1_8b_Full_scnldf_sh1_ldf1_seed1_26agents_30rounds_20260731_013853.json,9,1,developing,SFI,112407.1142857143,0.0,112407.1142857143,691179.1142857143,691179.1142857143
20260731_013853,results/To_Use/simulation_llama3.1_8b_Full_scnldf_sh1_ldf1_seed1_26agents_30rounds_20260731_013853.json,9,2,developed,SI,1251355.7333333334,-7820.0,1247977.7333333334,11356438.266666666,11356438.266666666
20260731_013853,results/To_Use/simulation_llama3.1_8b_Full_scnldf_sh1_ldf1_seed1_26agents_30rounds_20260731_013853.json,9,3,developed,SI,-5202982.266666667,45.0,-5198495.266666667,6255844.266666667,6255844.266666667
20260731_013853,results/To_Use/simulation_llama3.1_8b_Full_scnldf_sh1_ldf1_seed1_26agents_30rounds_20260731_013853.json,9,4,developing,SFI,7476.114285714299,0.0,7476.114285714299,431982.11428571434,431982.11428571434
20260731_013853,results/To_Use/simulation_llama3.1_8b_Full_scnldf_sh1_ldf1_seed1_26agents_30rounds_20260731_013853.json,9,5,developed,SI,4251355.733333333,-17150.0,4234205.733333333,17406934.266666666,17406934.266666666
20260731_013853,results/To_Use/simulation_llama3.1_8b_Full_scnldf_sh1_ldf1_seed1_26agents_30rounds_20260731_013853.json,9,6,developed,SI,1251355.7333333334,18600.0,1269955.7333333334,10944571.266666666,10944571.266666666
20260731_013853,results/To_Use/simulation_llama3.1_8b_Full_scnldf_sh1_ldf1_seed1_26agents_30rounds_20260731_013853.json,9,7,developing,SFI,64223.1142857143,0.0,64223.1142857143,188038.11428571434,188038.11428571434
20260731_013853,results/To_Use/simulation_llama3.1_8b_Full_scnldf_sh1_ldf1_seed1_26agents_30rounds_20260731_013853.json,9,8,developing,SFI,113476.1142857143,0.0,113476.1142857143,274969.1142857144,274969.1142857144
20260731_013853,results/To_Use/simulation_llama3.1_8b_Full_scnldf_sh1_ldf1_seed1_26agents_30rounds_20260731_013853.json,9,9,developing,SFI,-14769.885714285701,0.0,-14769.885714285701,303799.11428571434,303799.11428571434
20260731_013853,results/To_Use/simulation_llama3.1_8b_Full_scnldf_sh1_ldf1_seed1_26agents_30rounds_20260731_013853.json,9,10,developed,SI,2251355.7333333334,-7425.0,2243930.7333333334,12602021.266666666,12602021.266666666
20260731_013853,results/To_Use/simulation_llama3.1_8b_Full_scnldf_sh1_ldf1_seed1_26agents_30rounds_20260731_013853.json,9,11,developing,SFI,82646.1142857143,0.0,82646.1142857143,856942.1142857145,856942.1142857145
20260731_013853,results/To_Use/simulation_llama3.1_8b_Full_scnldf_sh1_ldf1_seed1_26agents_30rounds_20260731_013853.json,9,12,developing,SFI,82652.1142857143,0.0,82652.1142857143,997737.1142857145,997737.1142857145
20260731_013853,results/To_Use/simulation_llama3.1_8b_Full_scnldf_sh1_ldf1_seed1_26agents_30rounds_20260731_013853.json,9,13,developed,SI,5051355.733333333,-48990.0,5002365.733333333,32907662.26666667,32907662.26666667
20260731_013853,results/To_Use/simulation_llama3.1_8b_Full_scnldf_sh1_ldf1_seed1_26agents_30rounds_20260731_013853.json,9,14,developed,SI,1251355.7333333334,-8910.0,1242445.7333333334,11849653.266666666,11849653.266666666
20260731_013853,results/To_Use/simulation_llama3.1_8b_Full_scnldf_sh1_ldf1_seed1_26agents_30rounds_20260731_013853.json,9,15,developing,SFI,68681.1142857143,0.0,68681.1142857143,402792.11428571434,402792.11428571434
20260731_013853,results/To_Use/simulation_llama3.1_8b_Full_scnldf_sh1_ldf1_seed1_26agents_30rounds_20260731_013853.json,9,16,developed,SI,5051355.733333333,-10650.0,5040705.733333333,19298578.266666666,19298578.266666666
20260731_013853,results/To_Use/simulation_llama3.1_8b_Full_scnldf_sh1_ldf1_seed1_26agents_30rounds_20260731_013853.json,9,17,developing,SFI,82646.1142857143,0.0,82646.1142857143,826852.1142857145,826852.1142857145
20260731_013853,results/To_Use/simulation_llama3.1_8b_Full_scnldf_sh1_ldf1_seed1_26agents_30rounds_20260731_013853.json,9,18,developing,SFI,-136523.88571428572,0.0,-136523.88571428572,443962.1142857143,443962.1142857143
20260731_013853,results/To_Use/simulation_llama3.1_8b_Full_scnldf_sh1_ldf1_seed1_26agents_30rounds_20260731_013853.json,9,19,developing,SFI,112407.1142857143,0.0,112407.1142857143,821110.1142857145,821110.1142857145
20260731_013853,results/To_Use/simulation_llama3.1_8b_Full_scnldf_sh1_ldf1_seed1_26agents_30rounds_20260731_013853.json,9,20,developing,SFI,-6523.885714285701,0.0,-6523.885714285701,157790.11428571428,157790.11428571428
20260731_013853,results/To_Use/simulation_llama3.1_8b_Full_scnldf_sh1_ldf1_seed1_26agents_30rounds_20260731_013853.json,9,21,developed,SI,3251355.7333333334,-53750.0,3197605.7333333334,10365461.266666666,10365461.266666666
20260731_013853,results/To_Use/simulation_llama3.1_8b_Full_scnldf_sh1_ldf1_seed1_26agents_30rounds_20260731_013853.json,9,22,developed,SI,6220525.733333333,-1455.0,6219070.733333333,20558368.266666666,20558368.266666666
20260731_013853,results/To_Use/simulation_llama3.1_8b_Full_scnldf_sh1_ldf1_seed1_26agents_30rounds_20260731_013853.json,9,23,developed,SI,2251355.7333333334,20770.0,2272125.7333333334,12509026.266666666,12509026.266666666
20260731_013853,results/To_Use/simulation_llama3.1_8b_Full_scnldf_sh1_ldf1_seed1_26agents_30rounds_20260731_013853.json,9,24,developing,SFI,113476.1142857143,0.0,113476.1142857143,2667716.1142857145,2667716.1142857145
20260731_013853,results/To_Use/simulation_llama3.1_8b_Full_scnldf_sh1_ldf1_seed1_26agents_30rounds_20260731_013853.json,9,25,developed,SI,1251355.7333333334,-1725.0,1249630.7333333334,7523146.266666667,7523146.266666667
20260731_013853,results/To_Use/simulation_llama3.1_8b_Full_scnldf_sh1_ldf1_seed1_26agents_30rounds_20260731_013853.json,10,0,developing,SFI,-54462.62857142856,0.0,-58962.62857142856,249041.48571428578,249041.48571428578
20260731_013853,results/To_Use/simulation_llama3.1_8b_Full_scnldf_sh1_ldf1_seed1_26agents_30rounds_20260731_013853.json,10,1,developing,SFI,144468.37142857144,0.0,139968.37142857144,831147.4857142858,831147.4857142858
20260731_013853,results/To_Use/simulation_llama3.1_8b_Full_scnldf_sh1_ldf1_seed1_26agents_30rounds_20260731_013853.json,10,2,developed,SI,3745274.666666666,22972.0,3759246.666666666,15115684.933333332,15115684.933333332
20260731_013853,results/To_Use/simulation_llama3.1_8b_Full_scnldf_sh1_ldf1_seed1_26agents_30rounds_20260731_013853.json,10,3,developed,SI,7545274.666666666,-11577.0,7524697.666666666,13780541.933333334,13780541.933333334
20260731_013853,results/To_Use/simulation_llama3.1_8b_Full_scnldf_sh1_ldf1_seed1_26agents_30rounds_20260731_013853.json,10,4,developing,SFI,-54462.62857142856,0.0,-58962.62857142856,373019.48571428575,373019.48571428575
20260731_013853,results/To_Use/simulation_llama3.1_8b_Full_scnldf_sh1_ldf1_seed1_26agents_30rounds_20260731_013853.json,10,5,developed,SI,2745274.666666666,28909.0,2765183.666666666,20172117.93333333,20172117.93333333
20260731_013853,results/To_Use/simulation_llama3.1_8b_Full_scnldf_sh1_ldf1_seed1_26agents_30rounds_20260731_013853.json,10,6,developed,SI,5745274.666666666,-899956.0,4836318.666666666,15780889.933333332,15780889.933333332
20260731_013853,results/To_Use/simulation_llama3.1_8b_Full_scnldf_sh1_ldf1_seed1_26agents_30rounds_20260731_013853.json,10,7,developing,SFI,45537.37142857144,0.0,41037.37142857144,229075.48571428578,229075.48571428578
20260731_013853,results/To_Use/simulation_llama3.1_8b_Full_scnldf_sh1_ldf1_seed1_26agents_30rounds_20260731_013853.json,10,8,developing,SFI,114707.37142857144,0.0,110207.37142857144,385176.48571428587,385176.48571428587
20260731_013853,results/To_Use/simulation_llama3.1_8b_Full_scnldf_sh1_ldf1_seed1_26agents_30rounds_20260731_013853.json,10,9,developing,SFI,135537.37142857144,0.0,131037.37142857144,434836.48571428575,434836.48571428575
20260731_013853,results/To_Use/simulation_llama3.1_8b_Full_scnldf_sh1_ldf1_seed1_26agents_30rounds_20260731_013853.json,10,10,developed,SI,-1254725.333333334,110.0,-1059548.333333334,11542472.933333332,11542472.933333332
20260731_013853,results/To_Use/simulation_llama3.1_8b_Full_scnldf_sh1_ldf1_seed1_26agents_30rounds_20260731_013853.json,10,11,developing,SFI,114707.37142857144,0.0,110207.37142857144,967149.4857142859,967149.4857142859
20260731_013853,results/To_Use/simulation_llama3.1_8b_Full_scnldf_sh1_ldf1_seed1_26agents_30rounds_20260731_013853.json,10,12,developing,SFI,114713.37142857144,0.0,110213.37142857144,1107950.4857142859,1107950.4857142859
20260731_013853,results/To_Use/simulation_llama3.1_8b_Full_scnldf_sh1_ldf1_seed1_26agents_30rounds_20260731_013853.json,10,13,developed,SI,-1254725.333333334,-571.0,-1060229.333333334,31847432.933333337,31847432.933333337
20260731_013853,results/To_Use/simulation_llama3.1_8b_Full_scnldf_sh1_ldf1_seed1_26agents_30rounds_20260731_013853.json,10,14,developed,SI,-1254725.333333334,148.0,-1263577.333333334,10586075.933333332,10586075.933333332
20260731_013853,results/To_Use/simulation_llama3.1_8b_Full_scnldf_sh1_ldf1_seed1_26agents_30rounds_20260731_013853.json,10,15,developing,SFI,-254462.62857142856,0.0,-258962.62857142856,143829.48571428578,143829.48571428578
20260731_013853,results/To_Use/simulation_llama3.1_8b_Full_scnldf_sh1_ldf1_seed1_26agents_30rounds_20260731_013853.json,10,16,developed,SI,7545274.666666666,-2714562.0,4821712.666666666,24120290.93333333,24120290.93333333
20260731_013853,results/To_Use/simulation_llama3.1_8b_Full_scnldf_sh1_ldf1_seed1_26agents_30rounds_20260731_013853.json,10,17,developing,SFI,114707.37142857144,0.0,110207.37142857144,937059.4857142859,937059.4857142859
20260731_013853,results/To_Use/simulation_llama3.1_8b_Full_scnldf_sh1_ldf1_seed1_26agents_30rounds_20260731_013853.json,10,18,developing,SFI,27537.371428571438,0.0,23037.371428571438,466999.48571428575,466999.48571428575
20260731_013853,results/To_Use/simulation_llama3.1_8b_Full_scnldf_sh1_ldf1_seed1_26agents_30rounds_20260731_013853.json,10,19,developing,SFI,144468.37142857144,0.0,139968.37142857144,961078.4857142859,961078.4857142859
20260731_013853,results/To_Use/simulation_llama3.1_8b_Full_scnldf_sh1_ldf1_seed1_26agents_30rounds_20260731_013853.json,10,20,developing,SFI,25537.371428571438,0.0,21037.371428571438,178827.48571428572,178827.48571428572
20260731_013853,results/To_Use/simulation_llama3.1_8b_Full_scnldf_sh1_ldf1_seed1_26agents_30rounds_20260731_013853.json,10,21,developed,SI,4755714.666666666,45.0,4746759.666666666,15112220.933333332,15112220.933333332
20260731_013853,results/To_Use/simulation_llama3.1_8b_Full_scnldf_sh1_ldf1_seed1_26agents_30rounds_20260731_013853.json,10,22,developed,SI,7545274.666666666,-1489981.0,6046293.666666666,26604661.93333333,26604661.93333333
20260731_013853,results/To_Use/simulation_llama3.1_8b_Full_scnldf_sh1_ldf1_seed1_26agents_30rounds_20260731_013853.json,10,23,developed,SI,-1254725.333333334,-1169.0,-1264894.333333334,11244131.933333332,11244131.933333332
20260731_013853,results/To_Use/simulation_llama3.1_8b_Full_scnldf_sh1_ldf1_seed1_26agents_30rounds_20260731_013853.json,10,24,developing,SFI,145537.37142857144,0.0,141037.37142857144,2808753.485714286,2808753.485714286
20260731_013853,results/To_Use/simulation_llama3.1_8b_Full_scnldf_sh1_ldf1_seed1_26agents_30rounds_20260731_013853.json,10,25,developed,SI,4745274.666666666,-376160.0,4360114.666666666,11883260.933333334,11883260.933333334
20260731_013853,results/To_Use/simulation_llama3.1_8b_Full_scnldf_sh1_ldf1_seed1_26agents_30rounds_20260731_013853.json,11,0,developing,SFI,33565.48571428572,0.0,33565.48571428572,282606.9714285715,282606.9714285715
20260731_013853,results/To_Use/simulation_llama3.1_8b_Full_scnldf_sh1_ldf1_seed1_26agents_30rounds_20260731_013853.json,11,1,developing,SFI,152496.48571428572,0.0,152496.48571428572,983643.9714285715,983643.9714285715
20260731_013853,results/To_Use/simulation_llama3.1_8b_Full_scnldf_sh1_ldf1_seed1_26agents_30rounds_20260731_013853.json,11,2,developed,SI,2300479.466666667,1326.0,2301805.466666667,17417490.4,17417490.4
20260731_013853,results/To_Use/simulation_llama3.1_8b_Full_scnldf_sh1_ldf1_seed1_26agents_30rounds_20260731_013853.json,11,3,developed,SI,4446883.466666667,-12.0,4446871.466666667,18227413.4,18227413.4
20260731_013853,results/To_Use/simulation_llama3.1_8b_Full_scnldf_sh1_ldf1_seed1_26agents_30rounds_20260731_013853.json,11,4,developing,SFI,-46434.51428571428,0.0,-46434.51428571428,326584.9714285715,326584.9714285715
20260731_013853,results/To_Use/simulation_llama3.1_8b_Full_scnldf_sh1_ldf1_seed1_26agents_30rounds_20260731_013853.json,11,5,developed,SI,-1699520.5333333332,37800.0,-1491045.5333333332,18681072.4,18681072.4
20260731_013853,results/To_Use/simulation_llama3.1_8b_Full_scnldf_sh1_ldf1_seed1_26agents_30rounds_20260731_013853.json,11,6,developed,SI,2300479.466666667,-50995.0,2249484.466666667,18030374.4,18030374.4
20260731_013853,results/To_Use/simulation_llama3.1_8b_Full_scnldf_sh1_ldf1_seed1_26agents_30rounds_20260731_013853.json,11,7,developing,SFI,3565.4857142857218,0.0,3565.4857142857218,232640.9714285715,232640.9714285715
20260731_013853,results/To_Use/simulation_llama3.1_8b_Full_scnldf_sh1_ldf1_seed1_26agents_30rounds_20260731_013853.json,11,8,developing,SFI,122735.48571428572,0.0,122735.48571428572,507911.9714285716,507911.9714285716
20260731_013853,results/To_Use/simulation_llama3.1_8b_Full_scnldf_sh1_ldf1_seed1_26agents_30rounds_20260731_013853.json,11,9,developing,SFI,-46434.51428571428,0.0,-46434.51428571428,388401.9714285715,388401.9714285715
20260731_013853,results/To_Use/simulation_llama3.1_8b_Full_scnldf_sh1_ldf1_seed1_26agents_30rounds_20260731_013853.json,11,10,developed,SI,6300479.466666667,-37834.0,6262645.466666667,17805118.4,17805118.4
20260731_013853,results/To_Use/simulation_llama3.1_8b_Full_scnldf_sh1_ldf1_seed1_26agents_30rounds_20260731_013853.json,11,11,developing,SFI,122735.48571428572,0.0,122735.48571428572,1089884.9714285715,1089884.9714285715
20260731_013853,results/To_Use/simulation_llama3.1_8b_Full_scnldf_sh1_ldf1_seed1_26agents_30rounds_20260731_013853.json,11,12,developing,SFI,122741.48571428572,0.0,122741.48571428572,1230691.9714285715,1230691.9714285715
20260731_013853,results/To_Use/simulation_llama3.1_8b_Full_scnldf_sh1_ldf1_seed1_26agents_30rounds_20260731_013853.json,11,13,developed,SI,-1699520.5333333332,-875.0,-1529720.5333333332,30317712.400000006,30317712.400000006
20260731_013853,results/To_Use/simulation_llama3.1_8b_Full_scnldf_sh1_ldf1_seed1_26agents_30rounds_20260731_013853.json,11,14,developed,SI,5300479.466666667,-529378.0,4771101.466666667,15357177.399999999,15357177.399999999
20260731_013853,results/To_Use/simulation_llama3.1_8b_Full_scnldf_sh1_ldf1_seed1_26agents_30rounds_20260731_013853.json,11,15,developing,SFI,53565.48571428572,0.0,53565.48571428572,197394.9714285715,197394.9714285715
20260731_013853,results/To_Use/simulation_llama3.1_8b_Full_scnldf_sh1_ldf1_seed1_26agents_30rounds_20260731_013853.json,11,16,developed,SI,9100479.466666667,-1589198.0,7511281.466666667,31631572.4,31631572.4
20260731_013853,results/To_Use/simulation_llama3.1_8b_Full_scnldf_sh1_ldf1_seed1_26agents_30rounds_20260731_013853.json,11,17,developing,SFI,122735.48571428572,0.0,122735.48571428572,1059794.9714285715,1059794.9714285715
20260731_013853,results/To_Use/simulation_llama3.1_8b_Full_scnldf_sh1_ldf1_seed1_26agents_30rounds_20260731_013853.json,11,18,developing,SFI,-46434.51428571428,0.0,-46434.51428571428,420564.9714285715,420564.9714285715
20260731_013853,results/To_Use/simulation_llama3.1_8b_Full_scnldf_sh1_ldf1_seed1_26agents_30rounds_20260731_013853.json,11,19,developing,SFI,152496.48571428572,0.0,152496.48571428572,1113574.9714285715,1113574.9714285715
20260731_013853,results/To_Use/simulation_llama3.1_8b_Full_scnldf_sh1_ldf1_seed1_26agents_30rounds_20260731_013853.json,11,20,developing,SFI,33565.48571428572,0.0,33565.48571428572,212392.97142857144,212392.97142857144
20260731_013853,results/To_Use/simulation_llama3.1_8b_Full_scnldf_sh1_ldf1_seed1_26agents_30rounds_20260731_013853.json,11,21,developed,SI,2300479.466666667,-18.0,2300461.466666667,17412682.4,17412682.4
20260731_013853,results/To_Use/simulation_llama3.1_8b_Full_scnldf_sh1_ldf1_seed1_26agents_30rounds_20260731_013853.json,11,22,developed,SI,9100479.466666667,-1503010.0,7597469.466666667,34202131.4,34202131.4
20260731_013853,results/To_Use/simulation_llama3.1_8b_Full_scnldf_sh1_ldf1_seed1_26agents_30rounds_20260731_013853.json,11,23,developed,SI,6300479.466666667,-285056.0,6015423.466666667,17259555.4,17259555.4
20260731_013853,results/To_Use/simulation_llama3.1_8b_Full_scnldf_sh1_ldf1_seed1_26agents_30rounds_20260731_013853.json,11,24,developing,SFI,25319.48571428572,0.0,25319.48571428572,2834072.9714285717,2834072.9714285717
20260731_013853,results/To_Use/simulation_llama3.1_8b_Full_scnldf_sh1_ldf1_seed1_26agents_30rounds_20260731_013853.json,11,25,developed,SI,2300479.466666667,-594094.0,1706385.4666666668,13589646.4,13589646.4
20260731_013853,results/To_Use/simulation_llama3.1_8b_Full_scnldf_sh1_ldf1_seed1_26agents_30rounds_20260731_013853.json,12,0,developing,SFI,-54544.114285714284,0.0,-54544.114285714284,228062.85714285722,228062.85714285722
20260731_013853,results/To_Use/simulation_llama3.1_8b_Full_scnldf_sh1_ldf1_seed1_26agents_30rounds_20260731_013853.json,12,1,developing,SFI,144386.88571428572,0.0,144386.88571428572,1128030.8571428573,1128030.8571428573
20260731_013853,results/To_Use/simulation_llama3.1_8b_Full_scnldf_sh1_ldf1_seed1_26agents_30rounds_20260731_013853.json,12,2,developed,SI,6933333.333333332,769839.0,7703172.333333332,25120662.73333333,25120662.73333333
20260731_013853,results/To_Use/simulation_llama3.1_8b_Full_scnldf_sh1_ldf1_seed1_26agents_30rounds_20260731_013853.json,12,3,developed,SI,6933333.333333332,-910570.0,6022763.333333332,24250176.73333333,24250176.73333333
20260731_013853,results/To_Use/simulation_llama3.1_8b_Full_scnldf_sh1_ldf1_seed1_26agents_30rounds_20260731_013853.json,12,4,developing,SFI,39455.885714285716,0.0,39455.885714285716,366040.8571428572,366040.8571428572
20260731_013853,results/To_Use/simulation_llama3.1_8b_Full_scnldf_sh1_ldf1_seed1_26agents_30rounds_20260731_013853.json,12,5,developed,SI,4933333.333333332,-451259.0,4780483.333333332,23461555.73333333,23461555.73333333
20260731_013853,results/To_Use/simulation_llama3.1_8b_Full_scnldf_sh1_ldf1_seed1_26agents_30rounds_20260731_013853.json,12,6,developed,SI,6933333.333333332,-900518.0,6032815.333333332,24063189.73333333,24063189.73333333
20260731_013853,results/To_Use/simulation_llama3.1_8b_Full_scnldf_sh1_ldf1_seed1_26agents_30rounds_20260731_013853.json,12,7,developing,SFI,25455.885714285716,0.0,25455.885714285716,258096.85714285722,258096.85714285722
20260731_013853,results/To_Use/simulation_llama3.1_8b_Full_scnldf_sh1_ldf1_seed1_26agents_30rounds_20260731_013853.json,12,8,developing,SFI,114625.88571428572,0.0,114625.88571428572,622537.8571428573,622537.8571428573
20260731_013853,results/To_Use/simulation_llama3.1_8b_Full_scnldf_sh1_ldf1_seed1_26agents_30rounds_20260731_013853.json,12,9,developing,SFI,17209.885714285716,0.0,17209.885714285716,405611.8571428572,405611.8571428572
20260731_013853,results/To_Use/simulation_llama3.1_8b_Full_scnldf_sh1_ldf1_seed1_26agents_30rounds_20260731_013853.json,12,10,developed,SI,12933333.333333332,-2204.0,12931129.333333332,30736247.73333333,30736247.73333333
20260731_013853,results/To_Use/simulation_llama3.1_8b_Full_scnldf_sh1_ldf1_seed1_26agents_30rounds_20260731_013853.json,12,11,developing,SFI,114625.88571428572,0.0,114625.88571428572,1204510.8571428573,1204510.8571428573
20260731_013853,results/To_Use/simulation_llama3.1_8b_Full_scnldf_sh1_ldf1_seed1_26agents_30rounds_20260731_013853.json,12,12,developing,SFI,114631.88571428572,0.0,114631.88571428572,1345323.8571428573,1345323.8571428573
20260731_013853,results/To_Use/simulation_llama3.1_8b_Full_scnldf_sh1_ldf1_seed1_26agents_30rounds_20260731_013853.json,12,13,developed,SI,4933333.333333332,-31350.0,4901983.333333332,35219695.733333334,35219695.733333334
20260731_013853,results/To_Use/simulation_llama3.1_8b_Full_scnldf_sh1_ldf1_seed1_26agents_30rounds_20260731_013853.json,12,14,developed,SI,8933333.333333332,-6203294.0,2730039.333333332,18087216.73333333,18087216.73333333
20260731_013853,results/To_Use/simulation_llama3.1_8b_Full_scnldf_sh1_ldf1_seed1_26agents_30rounds_20260731_013853.json,12,15,developing,SFI,100660.88571428572,0.0,100660.88571428572,298055.8571428572,298055.8571428572
20260731_013853,results/To_Use/simulation_llama3.1_8b_Full_scnldf_sh1_ldf1_seed1_26agents_30rounds_20260731_013853.json,12,16,developed,SI,4933333.333333332,-30597.0,4902736.333333332,36534308.733333334,36534308.733333334
20260731_013853,results/To_Use/simulation_llama3.1_8b_Full_scnldf_sh1_ldf1_seed1_26agents_30rounds_20260731_013853.json,12,17,developing,SFI,114625.88571428572,0.0,114625.88571428572,1174420.8571428573,1174420.8571428573
20260731_013853,results/To_Use/simulation_llama3.1_8b_Full_scnldf_sh1_ldf1_seed1_26agents_30rounds_20260731_013853.json,12,18,developing,SFI,-154544.11428571428,0.0,-154544.11428571428,266020.8571428572,266020.8571428572
20260731_013853,results/To_Use/simulation_llama3.1_8b_Full_scnldf_sh1_ldf1_seed1_26agents_30rounds_20260731_013853.json,12,19,developing,SFI,144386.88571428572,0.0,144386.88571428572,1257961.8571428573,1257961.8571428573
20260731_013853,results/To_Use/simulation_llama3.1_8b_Full_scnldf_sh1_ldf1_seed1_26agents_30rounds_20260731_013853.json,12,20,developing,SFI,25455.885714285716,0.0,25455.885714285716,237848.85714285716,237848.85714285716
20260731_013853,results/To_Use/simulation_llama3.1_8b_Full_scnldf_sh1_ldf1_seed1_26agents_30rounds_20260731_013853.json,12,21,developed,SI,4933333.333333332,3789.0,4937122.333333332,22349804.73333333,22349804.73333333
20260731_013853,results/To_Use/simulation_llama3.1_8b_Full_scnldf_sh1_ldf1_seed1_26agents_30rounds_20260731_013853.json,12,22,developed,SI,-3066666.666666668,-181347.0,-2949604.666666668,31252526.73333333,31252526.73333333
20260731_013853,results/To_Use/simulation_llama3.1_8b_Full_scnldf_sh1_ldf1_seed1_26agents_30rounds_20260731_013853.json,12,23,developed,SI,4933333.333333332,-20000.0,4913333.333333332,22172888.73333333,22172888.73333333
20260731_013853,results/To_Use/simulation_llama3.1_8b_Full_scnldf_sh1_ldf1_seed1_26agents_30rounds_20260731_013853.json,12,24,developing,SFI,17209.885714285716,0.0,17209.885714285716,2851282.8571428573,2851282.8571428573
20260731_013853,results/To_Use/simulation_llama3.1_8b_Full_scnldf_sh1_ldf1_seed1_26agents_30rounds_20260731_013853.json,12,25,developed,SI,11933333.333333332,-73.0,11933260.333333332,25522906.733333334,25522906.733333334
20260731_013853,results/To_Use/simulation_llama3.1_8b_Full_scnldf_sh1_ldf1_seed1_26agents_30rounds_20260731_013853.json,13,0,developing,SFI,-8063.542857142835,0.0,-8063.542857142835,219999.31428571438,219999.31428571438
20260731_013853,results/To_Use/simulation_llama3.1_8b_Full_scnldf_sh1_ldf1_seed1_26agents_30rounds_20260731_013853.json,13,1,developing,SFI,140867.45714285717,0.0,140867.45714285717,1268898.3142857144,1268898.3142857144
20260731_013853,results/To_Use/simulation_llama3.1_8b_Full_scnldf_sh1_ldf1_seed1_26agents_30rounds_20260731_013853.json,13,2,developed,SI,9042424.133333337,6375.0,9048799.133333337,34169461.86666667,34169461.86666667
20260731_013853,results/To_Use/simulation_llama3.1_8b_Full_scnldf_sh1_ldf1_seed1_26agents_30rounds_20260731_013853.json,13,3,developed,SI,7042424.133333337,-30880.0,7018676.133333337,31268852.866666667,31268852.866666667
20260731_013853,results/To_Use/simulation_llama3.1_8b_Full_scnldf_sh1_ldf1_seed1_26agents_30rounds_20260731_013853.json,13,4,developing,SFI,-58063.542857142835,0.0,-58063.542857142835,307977.3142857144,307977.3142857144
20260731_013853,results/To_Use/simulation_llama3.1_8b_Full_scnldf_sh1_ldf1_seed1_26agents_30rounds_20260731_013853.json,13,5,developed,SI,7042424.133333337,-50000.0,6992424.133333337,30453979.866666667,30453979.866666667
20260731_013853,results/To_Use/simulation_llama3.1_8b_Full_scnldf_sh1_ldf1_seed1_26agents_30rounds_20260731_013853.json,13,6,developed,SI,9042424.133333337,2875.0,9045299.133333337,33108488.866666667,33108488.866666667
20260731_013853,results/To_Use/simulation_llama3.1_8b_Full_scnldf_sh1_ldf1_seed1_26agents_30rounds_20260731_013853.json,13,7,developing,SFI,-8063.542857142835,0.0,-8063.542857142835,250033.31428571438,250033.31428571438
20260731_013853,results/To_Use/simulation_llama3.1_8b_Full_scnldf_sh1_ldf1_seed1_26agents_30rounds_20260731_013853.json,13,8,developing,SFI,111106.45714285717,0.0,111106.45714285717,733644.3142857144,733644.3142857144
20260731_013853,results/To_Use/simulation_llama3.1_8b_Full_scnldf_sh1_ldf1_seed1_26agents_30rounds_20260731_013853.json,13,9,developing,SFI,13690.457142857165,0.0,13690.457142857165,419302.3142857144,419302.3142857144
20260731_013853,results/To_Use/simulation_llama3.1_8b_Full_scnldf_sh1_ldf1_seed1_26agents_30rounds_20260731_013853.json,13,10,developed,SI,-957575.8666666634,-2000.0,-952443.8666666634,29783803.866666667,29783803.866666667
20260731_013853,results/To_Use/simulation_llama3.1_8b_Full_scnldf_sh1_ldf1_seed1_26agents_30rounds_20260731_013853.json,13,11,developing,SFI,111106.45714285717,0.0,111106.45714285717,1315617.3142857144,1315617.3142857144
20260731_013853,results/To_Use/simulation_llama3.1_8b_Full_scnldf_sh1_ldf1_seed1_26agents_30rounds_20260731_013853.json,13,12,developing,SFI,111112.45714285717,0.0,111112.45714285717,1456436.3142857144,1456436.3142857144
20260731_013853,results/To_Use/simulation_llama3.1_8b_Full_scnldf_sh1_ldf1_seed1_26agents_30rounds_20260731_013853.json,13,13,developed,SI,7042424.133333337,-15180.0,7027244.133333337,42246939.866666675,42246939.866666675
20260731_013853,results/To_Use/simulation_llama3.1_8b_Full_scnldf_sh1_ldf1_seed1_26agents_30rounds_20260731_013853.json,13,14,developed,SI,8224243.133333337,-83800.0,8140443.133333337,26227659.866666667,26227659.866666667
20260731_013853,results/To_Use/simulation_llama3.1_8b_Full_scnldf_sh1_ldf1_seed1_26agents_30rounds_20260731_013853.json,13,15,developing,SFI,21936.457142857165,0.0,21936.457142857165,319992.3142857144,319992.3142857144
20260731_013853,results/To_Use/simulation_llama3.1_8b_Full_scnldf_sh1_ldf1_seed1_26agents_30rounds_20260731_013853.json,13,16,developed,SI,7042424.133333337,-1740.0,7040684.133333337,43574992.866666675,43574992.866666675
20260731_013853,results/To_Use/simulation_llama3.1_8b_Full_scnldf_sh1_ldf1_seed1_26agents_30rounds_20260731_013853.json,13,17,developing,SFI,111106.45714285717,0.0,111106.45714285717,1285527.3142857144,1285527.3142857144
20260731_013853,results/To_Use/simulation_llama3.1_8b_Full_scnldf_sh1_ldf1_seed1_26agents_30rounds_20260731_013853.json,13,18,developing,SFI,21936.457142857165,0.0,21936.457142857165,287957.3142857144,287957.3142857144
20260731_013853,results/To_Use/simulation_llama3.1_8b_Full_scnldf_sh1_ldf1_seed1_26agents_30rounds_20260731_013853.json,13,19,developing,SFI,140867.45714285717,0.0,140867.45714285717,1398829.3142857144,1398829.3142857144
20260731_013853,results/To_Use/simulation_llama3.1_8b_Full_scnldf_sh1_ldf1_seed1_26agents_30rounds_20260731_013853.json,13,20,developing,SFI,21936.457142857165,0.0,21936.457142857165,259785.31428571432,259785.31428571432
20260731_013853,results/To_Use/simulation_llama3.1_8b_Full_scnldf_sh1_ldf1_seed1_26agents_30rounds_20260731_013853.json,13,21,developed,SI,7042424.133333337,4650.0,7047074.133333337,29396878.866666667,29396878.866666667
20260731_013853,results/To_Use/simulation_llama3.1_8b_Full_scnldf_sh1_ldf1_seed1_26agents_30rounds_20260731_013853.json,13,22,developed,SI,7042424.133333337,-1125.0,7041299.133333337,38293825.86666667,38293825.86666667
20260731_013853,results/To_Use/simulation_llama3.1_8b_Full_scnldf_sh1_ldf1_seed1_26agents_30rounds_20260731_013853.json,13,23,developed,SI,9042424.133333337,2425.0,9044849.133333337,31217737.866666667,31217737.866666667
20260731_013853,results/To_Use/simulation_llama3.1_8b_Full_scnldf_sh1_ldf1_seed1_26agents_30rounds_20260731_013853.json,13,24,developing,SFI,13690.457142857165,0.0,13690.457142857165,2864973.3142857146,2864973.3142857146
20260731_013853,results/To_Use/simulation_llama3.1_8b_Full_scnldf_sh1_ldf1_seed1_26agents_30rounds_20260731_013853.json,13,25,developed,SI,9042424.133333337,-21800.0,9020624.133333337,34543530.866666675,34543530.866666675
20260731_013853,results/To_Use/simulation_llama3.1_8b_Full_scnldf_sh1_ldf1_seed1_26agents_30rounds_20260731_013853.json,14,0,developing,SFI,-47671.542857142864,0.0,-47671.542857142864,172327.77142857152,172327.77142857152
20260731_013853,results/To_Use/simulation_llama3.1_8b_Full_scnldf_sh1_ldf1_seed1_26agents_30rounds_20260731_013853.json,14,1,developing,SFI,151259.45714285714,0.0,151259.45714285714,1420157.7714285715,1420157.7714285715
20260731_013853,results/To_Use/simulation_llama3.1_8b_Full_scnldf_sh1_ldf1_seed1_26agents_30rounds_20260731_013853.json,14,2,developed,SI,10109090.8,-1950.0,10107140.8,44276602.66666667,44276602.66666667
20260731_013853,results/To_Use/simulation_llama3.1_8b_Full_scnldf_sh1_ldf1_seed1_26agents_30rounds_20260731_013853.json,14,3,developed,SI,10109090.8,-360.0,10108730.8,41377583.66666667,41377583.66666667
20260731_013853,results/To_Use/simulation_llama3.1_8b_Full_scnldf_sh1_ldf1_seed1_26agents_30rounds_20260731_013853.json,14,4,developing,SFI,2328.457142857136,0.0,2328.457142857136,310305.77142857155,310305.77142857155
20260731_013853,results/To_Use/simulation_llama3.1_8b_Full_scnldf_sh1_ldf1_seed1_26agents_30rounds_20260731_013853.json,14,5,developed,SI,8109090.800000001,-450.0,8108640.800000001,38562620.66666667,38562620.66666667
20260731_013853,results/To_Use/simulation_llama3.1_8b_Full_scnldf_sh1_ldf1_seed1_26agents_30rounds_20260731_013853.json,14,6,developed,SI,10109090.8,-20120.0,10088970.8,43197459.66666667,43197459.66666667
20260731_013853,results/To_Use/simulation_llama3.1_8b_Full_scnldf_sh1_ldf1_seed1_26agents_30rounds_20260731_013853.json,14,7,developing,SFI,32328.457142857136,0.0,32328.457142857136,282361.77142857155,282361.77142857155
20260731_013853,results/To_Use/simulation_llama3.1_8b_Full_scnldf_sh1_ldf1_seed1_26agents_30rounds_20260731_013853.json,14,8,developing,SFI,121498.45714285714,0.0,121498.45714285714,855142.7714285715,855142.7714285715
20260731_013853,results/To_Use/simulation_llama3.1_8b_Full_scnldf_sh1_ldf1_seed1_26agents_30rounds_20260731_013853.json,14,9,developing,SFI,-47671.542857142864,0.0,-47671.542857142864,371630.77142857155,371630.77142857155
20260731_013853,results/To_Use/simulation_llama3.1_8b_Full_scnldf_sh1_ldf1_seed1_26agents_30rounds_20260731_013853.json,14,10,developed,SI,5109090.800000001,-3636860.0,1691122.8000000007,31474926.666666668,31474926.66666667
20260731_013853,results/To_Use/simulation_llama3.1_8b_Full_scnldf_sh1_ldf1_seed1_26agents_30rounds_20260731_013853.json,14,11,developing,SFI,121498.45714285714,0.0,121498.45714285714,1437115.7714285715,1437115.7714285715
20260731_013853,results/To_Use/simulation_llama3.1_8b_Full_scnldf_sh1_ldf1_seed1_26agents_30rounds_20260731_013853.json,14,12,developing,SFI,152328.45714285714,0.0,152328.45714285714,1608764.7714285715,1608764.7714285715
20260731_013853,results/To_Use/simulation_llama3.1_8b_Full_scnldf_sh1_ldf1_seed1_26agents_30rounds_20260731_013853.json,14,13,developed,SI,8109090.800000001,-8990.0,8100100.800000001,50347040.66666667,50347040.66666667
20260731_013853,results/To_Use/simulation_llama3.1_8b_Full_scnldf_sh1_ldf1_seed1_26agents_30rounds_20260731_013853.json,14,14,developed,SI,9290909.8,-894045.0,8396864.8,34624524.66666667,34624524.66666667
20260731_013853,results/To_Use/simulation_llama3.1_8b_Full_scnldf_sh1_ldf1_seed1_26agents_30rounds_20260731_013853.json,14,15,developing,SFI,-47671.542857142864,0.0,-47671.542857142864,272320.77142857155,272320.77142857155
20260731_013853,results/To_Use/simulation_llama3.1_8b_Full_scnldf_sh1_ldf1_seed1_26agents_30rounds_20260731_013853.json,14,16,developed,SI,8109090.800000001,2830.0,8111920.800000001,51686913.66666667,51686913.66666667
20260731_013853,results/To_Use/simulation_llama3.1_8b_Full_scnldf_sh1_ldf1_seed1_26agents_30rounds_20260731_013853.json,14,17,developing,SFI,121498.45714285714,0.0,121498.45714285714,1407025.7714285715,1407025.7714285715
20260731_013853,results/To_Use/simulation_llama3.1_8b_Full_scnldf_sh1_ldf1_seed1_26agents_30rounds_20260731_013853.json,14,18,developing,SFI,32328.457142857136,0.0,32328.457142857136,320285.77142857155,320285.77142857155
20260731_013853,results/To_Use/simulation_llama3.1_8b_Full_scnldf_sh1_ldf1_seed1_26agents_30rounds_20260731_013853.json,14,19,developing,SFI,151259.45714285714,0.0,151259.45714285714,1550088.7714285715,1550088.7714285715
20260731_013853,results/To_Use/simulation_llama3.1_8b_Full_scnldf_sh1_ldf1_seed1_26agents_30rounds_20260731_013853.json,14,20,developing,SFI,32328.457142857136,0.0,32328.457142857136,292113.77142857143,292113.77142857143
20260731_013853,results/To_Use/simulation_llama3.1_8b_Full_scnldf_sh1_ldf1_seed1_26agents_30rounds_20260731_013853.json,14,21,developed,SI,8109090.800000001,20145.0,8129235.800000001,37526114.66666667,37526114.66666667
20260731_013853,results/To_Use/simulation_llama3.1_8b_Full_scnldf_sh1_ldf1_seed1_26agents_30rounds_20260731_013853.json,14,22,developed,SI,109090.80000000075,1300.0,329282.80000000075,38623108.66666667,38623108.66666667
20260731_013853,results/To_Use/simulation_llama3.1_8b_Full_scnldf_sh1_ldf1_seed1_26agents_30rounds_20260731_013853.json,14,23,developed,SI,8109090.800000001,251360.0,8360450.800000001,39578188.66666667,39578188.66666667
20260731_013853,results/To_Use/simulation_llama3.1_8b_Full_scnldf_sh1_ldf1_seed1_26agents_30rounds_20260731_013853.json,14,24,developing,SFI,24082.457142857136,0.0,24082.457142857136,2889055.771428572,2889055.771428572
20260731_013853,results/To_Use/simulation_llama3.1_8b_Full_scnldf_sh1_ldf1_seed1_26agents_30rounds_20260731_013853.json,14,25,developed,SI,5109090.800000001,-1550000.0,3559090.8000000007,38102621.66666667,38102621.66666667
20260731_013853,results/To_Use/simulation_llama3.1_8b_Full_scnldf_sh1_ldf1_seed1_26agents_30rounds_20260731_013853.json,15,0,developing,SFI,-23329.14285714287,0.0,-23329.14285714287,148998.62857142865,148998.62857142865
20260731_013853,results/To_Use/simulation_llama3.1_8b_Full_scnldf_sh1_ldf1_seed1_26agents_30rounds_20260731_013853.json,15,1,developing,SFI,146601.85714285713,0.0,146601.85714285713,1566759.6285714286,1566759.6285714286
20260731_013853,results/To_Use/simulation_llama3.1_8b_Full_scnldf_sh1_ldf1_seed1_26agents_30rounds_20260731_013853.json,15,2,developed,SI,7953167.866666671,1864.0,7955031.866666671,52231634.533333346,52231634.533333346
20260731_013853,results/To_Use/simulation_llama3.1_8b_Full_scnldf_sh1_ldf1_seed1_26agents_30rounds_20260731_013853.json,15,3,developed,SI,2953167.866666671,1503.0,2959228.866666671,44336812.533333346,44336812.533333346
20260731_013853,results/To_Use/simulation_llama3.1_8b_Full_scnldf_sh1_ldf1_seed1_26agents_30rounds_20260731_013853.json,15,4,developing,SFI,47670.85714285713,0.0,47670.85714285713,357976.6285714287,357976.6285714287
20260731_013853,results/To_Use/simulation_llama3.1_8b_Full_scnldf_sh1_ldf1_seed1_26agents_30rounds_20260731_013853.json,15,5,developed,SI,10953167.86666667,-29895.0,10923272.86666667,49485893.533333346,49485893.533333346
20260731_013853,results/To_Use/simulation_llama3.1_8b_Full_scnldf_sh1_ldf1_seed1_26agents_30rounds_20260731_013853.json,15,6,developed,SI,10151515.86666667,-15400.0,10136115.86666667,53333575.533333346,53333575.533333346
20260731_013853,results/To_Use/simulation_llama3.1_8b_Full_scnldf_sh1_ldf1_seed1_26agents_30rounds_20260731_013853.json,15,7,developing,SFI,-2329.1428571428696,0.0,-2329.1428571428696,280032.6285714287,280032.6285714287
20260731_013853,results/To_Use/simulation_llama3.1_8b_Full_scnldf_sh1_ldf1_seed1_26agents_30rounds_20260731_013853.json,15,8,developing,SFI,116840.85714285713,0.0,116840.85714285713,971983.6285714287,971983.6285714287
20260731_013853,results/To_Use/simulation_llama3.1_8b_Full_scnldf_sh1_ldf1_seed1_26agents_30rounds_20260731_013853.json,15,9,developing,SFI,19424.85714285713,0.0,19424.85714285713,391055.6285714287,391055.6285714287
20260731_013853,results/To_Use/simulation_llama3.1_8b_Full_scnldf_sh1_ldf1_seed1_26agents_30rounds_20260731_013853.json,15,10,developed,SI,10606060.86666667,-1000.0,10605060.86666667,42079987.53333334,42079987.533333346
20260731_013853,results/To_Use/simulation_llama3.1_8b_Full_scnldf_sh1_ldf1_seed1_26agents_30rounds_20260731_013853.json,15,11,developing,SFI,116840.85714285713,0.0,116840.85714285713,1553956.6285714286,1553956.6285714286
20260731_013853,results/To_Use/simulation_llama3.1_8b_Full_scnldf_sh1_ldf1_seed1_26agents_30rounds_20260731_013853.json,15,12,developing,SFI,147670.85714285713,0.0,147670.85714285713,1756435.6285714286,1756435.6285714286
20260731_013853,results/To_Use/simulation_llama3.1_8b_Full_scnldf_sh1_ldf1_seed1_26agents_30rounds_20260731_013853.json,15,13,developed,SI,10953167.86666667,-24576.0,10928591.86666667,61275632.533333346,61275632.533333346
20260731_013853,results/To_Use/simulation_llama3.1_8b_Full_scnldf_sh1_ldf1_seed1_26agents_30rounds_20260731_013853.json,15,14,developed,SI,10953167.86666667,-20265.0,10932902.86666667,45557427.533333346,45557427.533333346
20260731_013853,results/To_Use/simulation_llama3.1_8b_Full_scnldf_sh1_ldf1_seed1_26agents_30rounds_20260731_013853.json,15,15,developing,SFI,-52329.14285714287,0.0,-52329.14285714287,219991.62857142868,219991.62857142868
20260731_013853,results/To_Use/simulation_llama3.1_8b_Full_scnldf_sh1_ldf1_seed1_26agents_30rounds_20260731_013853.json,15,16,developed,SI,10953167.86666667,-14574.0,10938593.86666667,62625507.533333346,62625507.533333346
20260731_013853,results/To_Use/simulation_llama3.1_8b_Full_scnldf_sh1_ldf1_seed1_26agents_30rounds_20260731_013853.json,15,17,developing,SFI,116840.85714285713,0.0,116840.85714285713,1523866.6285714286,1523866.6285714286
20260731_013853,results/To_Use/simulation_llama3.1_8b_Full_scnldf_sh1_ldf1_seed1_26agents_30rounds_20260731_013853.json,15,18,developing,SFI,-52329.14285714287,0.0,-52329.14285714287,267956.6285714287,267956.6285714287
20260731_013853,results/To_Use/simulation_llama3.1_8b_Full_scnldf_sh1_ldf1_seed1_26agents_30rounds_20260731_013853.json,15,19,developing,SFI,146601.85714285713,0.0,146601.85714285713,1696690.6285714286,1696690.6285714286
20260731_013853,results/To_Use/simulation_llama3.1_8b_Full_scnldf_sh1_ldf1_seed1_26agents_30rounds_20260731_013853.json,15,20,developing,SFI,27670.85714285713,0.0,27670.85714285713,319784.6285714286,319784.6285714286
20260731_013853,results/To_Use/simulation_llama3.1_8b_Full_scnldf_sh1_ldf1_seed1_26agents_30rounds_20260731_013853.json,15,21,developed,SI,10953167.86666667,-17013.0,10936154.86666667,48462269.533333346,48462269.533333346
20260731_013853,results/To_Use/simulation_llama3.1_8b_Full_scnldf_sh1_ldf1_seed1_26agents_30rounds_20260731_013853.json,15,22,developed,SI,2953167.866666671,-2710.0,2955015.866666671,41578124.533333346,41578124.533333346
20260731_013853,results/To_Use/simulation_llama3.1_8b_Full_scnldf_sh1_ldf1_seed1_26agents_30rounds_20260731_013853.json,15,23,developed,SI,10953167.86666667,-578.0,10952589.86666667,50530778.533333346,50530778.533333346
20260731_013853,results/To_Use/simulation_llama3.1_8b_Full_scnldf_sh1_ldf1_seed1_26agents_30rounds_20260731_013853.json,15,24,developing,SFI,19424.85714285713,0.0,19424.85714285713,2908480.6285714293,2908480.6285714293
20260731_013853,results/To_Use/simulation_llama3.1_8b_Full_scnldf_sh1_ldf1_seed1_26agents_30rounds_20260731_013853.json,15,25,developed,SI,2953167.866666671,1096.0,2954263.866666671,41056885.533333346,41056885.533333346
20260731_013853,results/To_Use/simulation_llama3.1_8b_Full_scnldf_sh1_ldf1_seed1_26agents_30rounds_20260731_013853.json,16,0,developing,SFI,18588.0,0.0,18588.0,167586.62857142865,167586.62857142865
20260731_013853,results/To_Use/simulation_llama3.1_8b_Full_scnldf_sh1_ldf1_seed1_26agents_30rounds_20260731_013853.json,16,1,developing,SFI,124419.0,0.0,124419.0,1691178.6285714286,1691178.6285714286
20260731_013853,results/To_Use/simulation_llama3.1_8b_Full_scnldf_sh1_ldf1_seed1_26agents_30rounds_20260731_013853.json,16,2,developed,SI,18444476.666666668,-25571.0,18418905.666666668,70650540.20000002,70650540.20000002
20260731_013853,results/To_Use/simulation_llama3.1_8b_Full_scnldf_sh1_ldf1_seed1_26agents_30rounds_20260731_013853.json,16,3,developed,SI,8444476.666666668,-4197.0,8446684.666666668,52783497.20000002,52783497.20000002
20260731_013853,results/To_Use/simulation_llama3.1_8b_Full_scnldf_sh1_ldf1_seed1_26agents_30rounds_20260731_013853.json,16,4,developing,SFI,25488.0,0.0,25488.0,383464.6285714287,383464.6285714287
20260731_013853,results/To_Use/simulation_llama3.1_8b_Full_scnldf_sh1_ldf1_seed1_26agents_30rounds_20260731_013853.json,16,5,developed,SI,16444476.666666668,-25286.0,16419190.666666668,65905084.20000002,65905084.20000002
20260731_013853,results/To_Use/simulation_llama3.1_8b_Full_scnldf_sh1_ldf1_seed1_26agents_30rounds_20260731_013853.json,16,6,developed,SI,-24889098.333333332,178.0,-24882515.333333332,28451060.200000014,28451060.200000014
20260731_013853,results/To_Use/simulation_llama3.1_8b_Full_scnldf_sh1_ldf1_seed1_26agents_30rounds_20260731_013853.json,16,7,developing,SFI,5488.0,0.0,5488.0,285520.6285714287,285520.6285714287
20260731_013853,results/To_Use/simulation_llama3.1_8b_Full_scnldf_sh1_ldf1_seed1_26agents_30rounds_20260731_013853.json,16,8,developing,SFI,94658.0,0.0,94658.0,1066641.6285714288,1066641.6285714288
20260731_013853,results/To_Use/simulation_llama3.1_8b_Full_scnldf_sh1_ldf1_seed1_26agents_30rounds_20260731_013853.json,16,9,developing,SFI,-2758.0,0.0,-2758.0,388297.6285714287,388297.6285714287
20260731_013853,results/To_Use/simulation_llama3.1_8b_Full_scnldf_sh1_ldf1_seed1_26agents_30rounds_20260731_013853.json,16,10,developed,SI,13444476.666666668,-6499.0,13437977.666666668,55517965.2,55517965.20000002
20260731_013853,results/To_Use/simulation_llama3.1_8b_Full_scnldf_sh1_ldf1_seed1_26agents_30rounds_20260731_013853.json,16,11,developing,SFI,94658.0,0.0,94658.0,1648614.6285714286,1648614.6285714286
20260731_013853,results/To_Use/simulation_llama3.1_8b_Full_scnldf_sh1_ldf1_seed1_26agents_30rounds_20260731_013853.json,16,12,developing,SFI,125488.0,0.0,125488.0,1881923.6285714286,1881923.6285714286
20260731_013853,results/To_Use/simulation_llama3.1_8b_Full_scnldf_sh1_ldf1_seed1_26agents_30rounds_20260731_013853.json,16,13,developed,SI,16444476.666666668,-31386.0,16413090.666666668,77688723.20000002,77688723.20000002
20260731_013853,results/To_Use/simulation_llama3.1_8b_Full_scnldf_sh1_ldf1_seed1_26agents_30rounds_20260731_013853.json,16,14,developed,SI,16444476.666666668,-24166.0,16420310.666666668,61977738.20000002,61977738.20000002
20260731_013853,results/To_Use/simulation_llama3.1_8b_Full_scnldf_sh1_ldf1_seed1_26agents_30rounds_20260731_013853.json,16,15,developing,SFI,25488.0,0.0,25488.0,245479.62857142868,245479.62857142868
20260731_013853,results/To_Use/simulation_llama3.1_8b_Full_scnldf_sh1_ldf1_seed1_26agents_30rounds_20260731_013853.json,16,16,developed,SI,16444476.666666668,-10021.0,16434455.666666668,79059963.20000002,79059963.20000002
20260731_013853,results/To_Use/simulation_llama3.1_8b_Full_scnldf_sh1_ldf1_seed1_26agents_30rounds_20260731_013853.json,16,17,developing,SFI,94658.0,0.0,94658.0,1618524.6285714286,1618524.6285714286
20260731_013853,results/To_Use/simulation_llama3.1_8b_Full_scnldf_sh1_ldf1_seed1_26agents_30rounds_20260731_013853.json,16,18,developing,SFI,-74512.0,0.0,-74512.0,193444.6285714287,193444.6285714287
20260731_013853,results/To_Use/simulation_llama3.1_8b_Full_scnldf_sh1_ldf1_seed1_26agents_30rounds_20260731_013853.json,16,19,developing,SFI,124419.0,0.0,124419.0,1821109.6285714286,1821109.6285714286
20260731_013853,results/To_Use/simulation_llama3.1_8b_Full_scnldf_sh1_ldf1_seed1_26agents_30rounds_20260731_013853.json,16,20,developing,SFI,5488.0,0.0,5488.0,325272.6285714286,325272.6285714286
20260731_013853,results/To_Use/simulation_llama3.1_8b_Full_scnldf_sh1_ldf1_seed1_26agents_30rounds_20260731_013853.json,16,21,developed,SI,8444476.666666668,3409.0,8447885.666666668,56910155.20000002,56910155.20000002
20260731_013853,results/To_Use/simulation_llama3.1_8b_Full_scnldf_sh1_ldf1_seed1_26agents_30rounds_20260731_013853.json,16,22,developed,SI,16444476.666666668,-10412.0,16434064.666666668,58012189.20000002,58012189.20000002
20260731_013853,results/To_Use/simulation_llama3.1_8b_Full_scnldf_sh1_ldf1_seed1_26agents_30rounds_20260731_013853.json,16,23,developed,SI,13444476.666666668,2491.0,13446967.666666668,63977746.20000002,63977746.20000002
20260731_013853,results/To_Use/simulation_llama3.1_8b_Full_scnldf_sh1_ldf1_seed1_26agents_30rounds_20260731_013853.json,16,24,developing,SFI,-2758.0,0.0,-2758.0,2905722.6285714293,2905722.6285714293
20260731_013853,results/To_Use/simulation_llama3.1_8b_Full_scnldf_sh1_ldf1_seed1_26agents_30rounds_20260731_013853.json,16,25,developed,SI,8444476.666666668,3352.0,8447828.666666668,49504714.20000002,49504714.20000002
20260731_013853,results/To_Use/simulation_llama3.1_8b_Full_scnldf_sh1_ldf1_seed1_26agents_30rounds_20260731_013853.json,17,0,developing,SFI,330739.0857142857,0.0,330739.0857142857,498325.7142857144,498325.7142857144
20260731_013853,results/To_Use/simulation_llama3.1_8b_Full_scnldf_sh1_ldf1_seed1_26agents_30rounds_20260731_013853.json,17,1,developing,SFI,329670.0857142857,0.0,329670.0857142857,2020848.7142857143,2020848.7142857143
20260731_013853,results/To_Use/simulation_llama3.1_8b_Full_scnldf_sh1_ldf1_seed1_26agents_30rounds_20260731_013853.json,17,2,developed,SI,14480813.86666667,-21257.0,14459556.86666667,85110097.06666669,85110097.06666669
20260731_013853,results/To_Use/simulation_llama3.1_8b_Full_scnldf_sh1_ldf1_seed1_26agents_30rounds_20260731_013853.json,17,3,developed,SI,6905034.866666671,3669.0,6908703.866666671,59692201.06666669,59692201.06666669
20260731_013853,results/To_Use/simulation_llama3.1_8b_Full_scnldf_sh1_ldf1_seed1_26agents_30rounds_20260731_013853.json,17,4,developing,SFI,180739.08571428573,0.0,180739.08571428573,564203.7142857144,564203.7142857144
20260731_013853,results/To_Use/simulation_llama3.1_8b_Full_scnldf_sh1_ldf1_seed1_26agents_30rounds_20260731_013853.json,17,5,developed,SI,12480813.86666667,-12101.0,12468712.86666667,78373797.06666669,78373797.06666669
20260731_013853,results/To_Use/simulation_llama3.1_8b_Full_scnldf_sh1_ldf1_seed1_26agents_30rounds_20260731_013853.json,17,6,developed,SI,9480813.86666667,-14338.0,9466475.86666667,37917536.066666685,37917536.066666685
20260731_013853,results/To_Use/simulation_llama3.1_8b_Full_scnldf_sh1_ldf1_seed1_26agents_30rounds_20260731_013853.json,17,7,developing,SFI,180739.08571428573,0.0,180739.08571428573,466259.71428571444,466259.71428571444
20260731_013853,results/To_Use/simulation_llama3.1_8b_Full_scnldf_sh1_ldf1_seed1_26agents_30rounds_20260731_013853.json,17,8,developing,SFI,330739.0857142857,0.0,330739.0857142857,1397380.7142857146,1397380.7142857146
20260731_013853,results/To_Use/simulation_llama3.1_8b_Full_scnldf_sh1_ldf1_seed1_26agents_30rounds_20260731_013853.json,17,9,developing,SFI,130739.08571428573,0.0,130739.08571428573,519036.71428571444,519036.71428571444
20260731_013853,results/To_Use/simulation_llama3.1_8b_Full_scnldf_sh1_ldf1_seed1_26agents_30rounds_20260731_013853.json,17,10,developed,SI,6450488.866666671,3494.0,6453982.866666671,61971948.06666668,61971948.06666669
20260731_013853,results/To_Use/simulation_llama3.1_8b_Full_scnldf_sh1_ldf1_seed1_26agents_30rounds_20260731_013853.json,17,11,developing,SFI,299909.0857142857,0.0,299909.0857142857,1948523.7142857143,1948523.7142857143
20260731_013853,results/To_Use/simulation_llama3.1_8b_Full_scnldf_sh1_ldf1_seed1_26agents_30rounds_20260731_013853.json,17,12,developing,SFI,-1551183.9142857143,0.0,-1551183.9142857143,330739.7142857143,330739.7142857143
20260731_013853,results/To_Use/simulation_llama3.1_8b_Full_scnldf_sh1_ldf1_seed1_26agents_30rounds_20260731_013853.json,17,13,developed,SI,12480813.86666667,-6045.0,12474768.86666667,90163492.06666669,90163492.06666669
20260731_013853,results/To_Use/simulation_llama3.1_8b_Full_scnldf_sh1_ldf1_seed1_26agents_30rounds_20260731_013853.json,17,14,developed,SI,14480813.86666667,-20444.0,14460369.86666667,76438108.06666669,76438108.06666669
20260731_013853,results/To_Use/simulation_llama3.1_8b_Full_scnldf_sh1_ldf1_seed1_26agents_30rounds_20260731_013853.json,17,15,developing,SFI,230739.08571428573,0.0,230739.08571428573,476218.71428571444,476218.71428571444
20260731_013853,results/To_Use/simulation_llama3.1_8b_Full_scnldf_sh1_ldf1_seed1_26agents_30rounds_20260731_013853.json,17,16,developed,SI,12480813.86666667,-3674.0,12477139.86666667,91537103.06666669,91537103.06666669
20260731_013853,results/To_Use/simulation_llama3.1_8b_Full_scnldf_sh1_ldf1_seed1_26agents_30rounds_20260731_013853.json,17,17,developing,SFI,299909.0857142857,0.0,299909.0857142857,1918433.7142857143,1918433.7142857143
20260731_013853,results/To_Use/simulation_llama3.1_8b_Full_scnldf_sh1_ldf1_seed1_26agents_30rounds_20260731_013853.json,17,18,developing,SFI,230739.08571428573,0.0,230739.08571428573,424183.71428571444,424183.71428571444
20260731_013853,results/To_Use/simulation_llama3.1_8b_Full_scnldf_sh1_ldf1_seed1_26agents_30rounds_20260731_013853.json,17,19,developing,SFI,329670.0857142857,0.0,329670.0857142857,2150779.7142857146,2150779.7142857146
20260731_013853,results/To_Use/simulation_llama3.1_8b_Full_scnldf_sh1_ldf1_seed1_26agents_30rounds_20260731_013853.json,17,20,developing,SFI,210739.08571428573,0.0,210739.08571428573,536011.7142857143,536011.7142857143
20260731_013853,results/To_Use/simulation_llama3.1_8b_Full_scnldf_sh1_ldf1_seed1_26agents_30rounds_20260731_013853.json,17,21,developed,SI,4480813.866666671,3198.0,4487719.866666671,61397875.06666669,61397875.06666669
20260731_013853,results/To_Use/simulation_llama3.1_8b_Full_scnldf_sh1_ldf1_seed1_26agents_30rounds_20260731_013853.json,17,22,developed,SI,12480813.86666667,-3014.0,12477799.86666667,70489989.06666669,70489989.06666669
20260731_013853,results/To_Use/simulation_llama3.1_8b_Full_scnldf_sh1_ldf1_seed1_26agents_30rounds_20260731_013853.json,17,23,developed,SI,-5519186.133333329,-3343.0,-5518821.133333329,58458925.06666669,58458925.06666669
20260731_013853,results/To_Use/simulation_llama3.1_8b_Full_scnldf_sh1_ldf1_seed1_26agents_30rounds_20260731_013853.json,17,24,developing,SFI,202493.08571428573,0.0,202493.08571428573,3108215.714285715,3108215.714285715
20260731_013853,results/To_Use/simulation_llama3.1_8b_Full_scnldf_sh1_ldf1_seed1_26agents_30rounds_20260731_013853.json,17,25,developed,SI,9480813.86666667,-313.0,9480500.86666667,58985215.06666669,58985215.06666669
20260731_013853,results/To_Use/simulation_llama3.1_8b_Full_scnldf_sh1_ldf1_seed1_26agents_30rounds_20260731_013853.json,18,0,developing,SFI,144953.7142857143,0.0,144953.7142857143,643279.4285714286,643279.4285714286
20260731_013853,results/To_Use/simulation_llama3.1_8b_Full_scnldf_sh1_ldf1_seed1_26agents_30rounds_20260731_013853.json,18,1,developing,SFI,143884.7142857143,0.0,143884.7142857143,2164733.4285714286,2164733.4285714286
20260731_013853,results/To_Use/simulation_llama3.1_8b_Full_scnldf_sh1_ldf1_seed1_26agents_30rounds_20260731_013853.json,18,2,developed,SI,21155196.8,-3246.0,21151950.8,106262047.86666669,106262047.86666669
20260731_013853,results/To_Use/simulation_llama3.1_8b_Full_scnldf_sh1_ldf1_seed1_26agents_30rounds_20260731_013853.json,18,3,developed,SI,-28537003.2,-12.0,-28536398.2,31155802.866666693,31155802.866666693
20260731_013853,results/To_Use/simulation_llama3.1_8b_Full_scnldf_sh1_ldf1_seed1_26agents_30rounds_20260731_013853.json,18,4,developing,SFI,-66120.28571428571,0.0,-66120.28571428571,498083.42857142875,498083.42857142875
20260731_013853,results/To_Use/simulation_llama3.1_8b_Full_scnldf_sh1_ldf1_seed1_26agents_30rounds_20260731_013853.json,18,5,developed,SI,11155196.8,1144.0,11156340.8,89530137.86666669,89530137.86666669
20260731_013853,results/To_Use/simulation_llama3.1_8b_Full_scnldf_sh1_ldf1_seed1_26agents_30rounds_20260731_013853.json,18,6,developed,SI,13183420.8,-56.0,13183364.8,51100900.86666669,51100900.86666669
20260731_013853,results/To_Use/simulation_llama3.1_8b_Full_scnldf_sh1_ldf1_seed1_26agents_30rounds_20260731_013853.json,18,7,developing,SFI,44953.71428571429,0.0,44953.71428571429,511213.42857142875,511213.42857142875
20260731_013853,results/To_Use/simulation_llama3.1_8b_Full_scnldf_sh1_ldf1_seed1_26agents_30rounds_20260731_013853.json,18,8,developing,SFI,114123.71428571429,0.0,114123.71428571429,1511504.4285714289,1511504.4285714289
20260731_013853,results/To_Use/simulation_llama3.1_8b_Full_scnldf_sh1_ldf1_seed1_26agents_30rounds_20260731_013853.json,18,9,developing,SFI,16707.71428571429,0.0,16707.71428571429,535744.4285714288,535744.4285714288
20260731_013853,results/To_Use/simulation_llama3.1_8b_Full_scnldf_sh1_ldf1_seed1_26agents_30rounds_20260731_013853.json,18,10,developed,SI,21155196.8,-3387.0,21151809.8,83123757.86666667,83123757.86666669
20260731_013853,results/To_Use/simulation_llama3.1_8b_Full_scnldf_sh1_ldf1_seed1_26agents_30rounds_20260731_013853.json,18,11,developing,SFI,114123.71428571429,0.0,114123.71428571429,2062647.4285714286,2062647.4285714286
20260731_013853,results/To_Use/simulation_llama3.1_8b_Full_scnldf_sh1_ldf1_seed1_26agents_30rounds_20260731_013853.json,18,12,developing,SFI,67104.71428571429,0.0,67104.71428571429,397844.42857142864,397844.42857142864
20260731_013853,results/To_Use/simulation_llama3.1_8b_Full_scnldf_sh1_ldf1_seed1_26agents_30rounds_20260731_013853.json,18,13,developed,SI,19155196.8,-1938.0,19153258.8,109316750.86666669,109316750.86666669
20260731_013853,results/To_Use/simulation_llama3.1_8b_Full_scnldf_sh1_ldf1_seed1_26agents_30rounds_20260731_013853.json,18,14,developed,SI,19155196.8,-3987.0,19151209.8,95589317.86666669,95589317.86666669
20260731_013853,results/To_Use/simulation_llama3.1_8b_Full_scnldf_sh1_ldf1_seed1_26agents_30rounds_20260731_013853.json,18,15,developing,SFI,44953.71428571429,0.0,44953.71428571429,521172.42857142875,521172.42857142875
20260731_013853,results/To_Use/simulation_llama3.1_8b_Full_scnldf_sh1_ldf1_seed1_26agents_30rounds_20260731_013853.json,18,16,developed,SI,19155196.8,-647.0,19154549.8,110691652.86666669,110691652.86666669
20260731_013853,results/To_Use/simulation_llama3.1_8b_Full_scnldf_sh1_ldf1_seed1_26agents_30rounds_20260731_013853.json,18,17,developing,SFI,114123.71428571429,0.0,114123.71428571429,2032557.4285714286,2032557.4285714286
20260731_013853,results/To_Use/simulation_llama3.1_8b_Full_scnldf_sh1_ldf1_seed1_26agents_30rounds_20260731_013853.json,18,18,developing,SFI,-69966.28571428571,0.0,-69966.28571428571,354217.42857142875,354217.42857142875
20260731_013853,results/To_Use/simulation_llama3.1_8b_Full_scnldf_sh1_ldf1_seed1_26agents_30rounds_20260731_013853.json,18,19,developing,SFI,143884.7142857143,0.0,143884.7142857143,2294664.4285714286,2294664.4285714286
20260731_013853,results/To_Use/simulation_llama3.1_8b_Full_scnldf_sh1_ldf1_seed1_26agents_30rounds_20260731_013853.json,18,20,developing,SFI,-68428.28571428571,0.0,-68428.28571428571,467583.42857142864,467583.42857142864
20260731_013853,results/To_Use/simulation_llama3.1_8b_Full_scnldf_sh1_ldf1_seed1_26agents_30rounds_20260731_013853.json,18,21,developed,SI,1155196.8000000007,1274.0,1157087.8000000007,62554962.86666669,62554962.86666669
20260731_013853,results/To_Use/simulation_llama3.1_8b_Full_scnldf_sh1_ldf1_seed1_26agents_30rounds_20260731_013853.json,18,22,developed,SI,16155196.8,-2121.0,16153075.8,86643064.86666669,86643064.86666669
20260731_013853,results/To_Use/simulation_llama3.1_8b_Full_scnldf_sh1_ldf1_seed1_26agents_30rounds_20260731_013853.json,18,23,developed,SI,11155196.8,680.0,11155876.8,69614801.86666669,69614801.86666669
20260731_013853,results/To_Use/simulation_llama3.1_8b_Full_scnldf_sh1_ldf1_seed1_26agents_30rounds_20260731_013853.json,18,24,developing,SFI,16707.71428571429,0.0,16707.71428571429,3124923.428571429,3124923.428571429
20260731_013853,results/To_Use/simulation_llama3.1_8b_Full_scnldf_sh1_ldf1_seed1_26agents_30rounds_20260731_013853.json,18,25,developed,SI,16155196.8,-44.0,16155152.8,75140367.86666669,75140367.86666669
20260731_013853,results/To_Use/simulation_llama3.1_8b_Full_scnldf_sh1_ldf1_seed1_26agents_30rounds_20260731_013853.json,19,0,developing,SFI,128637.25714285715,0.0,128637.25714285715,771916.6857142858,771916.6857142858
20260731_013853,results/To_Use/simulation_llama3.1_8b_Full_scnldf_sh1_ldf1_seed1_26agents_30rounds_20260731_013853.json,19,1,developing,SFI,127568.25714285715,0.0,127568.25714285715,2292301.685714286,2292301.685714286
20260731_013853,results/To_Use/simulation_llama3.1_8b_Full_scnldf_sh1_ldf1_seed1_26agents_30rounds_20260731_013853.json,19,2,developed,SI,17570359.46666667,-10538.0,17559821.46666667,123821869.33333336,123821869.33333336
20260731_013853,results/To_Use/simulation_llama3.1_8b_Full_scnldf_sh1_ldf1_seed1_26agents_30rounds_20260731_013853.json,19,3,developed,SI,13196559.466666669,-877.0,13195682.466666669,44351485.33333336,44351485.33333336
20260731_013853,results/To_Use/simulation_llama3.1_8b_Full_scnldf_sh1_ldf1_seed1_26agents_30rounds_20260731_013853.json,19,4,developing,SFI,-82436.74285714285,0.0,-82436.74285714285,415646.68571428594,415646.68571428594
20260731_013853,results/To_Use/simulation_llama3.1_8b_Full_scnldf_sh1_ldf1_seed1_26agents_30rounds_20260731_013853.json,19,5,developed,SI,8772561.466666669,1797.0,8774358.466666669,98304496.33333336,98304496.33333336
20260731_013853,results/To_Use/simulation_llama3.1_8b_Full_scnldf_sh1_ldf1_seed1_26agents_30rounds_20260731_013853.json,19,6,developed,SI,13196559.466666669,-800.0,13195759.466666669,64296660.33333336,64296660.33333336
20260731_013853,results/To_Use/simulation_llama3.1_8b_Full_scnldf_sh1_ldf1_seed1_26agents_30rounds_20260731_013853.json,19,7,developing,SFI,-21362.742857142846,0.0,-21362.742857142846,489850.68571428594,489850.68571428594
20260731_013853,results/To_Use/simulation_llama3.1_8b_Full_scnldf_sh1_ldf1_seed1_26agents_30rounds_20260731_013853.json,19,8,developing,SFI,97807.25714285715,0.0,97807.25714285715,1609311.685714286,1609311.685714286
20260731_013853,results/To_Use/simulation_llama3.1_8b_Full_scnldf_sh1_ldf1_seed1_26agents_30rounds_20260731_013853.json,19,9,developing,SFI,391.25714285715367,0.0,391.25714285715367,536135.6857142859,536135.6857142859
20260731_013853,results/To_Use/simulation_llama3.1_8b_Full_scnldf_sh1_ldf1_seed1_26agents_30rounds_20260731_013853.json,19,10,developed,SI,18196559.46666667,-15063.0,18181496.46666667,101305254.33333334,101305254.33333336
20260731_013853,results/To_Use/simulation_llama3.1_8b_Full_scnldf_sh1_ldf1_seed1_26agents_30rounds_20260731_013853.json,19,11,developing,SFI,97807.25714285715,0.0,97807.25714285715,2160454.685714286,2160454.685714286
20260731_013853,results/To_Use/simulation_llama3.1_8b_Full_scnldf_sh1_ldf1_seed1_26agents_30rounds_20260731_013853.json,19,12,developing,SFI,28637.257142857154,0.0,28637.257142857154,426481.6857142858,426481.6857142858
20260731_013853,results/To_Use/simulation_llama3.1_8b_Full_scnldf_sh1_ldf1_seed1_26agents_30rounds_20260731_013853.json,19,13,developed,SI,16196559.466666669,-5408.0,16191151.466666669,125507902.33333336,125507902.33333336
20260731_013853,results/To_Use/simulation_llama3.1_8b_Full_scnldf_sh1_ldf1_seed1_26agents_30rounds_20260731_013853.json,19,14,developed,SI,-1803440.5333333313,-19.0,-1800989.5333333313,93788328.33333336,93788328.33333336
20260731_013853,results/To_Use/simulation_llama3.1_8b_Full_scnldf_sh1_ldf1_seed1_26agents_30rounds_20260731_013853.json,19,15,developing,SFI,28637.257142857154,0.0,28637.257142857154,549809.6857142859,549809.6857142859
20260731_013853,results/To_Use/simulation_llama3.1_8b_Full_scnldf_sh1_ldf1_seed1_26agents_30rounds_20260731_013853.json,19,16,developed,SI,18196559.46666667,-15260.0,18181299.46666667,128872952.33333336,128872952.33333336
20260731_013853,results/To_Use/simulation_llama3.1_8b_Full_scnldf_sh1_ldf1_seed1_26agents_30rounds_20260731_013853.json,19,17,developing,SFI,97807.25714285715,0.0,97807.25714285715,2130364.685714286,2130364.685714286
20260731_013853,results/To_Use/simulation_llama3.1_8b_Full_scnldf_sh1_ldf1_seed1_26agents_30rounds_20260731_013853.json,19,18,developing,SFI,128637.25714285715,0.0,128637.25714285715,482854.68571428594,482854.68571428594
20260731_013853,results/To_Use/simulation_llama3.1_8b_Full_scnldf_sh1_ldf1_seed1_26agents_30rounds_20260731_013853.json,19,19,developing,SFI,127568.25714285715,0.0,127568.25714285715,2422232.685714286,2422232.685714286
20260731_013853,results/To_Use/simulation_llama3.1_8b_Full_scnldf_sh1_ldf1_seed1_26agents_30rounds_20260731_013853.json,19,20,developing,SFI,-84744.74285714285,0.0,-84744.74285714285,382838.6857142858,382838.6857142858
20260731_013853,results/To_Use/simulation_llama3.1_8b_Full_scnldf_sh1_ldf1_seed1_26agents_30rounds_20260731_013853.json,19,21,developed,SI,8196559.466666669,619.0,8197178.466666669,70752141.33333336,70752141.33333336
20260731_013853,results/To_Use/simulation_llama3.1_8b_Full_scnldf_sh1_ldf1_seed1_26agents_30rounds_20260731_013853.json,19,22,developed,SI,8196559.466666669,10.0,8196569.466666669,94839634.33333336,94839634.33333336
20260731_013853,results/To_Use/simulation_llama3.1_8b_Full_scnldf_sh1_ldf1_seed1_26agents_30rounds_20260731_013853.json,19,23,developed,SI,8772561.466666669,-3889.0,8768672.466666669,78383474.33333336,78383474.33333336
20260731_013853,results/To_Use/simulation_llama3.1_8b_Full_scnldf_sh1_ldf1_seed1_26agents_30rounds_20260731_013853.json,19,24,developing,SFI,391.25714285715367,0.0,391.25714285715367,3125314.6857142863,3125314.6857142863
20260731_013853,results/To_Use/simulation_llama3.1_8b_Full_scnldf_sh1_ldf1_seed1_26agents_30rounds_20260731_013853.json,19,25,developed,SI,-1803440.5333333313,24.0,-1800946.5333333313,73339421.33333336,73339421.33333336
20260731_013853,results/To_Use/simulation_llama3.1_8b_Full_scnldf_sh1_ldf1_seed1_26agents_30rounds_20260731_013853.json,20,0,developing,SFI,197450.6285714286,0.0,197450.6285714286,969367.3142857144,969367.3142857144
20260731_013853,results/To_Use/simulation_llama3.1_8b_Full_scnldf_sh1_ldf1_seed1_26agents_30rounds_20260731_013853.json,20,1,developing,SFI,196381.6285714286,0.0,196381.6285714286,2488683.314285714,2488683.314285714
20260731_013853,results/To_Use/simulation_llama3.1_8b_Full_scnldf_sh1_ldf1_seed1_26agents_30rounds_20260731_013853.json,20,2,developed,SI,16233262.933333337,-18235.0,16215027.933333337,140036897.2666667,140036897.2666667
20260731_013853,results/To_Use/simulation_llama3.1_8b_Full_scnldf_sh1_ldf1_seed1_26agents_30rounds_20260731_013853.json,20,3,developed,SI,11859462.933333337,-1276.0,11858186.933333337,56209672.266666695,56209672.266666695
20260731_013853,results/To_Use/simulation_llama3.1_8b_Full_scnldf_sh1_ldf1_seed1_26agents_30rounds_20260731_013853.json,20,4,developing,SFI,-2549.3714285714086,0.0,-2549.3714285714086,413097.3142857145,413097.3142857145
20260731_013853,results/To_Use/simulation_llama3.1_8b_Full_scnldf_sh1_ldf1_seed1_26agents_30rounds_20260731_013853.json,20,5,developed,SI,14859462.933333337,-8833.0,14850629.933333337,113155126.2666667,113155126.2666667
20260731_013853,results/To_Use/simulation_llama3.1_8b_Full_scnldf_sh1_ldf1_seed1_26agents_30rounds_20260731_013853.json,20,6,developed,SI,8887686.933333337,7.0,8887693.933333337,73184354.2666667,73184354.2666667
20260731_013853,results/To_Use/simulation_llama3.1_8b_Full_scnldf_sh1_ldf1_seed1_26agents_30rounds_20260731_013853.json,20,7,developing,SFI,-2549.3714285714086,0.0,-2549.3714285714086,487301.3142857145,487301.3142857145
20260731_013853,results/To_Use/simulation_llama3.1_8b_Full_scnldf_sh1_ldf1_seed1_26agents_30rounds_20260731_013853.json,20,8,developing,SFI,166620.6285714286,0.0,166620.6285714286,1775932.3142857146,1775932.3142857146
20260731_013853,results/To_Use/simulation_llama3.1_8b_Full_scnldf_sh1_ldf1_seed1_26agents_30rounds_20260731_013853.json,20,9,developing,SFI,69204.62857142859,0.0,69204.62857142859,605340.3142857145,605340.3142857145
20260731_013853,results/To_Use/simulation_llama3.1_8b_Full_scnldf_sh1_ldf1_seed1_26agents_30rounds_20260731_013853.json,20,10,developed,SI,11859462.933333337,-6500.0,11852962.933333337,113158217.26666668,113158217.2666667
20260731_013853,results/To_Use/simulation_llama3.1_8b_Full_scnldf_sh1_ldf1_seed1_26agents_30rounds_20260731_013853.json,20,11,developing,SFI,166620.6285714286,0.0,166620.6285714286,2327075.314285714,2327075.314285714
20260731_013853,results/To_Use/simulation_llama3.1_8b_Full_scnldf_sh1_ldf1_seed1_26agents_30rounds_20260731_013853.json,20,12,developing,SFI,-15931.371428571409,0.0,-15931.371428571409,410550.3142857144,410550.3142857144
20260731_013853,results/To_Use/simulation_llama3.1_8b_Full_scnldf_sh1_ldf1_seed1_26agents_30rounds_20260731_013853.json,20,13,developed,SI,16859462.933333337,-31384.0,16828078.933333337,142335981.2666667,142335981.2666667
20260731_013853,results/To_Use/simulation_llama3.1_8b_Full_scnldf_sh1_ldf1_seed1_26agents_30rounds_20260731_013853.json,20,14,developed,SI,6859462.933333337,-80.0,6862015.933333337,100650344.2666667,100650344.2666667
20260731_013853,results/To_Use/simulation_llama3.1_8b_Full_scnldf_sh1_ldf1_seed1_26agents_30rounds_20260731_013853.json,20,15,developing,SFI,-352358.3714285714,0.0,-352358.3714285714,197451.31428571453,197451.31428571453
20260731_013853,results/To_Use/simulation_llama3.1_8b_Full_scnldf_sh1_ldf1_seed1_26agents_30rounds_20260731_013853.json,20,16,developed,SI,14859462.933333337,-9101.0,14850361.933333337,143723314.2666667,143723314.2666667
20260731_013853,results/To_Use/simulation_llama3.1_8b_Full_scnldf_sh1_ldf1_seed1_26agents_30rounds_20260731_013853.json,20,17,developing,SFI,166620.6285714286,0.0,166620.6285714286,2296985.314285714,2296985.314285714
20260731_013853,results/To_Use/simulation_llama3.1_8b_Full_scnldf_sh1_ldf1_seed1_26agents_30rounds_20260731_013853.json,20,18,developing,SFI,197450.6285714286,0.0,197450.6285714286,680305.3142857145,680305.3142857145
20260731_013853,results/To_Use/simulation_llama3.1_8b_Full_scnldf_sh1_ldf1_seed1_26agents_30rounds_20260731_013853.json,20,19,developing,SFI,196381.6285714286,0.0,196381.6285714286,2618614.314285714,2618614.314285714
20260731_013853,results/To_Use/simulation_llama3.1_8b_Full_scnldf_sh1_ldf1_seed1_26agents_30rounds_20260731_013853.json,20,20,developing,SFI,-15931.371428571409,0.0,-15931.371428571409,366907.3142857144,366907.3142857144
20260731_013853,results/To_Use/simulation_llama3.1_8b_Full_scnldf_sh1_ldf1_seed1_26agents_30rounds_20260731_013853.json,20,21,developed,SI,-3140537.0666666627,11783.0,-3126121.0666666627,67626020.2666667,67626020.2666667
20260731_013853,results/To_Use/simulation_llama3.1_8b_Full_scnldf_sh1_ldf1_seed1_26agents_30rounds_20260731_013853.json,20,22,developed,SI,7435464.933333337,9436.0,7444900.933333337,102284535.2666667,102284535.2666667
20260731_013853,results/To_Use/simulation_llama3.1_8b_Full_scnldf_sh1_ldf1_seed1_26agents_30rounds_20260731_013853.json,20,23,developed,SI,7435464.933333337,1508.0,7436972.933333337,85820447.2666667,85820447.2666667
20260731_013853,results/To_Use/simulation_llama3.1_8b_Full_scnldf_sh1_ldf1_seed1_26agents_30rounds_20260731_013853.json,20,24,developing,SFI,69204.62857142859,0.0,69204.62857142859,3194519.314285715,3194519.314285715
20260731_013853,results/To_Use/simulation_llama3.1_8b_Full_scnldf_sh1_ldf1_seed1_26agents_30rounds_20260731_013853.json,20,25,developed,SI,6859462.933333337,7.0,6859469.933333337,80198891.2666667,80198891.2666667
20260731_013853,results/To_Use/simulation_llama3.1_8b_Full_scnldf_sh1_ldf1_seed1_26agents_30rounds_20260731_013853.json,21,0,developing,SFI,119125.82857142857,0.0,119125.82857142857,1088493.142857143,1088493.142857143
20260731_013853,results/To_Use/simulation_llama3.1_8b_Full_scnldf_sh1_ldf1_seed1_26agents_30rounds_20260731_013853.json,21,1,developing,SFI,118056.82857142857,0.0,118056.82857142857,2606740.1428571427,2606740.1428571427
20260731_013853,results/To_Use/simulation_llama3.1_8b_Full_scnldf_sh1_ldf1_seed1_26agents_30rounds_20260731_013853.json,21,2,developed,SI,16743986.400000002,-10254.0,16733732.400000002,156770629.66666672,156770629.66666672
20260731_013853,results/To_Use/simulation_llama3.1_8b_Full_scnldf_sh1_ldf1_seed1_26agents_30rounds_20260731_013853.json,21,3,developed,SI,-2229813.5999999978,-25.0,-2226343.5999999978,53983328.6666667,53983328.6666667
20260731_013853,results/To_Use/simulation_llama3.1_8b_Full_scnldf_sh1_ldf1_seed1_26agents_30rounds_20260731_013853.json,21,4,developing,SFI,-80874.17142857143,0.0,-80874.17142857143,332223.1428571431,332223.1428571431
20260731_013853,results/To_Use/simulation_llama3.1_8b_Full_scnldf_sh1_ldf1_seed1_26agents_30rounds_20260731_013853.json,21,5,developed,SI,16743986.400000002,-6014.0,16737972.400000002,129893098.6666667,129893098.6666667
20260731_013853,results/To_Use/simulation_llama3.1_8b_Full_scnldf_sh1_ldf1_seed1_26agents_30rounds_20260731_013853.json,21,6,developed,SI,12370186.400000002,14.0,12370200.400000002,85554554.6666667,85554554.6666667
20260731_013853,results/To_Use/simulation_llama3.1_8b_Full_scnldf_sh1_ldf1_seed1_26agents_30rounds_20260731_013853.json,21,7,developing,SFI,19125.828571428574,0.0,19125.828571428574,506427.1428571431,506427.1428571431
20260731_013853,results/To_Use/simulation_llama3.1_8b_Full_scnldf_sh1_ldf1_seed1_26agents_30rounds_20260731_013853.json,21,8,developing,SFI,88295.82857142857,0.0,88295.82857142857,1864228.1428571432,1864228.1428571432
20260731_013853,results/To_Use/simulation_llama3.1_8b_Full_scnldf_sh1_ldf1_seed1_26agents_30rounds_20260731_013853.json,21,9,developing,SFI,-9120.171428571426,0.0,-9120.171428571426,596220.1428571431,596220.1428571431
20260731_013853,results/To_Use/simulation_llama3.1_8b_Full_scnldf_sh1_ldf1_seed1_26agents_30rounds_20260731_013853.json,21,10,developed,SI,12370186.400000002,-12509.0,12357677.400000002,125515894.66666669,125515894.6666667
20260731_013853,results/To_Use/simulation_llama3.1_8b_Full_scnldf_sh1_ldf1_seed1_26agents_30rounds_20260731_013853.json,21,11,developing,SFI,88295.82857142857,0.0,88295.82857142857,2415371.1428571427,2415371.1428571427
20260731_013853,results/To_Use/simulation_llama3.1_8b_Full_scnldf_sh1_ldf1_seed1_26agents_30rounds_20260731_013853.json,21,12,developing,SFI,41276.828571428574,0.0,41276.828571428574,451827.14285714296,451827.14285714296
20260731_013853,results/To_Use/simulation_llama3.1_8b_Full_scnldf_sh1_ldf1_seed1_26agents_30rounds_20260731_013853.json,21,13,developed,SI,17370186.400000002,-13582.0,17356604.400000002,159692585.66666672,159692585.66666672
20260731_013853,results/To_Use/simulation_llama3.1_8b_Full_scnldf_sh1_ldf1_seed1_26agents_30rounds_20260731_013853.json,21,14,developed,SI,7370186.400000002,4929.0,7375115.400000002,108025459.6666667,108025459.6666667
20260731_013853,results/To_Use/simulation_llama3.1_8b_Full_scnldf_sh1_ldf1_seed1_26agents_30rounds_20260731_013853.json,21,15,developing,SFI,19125.828571428574,0.0,19125.828571428574,216577.1428571431,216577.1428571431
20260731_013853,results/To_Use/simulation_llama3.1_8b_Full_scnldf_sh1_ldf1_seed1_26agents_30rounds_20260731_013853.json,21,16,developed,SI,17370186.400000002,-19002.0,17351184.400000002,161074498.66666672,161074498.66666672
20260731_013853,results/To_Use/simulation_llama3.1_8b_Full_scnldf_sh1_ldf1_seed1_26agents_30rounds_20260731_013853.json,21,17,developing,SFI,88295.82857142857,0.0,88295.82857142857,2385281.1428571427,2385281.1428571427
20260731_013853,results/To_Use/simulation_llama3.1_8b_Full_scnldf_sh1_ldf1_seed1_26agents_30rounds_20260731_013853.json,21,18,developing,SFI,119125.82857142857,0.0,119125.82857142857,799431.1428571431,799431.1428571431
20260731_013853,results/To_Use/simulation_llama3.1_8b_Full_scnldf_sh1_ldf1_seed1_26agents_30rounds_20260731_013853.json,21,19,developing,SFI,118056.82857142857,0.0,118056.82857142857,2736671.1428571427,2736671.1428571427
20260731_013853,results/To_Use/simulation_llama3.1_8b_Full_scnldf_sh1_ldf1_seed1_26agents_30rounds_20260731_013853.json,21,20,developing,SFI,-94256.17142857143,0.0,-94256.17142857143,272651.14285714296,272651.14285714296
20260731_013853,results/To_Use/simulation_llama3.1_8b_Full_scnldf_sh1_ldf1_seed1_26agents_30rounds_20260731_013853.json,21,21,developed,SI,-2629813.5999999978,-13400.0,-2639718.5999999978,64986301.6666667,64986301.6666667
20260731_013853,results/To_Use/simulation_llama3.1_8b_Full_scnldf_sh1_ldf1_seed1_26agents_30rounds_20260731_013853.json,21,22,developed,SI,7370186.400000002,3129.0,7373315.400000002,109657850.6666667,109657850.6666667
20260731_013853,results/To_Use/simulation_llama3.1_8b_Full_scnldf_sh1_ldf1_seed1_26agents_30rounds_20260731_013853.json,21,23,developed,SI,7946188.400000002,4310.0,7950498.400000002,93770945.6666667,93770945.6666667
20260731_013853,results/To_Use/simulation_llama3.1_8b_Full_scnldf_sh1_ldf1_seed1_26agents_30rounds_20260731_013853.json,21,24,developing,SFI,-9120.171428571426,0.0,-9120.171428571426,3185399.1428571437,3185399.1428571437
20260731_013853,results/To_Use/simulation_llama3.1_8b_Full_scnldf_sh1_ldf1_seed1_26agents_30rounds_20260731_013853.json,21,25,developed,SI,12370186.400000002,-7512.0,12362674.400000002,92561565.6666667,92561565.6666667
20260731_013853,results/To_Use/simulation_llama3.1_8b_Full_scnldf_sh1_ldf1_seed1_26agents_30rounds_20260731_013853.json,22,0,developing,SFI,122239.91428571429,0.0,122239.91428571429,1210733.0571428572,1210733.0571428572
20260731_013853,results/To_Use/simulation_llama3.1_8b_Full_scnldf_sh1_ldf1_seed1_26agents_30rounds_20260731_013853.json,22,1,developing,SFI,122239.91428571429,0.0,122239.91428571429,2728980.057142857,2728980.057142857
20260731_013853,results/To_Use/simulation_llama3.1_8b_Full_scnldf_sh1_ldf1_seed1_26agents_30rounds_20260731_013853.json,22,2,developed,SI,31454157.866666667,-9783.0,31444374.866666667,188215004.5333334,188215004.5333334
20260731_013853,results/To_Use/simulation_llama3.1_8b_Full_scnldf_sh1_ldf1_seed1_26agents_30rounds_20260731_013853.json,22,3,developed,SI,26109775.866666667,-470.0,26109305.866666667,80092634.53333336,80092634.53333336
20260731_013853,results/To_Use/simulation_llama3.1_8b_Full_scnldf_sh1_ldf1_seed1_26agents_30rounds_20260731_013853.json,22,4,developing,SFI,-76691.08571428571,0.0,-76691.08571428571,255532.05714285735,255532.05714285735
20260731_013853,results/To_Use/simulation_llama3.1_8b_Full_scnldf_sh1_ldf1_seed1_26agents_30rounds_20260731_013853.json,22,5,developed,SI,22080357.866666667,-69.0,22080288.866666667,151973387.53333336,151973387.53333336
20260731_013853,results/To_Use/simulation_llama3.1_8b_Full_scnldf_sh1_ldf1_seed1_26agents_30rounds_20260731_013853.json,22,6,developed,SI,24782503.866666667,-46.0,24782457.866666667,110337012.53333336,110337012.53333336
20260731_013853,results/To_Use/simulation_llama3.1_8b_Full_scnldf_sh1_ldf1_seed1_26agents_30rounds_20260731_013853.json,22,7,developing,SFI,23308.914285714287,0.0,23308.914285714287,529736.0571428573,529736.0571428573
20260731_013853,results/To_Use/simulation_llama3.1_8b_Full_scnldf_sh1_ldf1_seed1_26agents_30rounds_20260731_013853.json,22,8,developing,SFI,92478.91428571429,0.0,92478.91428571429,1956707.0571428575,1956707.0571428575
20260731_013853,results/To_Use/simulation_llama3.1_8b_Full_scnldf_sh1_ldf1_seed1_26agents_30rounds_20260731_013853.json,22,9,developing,SFI,-4937.085714285713,0.0,-4937.085714285713,591283.0571428573,591283.0571428573
20260731_013853,results/To_Use/simulation_llama3.1_8b_Full_scnldf_sh1_ldf1_seed1_26agents_30rounds_20260731_013853.json,22,10,developed,SI,12080357.866666667,3594.0,12085896.866666667,137601791.53333336,137601791.53333336
20260731_013853,results/To_Use/simulation_llama3.1_8b_Full_scnldf_sh1_ldf1_seed1_26agents_30rounds_20260731_013853.json,22,11,developing,SFI,92478.91428571429,0.0,92478.91428571429,2507850.057142857,2507850.057142857
20260731_013853,results/To_Use/simulation_llama3.1_8b_Full_scnldf_sh1_ldf1_seed1_26agents_30rounds_20260731_013853.json,22,12,developing,SFI,-90073.08571428571,0.0,-90073.08571428571,361754.05714285723,361754.05714285723
20260731_013853,results/To_Use/simulation_llama3.1_8b_Full_scnldf_sh1_ldf1_seed1_26agents_30rounds_20260731_013853.json,22,13,developed,SI,30080357.866666667,-207.0,30080150.866666667,189772736.5333334,189772736.5333334
20260731_013853,results/To_Use/simulation_llama3.1_8b_Full_scnldf_sh1_ldf1_seed1_26agents_30rounds_20260731_013853.json,22,14,developed,SI,32080357.866666667,-12674.0,32067683.866666667,140093143.53333336,140093143.53333336
20260731_013853,results/To_Use/simulation_llama3.1_8b_Full_scnldf_sh1_ldf1_seed1_26agents_30rounds_20260731_013853.json,22,15,developing,SFI,123308.91428571429,0.0,123308.91428571429,339886.0571428574,339886.0571428574
20260731_013853,results/To_Use/simulation_llama3.1_8b_Full_scnldf_sh1_ldf1_seed1_26agents_30rounds_20260731_013853.json,22,16,developed,SI,31454157.866666667,-6633.0,31447524.866666667,192522023.5333334,192522023.5333334
20260731_013853,results/To_Use/simulation_llama3.1_8b_Full_scnldf_sh1_ldf1_seed1_26agents_30rounds_20260731_013853.json,22,17,developing,SFI,92478.91428571429,0.0,92478.91428571429,2477760.057142857,2477760.057142857
20260731_013853,results/To_Use/simulation_llama3.1_8b_Full_scnldf_sh1_ldf1_seed1_26agents_30rounds_20260731_013853.json,22,18,developing,SFI,123308.91428571429,0.0,123308.91428571429,922740.0571428573,922740.0571428573
20260731_013853,results/To_Use/simulation_llama3.1_8b_Full_scnldf_sh1_ldf1_seed1_26agents_30rounds_20260731_013853.json,22,19,developing,SFI,122239.91428571429,0.0,122239.91428571429,2858911.057142857,2858911.057142857
20260731_013853,results/To_Use/simulation_llama3.1_8b_Full_scnldf_sh1_ldf1_seed1_26agents_30rounds_20260731_013853.json,22,20,developing,SFI,-90073.08571428571,0.0,-90073.08571428571,182578.05714285723,182578.05714285723
20260731_013853,results/To_Use/simulation_llama3.1_8b_Full_scnldf_sh1_ldf1_seed1_26agents_30rounds_20260731_013853.json,22,21,developed,SI,12080357.866666667,-5255.0,12075102.866666667,77061404.53333336,77061404.53333336
20260731_013853,results/To_Use/simulation_llama3.1_8b_Full_scnldf_sh1_ldf1_seed1_26agents_30rounds_20260731_013853.json,22,22,developed,SI,-67577492.13333333,-11239.0,-67586786.13333333,42071064.533333376,42071064.533333376
20260731_013853,results/To_Use/simulation_llama3.1_8b_Full_scnldf_sh1_ldf1_seed1_26agents_30rounds_20260731_013853.json,22,23,developed,SI,22656359.866666667,3954.0,22660313.866666667,116431259.53333336,116431259.53333336
20260731_013853,results/To_Use/simulation_llama3.1_8b_Full_scnldf_sh1_ldf1_seed1_26agents_30rounds_20260731_013853.json,22,24,developing,SFI,-4937.085714285713,0.0,-4937.085714285713,3180462.057142858,3180462.057142858
20260731_013853,results/To_Use/simulation_llama3.1_8b_Full_scnldf_sh1_ldf1_seed1_26agents_30rounds_20260731_013853.json,22,25,developed,SI,12080357.866666667,-84.0,12080273.866666667,104641839.53333336,104641839.53333336
20260731_013853,results/To_Use/simulation_llama3.1_8b_Full_scnldf_sh1_ldf1_seed1_26agents_30rounds_20260731_013853.json,23,0,developing,SFI,110723.88571428573,0.0,110723.88571428573,1321456.942857143,1321456.942857143
20260731_013853,results/To_Use/simulation_llama3.1_8b_Full_scnldf_sh1_ldf1_seed1_26agents_30rounds_20260731_013853.json,23,1,developing,SFI,109654.88571428573,0.0,109654.88571428573,2838634.9428571425,2838634.9428571425
20260731_013853,results/To_Use/simulation_llama3.1_8b_Full_scnldf_sh1_ldf1_seed1_26agents_30rounds_20260731_013853.json,23,2,developed,SI,26469564.933333337,-83.0,26469481.933333337,214684486.46666673,214684486.46666673
20260731_013853,results/To_Use/simulation_llama3.1_8b_Full_scnldf_sh1_ldf1_seed1_26agents_30rounds_20260731_013853.json,23,3,developed,SI,17095764.933333337,-75.0,17095689.933333337,97188324.4666667,97188324.4666667
20260731_013853,results/To_Use/simulation_llama3.1_8b_Full_scnldf_sh1_ldf1_seed1_26agents_30rounds_20260731_013853.json,23,4,developing,SFI,-89276.11428571427,0.0,-89276.11428571427,166255.94285714306,166255.94285714306
20260731_013853,results/To_Use/simulation_llama3.1_8b_Full_scnldf_sh1_ldf1_seed1_26agents_30rounds_20260731_013853.json,23,5,developed,SI,27095764.933333337,-12478.0,27083286.933333337,179056674.4666667,179056674.4666667
20260731_013853,results/To_Use/simulation_llama3.1_8b_Full_scnldf_sh1_ldf1_seed1_26agents_30rounds_20260731_013853.json,23,6,developed,SI,9195764.933333337,-13936.0,9181828.933333337,119518841.4666667,119518841.4666667
20260731_013853,results/To_Use/simulation_llama3.1_8b_Full_scnldf_sh1_ldf1_seed1_26agents_30rounds_20260731_013853.json,23,7,developing,SFI,110723.88571428573,0.0,110723.88571428573,640459.9428571431,640459.9428571431
20260731_013853,results/To_Use/simulation_llama3.1_8b_Full_scnldf_sh1_ldf1_seed1_26agents_30rounds_20260731_013853.json,23,8,developing,SFI,79893.88571428573,0.0,79893.88571428573,2036600.9428571432,2036600.9428571432
20260731_013853,results/To_Use/simulation_llama3.1_8b_Full_scnldf_sh1_ldf1_seed1_26agents_30rounds_20260731_013853.json,23,9,developing,SFI,110723.88571428573,0.0,110723.88571428573,702006.9428571431,702006.9428571431
20260731_013853,results/To_Use/simulation_llama3.1_8b_Full_scnldf_sh1_ldf1_seed1_26agents_30rounds_20260731_013853.json,23,10,developed,SI,22095764.933333337,-161.0,22095603.933333337,159697395.4666667,159697395.4666667
20260731_013853,results/To_Use/simulation_llama3.1_8b_Full_scnldf_sh1_ldf1_seed1_26agents_30rounds_20260731_013853.json,23,11,developing,SFI,79893.88571428573,0.0,79893.88571428573,2587743.9428571425,2587743.9428571425
20260731_013853,results/To_Use/simulation_llama3.1_8b_Full_scnldf_sh1_ldf1_seed1_26agents_30rounds_20260731_013853.json,23,12,developing,SFI,-102658.11428571427,0.0,-102658.11428571427,259095.94285714295,259095.94285714295
20260731_013853,results/To_Use/simulation_llama3.1_8b_Full_scnldf_sh1_ldf1_seed1_26agents_30rounds_20260731_013853.json,23,13,developed,SI,26469564.933333337,-16.0,26469548.933333337,216242285.46666673,216242285.46666673
20260731_013853,results/To_Use/simulation_llama3.1_8b_Full_scnldf_sh1_ldf1_seed1_26agents_30rounds_20260731_013853.json,23,14,developed,SI,37095764.93333334,-15692.0,37080072.93333334,177173216.4666667,177173216.4666667
20260731_013853,results/To_Use/simulation_llama3.1_8b_Full_scnldf_sh1_ldf1_seed1_26agents_30rounds_20260731_013853.json,23,15,developing,SFI,10723.88571428573,0.0,10723.88571428573,350609.9428571431,350609.9428571431
20260731_013853,results/To_Use/simulation_llama3.1_8b_Full_scnldf_sh1_ldf1_seed1_26agents_30rounds_20260731_013853.json,23,16,developed,SI,27095764.933333337,-9407.0,27086357.933333337,219608381.46666673,219608381.46666673
20260731_013853,results/To_Use/simulation_llama3.1_8b_Full_scnldf_sh1_ldf1_seed1_26agents_30rounds_20260731_013853.json,23,17,developing,SFI,79893.88571428573,0.0,79893.88571428573,2557653.9428571425,2557653.9428571425
20260731_013853,results/To_Use/simulation_llama3.1_8b_Full_scnldf_sh1_ldf1_seed1_26agents_30rounds_20260731_013853.json,23,18,developing,SFI,60723.88571428573,0.0,60723.88571428573,983463.9428571431,983463.9428571431
20260731_013853,results/To_Use/simulation_llama3.1_8b_Full_scnldf_sh1_ldf1_seed1_26agents_30rounds_20260731_013853.json,23,19,developing,SFI,109654.88571428573,0.0,109654.88571428573,2968565.9428571425,2968565.9428571425
20260731_013853,results/To_Use/simulation_llama3.1_8b_Full_scnldf_sh1_ldf1_seed1_26agents_30rounds_20260731_013853.json,23,20,developing,SFI,-71854.11428571427,0.0,-71854.11428571427,110723.94285714296,110723.94285714296
20260731_013853,results/To_Use/simulation_llama3.1_8b_Full_scnldf_sh1_ldf1_seed1_26agents_30rounds_20260731_013853.json,23,21,developed,SI,7095764.933333337,29.0,7098293.933333337,84159698.4666667,84159698.4666667
20260731_013853,results/To_Use/simulation_llama3.1_8b_Full_scnldf_sh1_ldf1_seed1_26agents_30rounds_20260731_013853.json,23,22,developed,SI,17095764.933333337,-209.0,17095555.933333337,59166620.46666671,59166620.46666671
20260731_013853,results/To_Use/simulation_llama3.1_8b_Full_scnldf_sh1_ldf1_seed1_26agents_30rounds_20260731_013853.json,23,23,developed,SI,17671766.933333337,-209.0,17671557.933333337,134102817.4666667,134102817.4666667
20260731_013853,results/To_Use/simulation_llama3.1_8b_Full_scnldf_sh1_ldf1_seed1_26agents_30rounds_20260731_013853.json,23,24,developing,SFI,-17522.11428571427,0.0,-17522.11428571427,3162939.9428571435,3162939.9428571435
20260731_013853,results/To_Use/simulation_llama3.1_8b_Full_scnldf_sh1_ldf1_seed1_26agents_30rounds_20260731_013853.json,23,25,developed,SI,-67546074.06666666,2229.0,-67541345.06666666,37100494.4666667,37100494.4666667
20260731_013853,results/To_Use/simulation_llama3.1_8b_Full_scnldf_sh1_ldf1_seed1_26agents_30rounds_20260731_013853.json,24,0,developing,SFI,70228.8,0.0,70228.8,1391685.742857143,1391685.742857143
20260731_013853,results/To_Use/simulation_llama3.1_8b_Full_scnldf_sh1_ldf1_seed1_26agents_30rounds_20260731_013853.json,24,1,developing,SFI,69159.8,0.0,69159.8,2907794.7428571424,2907794.7428571424
20260731_013853,results/To_Use/simulation_llama3.1_8b_Full_scnldf_sh1_ldf1_seed1_26agents_30rounds_20260731_013853.json,24,2,developed,SI,15140786.666666668,-26.0,15140760.666666668,229825247.13333338,229825247.13333338
20260731_013853,results/To_Use/simulation_llama3.1_8b_Full_scnldf_sh1_ldf1_seed1_26agents_30rounds_20260731_013853.json,24,3,developed,SI,25766986.666666668,-39411.0,25727575.666666668,122915900.13333337,122915900.13333337
20260731_013853,results/To_Use/simulation_llama3.1_8b_Full_scnldf_sh1_ldf1_seed1_26agents_30rounds_20260731_013853.json,24,4,developing,SFI,70228.8,0.0,70228.8,236484.74285714305,236484.74285714305
20260731_013853,results/To_Use/simulation_llama3.1_8b_Full_scnldf_sh1_ldf1_seed1_26agents_30rounds_20260731_013853.json,24,5,developed,SI,15766986.666666668,-38.0,15766948.666666668,194823623.13333336,194823623.13333336
20260731_013853,results/To_Use/simulation_llama3.1_8b_Full_scnldf_sh1_ldf1_seed1_26agents_30rounds_20260731_013853.json,24,6,developed,SI,25766986.666666668,-5613583.0,20153403.666666668,139672245.13333336,139672245.13333336
20260731_013853,results/To_Use/simulation_llama3.1_8b_Full_scnldf_sh1_ldf1_seed1_26agents_30rounds_20260731_013853.json,24,7,developing,SFI,70228.8,0.0,70228.8,710688.7428571432,710688.7428571432
20260731_013853,results/To_Use/simulation_llama3.1_8b_Full_scnldf_sh1_ldf1_seed1_26agents_30rounds_20260731_013853.json,24,8,developing,SFI,39398.8,0.0,39398.8,2075999.7428571433,2075999.7428571433
20260731_013853,results/To_Use/simulation_llama3.1_8b_Full_scnldf_sh1_ldf1_seed1_26agents_30rounds_20260731_013853.json,24,9,developing,SFI,-58017.2,0.0,-58017.2,643989.7428571432,643989.7428571432
20260731_013853,results/To_Use/simulation_llama3.1_8b_Full_scnldf_sh1_ldf1_seed1_26agents_30rounds_20260731_013853.json,24,10,developed,SI,-24233013.333333332,-65.0,-23853366.333333332,135844029.13333336,135844029.13333336
20260731_013853,results/To_Use/simulation_llama3.1_8b_Full_scnldf_sh1_ldf1_seed1_26agents_30rounds_20260731_013853.json,24,11,developing,SFI,39398.8,0.0,39398.8,2627142.7428571424,2627142.7428571424
20260731_013853,results/To_Use/simulation_llama3.1_8b_Full_scnldf_sh1_ldf1_seed1_26agents_30rounds_20260731_013853.json,24,12,developing,SFI,-143153.2,0.0,-143153.2,115942.74285714293,115942.74285714293
20260731_013853,results/To_Use/simulation_llama3.1_8b_Full_scnldf_sh1_ldf1_seed1_26agents_30rounds_20260731_013853.json,24,13,developed,SI,13766986.666666668,-10.0,13766976.666666668,230009262.13333338,230009262.13333338
20260731_013853,results/To_Use/simulation_llama3.1_8b_Full_scnldf_sh1_ldf1_seed1_26agents_30rounds_20260731_013853.json,24,14,developed,SI,25766986.666666668,-105765.0,25661221.666666668,202834438.13333336,202834438.13333336
20260731_013853,results/To_Use/simulation_llama3.1_8b_Full_scnldf_sh1_ldf1_seed1_26agents_30rounds_20260731_013853.json,24,15,developing,SFI,70228.8,0.0,70228.8,420838.7428571431,420838.7428571431
20260731_013853,results/To_Use/simulation_llama3.1_8b_Full_scnldf_sh1_ldf1_seed1_26agents_30rounds_20260731_013853.json,24,16,developed,SI,15140786.666666668,-65.0,15140721.666666668,234749103.13333338,234749103.13333338
20260731_013853,results/To_Use/simulation_llama3.1_8b_Full_scnldf_sh1_ldf1_seed1_26agents_30rounds_20260731_013853.json,24,17,developing,SFI,39398.8,0.0,39398.8,2597052.7428571424,2597052.7428571424
20260731_013853,results/To_Use/simulation_llama3.1_8b_Full_scnldf_sh1_ldf1_seed1_26agents_30rounds_20260731_013853.json,24,18,developing,SFI,20228.800000000003,0.0,20228.800000000003,1003692.7428571432,1003692.7428571432
20260731_013853,results/To_Use/simulation_llama3.1_8b_Full_scnldf_sh1_ldf1_seed1_26agents_30rounds_20260731_013853.json,24,19,developing,SFI,69159.8,0.0,69159.8,3037725.7428571424,3037725.7428571424
20260731_013853,results/To_Use/simulation_llama3.1_8b_Full_scnldf_sh1_ldf1_seed1_26agents_30rounds_20260731_013853.json,24,20,developing,SFI,70228.8,0.0,70228.8,180952.74285714296,180952.74285714296
20260731_013853,results/To_Use/simulation_llama3.1_8b_Full_scnldf_sh1_ldf1_seed1_26agents_30rounds_20260731_013853.json,24,21,developed,SI,-4233013.333333332,-55990.0,-3909291.333333332,80250407.13333337,80250407.13333337
20260731_013853,results/To_Use/simulation_llama3.1_8b_Full_scnldf_sh1_ldf1_seed1_26agents_30rounds_20260731_013853.json,24,22,developed,SI,-4233013.333333332,19425.0,-4213588.333333332,54953032.133333385,54953032.133333385
20260731_013853,results/To_Use/simulation_llama3.1_8b_Full_scnldf_sh1_ldf1_seed1_26agents_30rounds_20260731_013853.json,24,23,developed,SI,5766986.666666668,24630.0,5791616.666666668,139894434.13333336,139894434.13333336
20260731_013853,results/To_Use/simulation_llama3.1_8b_Full_scnldf_sh1_ldf1_seed1_26agents_30rounds_20260731_013853.json,24,24,developing,SFI,-58017.2,0.0,-58017.2,3104922.7428571433,3104922.7428571433
20260731_013853,results/To_Use/simulation_llama3.1_8b_Full_scnldf_sh1_ldf1_seed1_26agents_30rounds_20260731_013853.json,24,25,developed,SI,5766986.666666668,-1823350.0,3943636.666666668,41044131.13333337,41044131.13333337
20260731_013853,results/To_Use/simulation_llama3.1_8b_Full_scnldf_sh1_ldf1_seed1_26agents_30rounds_20260731_013853.json,25,0,developing,SFI,169314.74285714285,0.0,169314.74285714285,1561000.4857142859,1561000.4857142859
20260731_013853,results/To_Use/simulation_llama3.1_8b_Full_scnldf_sh1_ldf1_seed1_26agents_30rounds_20260731_013853.json,25,1,developing,SFI,168245.74285714285,0.0,168245.74285714285,3076040.485714285,3076040.485714285
20260731_013853,results/To_Use/simulation_llama3.1_8b_Full_scnldf_sh1_ldf1_seed1_26agents_30rounds_20260731_013853.json,25,2,developed,SI,10637814.533333335,-8798.0,10629016.533333335,240454263.66666672,240454263.66666672
20260731_013853,results/To_Use/simulation_llama3.1_8b_Full_scnldf_sh1_ldf1_seed1_26agents_30rounds_20260731_013853.json,25,3,developed,SI,3695614.533333335,-8900.0,3686714.533333335,126602614.6666667,126602614.6666667
20260731_013853,results/To_Use/simulation_llama3.1_8b_Full_scnldf_sh1_ldf1_seed1_26agents_30rounds_20260731_013853.json,25,4,developing,SFI,169314.74285714285,0.0,169314.74285714285,405799.48571428587,405799.48571428587
20260731_013853,results/To_Use/simulation_llama3.1_8b_Full_scnldf_sh1_ldf1_seed1_26agents_30rounds_20260731_013853.json,25,5,developed,SI,4604705.533333335,3144.0,4607849.533333335,199431472.6666667,199431472.6666667
20260731_013853,results/To_Use/simulation_llama3.1_8b_Full_scnldf_sh1_ldf1_seed1_26agents_30rounds_20260731_013853.json,25,6,developed,SI,1264014.533333335,-20.0,1267281.533333335,140939526.6666667,140939526.6666667
20260731_013853,results/To_Use/simulation_llama3.1_8b_Full_scnldf_sh1_ldf1_seed1_26agents_30rounds_20260731_013853.json,25,7,developing,SFI,168245.74285714285,0.0,168245.74285714285,878934.485714286,878934.485714286
20260731_013853,results/To_Use/simulation_llama3.1_8b_Full_scnldf_sh1_ldf1_seed1_26agents_30rounds_20260731_013853.json,25,8,developing,SFI,138484.74285714285,0.0,138484.74285714285,2214484.485714286,2214484.485714286
20260731_013853,results/To_Use/simulation_llama3.1_8b_Full_scnldf_sh1_ldf1_seed1_26agents_30rounds_20260731_013853.json,25,9,developing,SFI,41068.742857142846,0.0,41068.742857142846,685058.485714286,685058.485714286
20260731_013853,results/To_Use/simulation_llama3.1_8b_Full_scnldf_sh1_ldf1_seed1_26agents_30rounds_20260731_013853.json,25,10,developed,SI,21264014.533333335,-28118.0,21235896.533333335,157079925.6666667,157079925.6666667
20260731_013853,results/To_Use/simulation_llama3.1_8b_Full_scnldf_sh1_ldf1_seed1_26agents_30rounds_20260731_013853.json,25,11,developing,SFI,138484.74285714285,0.0,138484.74285714285,2765627.485714285,2765627.485714285
20260731_013853,results/To_Use/simulation_llama3.1_8b_Full_scnldf_sh1_ldf1_seed1_26agents_30rounds_20260731_013853.json,25,12,developing,SFI,169314.74285714285,0.0,169314.74285714285,285257.48571428575,285257.48571428575
20260731_013853,results/To_Use/simulation_llama3.1_8b_Full_scnldf_sh1_ldf1_seed1_26agents_30rounds_20260731_013853.json,25,13,developed,SI,9264014.533333335,-3697.0,9260317.533333335,239269579.66666672,239269579.66666672
20260731_013853,results/To_Use/simulation_llama3.1_8b_Full_scnldf_sh1_ldf1_seed1_26agents_30rounds_20260731_013853.json,25,14,developed,SI,9264014.533333335,-5318.0,9258696.533333335,212093134.6666667,212093134.6666667
20260731_013853,results/To_Use/simulation_llama3.1_8b_Full_scnldf_sh1_ldf1_seed1_26agents_30rounds_20260731_013853.json,25,15,developing,SFI,168245.74285714285,0.0,168245.74285714285,589084.485714286,589084.485714286
20260731_013853,results/To_Use/simulation_llama3.1_8b_Full_scnldf_sh1_ldf1_seed1_26agents_30rounds_20260731_013853.json,25,16,developed,SI,11264014.533333335,-415.0,11263599.533333335,246012702.66666672,246012702.66666672
20260731_013853,results/To_Use/simulation_llama3.1_8b_Full_scnldf_sh1_ldf1_seed1_26agents_30rounds_20260731_013853.json,25,17,developing,SFI,138484.74285714285,0.0,138484.74285714285,2735537.485714285,2735537.485714285
20260731_013853,results/To_Use/simulation_llama3.1_8b_Full_scnldf_sh1_ldf1_seed1_26agents_30rounds_20260731_013853.json,25,18,developing,SFI,-830685.2571428572,0.0,-830685.2571428572,173007.48571428598,173007.48571428598
20260731_013853,results/To_Use/simulation_llama3.1_8b_Full_scnldf_sh1_ldf1_seed1_26agents_30rounds_20260731_013853.json,25,19,developing,SFI,168245.74285714285,0.0,168245.74285714285,3205971.485714285,3205971.485714285
20260731_013853,results/To_Use/simulation_llama3.1_8b_Full_scnldf_sh1_ldf1_seed1_26agents_30rounds_20260731_013853.json,25,20,developing,SFI,41068.742857142846,0.0,41068.742857142846,222021.4857142858,222021.4857142858
20260731_013853,results/To_Use/simulation_llama3.1_8b_Full_scnldf_sh1_ldf1_seed1_26agents_30rounds_20260731_013853.json,25,21,developed,SI,-8735985.466666665,1684.0,-8731014.466666665,71519392.6666667,71519392.6666667
20260731_013853,results/To_Use/simulation_llama3.1_8b_Full_scnldf_sh1_ldf1_seed1_26agents_30rounds_20260731_013853.json,25,22,developed,SI,21264014.533333335,-21293.0,21242721.533333335,76195753.66666672,76195753.66666672
20260731_013853,results/To_Use/simulation_llama3.1_8b_Full_scnldf_sh1_ldf1_seed1_26agents_30rounds_20260731_013853.json,25,23,developed,SI,10637814.533333335,7485.0,10645299.533333335,150539733.6666667,150539733.6666667
20260731_013853,results/To_Use/simulation_llama3.1_8b_Full_scnldf_sh1_ldf1_seed1_26agents_30rounds_20260731_013853.json,25,24,developing,SFI,41068.742857142846,0.0,41068.742857142846,3145991.485714286,3145991.485714286
20260731_013853,results/To_Use/simulation_llama3.1_8b_Full_scnldf_sh1_ldf1_seed1_26agents_30rounds_20260731_013853.json,25,25,developed,SI,1264014.533333335,-1494.0,1262520.533333335,42306651.6666667,42306651.6666667
20260731_013853,results/To_Use/simulation_llama3.1_8b_Full_scnldf_sh1_ldf1_seed1_26agents_30rounds_20260731_013853.json,26,0,developing,SFI,211785.85714285713,0.0,211785.85714285713,1772786.342857143,1772786.342857143
20260731_013853,results/To_Use/simulation_llama3.1_8b_Full_scnldf_sh1_ldf1_seed1_26agents_30rounds_20260731_013853.json,26,1,developing,SFI,211785.85714285713,0.0,211785.85714285713,3287826.3428571424,3287826.3428571424
20260731_013853,results/To_Use/simulation_llama3.1_8b_Full_scnldf_sh1_ldf1_seed1_26agents_30rounds_20260731_013853.json,26,2,developed,SI,30028694.53333334,-14015.0,30014679.53333334,270468943.20000005,270468943.20000005
20260731_013853,results/To_Use/simulation_llama3.1_8b_Full_scnldf_sh1_ldf1_seed1_26agents_30rounds_20260731_013853.json,26,3,developed,SI,40654894.53333334,-43129.0,40611765.53333334,167214380.20000005,167214380.20000005
20260731_013853,results/To_Use/simulation_llama3.1_8b_Full_scnldf_sh1_ldf1_seed1_26agents_30rounds_20260731_013853.json,26,4,developing,SFI,12854.85714285713,0.0,12854.85714285713,418654.342857143,418654.342857143
20260731_013853,results/To_Use/simulation_llama3.1_8b_Full_scnldf_sh1_ldf1_seed1_26agents_30rounds_20260731_013853.json,26,5,developed,SI,23995585.53333334,-18.0,23995567.53333334,223427040.20000002,223427040.20000002
20260731_013853,results/To_Use/simulation_llama3.1_8b_Full_scnldf_sh1_ldf1_seed1_26agents_30rounds_20260731_013853.json,26,6,developed,SI,20654894.53333334,1007.0,20655901.53333334,161595428.20000002,161595428.20000002
20260731_013853,results/To_Use/simulation_llama3.1_8b_Full_scnldf_sh1_ldf1_seed1_26agents_30rounds_20260731_013853.json,26,7,developing,SFI,-666079.1428571428,0.0,-666079.1428571428,212855.34285714314,212855.34285714314
20260731_013853,results/To_Use/simulation_llama3.1_8b_Full_scnldf_sh1_ldf1_seed1_26agents_30rounds_20260731_013853.json,26,8,developing,SFI,182024.85714285713,0.0,182024.85714285713,2396509.3428571434,2396509.3428571434
20260731_013853,results/To_Use/simulation_llama3.1_8b_Full_scnldf_sh1_ldf1_seed1_26agents_30rounds_20260731_013853.json,26,9,developing,SFI,84608.85714285713,0.0,84608.85714285713,769667.3428571431,769667.3428571431
20260731_013853,results/To_Use/simulation_llama3.1_8b_Full_scnldf_sh1_ldf1_seed1_26agents_30rounds_20260731_013853.json,26,10,developed,SI,28654894.53333334,-6116.0,28648778.53333334,185728704.20000002,185728704.20000002
20260731_013853,results/To_Use/simulation_llama3.1_8b_Full_scnldf_sh1_ldf1_seed1_26agents_30rounds_20260731_013853.json,26,11,developing,SFI,182024.85714285713,0.0,182024.85714285713,2947652.3428571424,2947652.3428571424
20260731_013853,results/To_Use/simulation_llama3.1_8b_Full_scnldf_sh1_ldf1_seed1_26agents_30rounds_20260731_013853.json,26,12,developing,SFI,-527.1428571428696,0.0,-527.1428571428696,284730.3428571429,284730.3428571429
20260731_013853,results/To_Use/simulation_llama3.1_8b_Full_scnldf_sh1_ldf1_seed1_26agents_30rounds_20260731_013853.json,26,13,developed,SI,30028694.53333334,-7500.0,30021194.53333334,269290774.20000005,269290774.20000005
20260731_013853,results/To_Use/simulation_llama3.1_8b_Full_scnldf_sh1_ldf1_seed1_26agents_30rounds_20260731_013853.json,26,14,developed,SI,30654894.53333334,-28599.0,30626295.53333334,242719430.20000002,242719430.20000002
20260731_013853,results/To_Use/simulation_llama3.1_8b_Full_scnldf_sh1_ldf1_seed1_26agents_30rounds_20260731_013853.json,26,15,developing,SFI,98975.85714285713,0.0,98975.85714285713,688060.3428571431,688060.3428571431
20260731_013853,results/To_Use/simulation_llama3.1_8b_Full_scnldf_sh1_ldf1_seed1_26agents_30rounds_20260731_013853.json,26,16,developed,SI,30654894.53333334,-20369.0,30634525.53333334,276647228.20000005,276647228.20000005
20260731_013853,results/To_Use/simulation_llama3.1_8b_Full_scnldf_sh1_ldf1_seed1_26agents_30rounds_20260731_013853.json,26,17,developing,SFI,182024.85714285713,0.0,182024.85714285713,2917562.3428571424,2917562.3428571424
20260731_013853,results/To_Use/simulation_llama3.1_8b_Full_scnldf_sh1_ldf1_seed1_26agents_30rounds_20260731_013853.json,26,18,developing,SFI,212854.85714285713,0.0,212854.85714285713,385862.34285714314,385862.34285714314
20260731_013853,results/To_Use/simulation_llama3.1_8b_Full_scnldf_sh1_ldf1_seed1_26agents_30rounds_20260731_013853.json,26,19,developing,SFI,211785.85714285713,0.0,211785.85714285713,3417757.3428571424,3417757.3428571424
20260731_013853,results/To_Use/simulation_llama3.1_8b_Full_scnldf_sh1_ldf1_seed1_26agents_30rounds_20260731_013853.json,26,20,developing,SFI,108758.85714285713,0.0,108758.85714285713,330780.3428571429,330780.3428571429
20260731_013853,results/To_Use/simulation_llama3.1_8b_Full_scnldf_sh1_ldf1_seed1_26agents_30rounds_20260731_013853.json,26,21,developed,SI,10654894.533333339,7056.0,10667879.533333339,82187272.20000005,82187272.20000005
20260731_013853,results/To_Use/simulation_llama3.1_8b_Full_scnldf_sh1_ldf1_seed1_26agents_30rounds_20260731_013853.json,26,22,developed,SI,20654894.53333334,-215.0,20654679.53333334,96850433.20000005,96850433.20000005
20260731_013853,results/To_Use/simulation_llama3.1_8b_Full_scnldf_sh1_ldf1_seed1_26agents_30rounds_20260731_013853.json,26,23,developed,SI,-109345105.46666667,-8144.0,-109347320.46666667,41192413.20000002,41192413.20000002
20260731_013853,results/To_Use/simulation_llama3.1_8b_Full_scnldf_sh1_ldf1_seed1_26agents_30rounds_20260731_013853.json,26,24,developing,SFI,84608.85714285713,0.0,84608.85714285713,3230600.3428571434,3230600.3428571434
20260731_013853,results/To_Use/simulation_llama3.1_8b_Full_scnldf_sh1_ldf1_seed1_26agents_30rounds_20260731_013853.json,26,25,developed,SI,25654894.53333334,1450.0,25656344.53333334,67962996.20000005,67962996.20000005
20260731_013853,results/To_Use/simulation_llama3.1_8b_Full_scnldf_sh1_ldf1_seed1_26agents_30rounds_20260731_013853.json,27,0,developing,SFI,134820.45714285717,0.0,134820.45714285717,1907606.8,1907606.8
20260731_013853,results/To_Use/simulation_llama3.1_8b_Full_scnldf_sh1_ldf1_seed1_26agents_30rounds_20260731_013853.json,27,1,developing,SFI,133751.45714285717,0.0,133751.45714285717,3421577.8,3421577.8
20260731_013853,results/To_Use/simulation_llama3.1_8b_Full_scnldf_sh1_ldf1_seed1_26agents_30rounds_20260731_013853.json,27,2,developed,SI,38507773.333333336,-2013758.0,36494015.333333336,306962958.53333336,306962958.53333336
20260731_013853,results/To_Use/simulation_llama3.1_8b_Full_scnldf_sh1_ldf1_seed1_26agents_30rounds_20260731_013853.json,27,3,developed,SI,-116866026.66666666,-185.0,-116562692.66666666,50651687.53333339,50651687.53333339
20260731_013853,results/To_Use/simulation_llama3.1_8b_Full_scnldf_sh1_ldf1_seed1_26agents_30rounds_20260731_013853.json,27,4,developing,SFI,34820.457142857165,0.0,34820.457142857165,453474.80000000016,453474.80000000016
20260731_013853,results/To_Use/simulation_llama3.1_8b_Full_scnldf_sh1_ldf1_seed1_26agents_30rounds_20260731_013853.json,27,5,developed,SI,34133973.333333336,-22.0,34133951.333333336,257560991.53333336,257560991.53333336
20260731_013853,results/To_Use/simulation_llama3.1_8b_Full_scnldf_sh1_ldf1_seed1_26agents_30rounds_20260731_013853.json,27,6,developed,SI,19133973.333333336,194964.0,19632456.333333336,181227884.53333336,181227884.53333336
20260731_013853,results/To_Use/simulation_llama3.1_8b_Full_scnldf_sh1_ldf1_seed1_26agents_30rounds_20260731_013853.json,27,7,developing,SFI,133751.45714285717,0.0,133751.45714285717,346606.8000000003,346606.8000000003
20260731_013853,results/To_Use/simulation_llama3.1_8b_Full_scnldf_sh1_ldf1_seed1_26agents_30rounds_20260731_013853.json,27,8,developing,SFI,103990.45714285717,0.0,103990.45714285717,2500499.8000000007,2500499.8000000007
20260731_013853,results/To_Use/simulation_llama3.1_8b_Full_scnldf_sh1_ldf1_seed1_26agents_30rounds_20260731_013853.json,27,9,developing,SFI,6574.457142857165,0.0,6574.457142857165,776241.8000000003,776241.8000000003
20260731_013853,results/To_Use/simulation_llama3.1_8b_Full_scnldf_sh1_ldf1_seed1_26agents_30rounds_20260731_013853.json,27,10,developed,SI,38507773.333333336,-3015198.0,35492575.333333336,221221279.53333336,221221279.53333336
20260731_013853,results/To_Use/simulation_llama3.1_8b_Full_scnldf_sh1_ldf1_seed1_26agents_30rounds_20260731_013853.json,27,11,developing,SFI,103990.45714285717,0.0,103990.45714285717,3051642.8,3051642.8
20260731_013853,results/To_Use/simulation_llama3.1_8b_Full_scnldf_sh1_ldf1_seed1_26agents_30rounds_20260731_013853.json,27,12,developing,SFI,-78561.54285714283,0.0,-78561.54285714283,206168.80000000008,206168.80000000008
20260731_013853,results/To_Use/simulation_llama3.1_8b_Full_scnldf_sh1_ldf1_seed1_26agents_30rounds_20260731_013853.json,27,13,developed,SI,38507773.333333336,-18951.0,38488822.333333336,307779596.53333336,307779596.53333336
20260731_013853,results/To_Use/simulation_llama3.1_8b_Full_scnldf_sh1_ldf1_seed1_26agents_30rounds_20260731_013853.json,27,14,developed,SI,39133973.333333336,-1521350.0,37612623.333333336,280332053.53333336,280332053.53333336
20260731_013853,results/To_Use/simulation_llama3.1_8b_Full_scnldf_sh1_ldf1_seed1_26agents_30rounds_20260731_013853.json,27,15,developing,SFI,134820.45714285717,0.0,134820.45714285717,822880.8000000003,822880.8000000003
20260731_013853,results/To_Use/simulation_llama3.1_8b_Full_scnldf_sh1_ldf1_seed1_26agents_30rounds_20260731_013853.json,27,16,developed,SI,38507773.333333336,-90.0,38507683.333333336,315154911.53333336,315154911.53333336
20260731_013853,results/To_Use/simulation_llama3.1_8b_Full_scnldf_sh1_ldf1_seed1_26agents_30rounds_20260731_013853.json,27,17,developing,SFI,103990.45714285717,0.0,103990.45714285717,3021552.8,3021552.8
20260731_013853,results/To_Use/simulation_llama3.1_8b_Full_scnldf_sh1_ldf1_seed1_26agents_30rounds_20260731_013853.json,27,18,developing,SFI,-251041.54285714283,0.0,-251041.54285714283,134820.8000000003,134820.8000000003
20260731_013853,results/To_Use/simulation_llama3.1_8b_Full_scnldf_sh1_ldf1_seed1_26agents_30rounds_20260731_013853.json,27,19,developing,SFI,133751.45714285717,0.0,133751.45714285717,3551508.8,3551508.8
20260731_013853,results/To_Use/simulation_llama3.1_8b_Full_scnldf_sh1_ldf1_seed1_26agents_30rounds_20260731_013853.json,27,20,developing,SFI,6574.457142857165,0.0,6574.457142857165,337354.80000000005,337354.80000000005
20260731_013853,results/To_Use/simulation_llama3.1_8b_Full_scnldf_sh1_ldf1_seed1_26agents_30rounds_20260731_013853.json,27,21,developed,SI,19133973.333333336,2624.0,19136597.333333336,101323869.53333339,101323869.53333339
20260731_013853,results/To_Use/simulation_llama3.1_8b_Full_scnldf_sh1_ldf1_seed1_26agents_30rounds_20260731_013853.json,27,22,developed,SI,19133973.333333336,1475.0,19135448.333333336,115985881.53333339,115985881.53333339
20260731_013853,results/To_Use/simulation_llama3.1_8b_Full_scnldf_sh1_ldf1_seed1_26agents_30rounds_20260731_013853.json,27,23,developed,SI,19133973.333333336,300121.0,19434094.333333336,60626507.53333335,60626507.53333335
20260731_013853,results/To_Use/simulation_llama3.1_8b_Full_scnldf_sh1_ldf1_seed1_26agents_30rounds_20260731_013853.json,27,24,developing,SFI,6574.457142857165,0.0,6574.457142857165,3237174.8000000007,3237174.8000000007
20260731_013853,results/To_Use/simulation_llama3.1_8b_Full_scnldf_sh1_ldf1_seed1_26agents_30rounds_20260731_013853.json,27,25,developed,SI,34133973.333333336,-18.0,34133955.333333336,102096951.53333339,102096951.53333339
20260731_013853,results/To_Use/simulation_llama3.1_8b_Full_scnldf_sh1_ldf1_seed1_26agents_30rounds_20260731_013853.json,28,0,developing,SFI,99310.4,0.0,99310.4,2006917.2,2006917.2
20260731_013853,results/To_Use/simulation_llama3.1_8b_Full_scnldf_sh1_ldf1_seed1_26agents_30rounds_20260731_013853.json,28,1,developing,SFI,198241.4,0.0,198241.4,3619819.1999999997,3619819.1999999997
20260731_013853,results/To_Use/simulation_llama3.1_8b_Full_scnldf_sh1_ldf1_seed1_26agents_30rounds_20260731_013853.json,28,2,developed,SI,20410861.733333334,-30507.0,20380354.733333334,327343313.2666667,327343313.2666667
20260731_013853,results/To_Use/simulation_llama3.1_8b_Full_scnldf_sh1_ldf1_seed1_26agents_30rounds_20260731_013853.json,28,3,developed,SI,3537061.7333333343,3612.0,3540673.7333333343,54192361.266666725,54192361.266666725
20260731_013853,results/To_Use/simulation_llama3.1_8b_Full_scnldf_sh1_ldf1_seed1_26agents_30rounds_20260731_013853.json,28,4,developing,SFI,99310.4,0.0,99310.4,552785.2000000002,552785.2000000002
20260731_013853,results/To_Use/simulation_llama3.1_8b_Full_scnldf_sh1_ldf1_seed1_26agents_30rounds_20260731_013853.json,28,5,developed,SI,21037061.733333334,-42010.0,20995051.733333334,278556043.2666667,278556043.2666667
20260731_013853,results/To_Use/simulation_llama3.1_8b_Full_scnldf_sh1_ldf1_seed1_26agents_30rounds_20260731_013853.json,28,6,developed,SI,20410861.733333334,-21714.0,20389147.733333334,201617032.2666667,201617032.2666667
20260731_013853,results/To_Use/simulation_llama3.1_8b_Full_scnldf_sh1_ldf1_seed1_26agents_30rounds_20260731_013853.json,28,7,developing,SFI,199310.4,0.0,199310.4,545917.2000000003,545917.2000000003
20260731_013853,results/To_Use/simulation_llama3.1_8b_Full_scnldf_sh1_ldf1_seed1_26agents_30rounds_20260731_013853.json,28,8,developing,SFI,168480.4,0.0,168480.4,2668980.2000000007,2668980.2000000007
20260731_013853,results/To_Use/simulation_llama3.1_8b_Full_scnldf_sh1_ldf1_seed1_26agents_30rounds_20260731_013853.json,28,9,developing,SFI,71064.4,0.0,71064.4,847306.2000000003,847306.2000000003
20260731_013853,results/To_Use/simulation_llama3.1_8b_Full_scnldf_sh1_ldf1_seed1_26agents_30rounds_20260731_013853.json,28,10,developed,SI,20410861.733333334,-37.0,20410824.733333334,241632104.2666667,241632104.2666667
20260731_013853,results/To_Use/simulation_llama3.1_8b_Full_scnldf_sh1_ldf1_seed1_26agents_30rounds_20260731_013853.json,28,11,developing,SFI,168480.4,0.0,168480.4,3220123.1999999997,3220123.1999999997
20260731_013853,results/To_Use/simulation_llama3.1_8b_Full_scnldf_sh1_ldf1_seed1_26agents_30rounds_20260731_013853.json,28,12,developing,SFI,92410.4,0.0,92410.4,298579.20000000007,298579.20000000007
20260731_013853,results/To_Use/simulation_llama3.1_8b_Full_scnldf_sh1_ldf1_seed1_26agents_30rounds_20260731_013853.json,28,13,developed,SI,19037061.733333334,-60.0,19037001.733333334,326816598.2666667,326816598.2666667
20260731_013853,results/To_Use/simulation_llama3.1_8b_Full_scnldf_sh1_ldf1_seed1_26agents_30rounds_20260731_013853.json,28,14,developed,SI,21037061.733333334,-27645.0,21009416.733333334,301341470.2666667,301341470.2666667
20260731_013853,results/To_Use/simulation_llama3.1_8b_Full_scnldf_sh1_ldf1_seed1_26agents_30rounds_20260731_013853.json,28,15,developing,SFI,-623569.6,0.0,-623569.6,199311.2000000003,199311.2000000003
20260731_013853,results/To_Use/simulation_llama3.1_8b_Full_scnldf_sh1_ldf1_seed1_26agents_30rounds_20260731_013853.json,28,16,developed,SI,20410861.733333334,-29.0,20410832.733333334,335565744.2666667,335565744.2666667
20260731_013853,results/To_Use/simulation_llama3.1_8b_Full_scnldf_sh1_ldf1_seed1_26agents_30rounds_20260731_013853.json,28,17,developing,SFI,168480.4,0.0,168480.4,3190033.1999999997,3190033.1999999997
20260731_013853,results/To_Use/simulation_llama3.1_8b_Full_scnldf_sh1_ldf1_seed1_26agents_30rounds_20260731_013853.json,28,18,developing,SFI,64490.399999999994,0.0,64490.399999999994,199311.2000000003,199311.2000000003
20260731_013853,results/To_Use/simulation_llama3.1_8b_Full_scnldf_sh1_ldf1_seed1_26agents_30rounds_20260731_013853.json,28,19,developing,SFI,198241.4,0.0,198241.4,3749750.1999999997,3749750.1999999997
20260731_013853,results/To_Use/simulation_llama3.1_8b_Full_scnldf_sh1_ldf1_seed1_26agents_30rounds_20260731_013853.json,28,20,developing,SFI,71064.4,0.0,71064.4,408419.20000000007,408419.20000000007
20260731_013853,results/To_Use/simulation_llama3.1_8b_Full_scnldf_sh1_ldf1_seed1_26agents_30rounds_20260731_013853.json,28,21,developed,SI,1037061.7333333343,4484.0,1041545.7333333343,102365415.26666673,102365415.26666673
20260731_013853,results/To_Use/simulation_llama3.1_8b_Full_scnldf_sh1_ldf1_seed1_26agents_30rounds_20260731_013853.json,28,22,developed,SI,263898.7333333343,-7161.0,262990.7333333343,116248872.26666673,116248872.26666673
20260731_013853,results/To_Use/simulation_llama3.1_8b_Full_scnldf_sh1_ldf1_seed1_26agents_30rounds_20260731_013853.json,28,23,developed,SI,11037061.733333334,3091.0,11040152.733333334,71666660.26666668,71666660.26666668
20260731_013853,results/To_Use/simulation_llama3.1_8b_Full_scnldf_sh1_ldf1_seed1_26agents_30rounds_20260731_013853.json,28,24,developing,SFI,71064.4,0.0,71064.4,3308239.2000000007,3308239.2000000007
20260731_013853,results/To_Use/simulation_llama3.1_8b_Full_scnldf_sh1_ldf1_seed1_26agents_30rounds_20260731_013853.json,28,25,developed,SI,-18962938.266666666,-7100.0,-18963785.266666666,83133166.26666673,83133166.26666673
20260731_013853,results/To_Use/simulation_llama3.1_8b_Full_scnldf_sh1_ldf1_seed1_26agents_30rounds_20260731_013853.json,29,0,developing,SFI,2028.3428571428667,0.0,2028.3428571428667,2008945.5428571429,2008945.5428571429
20260731_013853,results/To_Use/simulation_llama3.1_8b_Full_scnldf_sh1_ldf1_seed1_26agents_30rounds_20260731_013853.json,29,1,developing,SFI,100959.34285714287,0.0,100959.34285714287,3720778.5428571426,3720778.5428571426
20260731_013853,results/To_Use/simulation_llama3.1_8b_Full_scnldf_sh1_ldf1_seed1_26agents_30rounds_20260731_013853.json,29,2,developed,SI,7389930.400000002,-6600.0,7383330.400000002,334726643.6666667,334726643.6666667
20260731_013853,results/To_Use/simulation_llama3.1_8b_Full_scnldf_sh1_ldf1_seed1_26agents_30rounds_20260731_013853.json,29,3,developed,SI,17016130.400000002,-43725.0,16972405.400000002,71164766.66666673,71164766.66666673
20260731_013853,results/To_Use/simulation_llama3.1_8b_Full_scnldf_sh1_ldf1_seed1_26agents_30rounds_20260731_013853.json,29,4,developing,SFI,102028.34285714287,0.0,102028.34285714287,654813.5428571431,654813.5428571431
20260731_013853,results/To_Use/simulation_llama3.1_8b_Full_scnldf_sh1_ldf1_seed1_26agents_30rounds_20260731_013853.json,29,5,developed,SI,6016130.400000002,2417.0,6018547.400000002,284574590.6666667,284574590.6666667
20260731_013853,results/To_Use/simulation_llama3.1_8b_Full_scnldf_sh1_ldf1_seed1_26agents_30rounds_20260731_013853.json,29,6,developed,SI,-1983869.5999999978,2995.0,-1974639.5999999978,199642392.66666672,199642392.66666672
20260731_013853,results/To_Use/simulation_llama3.1_8b_Full_scnldf_sh1_ldf1_seed1_26agents_30rounds_20260731_013853.json,29,7,developing,SFI,102028.34285714287,0.0,102028.34285714287,647945.5428571432,647945.5428571432
20260731_013853,results/To_Use/simulation_llama3.1_8b_Full_scnldf_sh1_ldf1_seed1_26agents_30rounds_20260731_013853.json,29,8,developing,SFI,71198.34285714287,0.0,71198.34285714287,2740178.5428571436,2740178.5428571436
20260731_013853,results/To_Use/simulation_llama3.1_8b_Full_scnldf_sh1_ldf1_seed1_26agents_30rounds_20260731_013853.json,29,9,developing,SFI,-26217.657142857133,0.0,-26217.657142857133,821088.5428571432,821088.5428571432
20260731_013853,results/To_Use/simulation_llama3.1_8b_Full_scnldf_sh1_ldf1_seed1_26agents_30rounds_20260731_013853.json,29,10,developed,SI,6016130.400000002,5092.0,6021222.400000002,247653326.66666672,247653326.66666672
20260731_013853,results/To_Use/simulation_llama3.1_8b_Full_scnldf_sh1_ldf1_seed1_26agents_30rounds_20260731_013853.json,29,11,developing,SFI,71198.34285714287,0.0,71198.34285714287,3291321.5428571426,3291321.5428571426
20260731_013853,results/To_Use/simulation_llama3.1_8b_Full_scnldf_sh1_ldf1_seed1_26agents_30rounds_20260731_013853.json,29,12,developing,SFI,-111353.65714285713,0.0,-111353.65714285713,187225.54285714292,187225.54285714292
20260731_013853,results/To_Use/simulation_llama3.1_8b_Full_scnldf_sh1_ldf1_seed1_26agents_30rounds_20260731_013853.json,29,13,developed,SI,7389930.400000002,-22496.0,7367434.400000002,334184032.6666667,334184032.6666667
20260731_013853,results/To_Use/simulation_llama3.1_8b_Full_scnldf_sh1_ldf1_seed1_26agents_30rounds_20260731_013853.json,29,14,developed,SI,-1983869.5999999978,-26.0,-1977660.5999999978,299363809.6666667,299363809.6666667
20260731_013853,results/To_Use/simulation_llama3.1_8b_Full_scnldf_sh1_ldf1_seed1_26agents_30rounds_20260731_013853.json,29,15,developing,SFI,102028.34285714287,0.0,102028.34285714287,301339.54285714315,301339.54285714315
20260731_013853,results/To_Use/simulation_llama3.1_8b_Full_scnldf_sh1_ldf1_seed1_26agents_30rounds_20260731_013853.json,29,16,developed,SI,7389930.400000002,-5098.0,7384832.400000002,342950576.6666667,342950576.6666667
20260731_013853,results/To_Use/simulation_llama3.1_8b_Full_scnldf_sh1_ldf1_seed1_26agents_30rounds_20260731_013853.json,29,17,developing,SFI,71198.34285714287,0.0,71198.34285714287,3261231.5428571426,3261231.5428571426
20260731_013853,results/To_Use/simulation_llama3.1_8b_Full_scnldf_sh1_ldf1_seed1_26agents_30rounds_20260731_013853.json,29,18,developing,SFI,2028.3428571428667,0.0,2028.3428571428667,201339.54285714315,201339.54285714315
20260731_013853,results/To_Use/simulation_llama3.1_8b_Full_scnldf_sh1_ldf1_seed1_26agents_30rounds_20260731_013853.json,29,19,developing,SFI,100959.34285714287,0.0,100959.34285714287,3850709.5428571426,3850709.5428571426
20260731_013853,results/To_Use/simulation_llama3.1_8b_Full_scnldf_sh1_ldf1_seed1_26agents_30rounds_20260731_013853.json,29,20,developing,SFI,-26217.657142857133,0.0,-26217.657142857133,382201.5428571429,382201.5428571429
20260731_013853,results/To_Use/simulation_llama3.1_8b_Full_scnldf_sh1_ldf1_seed1_26agents_30rounds_20260731_013853.json,29,21,developed,SI,8016130.400000002,-9161.0,8006969.400000002,110372384.66666673,110372384.66666673
20260731_013853,results/To_Use/simulation_llama3.1_8b_Full_scnldf_sh1_ldf1_seed1_26agents_30rounds_20260731_013853.json,29,22,developed,SI,7389930.400000002,-5.0,7389925.400000002,123638797.66666673,123638797.66666673
20260731_013853,results/To_Use/simulation_llama3.1_8b_Full_scnldf_sh1_ldf1_seed1_26agents_30rounds_20260731_013853.json,29,23,developed,SI,17016130.400000002,-48433.0,16967697.400000002,88634357.66666669,88634357.66666669
20260731_013853,results/To_Use/simulation_llama3.1_8b_Full_scnldf_sh1_ldf1_seed1_26agents_30rounds_20260731_013853.json,29,24,developing,SFI,-26217.657142857133,0.0,-26217.657142857133,3282021.5428571436,3282021.5428571436
20260731_013853,results/To_Use/simulation_llama3.1_8b_Full_scnldf_sh1_ldf1_seed1_26agents_30rounds_20260731_013853.json,29,25,developed,SI,1399952.4000000022,328.0,1400280.4000000022,84533446.66666673,84533446.66666673
20260731_013853,results/To_Use/simulation_llama3.1_8b_Full_scnldf_sh1_ldf1_seed1_26agents_30rounds_20260731_013853.json,30,0,developing,SFI,81171.20000000001,0.0,81171.20000000001,2090116.7428571428,2090116.7428571428
20260731_013853,results/To_Use/simulation_llama3.1_8b_Full_scnldf_sh1_ldf1_seed1_26agents_30rounds_20260731_013853.json,30,1,developing,SFI,180102.2,0.0,180102.2,3900880.742857143,3900880.742857143
20260731_013853,results/To_Use/simulation_llama3.1_8b_Full_scnldf_sh1_ldf1_seed1_26agents_30rounds_20260731_013853.json,30,2,developed,SI,6558320.133333337,-40.0,6558280.133333337,341284923.8,341284923.8
20260731_013853,results/To_Use/simulation_llama3.1_8b_Full_scnldf_sh1_ldf1_seed1_26agents_30rounds_20260731_013853.json,30,3,developed,SI,6558320.133333337,-515.0,6557805.133333337,77722571.80000007,77722571.80000007
20260731_013853,results/To_Use/simulation_llama3.1_8b_Full_scnldf_sh1_ldf1_seed1_26agents_30rounds_20260731_013853.json,30,4,developing,SFI,-473641.8,0.0,-473641.8,181171.7428571431,181171.7428571431
20260731_013853,results/To_Use/simulation_llama3.1_8b_Full_scnldf_sh1_ldf1_seed1_26agents_30rounds_20260731_013853.json,30,5,developed,SI,568342.1333333366,-1.0,568395.1333333366,285142985.8,285142985.8
20260731_013853,results/To_Use/simulation_llama3.1_8b_Full_scnldf_sh1_ldf1_seed1_26agents_30rounds_20260731_013853.json,30,6,developed,SI,6558320.133333337,-14.0,6558306.133333337,206200698.80000004,206200698.80000004
20260731_013853,results/To_Use/simulation_llama3.1_8b_Full_scnldf_sh1_ldf1_seed1_26agents_30rounds_20260731_013853.json,30,7,developing,SFI,180102.2,0.0,180102.2,828047.7428571433,828047.7428571433
20260731_013853,results/To_Use/simulation_llama3.1_8b_Full_scnldf_sh1_ldf1_seed1_26agents_30rounds_20260731_013853.json,30,8,developing,SFI,150341.2,0.0,150341.2,2890519.7428571437,2890519.7428571437
20260731_013853,results/To_Use/simulation_llama3.1_8b_Full_scnldf_sh1_ldf1_seed1_26agents_30rounds_20260731_013853.json,30,9,developing,SFI,52925.20000000001,0.0,52925.20000000001,874013.7428571433,874013.7428571433
20260731_013853,results/To_Use/simulation_llama3.1_8b_Full_scnldf_sh1_ldf1_seed1_26agents_30rounds_20260731_013853.json,30,10,developed,SI,6558320.133333337,-19.0,6558301.133333337,254211627.80000004,254211627.80000004
20260731_013853,results/To_Use/simulation_llama3.1_8b_Full_scnldf_sh1_ldf1_seed1_26agents_30rounds_20260731_013853.json,30,11,developing,SFI,150341.2,0.0,150341.2,3441662.742857143,3441662.742857143
20260731_013853,results/To_Use/simulation_llama3.1_8b_Full_scnldf_sh1_ldf1_seed1_26agents_30rounds_20260731_013853.json,30,12,developing,SFI,131171.2,0.0,131171.2,318396.74285714293,318396.74285714293
20260731_013853,results/To_Use/simulation_llama3.1_8b_Full_scnldf_sh1_ldf1_seed1_26agents_30rounds_20260731_013853.json,30,13,developed,SI,6558320.133333337,-35.0,6558285.133333337,340742317.8,340742317.8
20260731_013853,results/To_Use/simulation_llama3.1_8b_Full_scnldf_sh1_ldf1_seed1_26agents_30rounds_20260731_013853.json,30,14,developed,SI,2184520.1333333366,-5.0,2184569.1333333366,301548378.8,301548378.8
20260731_013853,results/To_Use/simulation_llama3.1_8b_Full_scnldf_sh1_ldf1_seed1_26agents_30rounds_20260731_013853.json,30,15,developing,SFI,-118828.79999999999,0.0,-118828.79999999999,182510.74285714317,182510.74285714317
20260731_013853,results/To_Use/simulation_llama3.1_8b_Full_scnldf_sh1_ldf1_seed1_26agents_30rounds_20260731_013853.json,30,16,developed,SI,6558320.133333337,-88.0,6558232.133333337,349508808.8,349508808.8
20260731_013853,results/To_Use/simulation_llama3.1_8b_Full_scnldf_sh1_ldf1_seed1_26agents_30rounds_20260731_013853.json,30,17,developing,SFI,150341.2,0.0,150341.2,3411572.742857143,3411572.742857143
20260731_013853,results/To_Use/simulation_llama3.1_8b_Full_scnldf_sh1_ldf1_seed1_26agents_30rounds_20260731_013853.json,30,18,developing,SFI,181171.2,0.0,181171.2,382510.74285714317,382510.74285714317
20260731_013853,results/To_Use/simulation_llama3.1_8b_Full_scnldf_sh1_ldf1_seed1_26agents_30rounds_20260731_013853.json,30,19,developing,SFI,180102.2,0.0,180102.2,4030811.742857143,4030811.742857143
20260731_013853,results/To_Use/simulation_llama3.1_8b_Full_scnldf_sh1_ldf1_seed1_26agents_30rounds_20260731_013853.json,30,20,developing,SFI,52925.20000000001,0.0,52925.20000000001,435126.74285714293,435126.74285714293
20260731_013853,results/To_Use/simulation_llama3.1_8b_Full_scnldf_sh1_ldf1_seed1_26agents_30rounds_20260731_013853.json,30,21,developed,SI,7184520.133333337,-274.0,7184246.133333337,117556630.80000007,117556630.80000007
20260731_013853,results/To_Use/simulation_llama3.1_8b_Full_scnldf_sh1_ldf1_seed1_26agents_30rounds_20260731_013853.json,30,22,developed,SI,5866813.133333337,177.0,5866990.133333337,129505787.80000007,129505787.80000007
20260731_013853,results/To_Use/simulation_llama3.1_8b_Full_scnldf_sh1_ldf1_seed1_26agents_30rounds_20260731_013853.json,30,23,developed,SI,4991704.133333337,235.0,4991939.133333337,93626296.80000003,93626296.80000003
20260731_013853,results/To_Use/simulation_llama3.1_8b_Full_scnldf_sh1_ldf1_seed1_26agents_30rounds_20260731_013853.json,30,24,developing,SFI,52925.20000000001,0.0,52925.20000000001,3334946.7428571437,3334946.7428571437
20260731_013853,results/To_Use/simulation_llama3.1_8b_Full_scnldf_sh1_ldf1_seed1_26agents_30rounds_20260731_013853.json,30,25,developed,SI,17184520.133333337,-517.0,17184003.133333337,101717449.80000007,101717449.80000007
