run,source_file,round_number,agent_id,agent_group,institution_choice,subsidy,ldf_payout_round,ldf_contribution_round,net_climate_transfer_round
20260731_013853,results/To_Use/simulation_llama3.1_8b_Full_scnldf_sh1_ldf1_seed1_26agents_30rounds_20260731_013853.json,1,0,developing,SFI,0.0,0.0,0.0,0.0
20260731_013853,results/To_Use/simulation_llama3.1_8b_Full_scnldf_sh1_ldf1_seed1_26agents_30rounds_20260731_013853.json,1,1,developing,SFI,0.0,0.0,1000.0,0.0
20260731_013853,results/To_Use/simulation_llama3.1_8b_Full_scnldf_sh1_ldf1_seed1_26agents_30rounds_20260731_013853.json,1,2,developed,SI,0.0,0.0,30000.0,0.0
20260731_013853,results/To_Use/simulation_llama3.1_8b_Full_scnldf_sh1_ldf1_seed1_26agents_30rounds_20260731_013853.json,1,3,developed,SI,0.0,0.0,0.0,0.0
20260731_013853,results/To_Use/simulation_llama3.1_8b_Full_scnldf_sh1_ldf1_seed1_26agents_30rounds_20260731_013853.json,1,4,developing,SFI,0.0,0.0,100.0,0.0
20260731_013853,results/To_Use/simulation_llama3.1_8b_Full_scnldf_sh1_ldf1_seed1_26agents_30rounds_20260731_013853.json,1,5,developed,SI,0.0,0.0,0.0,0.0
20260731_013853,results/To_Use/simulation_llama3.1_8b_Full_scnldf_sh1_ldf1_seed1_26agents_30rounds_20260731_013853.json,1,6,developed,SI,0.0,0.0,200000.0,0.0
20260731_013853,results/To_Use/simulation_llama3.1_8b_Full_scnldf_sh1_ldf1_seed1_26agents_30rounds_20260731_013853.json,1,7,developing,SFI,0.0,0.0,0.0,0.0
20260731_013853,results/To_Use/simulation_llama3.1_8b_Full_scnldf_sh1_ldf1_seed1_26agents_30rounds_20260731_013853.json,1,8,developing,SFI,0.0,0.0,0.0,0.0
20260731_013853,results/To_Use/simulation_llama3.1_8b_Full_scnldf_sh1_ldf1_seed1_26agents_30rounds_20260731_013853.json,1,9,developing,SFI,0.0,0.0,0.0,0.0
20260731_013853,results/To_Use/simulation_llama3.1_8b_Full_scnldf_sh1_ldf1_seed1_26agents_30rounds_20260731_013853.json,1,10,developed,SI,0.0,0.0,0.0,0.0
20260731_013853,results/To_Use/simulation_llama3.1_8b_Full_scnldf_sh1_ldf1_seed1_26agents_30rounds_20260731_013853.json,1,11,developing,SFI,0.0,0.0,0.0,0.0
20260731_013853,results/To_Use/simulation_llama3.1_8b_Full_scnldf_sh1_ldf1_seed1_26agents_30rounds_20260731_013853.json,1,12,developing,SFI,0.0,0.0,0.0,0.0
20260731_013853,results/To_Use/simulation_llama3.1_8b_Full_scnldf_sh1_ldf1_seed1_26agents_30rounds_20260731_013853.json,1,13,developed,SI,0.0,0.0,22500.0,0.0
20260731_013853,results/To_Use/simulation_llama3.1_8b_Full_scnldf_sh1_ldf1_seed1_26agents_30rounds_20260731_013853.json,1,14,developed,SI,0.0,0.0,880000.0,0.0
20260731_013853,results/To_Use/simulation_llama3.1_8b_Full_scnldf_sh1_ldf1_seed1_26agents_30rounds_20260731_013853.json,1,15,developing,SFI,0.0,0.0,1000.0,0.0
20260731_013853,results/To_Use/simulation_llama3.1_8b_Full_scnldf_sh1_ldf1_seed1_26agents_30rounds_20260731_013853.json,1,16,developed,SI,0.0,0.0,1200000.0,0.0
20260731_013853,results/To_Use/simulation_llama3.1_8b_Full_scnldf_sh1_ldf1_seed1_26agents_30rounds_20260731_013853.json,1,17,developing,SFI,0.0,0.0,0.0,0.0
20260731_013853,results/To_Use/simulation_llama3.1_8b_Full_scnldf_sh1_ldf1_seed1_26agents_30rounds_20260731_013853.json,1,18,developing,SFI,0.0,0.0,11800.0,0.0
20260731_013853,results/To_Use/simulation_llama3.1_8b_Full_scnldf_sh1_ldf1_seed1_26agents_30rounds_20260731_013853.json,1,19,developing,SFI,0.0,0.0,0.0,0.0
20260731_013853,results/To_Use/simulation_llama3.1_8b_Full_scnldf_sh1_ldf1_seed1_26agents_30rounds_20260731_013853.json,1,20,developing,SFI,0.0,0.0,0.0,0.0
20260731_013853,results/To_Use/simulation_llama3.1_8b_Full_scnldf_sh1_ldf1_seed1_26agents_30rounds_20260731_013853.json,1,21,developed,SI,947.0,0.0,2000000.0,0.0
20260731_013853,results/To_Use/simulation_llama3.1_8b_Full_scnldf_sh1_ldf1_seed1_26agents_30rounds_20260731_013853.json,1,22,developed,SI,0.0,0.0,1210000.0,0.0
20260731_013853,results/To_Use/simulation_llama3.1_8b_Full_scnldf_sh1_ldf1_seed1_26agents_30rounds_20260731_013853.json,1,23,developed,SI,947.0,0.0,4000000.0,0.0
20260731_013853,results/To_Use/simulation_llama3.1_8b_Full_scnldf_sh1_ldf1_seed1_26agents_30rounds_20260731_013853.json,1,24,developing,SFI,0.0,0.0,0.0,0.0
20260731_013853,results/To_Use/simulation_llama3.1_8b_Full_scnldf_sh1_ldf1_seed1_26agents_30rounds_20260731_013853.json,1,25,developed,SI,0.0,0.0,0.0,0.0
20260731_013853,results/To_Use/simulation_llama3.1_8b_Full_scnldf_sh1_ldf1_seed1_26agents_30rounds_20260731_013853.json,2,0,developing,SFI,0.0,0.0,1069.0,0.0
20260731_013853,results/To_Use/simulation_llama3.1_8b_Full_scnldf_sh1_ldf1_seed1_26agents_30rounds_20260731_013853.json,2,1,developing,SFI,0.0,0.0,0.0,0.0
20260731_013853,results/To_Use/simulation_llama3.1_8b_Full_scnldf_sh1_ldf1_seed1_26agents_30rounds_20260731_013853.json,2,2,developed,SI,0.0,0.0,500000.0,0.0
20260731_013853,results/To_Use/simulation_llama3.1_8b_Full_scnldf_sh1_ldf1_seed1_26agents_30rounds_20260731_013853.json,2,3,developed,SI,0.0,0.0,100000.0,0.0
20260731_013853,results/To_Use/simulation_llama3.1_8b_Full_scnldf_sh1_ldf1_seed1_26agents_30rounds_20260731_013853.json,2,4,developing,SFI,0.0,0.0,0.0,0.0
20260731_013853,results/To_Use/simulation_llama3.1_8b_Full_scnldf_sh1_ldf1_seed1_26agents_30rounds_20260731_013853.json,2,5,developed,SI,0.0,0.0,2000000.0,0.0
20260731_013853,results/To_Use/simulation_llama3.1_8b_Full_scnldf_sh1_ldf1_seed1_26agents_30rounds_20260731_013853.json,2,6,developed,SI,0.0,0.0,300000.0,0.0
20260731_013853,results/To_Use/simulation_llama3.1_8b_Full_scnldf_sh1_ldf1_seed1_26agents_30rounds_20260731_013853.json,2,7,developing,SFI,0.0,0.0,1000.0,0.0
20260731_013853,results/To_Use/simulation_llama3.1_8b_Full_scnldf_sh1_ldf1_seed1_26agents_30rounds_20260731_013853.json,2,8,developing,SFI,0.0,0.0,1069.0,0.0
20260731_013853,results/To_Use/simulation_llama3.1_8b_Full_scnldf_sh1_ldf1_seed1_26agents_30rounds_20260731_013853.json,2,9,developing,SFI,0.0,0.0,381648.0,0.0
20260731_013853,results/To_Use/simulation_llama3.1_8b_Full_scnldf_sh1_ldf1_seed1_26agents_30rounds_20260731_013853.json,2,10,developed,SI,0.0,0.0,120000.0,0.0
20260731_013853,results/To_Use/simulation_llama3.1_8b_Full_scnldf_sh1_ldf1_seed1_26agents_30rounds_20260731_013853.json,2,11,developing,SFI,0.0,0.0,1000.0,0.0
20260731_013853,results/To_Use/simulation_llama3.1_8b_Full_scnldf_sh1_ldf1_seed1_26agents_30rounds_20260731_013853.json,2,12,developing,SFI,0.0,0.0,1069.0,0.0
20260731_013853,results/To_Use/simulation_llama3.1_8b_Full_scnldf_sh1_ldf1_seed1_26agents_30rounds_20260731_013853.json,2,13,developed,SI,514.0,0.0,15000000.0,0.0
20260731_013853,results/To_Use/simulation_llama3.1_8b_Full_scnldf_sh1_ldf1_seed1_26agents_30rounds_20260731_013853.json,2,14,developed,SI,0.0,0.0,880000.0,0.0
20260731_013853,results/To_Use/simulation_llama3.1_8b_Full_scnldf_sh1_ldf1_seed1_26agents_30rounds_20260731_013853.json,2,15,developing,SFI,0.0,0.0,0.0,0.0
20260731_013853,results/To_Use/simulation_llama3.1_8b_Full_scnldf_sh1_ldf1_seed1_26agents_30rounds_20260731_013853.json,2,16,developed,SI,0.0,0.0,1200000.0,0.0
20260731_013853,results/To_Use/simulation_llama3.1_8b_Full_scnldf_sh1_ldf1_seed1_26agents_30rounds_20260731_013853.json,2,17,developing,SFI,0.0,0.0,1000.0,0.0
20260731_013853,results/To_Use/simulation_llama3.1_8b_Full_scnldf_sh1_ldf1_seed1_26agents_30rounds_20260731_013853.json,2,18,developing,SFI,0.0,0.0,11800.0,0.0
20260731_013853,results/To_Use/simulation_llama3.1_8b_Full_scnldf_sh1_ldf1_seed1_26agents_30rounds_20260731_013853.json,2,19,developing,SFI,0.0,0.0,1069.0,0.0
20260731_013853,results/To_Use/simulation_llama3.1_8b_Full_scnldf_sh1_ldf1_seed1_26agents_30rounds_20260731_013853.json,2,20,developing,SFI,0.0,0.0,1069.0,0.0
20260731_013853,results/To_Use/simulation_llama3.1_8b_Full_scnldf_sh1_ldf1_seed1_26agents_30rounds_20260731_013853.json,2,21,developed,SI,514.0,0.0,2962962.0,0.0
20260731_013853,results/To_Use/simulation_llama3.1_8b_Full_scnldf_sh1_ldf1_seed1_26agents_30rounds_20260731_013853.json,2,22,developed,SI,0.0,0.0,1210000.0,0.0
20260731_013853,results/To_Use/simulation_llama3.1_8b_Full_scnldf_sh1_ldf1_seed1_26agents_30rounds_20260731_013853.json,2,23,developed,SI,0.0,0.0,503863.0,0.0
20260731_013853,results/To_Use/simulation_llama3.1_8b_Full_scnldf_sh1_ldf1_seed1_26agents_30rounds_20260731_013853.json,2,24,developing,SFI,0.0,0.0,0.0,0.0
20260731_013853,results/To_Use/simulation_llama3.1_8b_Full_scnldf_sh1_ldf1_seed1_26agents_30rounds_20260731_013853.json,2,25,developed,SI,0.0,0.0,100000.0,0.0
20260731_013853,results/To_Use/simulation_llama3.1_8b_Full_scnldf_sh1_ldf1_seed1_26agents_30rounds_20260731_013853.json,3,0,developing,SFI,0.0,0.0,0.0,0.0
20260731_013853,results/To_Use/simulation_llama3.1_8b_Full_scnldf_sh1_ldf1_seed1_26agents_30rounds_20260731_013853.json,3,1,developing,SFI,0.0,0.0,1069.0,0.0
20260731_013853,results/To_Use/simulation_llama3.1_8b_Full_scnldf_sh1_ldf1_seed1_26agents_30rounds_20260731_013853.json,3,2,developed,SI,0.0,0.0,500000.0,0.0
20260731_013853,results/To_Use/simulation_llama3.1_8b_Full_scnldf_sh1_ldf1_seed1_26agents_30rounds_20260731_013853.json,3,3,developed,SI,26436.0,0.0,5083896.0,0.0
20260731_013853,results/To_Use/simulation_llama3.1_8b_Full_scnldf_sh1_ldf1_seed1_26agents_30rounds_20260731_013853.json,3,4,developing,SFI,0.0,0.0,20000.0,0.0
20260731_013853,results/To_Use/simulation_llama3.1_8b_Full_scnldf_sh1_ldf1_seed1_26agents_30rounds_20260731_013853.json,3,5,developed,SI,26436.0,0.0,4000000.0,0.0
20260731_013853,results/To_Use/simulation_llama3.1_8b_Full_scnldf_sh1_ldf1_seed1_26agents_30rounds_20260731_013853.json,3,6,developed,SI,0.0,0.0,4000000.0,0.0
20260731_013853,results/To_Use/simulation_llama3.1_8b_Full_scnldf_sh1_ldf1_seed1_26agents_30rounds_20260731_013853.json,3,7,developing,SFI,0.0,0.0,10000.0,0.0
20260731_013853,results/To_Use/simulation_llama3.1_8b_Full_scnldf_sh1_ldf1_seed1_26agents_30rounds_20260731_013853.json,3,8,developing,SFI,0.0,0.0,200000.0,0.0
20260731_013853,results/To_Use/simulation_llama3.1_8b_Full_scnldf_sh1_ldf1_seed1_26agents_30rounds_20260731_013853.json,3,9,developing,SFI,0.0,0.0,45919.0,0.0
20260731_013853,results/To_Use/simulation_llama3.1_8b_Full_scnldf_sh1_ldf1_seed1_26agents_30rounds_20260731_013853.json,3,10,developed,SI,0.0,0.0,100000.0,0.0
20260731_013853,results/To_Use/simulation_llama3.1_8b_Full_scnldf_sh1_ldf1_seed1_26agents_30rounds_20260731_013853.json,3,11,developing,SFI,0.0,0.0,30830.0,0.0
20260731_013853,results/To_Use/simulation_llama3.1_8b_Full_scnldf_sh1_ldf1_seed1_26agents_30rounds_20260731_013853.json,3,12,developing,SFI,0.0,0.0,30824.0,0.0
20260731_013853,results/To_Use/simulation_llama3.1_8b_Full_scnldf_sh1_ldf1_seed1_26agents_30rounds_20260731_013853.json,3,13,developed,SI,0.0,0.0,120000.0,0.0
20260731_013853,results/To_Use/simulation_llama3.1_8b_Full_scnldf_sh1_ldf1_seed1_26agents_30rounds_20260731_013853.json,3,14,developed,SI,0.0,0.0,0.0,0.0
20260731_013853,results/To_Use/simulation_llama3.1_8b_Full_scnldf_sh1_ldf1_seed1_26agents_30rounds_20260731_013853.json,3,15,developing,SFI,0.0,0.0,0.0,0.0
20260731_013853,results/To_Use/simulation_llama3.1_8b_Full_scnldf_sh1_ldf1_seed1_26agents_30rounds_20260731_013853.json,3,16,developed,SI,0.0,0.0,1200000.0,0.0
20260731_013853,results/To_Use/simulation_llama3.1_8b_Full_scnldf_sh1_ldf1_seed1_26agents_30rounds_20260731_013853.json,3,17,developing,SFI,0.0,0.0,30830.0,0.0
20260731_013853,results/To_Use/simulation_llama3.1_8b_Full_scnldf_sh1_ldf1_seed1_26agents_30rounds_20260731_013853.json,3,18,developing,SFI,0.0,0.0,11800.0,0.0
20260731_013853,results/To_Use/simulation_llama3.1_8b_Full_scnldf_sh1_ldf1_seed1_26agents_30rounds_20260731_013853.json,3,19,developing,SFI,0.0,0.0,1069.0,0.0
20260731_013853,results/To_Use/simulation_llama3.1_8b_Full_scnldf_sh1_ldf1_seed1_26agents_30rounds_20260731_013853.json,3,20,developing,SFI,0.0,0.0,100000.0,0.0
20260731_013853,results/To_Use/simulation_llama3.1_8b_Full_scnldf_sh1_ldf1_seed1_26agents_30rounds_20260731_013853.json,3,21,developed,SI,0.0,0.0,2000000.0,0.0
20260731_013853,results/To_Use/simulation_llama3.1_8b_Full_scnldf_sh1_ldf1_seed1_26agents_30rounds_20260731_013853.json,3,22,developed,SI,0.0,0.0,1210000.0,0.0
20260731_013853,results/To_Use/simulation_llama3.1_8b_Full_scnldf_sh1_ldf1_seed1_26agents_30rounds_20260731_013853.json,3,23,developed,SI,0.0,0.0,1500000.0,0.0
20260731_013853,results/To_Use/simulation_llama3.1_8b_Full_scnldf_sh1_ldf1_seed1_26agents_30rounds_20260731_013853.json,3,24,developing,SFI,0.0,0.0,100000.0,0.0
20260731_013853,results/To_Use/simulation_llama3.1_8b_Full_scnldf_sh1_ldf1_seed1_26agents_30rounds_20260731_013853.json,3,25,developed,SI,0.0,0.0,1500000.0,0.0
20260731_013853,results/To_Use/simulation_llama3.1_8b_Full_scnldf_sh1_ldf1_seed1_26agents_30rounds_20260731_013853.json,4,0,developing,SFI,0.0,0.0,0.0,0.0
20260731_013853,results/To_Use/simulation_llama3.1_8b_Full_scnldf_sh1_ldf1_seed1_26agents_30rounds_20260731_013853.json,4,1,developing,SFI,0.0,0.0,1069.0,0.0
20260731_013853,results/To_Use/simulation_llama3.1_8b_Full_scnldf_sh1_ldf1_seed1_26agents_30rounds_20260731_013853.json,4,2,developed,SI,0.0,0.0,1500000.0,0.0
20260731_013853,results/To_Use/simulation_llama3.1_8b_Full_scnldf_sh1_ldf1_seed1_26agents_30rounds_20260731_013853.json,4,3,developed,SI,0.0,0.0,1466364.0,0.0
20260731_013853,results/To_Use/simulation_llama3.1_8b_Full_scnldf_sh1_ldf1_seed1_26agents_30rounds_20260731_013853.json,4,4,developing,SFI,0.0,0.0,10000.0,0.0
20260731_013853,results/To_Use/simulation_llama3.1_8b_Full_scnldf_sh1_ldf1_seed1_26agents_30rounds_20260731_013853.json,4,5,developed,SI,0.0,0.0,3063221.0,0.0
20260731_013853,results/To_Use/simulation_llama3.1_8b_Full_scnldf_sh1_ldf1_seed1_26agents_30rounds_20260731_013853.json,4,6,developed,SI,25723.0,0.0,5000000.0,0.0
20260731_013853,results/To_Use/simulation_llama3.1_8b_Full_scnldf_sh1_ldf1_seed1_26agents_30rounds_20260731_013853.json,4,7,developing,SFI,0.0,0.0,0.0,0.0
20260731_013853,results/To_Use/simulation_llama3.1_8b_Full_scnldf_sh1_ldf1_seed1_26agents_30rounds_20260731_013853.json,4,8,developing,SFI,0.0,0.0,0.0,0.0
20260731_013853,results/To_Use/simulation_llama3.1_8b_Full_scnldf_sh1_ldf1_seed1_26agents_30rounds_20260731_013853.json,4,9,developing,SFI,0.0,0.0,38164.0,0.0
20260731_013853,results/To_Use/simulation_llama3.1_8b_Full_scnldf_sh1_ldf1_seed1_26agents_30rounds_20260731_013853.json,4,10,developed,SI,0.0,0.0,0.0,0.0
20260731_013853,results/To_Use/simulation_llama3.1_8b_Full_scnldf_sh1_ldf1_seed1_26agents_30rounds_20260731_013853.json,4,11,developing,SFI,0.0,0.0,30830.0,0.0
20260731_013853,results/To_Use/simulation_llama3.1_8b_Full_scnldf_sh1_ldf1_seed1_26agents_30rounds_20260731_013853.json,4,12,developing,SFI,0.0,0.0,30824.0,0.0
20260731_013853,results/To_Use/simulation_llama3.1_8b_Full_scnldf_sh1_ldf1_seed1_26agents_30rounds_20260731_013853.json,4,13,developed,SI,0.0,0.0,1200000.0,0.0
20260731_013853,results/To_Use/simulation_llama3.1_8b_Full_scnldf_sh1_ldf1_seed1_26agents_30rounds_20260731_013853.json,4,14,developed,SI,25723.0,0.0,3320470.0,0.0
20260731_013853,results/To_Use/simulation_llama3.1_8b_Full_scnldf_sh1_ldf1_seed1_26agents_30rounds_20260731_013853.json,4,15,developing,SFI,0.0,0.0,44795.0,0.0
20260731_013853,results/To_Use/simulation_llama3.1_8b_Full_scnldf_sh1_ldf1_seed1_26agents_30rounds_20260731_013853.json,4,16,developed,SI,0.0,0.0,1200000.0,0.0
20260731_013853,results/To_Use/simulation_llama3.1_8b_Full_scnldf_sh1_ldf1_seed1_26agents_30rounds_20260731_013853.json,4,17,developing,SFI,0.0,0.0,30830.0,0.0
20260731_013853,results/To_Use/simulation_llama3.1_8b_Full_scnldf_sh1_ldf1_seed1_26agents_30rounds_20260731_013853.json,4,18,developing,SFI,0.0,0.0,0.0,0.0
20260731_013853,results/To_Use/simulation_llama3.1_8b_Full_scnldf_sh1_ldf1_seed1_26agents_30rounds_20260731_013853.json,4,19,developing,SFI,0.0,0.0,1069.0,0.0
20260731_013853,results/To_Use/simulation_llama3.1_8b_Full_scnldf_sh1_ldf1_seed1_26agents_30rounds_20260731_013853.json,4,20,developing,SFI,0.0,0.0,37103.0,0.0
20260731_013853,results/To_Use/simulation_llama3.1_8b_Full_scnldf_sh1_ldf1_seed1_26agents_30rounds_20260731_013853.json,4,21,developed,SI,0.0,0.0,30830.0,0.0
20260731_013853,results/To_Use/simulation_llama3.1_8b_Full_scnldf_sh1_ldf1_seed1_26agents_30rounds_20260731_013853.json,4,22,developed,SI,0.0,0.0,1210000.0,0.0
20260731_013853,results/To_Use/simulation_llama3.1_8b_Full_scnldf_sh1_ldf1_seed1_26agents_30rounds_20260731_013853.json,4,23,developed,SI,0.0,0.0,0.0,0.0
20260731_013853,results/To_Use/simulation_llama3.1_8b_Full_scnldf_sh1_ldf1_seed1_26agents_30rounds_20260731_013853.json,4,24,developing,SFI,0.0,0.0,0.0,0.0
20260731_013853,results/To_Use/simulation_llama3.1_8b_Full_scnldf_sh1_ldf1_seed1_26agents_30rounds_20260731_013853.json,4,25,developed,SI,0.0,0.0,0.0,0.0
20260731_013853,results/To_Use/simulation_llama3.1_8b_Full_scnldf_sh1_ldf1_seed1_26agents_30rounds_20260731_013853.json,5,0,developing,SFI,0.0,20250.0,0.0,-2250.0
20260731_013853,results/To_Use/simulation_llama3.1_8b_Full_scnldf_sh1_ldf1_seed1_26agents_30rounds_20260731_013853.json,5,1,developing,SFI,0.0,20250.0,1069.0,-2250.0
20260731_013853,results/To_Use/simulation_llama3.1_8b_Full_scnldf_sh1_ldf1_seed1_26agents_30rounds_20260731_013853.json,5,2,developed,SI,0.0,0.0,3799420.0,-4500.0
20260731_013853,results/To_Use/simulation_llama3.1_8b_Full_scnldf_sh1_ldf1_seed1_26agents_30rounds_20260731_013853.json,5,3,developed,SI,0.0,0.0,300000.0,-4500.0
20260731_013853,results/To_Use/simulation_llama3.1_8b_Full_scnldf_sh1_ldf1_seed1_26agents_30rounds_20260731_013853.json,5,4,developing,SFI,0.0,20250.0,0.0,-2250.0
20260731_013853,results/To_Use/simulation_llama3.1_8b_Full_scnldf_sh1_ldf1_seed1_26agents_30rounds_20260731_013853.json,5,5,developed,SI,0.0,0.0,0.0,-4500.0
20260731_013853,results/To_Use/simulation_llama3.1_8b_Full_scnldf_sh1_ldf1_seed1_26agents_30rounds_20260731_013853.json,5,6,developed,SI,0.0,0.0,1350000.0,-4500.0
20260731_013853,results/To_Use/simulation_llama3.1_8b_Full_scnldf_sh1_ldf1_seed1_26agents_30rounds_20260731_013853.json,5,7,developing,SFI,0.0,20250.0,0.0,-2250.0
20260731_013853,results/To_Use/simulation_llama3.1_8b_Full_scnldf_sh1_ldf1_seed1_26agents_30rounds_20260731_013853.json,5,8,developing,SFI,0.0,20250.0,0.0,-2250.0
20260731_013853,results/To_Use/simulation_llama3.1_8b_Full_scnldf_sh1_ldf1_seed1_26agents_30rounds_20260731_013853.json,5,9,developing,SFI,0.0,20250.0,10000.0,-2250.0
20260731_013853,results/To_Use/simulation_llama3.1_8b_Full_scnldf_sh1_ldf1_seed1_26agents_30rounds_20260731_013853.json,5,10,developed,SI,0.0,0.0,500000.0,-4500.0
20260731_013853,results/To_Use/simulation_llama3.1_8b_Full_scnldf_sh1_ldf1_seed1_26agents_30rounds_20260731_013853.json,5,11,developing,SFI,0.0,20250.0,30830.0,-2250.0
20260731_013853,results/To_Use/simulation_llama3.1_8b_Full_scnldf_sh1_ldf1_seed1_26agents_30rounds_20260731_013853.json,5,12,developing,SFI,0.0,20250.0,14912.0,-2250.0
20260731_013853,results/To_Use/simulation_llama3.1_8b_Full_scnldf_sh1_ldf1_seed1_26agents_30rounds_20260731_013853.json,5,13,developed,SI,0.0,0.0,1200000.0,-4500.0
20260731_013853,results/To_Use/simulation_llama3.1_8b_Full_scnldf_sh1_ldf1_seed1_26agents_30rounds_20260731_013853.json,5,14,developed,SI,0.0,0.0,880000.0,-4500.0
20260731_013853,results/To_Use/simulation_llama3.1_8b_Full_scnldf_sh1_ldf1_seed1_26agents_30rounds_20260731_013853.json,5,15,developing,SFI,0.0,20250.0,44795.0,-2250.0
20260731_013853,results/To_Use/simulation_llama3.1_8b_Full_scnldf_sh1_ldf1_seed1_26agents_30rounds_20260731_013853.json,5,16,developed,SI,0.0,0.0,1200000.0,-4500.0
20260731_013853,results/To_Use/simulation_llama3.1_8b_Full_scnldf_sh1_ldf1_seed1_26agents_30rounds_20260731_013853.json,5,17,developing,SFI,0.0,20250.0,30830.0,-2250.0
20260731_013853,results/To_Use/simulation_llama3.1_8b_Full_scnldf_sh1_ldf1_seed1_26agents_30rounds_20260731_013853.json,5,18,developing,SFI,0.0,20250.0,11800.0,-2250.0
20260731_013853,results/To_Use/simulation_llama3.1_8b_Full_scnldf_sh1_ldf1_seed1_26agents_30rounds_20260731_013853.json,5,19,developing,SFI,0.0,20250.0,1069.0,-2250.0
20260731_013853,results/To_Use/simulation_llama3.1_8b_Full_scnldf_sh1_ldf1_seed1_26agents_30rounds_20260731_013853.json,5,20,developing,SFI,0.0,20250.0,1000000.0,-2250.0
20260731_013853,results/To_Use/simulation_llama3.1_8b_Full_scnldf_sh1_ldf1_seed1_26agents_30rounds_20260731_013853.json,5,21,developed,SI,52793.0,0.0,6529794.0,-4500.0
20260731_013853,results/To_Use/simulation_llama3.1_8b_Full_scnldf_sh1_ldf1_seed1_26agents_30rounds_20260731_013853.json,5,22,developed,SI,0.0,0.0,30830.0,-4500.0
20260731_013853,results/To_Use/simulation_llama3.1_8b_Full_scnldf_sh1_ldf1_seed1_26agents_30rounds_20260731_013853.json,5,23,developed,SI,0.0,0.0,391596.0,-4500.0
20260731_013853,results/To_Use/simulation_llama3.1_8b_Full_scnldf_sh1_ldf1_seed1_26agents_30rounds_20260731_013853.json,5,24,developing,SFI,0.0,20250.0,0.0,-2250.0
20260731_013853,results/To_Use/simulation_llama3.1_8b_Full_scnldf_sh1_ldf1_seed1_26agents_30rounds_20260731_013853.json,5,25,developed,SI,52793.0,0.0,5000000.0,-4500.0
20260731_013853,results/To_Use/simulation_llama3.1_8b_Full_scnldf_sh1_ldf1_seed1_26agents_30rounds_20260731_013853.json,6,0,developing,SFI,0.0,0.0,1069.0,0.0
20260731_013853,results/To_Use/simulation_llama3.1_8b_Full_scnldf_sh1_ldf1_seed1_26agents_30rounds_20260731_013853.json,6,1,developing,SFI,0.0,0.0,1069.0,0.0
20260731_013853,results/To_Use/simulation_llama3.1_8b_Full_scnldf_sh1_ldf1_seed1_26agents_30rounds_20260731_013853.json,6,2,developed,SI,0.0,0.0,0.0,0.0
20260731_013853,results/To_Use/simulation_llama3.1_8b_Full_scnldf_sh1_ldf1_seed1_26agents_30rounds_20260731_013853.json,6,3,developed,SI,0.0,0.0,0.0,0.0
20260731_013853,results/To_Use/simulation_llama3.1_8b_Full_scnldf_sh1_ldf1_seed1_26agents_30rounds_20260731_013853.json,6,4,developing,SFI,0.0,0.0,0.0,0.0
20260731_013853,results/To_Use/simulation_llama3.1_8b_Full_scnldf_sh1_ldf1_seed1_26agents_30rounds_20260731_013853.json,6,5,developed,SI,0.0,0.0,0.0,0.0
20260731_013853,results/To_Use/simulation_llama3.1_8b_Full_scnldf_sh1_ldf1_seed1_26agents_30rounds_20260731_013853.json,6,6,developed,SI,0.0,0.0,0.0,0.0
20260731_013853,results/To_Use/simulation_llama3.1_8b_Full_scnldf_sh1_ldf1_seed1_26agents_30rounds_20260731_013853.json,6,7,developing,SFI,0.0,0.0,0.0,0.0
20260731_013853,results/To_Use/simulation_llama3.1_8b_Full_scnldf_sh1_ldf1_seed1_26agents_30rounds_20260731_013853.json,6,8,developing,SFI,0.0,0.0,430812.0,0.0
20260731_013853,results/To_Use/simulation_llama3.1_8b_Full_scnldf_sh1_ldf1_seed1_26agents_30rounds_20260731_013853.json,6,9,developing,SFI,0.0,0.0,0.0,0.0
20260731_013853,results/To_Use/simulation_llama3.1_8b_Full_scnldf_sh1_ldf1_seed1_26agents_30rounds_20260731_013853.json,6,10,developed,SI,2074.0,0.0,3000000.0,0.0
20260731_013853,results/To_Use/simulation_llama3.1_8b_Full_scnldf_sh1_ldf1_seed1_26agents_30rounds_20260731_013853.json,6,11,developing,SFI,0.0,0.0,30830.0,0.0
20260731_013853,results/To_Use/simulation_llama3.1_8b_Full_scnldf_sh1_ldf1_seed1_26agents_30rounds_20260731_013853.json,6,12,developing,SFI,0.0,0.0,30824.0,0.0
20260731_013853,results/To_Use/simulation_llama3.1_8b_Full_scnldf_sh1_ldf1_seed1_26agents_30rounds_20260731_013853.json,6,13,developed,SI,0.0,0.0,1200000.0,0.0
20260731_013853,results/To_Use/simulation_llama3.1_8b_Full_scnldf_sh1_ldf1_seed1_26agents_30rounds_20260731_013853.json,6,14,developed,SI,0.0,0.0,0.0,0.0
20260731_013853,results/To_Use/simulation_llama3.1_8b_Full_scnldf_sh1_ldf1_seed1_26agents_30rounds_20260731_013853.json,6,15,developing,SFI,0.0,0.0,44795.0,0.0
20260731_013853,results/To_Use/simulation_llama3.1_8b_Full_scnldf_sh1_ldf1_seed1_26agents_30rounds_20260731_013853.json,6,16,developed,SI,0.0,0.0,1200000.0,0.0
20260731_013853,results/To_Use/simulation_llama3.1_8b_Full_scnldf_sh1_ldf1_seed1_26agents_30rounds_20260731_013853.json,6,17,developing,SFI,0.0,0.0,30830.0,0.0
20260731_013853,results/To_Use/simulation_llama3.1_8b_Full_scnldf_sh1_ldf1_seed1_26agents_30rounds_20260731_013853.json,6,18,developing,SFI,0.0,0.0,11800.0,0.0
20260731_013853,results/To_Use/simulation_llama3.1_8b_Full_scnldf_sh1_ldf1_seed1_26agents_30rounds_20260731_013853.json,6,19,developing,SFI,0.0,0.0,1069.0,0.0
20260731_013853,results/To_Use/simulation_llama3.1_8b_Full_scnldf_sh1_ldf1_seed1_26agents_30rounds_20260731_013853.json,6,20,developing,SFI,0.0,0.0,120000.0,0.0
20260731_013853,results/To_Use/simulation_llama3.1_8b_Full_scnldf_sh1_ldf1_seed1_26agents_30rounds_20260731_013853.json,6,21,developed,SI,0.0,0.0,1200000.0,0.0
20260731_013853,results/To_Use/simulation_llama3.1_8b_Full_scnldf_sh1_ldf1_seed1_26agents_30rounds_20260731_013853.json,6,22,developed,SI,0.0,0.0,30830.0,0.0
20260731_013853,results/To_Use/simulation_llama3.1_8b_Full_scnldf_sh1_ldf1_seed1_26agents_30rounds_20260731_013853.json,6,23,developed,SI,2074.0,0.0,3000000.0,0.0
20260731_013853,results/To_Use/simulation_llama3.1_8b_Full_scnldf_sh1_ldf1_seed1_26agents_30rounds_20260731_013853.json,6,24,developing,SFI,0.0,0.0,100000.0,0.0
20260731_013853,results/To_Use/simulation_llama3.1_8b_Full_scnldf_sh1_ldf1_seed1_26agents_30rounds_20260731_013853.json,6,25,developed,SI,0.0,0.0,3000000.0,0.0
20260731_013853,results/To_Use/simulation_llama3.1_8b_Full_scnldf_sh1_ldf1_seed1_26agents_30rounds_20260731_013853.json,7,0,developing,SFI,0.0,0.0,100000.0,0.0
20260731_013853,results/To_Use/simulation_llama3.1_8b_Full_scnldf_sh1_ldf1_seed1_26agents_30rounds_20260731_013853.json,7,1,developing,SFI,0.0,0.0,1069.0,0.0
20260731_013853,results/To_Use/simulation_llama3.1_8b_Full_scnldf_sh1_ldf1_seed1_26agents_30rounds_20260731_013853.json,7,2,developed,SI,0.0,0.0,1500000.0,0.0
20260731_013853,results/To_Use/simulation_llama3.1_8b_Full_scnldf_sh1_ldf1_seed1_26agents_30rounds_20260731_013853.json,7,3,developed,SI,0.0,0.0,1200000.0,0.0
20260731_013853,results/To_Use/simulation_llama3.1_8b_Full_scnldf_sh1_ldf1_seed1_26agents_30rounds_20260731_013853.json,7,4,developing,SFI,0.0,0.0,0.0,0.0
20260731_013853,results/To_Use/simulation_llama3.1_8b_Full_scnldf_sh1_ldf1_seed1_26agents_30rounds_20260731_013853.json,7,5,developed,SI,0.0,0.0,3063221.0,0.0
20260731_013853,results/To_Use/simulation_llama3.1_8b_Full_scnldf_sh1_ldf1_seed1_26agents_30rounds_20260731_013853.json,7,6,developed,SI,0.0,0.0,2000000.0,0.0
20260731_013853,results/To_Use/simulation_llama3.1_8b_Full_scnldf_sh1_ldf1_seed1_26agents_30rounds_20260731_013853.json,7,7,developing,SFI,0.0,0.0,0.0,0.0
20260731_013853,results/To_Use/simulation_llama3.1_8b_Full_scnldf_sh1_ldf1_seed1_26agents_30rounds_20260731_013853.json,7,8,developing,SFI,0.0,0.0,91782.0,0.0
20260731_013853,results/To_Use/simulation_llama3.1_8b_Full_scnldf_sh1_ldf1_seed1_26agents_30rounds_20260731_013853.json,7,9,developing,SFI,0.0,0.0,128246.0,0.0
20260731_013853,results/To_Use/simulation_llama3.1_8b_Full_scnldf_sh1_ldf1_seed1_26agents_30rounds_20260731_013853.json,7,10,developed,SI,67294.0,0.0,5000000.0,0.0
20260731_013853,results/To_Use/simulation_llama3.1_8b_Full_scnldf_sh1_ldf1_seed1_26agents_30rounds_20260731_013853.json,7,11,developing,SFI,0.0,0.0,30830.0,0.0
20260731_013853,results/To_Use/simulation_llama3.1_8b_Full_scnldf_sh1_ldf1_seed1_26agents_30rounds_20260731_013853.json,7,12,developing,SFI,0.0,0.0,30824.0,0.0
20260731_013853,results/To_Use/simulation_llama3.1_8b_Full_scnldf_sh1_ldf1_seed1_26agents_30rounds_20260731_013853.json,7,13,developed,SI,0.0,0.0,1200000.0,0.0
20260731_013853,results/To_Use/simulation_llama3.1_8b_Full_scnldf_sh1_ldf1_seed1_26agents_30rounds_20260731_013853.json,7,14,developed,SI,0.0,0.0,4000000.0,0.0
20260731_013853,results/To_Use/simulation_llama3.1_8b_Full_scnldf_sh1_ldf1_seed1_26agents_30rounds_20260731_013853.json,7,15,developing,SFI,0.0,0.0,44795.0,0.0
20260731_013853,results/To_Use/simulation_llama3.1_8b_Full_scnldf_sh1_ldf1_seed1_26agents_30rounds_20260731_013853.json,7,16,developed,SI,0.0,0.0,1200000.0,0.0
20260731_013853,results/To_Use/simulation_llama3.1_8b_Full_scnldf_sh1_ldf1_seed1_26agents_30rounds_20260731_013853.json,7,17,developing,SFI,0.0,0.0,30830.0,0.0
20260731_013853,results/To_Use/simulation_llama3.1_8b_Full_scnldf_sh1_ldf1_seed1_26agents_30rounds_20260731_013853.json,7,18,developing,SFI,0.0,0.0,20000.0,0.0
20260731_013853,results/To_Use/simulation_llama3.1_8b_Full_scnldf_sh1_ldf1_seed1_26agents_30rounds_20260731_013853.json,7,19,developing,SFI,0.0,0.0,1069.0,0.0
20260731_013853,results/To_Use/simulation_llama3.1_8b_Full_scnldf_sh1_ldf1_seed1_26agents_30rounds_20260731_013853.json,7,20,developing,SFI,0.0,0.0,120000.0,0.0
20260731_013853,results/To_Use/simulation_llama3.1_8b_Full_scnldf_sh1_ldf1_seed1_26agents_30rounds_20260731_013853.json,7,21,developed,SI,0.0,0.0,1200000.0,0.0
20260731_013853,results/To_Use/simulation_llama3.1_8b_Full_scnldf_sh1_ldf1_seed1_26agents_30rounds_20260731_013853.json,7,22,developed,SI,0.0,0.0,1200000.0,0.0
20260731_013853,results/To_Use/simulation_llama3.1_8b_Full_scnldf_sh1_ldf1_seed1_26agents_30rounds_20260731_013853.json,7,23,developed,SI,0.0,0.0,0.0,0.0
20260731_013853,results/To_Use/simulation_llama3.1_8b_Full_scnldf_sh1_ldf1_seed1_26agents_30rounds_20260731_013853.json,7,24,developing,SFI,0.0,0.0,0.0,0.0
20260731_013853,results/To_Use/simulation_llama3.1_8b_Full_scnldf_sh1_ldf1_seed1_26agents_30rounds_20260731_013853.json,7,25,developed,SI,67294.0,0.0,5000000.0,0.0
20260731_013853,results/To_Use/simulation_llama3.1_8b_Full_scnldf_sh1_ldf1_seed1_26agents_30rounds_20260731_013853.json,8,0,developing,SFI,0.0,0.0,100000.0,0.0
20260731_013853,results/To_Use/simulation_llama3.1_8b_Full_scnldf_sh1_ldf1_seed1_26agents_30rounds_20260731_013853.json,8,1,developing,SFI,0.0,0.0,1069.0,0.0
20260731_013853,results/To_Use/simulation_llama3.1_8b_Full_scnldf_sh1_ldf1_seed1_26agents_30rounds_20260731_013853.json,8,2,developed,SI,2664.0,0.0,4000000.0,0.0
20260731_013853,results/To_Use/simulation_llama3.1_8b_Full_scnldf_sh1_ldf1_seed1_26agents_30rounds_20260731_013853.json,8,3,developed,SI,0.0,0.0,2000000.0,0.0
20260731_013853,results/To_Use/simulation_llama3.1_8b_Full_scnldf_sh1_ldf1_seed1_26agents_30rounds_20260731_013853.json,8,4,developing,SFI,0.0,0.0,100000.0,0.0
20260731_013853,results/To_Use/simulation_llama3.1_8b_Full_scnldf_sh1_ldf1_seed1_26agents_30rounds_20260731_013853.json,8,5,developed,SI,0.0,0.0,1000000.0,0.0
20260731_013853,results/To_Use/simulation_llama3.1_8b_Full_scnldf_sh1_ldf1_seed1_26agents_30rounds_20260731_013853.json,8,6,developed,SI,0.0,0.0,1500000.0,0.0
20260731_013853,results/To_Use/simulation_llama3.1_8b_Full_scnldf_sh1_ldf1_seed1_26agents_30rounds_20260731_013853.json,8,7,developing,SFI,0.0,0.0,443081.0,0.0
20260731_013853,results/To_Use/simulation_llama3.1_8b_Full_scnldf_sh1_ldf1_seed1_26agents_30rounds_20260731_013853.json,8,8,developing,SFI,0.0,0.0,30830.0,0.0
20260731_013853,results/To_Use/simulation_llama3.1_8b_Full_scnldf_sh1_ldf1_seed1_26agents_30rounds_20260731_013853.json,8,9,developing,SFI,0.0,0.0,10000.0,0.0
20260731_013853,results/To_Use/simulation_llama3.1_8b_Full_scnldf_sh1_ldf1_seed1_26agents_30rounds_20260731_013853.json,8,10,developed,SI,0.0,0.0,3000000.0,0.0
20260731_013853,results/To_Use/simulation_llama3.1_8b_Full_scnldf_sh1_ldf1_seed1_26agents_30rounds_20260731_013853.json,8,11,developing,SFI,0.0,0.0,30830.0,0.0
20260731_013853,results/To_Use/simulation_llama3.1_8b_Full_scnldf_sh1_ldf1_seed1_26agents_30rounds_20260731_013853.json,8,12,developing,SFI,0.0,0.0,30824.0,0.0
20260731_013853,results/To_Use/simulation_llama3.1_8b_Full_scnldf_sh1_ldf1_seed1_26agents_30rounds_20260731_013853.json,8,13,developed,SI,0.0,0.0,1200000.0,0.0
20260731_013853,results/To_Use/simulation_llama3.1_8b_Full_scnldf_sh1_ldf1_seed1_26agents_30rounds_20260731_013853.json,8,14,developed,SI,0.0,0.0,880000.0,0.0
20260731_013853,results/To_Use/simulation_llama3.1_8b_Full_scnldf_sh1_ldf1_seed1_26agents_30rounds_20260731_013853.json,8,15,developing,SFI,0.0,0.0,44795.0,0.0
20260731_013853,results/To_Use/simulation_llama3.1_8b_Full_scnldf_sh1_ldf1_seed1_26agents_30rounds_20260731_013853.json,8,16,developed,SI,0.0,0.0,1200000.0,0.0
20260731_013853,results/To_Use/simulation_llama3.1_8b_Full_scnldf_sh1_ldf1_seed1_26agents_30rounds_20260731_013853.json,8,17,developing,SFI,0.0,0.0,30830.0,0.0
20260731_013853,results/To_Use/simulation_llama3.1_8b_Full_scnldf_sh1_ldf1_seed1_26agents_30rounds_20260731_013853.json,8,18,developing,SFI,0.0,0.0,11800.0,0.0
20260731_013853,results/To_Use/simulation_llama3.1_8b_Full_scnldf_sh1_ldf1_seed1_26agents_30rounds_20260731_013853.json,8,19,developing,SFI,0.0,0.0,1069.0,0.0
20260731_013853,results/To_Use/simulation_llama3.1_8b_Full_scnldf_sh1_ldf1_seed1_26agents_30rounds_20260731_013853.json,8,20,developing,SFI,0.0,0.0,120000.0,0.0
20260731_013853,results/To_Use/simulation_llama3.1_8b_Full_scnldf_sh1_ldf1_seed1_26agents_30rounds_20260731_013853.json,8,21,developed,SI,0.0,0.0,2305747.0,0.0
20260731_013853,results/To_Use/simulation_llama3.1_8b_Full_scnldf_sh1_ldf1_seed1_26agents_30rounds_20260731_013853.json,8,22,developed,SI,0.0,0.0,1200000.0,0.0
20260731_013853,results/To_Use/simulation_llama3.1_8b_Full_scnldf_sh1_ldf1_seed1_26agents_30rounds_20260731_013853.json,8,23,developed,SI,2664.0,0.0,6000000.0,0.0
20260731_013853,results/To_Use/simulation_llama3.1_8b_Full_scnldf_sh1_ldf1_seed1_26agents_30rounds_20260731_013853.json,8,24,developing,SFI,0.0,0.0,128246.0,0.0
20260731_013853,results/To_Use/simulation_llama3.1_8b_Full_scnldf_sh1_ldf1_seed1_26agents_30rounds_20260731_013853.json,8,25,developed,SI,0.0,0.0,4000000.0,0.0
20260731_013853,results/To_Use/simulation_llama3.1_8b_Full_scnldf_sh1_ldf1_seed1_26agents_30rounds_20260731_013853.json,9,0,developing,SFI,0.0,0.0,200000.0,0.0
20260731_013853,results/To_Use/simulation_llama3.1_8b_Full_scnldf_sh1_ldf1_seed1_26agents_30rounds_20260731_013853.json,9,1,developing,SFI,0.0,0.0,1069.0,0.0
20260731_013853,results/To_Use/simulation_llama3.1_8b_Full_scnldf_sh1_ldf1_seed1_26agents_30rounds_20260731_013853.json,9,2,developed,SI,4442.0,0.0,5000000.0,0.0
20260731_013853,results/To_Use/simulation_llama3.1_8b_Full_scnldf_sh1_ldf1_seed1_26agents_30rounds_20260731_013853.json,9,3,developed,SI,4442.0,0.0,11454338.0,0.0
20260731_013853,results/To_Use/simulation_llama3.1_8b_Full_scnldf_sh1_ldf1_seed1_26agents_30rounds_20260731_013853.json,9,4,developing,SFI,0.0,0.0,106000.0,0.0
20260731_013853,results/To_Use/simulation_llama3.1_8b_Full_scnldf_sh1_ldf1_seed1_26agents_30rounds_20260731_013853.json,9,5,developed,SI,0.0,0.0,2000000.0,0.0
20260731_013853,results/To_Use/simulation_llama3.1_8b_Full_scnldf_sh1_ldf1_seed1_26agents_30rounds_20260731_013853.json,9,6,developed,SI,0.0,0.0,5000000.0,0.0
20260731_013853,results/To_Use/simulation_llama3.1_8b_Full_scnldf_sh1_ldf1_seed1_26agents_30rounds_20260731_013853.json,9,7,developing,SFI,0.0,0.0,49253.0,0.0
20260731_013853,results/To_Use/simulation_llama3.1_8b_Full_scnldf_sh1_ldf1_seed1_26agents_30rounds_20260731_013853.json,9,8,developing,SFI,0.0,0.0,0.0,0.0
20260731_013853,results/To_Use/simulation_llama3.1_8b_Full_scnldf_sh1_ldf1_seed1_26agents_30rounds_20260731_013853.json,9,9,developing,SFI,0.0,0.0,128246.0,0.0
20260731_013853,results/To_Use/simulation_llama3.1_8b_Full_scnldf_sh1_ldf1_seed1_26agents_30rounds_20260731_013853.json,9,10,developed,SI,0.0,0.0,4000000.0,0.0
20260731_013853,results/To_Use/simulation_llama3.1_8b_Full_scnldf_sh1_ldf1_seed1_26agents_30rounds_20260731_013853.json,9,11,developing,SFI,0.0,0.0,30830.0,0.0
20260731_013853,results/To_Use/simulation_llama3.1_8b_Full_scnldf_sh1_ldf1_seed1_26agents_30rounds_20260731_013853.json,9,12,developing,SFI,0.0,0.0,30824.0,0.0
20260731_013853,results/To_Use/simulation_llama3.1_8b_Full_scnldf_sh1_ldf1_seed1_26agents_30rounds_20260731_013853.json,9,13,developed,SI,0.0,0.0,1200000.0,0.0
20260731_013853,results/To_Use/simulation_llama3.1_8b_Full_scnldf_sh1_ldf1_seed1_26agents_30rounds_20260731_013853.json,9,14,developed,SI,0.0,0.0,5000000.0,0.0
20260731_013853,results/To_Use/simulation_llama3.1_8b_Full_scnldf_sh1_ldf1_seed1_26agents_30rounds_20260731_013853.json,9,15,developing,SFI,0.0,0.0,44795.0,0.0
20260731_013853,results/To_Use/simulation_llama3.1_8b_Full_scnldf_sh1_ldf1_seed1_26agents_30rounds_20260731_013853.json,9,16,developed,SI,0.0,0.0,1200000.0,0.0
20260731_013853,results/To_Use/simulation_llama3.1_8b_Full_scnldf_sh1_ldf1_seed1_26agents_30rounds_20260731_013853.json,9,17,developing,SFI,0.0,0.0,30830.0,0.0
20260731_013853,results/To_Use/simulation_llama3.1_8b_Full_scnldf_sh1_ldf1_seed1_26agents_30rounds_20260731_013853.json,9,18,developing,SFI,0.0,0.0,250000.0,0.0
20260731_013853,results/To_Use/simulation_llama3.1_8b_Full_scnldf_sh1_ldf1_seed1_26agents_30rounds_20260731_013853.json,9,19,developing,SFI,0.0,0.0,1069.0,0.0
20260731_013853,results/To_Use/simulation_llama3.1_8b_Full_scnldf_sh1_ldf1_seed1_26agents_30rounds_20260731_013853.json,9,20,developing,SFI,0.0,0.0,120000.0,0.0
20260731_013853,results/To_Use/simulation_llama3.1_8b_Full_scnldf_sh1_ldf1_seed1_26agents_30rounds_20260731_013853.json,9,21,developed,SI,0.0,0.0,3000000.0,0.0
20260731_013853,results/To_Use/simulation_llama3.1_8b_Full_scnldf_sh1_ldf1_seed1_26agents_30rounds_20260731_013853.json,9,22,developed,SI,0.0,0.0,30830.0,0.0
20260731_013853,results/To_Use/simulation_llama3.1_8b_Full_scnldf_sh1_ldf1_seed1_26agents_30rounds_20260731_013853.json,9,23,developed,SI,0.0,0.0,4000000.0,0.0
20260731_013853,results/To_Use/simulation_llama3.1_8b_Full_scnldf_sh1_ldf1_seed1_26agents_30rounds_20260731_013853.json,9,24,developing,SFI,0.0,0.0,0.0,0.0
20260731_013853,results/To_Use/simulation_llama3.1_8b_Full_scnldf_sh1_ldf1_seed1_26agents_30rounds_20260731_013853.json,9,25,developed,SI,0.0,0.0,5000000.0,0.0
20260731_013853,results/To_Use/simulation_llama3.1_8b_Full_scnldf_sh1_ldf1_seed1_26agents_30rounds_20260731_013853.json,10,0,developing,SFI,0.0,40500.0,200000.0,-4500.0
20260731_013853,results/To_Use/simulation_llama3.1_8b_Full_scnldf_sh1_ldf1_seed1_26agents_30rounds_20260731_013853.json,10,1,developing,SFI,0.0,40500.0,1069.0,-4500.0
20260731_013853,results/To_Use/simulation_llama3.1_8b_Full_scnldf_sh1_ldf1_seed1_26agents_30rounds_20260731_013853.json,10,2,developed,SI,0.0,0.0,5000000.0,-9000.0
20260731_013853,results/To_Use/simulation_llama3.1_8b_Full_scnldf_sh1_ldf1_seed1_26agents_30rounds_20260731_013853.json,10,3,developed,SI,0.0,0.0,1200000.0,-9000.0
20260731_013853,results/To_Use/simulation_llama3.1_8b_Full_scnldf_sh1_ldf1_seed1_26agents_30rounds_20260731_013853.json,10,4,developing,SFI,0.0,40500.0,200000.0,-4500.0
20260731_013853,results/To_Use/simulation_llama3.1_8b_Full_scnldf_sh1_ldf1_seed1_26agents_30rounds_20260731_013853.json,10,5,developed,SI,0.0,0.0,6000000.0,-9000.0
20260731_013853,results/To_Use/simulation_llama3.1_8b_Full_scnldf_sh1_ldf1_seed1_26agents_30rounds_20260731_013853.json,10,6,developed,SI,0.0,0.0,3000000.0,-9000.0
20260731_013853,results/To_Use/simulation_llama3.1_8b_Full_scnldf_sh1_ldf1_seed1_26agents_30rounds_20260731_013853.json,10,7,developing,SFI,0.0,40500.0,100000.0,-4500.0
20260731_013853,results/To_Use/simulation_llama3.1_8b_Full_scnldf_sh1_ldf1_seed1_26agents_30rounds_20260731_013853.json,10,8,developing,SFI,0.0,40500.0,30830.0,-4500.0
20260731_013853,results/To_Use/simulation_llama3.1_8b_Full_scnldf_sh1_ldf1_seed1_26agents_30rounds_20260731_013853.json,10,9,developing,SFI,0.0,40500.0,10000.0,-4500.0
20260731_013853,results/To_Use/simulation_llama3.1_8b_Full_scnldf_sh1_ldf1_seed1_26agents_30rounds_20260731_013853.json,10,10,developed,SI,204067.0,0.0,10000000.0,-9000.0
20260731_013853,results/To_Use/simulation_llama3.1_8b_Full_scnldf_sh1_ldf1_seed1_26agents_30rounds_20260731_013853.json,10,11,developing,SFI,0.0,40500.0,30830.0,-4500.0
20260731_013853,results/To_Use/simulation_llama3.1_8b_Full_scnldf_sh1_ldf1_seed1_26agents_30rounds_20260731_013853.json,10,12,developing,SFI,0.0,40500.0,30824.0,-4500.0
20260731_013853,results/To_Use/simulation_llama3.1_8b_Full_scnldf_sh1_ldf1_seed1_26agents_30rounds_20260731_013853.json,10,13,developed,SI,204067.0,0.0,10000000.0,-9000.0
20260731_013853,results/To_Use/simulation_llama3.1_8b_Full_scnldf_sh1_ldf1_seed1_26agents_30rounds_20260731_013853.json,10,14,developed,SI,0.0,0.0,10000000.0,-9000.0
20260731_013853,results/To_Use/simulation_llama3.1_8b_Full_scnldf_sh1_ldf1_seed1_26agents_30rounds_20260731_013853.json,10,15,developing,SFI,0.0,40500.0,400000.0,-4500.0
20260731_013853,results/To_Use/simulation_llama3.1_8b_Full_scnldf_sh1_ldf1_seed1_26agents_30rounds_20260731_013853.json,10,16,developed,SI,0.0,0.0,1200000.0,-9000.0
20260731_013853,results/To_Use/simulation_llama3.1_8b_Full_scnldf_sh1_ldf1_seed1_26agents_30rounds_20260731_013853.json,10,17,developing,SFI,0.0,40500.0,30830.0,-4500.0
20260731_013853,results/To_Use/simulation_llama3.1_8b_Full_scnldf_sh1_ldf1_seed1_26agents_30rounds_20260731_013853.json,10,18,developing,SFI,0.0,40500.0,118000.0,-4500.0
20260731_013853,results/To_Use/simulation_llama3.1_8b_Full_scnldf_sh1_ldf1_seed1_26agents_30rounds_20260731_013853.json,10,19,developing,SFI,0.0,40500.0,1069.0,-4500.0
20260731_013853,results/To_Use/simulation_llama3.1_8b_Full_scnldf_sh1_ldf1_seed1_26agents_30rounds_20260731_013853.json,10,20,developing,SFI,0.0,40500.0,120000.0,-4500.0
20260731_013853,results/To_Use/simulation_llama3.1_8b_Full_scnldf_sh1_ldf1_seed1_26agents_30rounds_20260731_013853.json,10,21,developed,SI,0.0,0.0,3989560.0,-9000.0
20260731_013853,results/To_Use/simulation_llama3.1_8b_Full_scnldf_sh1_ldf1_seed1_26agents_30rounds_20260731_013853.json,10,22,developed,SI,0.0,0.0,1200000.0,-9000.0
20260731_013853,results/To_Use/simulation_llama3.1_8b_Full_scnldf_sh1_ldf1_seed1_26agents_30rounds_20260731_013853.json,10,23,developed,SI,0.0,0.0,10000000.0,-9000.0
20260731_013853,results/To_Use/simulation_llama3.1_8b_Full_scnldf_sh1_ldf1_seed1_26agents_30rounds_20260731_013853.json,10,24,developing,SFI,0.0,40500.0,0.0,-4500.0
20260731_013853,results/To_Use/simulation_llama3.1_8b_Full_scnldf_sh1_ldf1_seed1_26agents_30rounds_20260731_013853.json,10,25,developed,SI,0.0,0.0,4000000.0,-9000.0
20260731_013853,results/To_Use/simulation_llama3.1_8b_Full_scnldf_sh1_ldf1_seed1_26agents_30rounds_20260731_013853.json,11,0,developing,SFI,0.0,0.0,120000.0,0.0
20260731_013853,results/To_Use/simulation_llama3.1_8b_Full_scnldf_sh1_ldf1_seed1_26agents_30rounds_20260731_013853.json,11,1,developing,SFI,0.0,0.0,1069.0,0.0
20260731_013853,results/To_Use/simulation_llama3.1_8b_Full_scnldf_sh1_ldf1_seed1_26agents_30rounds_20260731_013853.json,11,2,developed,SI,0.0,0.0,8000000.0,0.0
20260731_013853,results/To_Use/simulation_llama3.1_8b_Full_scnldf_sh1_ldf1_seed1_26agents_30rounds_20260731_013853.json,11,3,developed,SI,0.0,0.0,5853596.0,0.0
20260731_013853,results/To_Use/simulation_llama3.1_8b_Full_scnldf_sh1_ldf1_seed1_26agents_30rounds_20260731_013853.json,11,4,developing,SFI,0.0,0.0,200000.0,0.0
20260731_013853,results/To_Use/simulation_llama3.1_8b_Full_scnldf_sh1_ldf1_seed1_26agents_30rounds_20260731_013853.json,11,5,developed,SI,170675.0,0.0,12000000.0,0.0
20260731_013853,results/To_Use/simulation_llama3.1_8b_Full_scnldf_sh1_ldf1_seed1_26agents_30rounds_20260731_013853.json,11,6,developed,SI,0.0,0.0,8000000.0,0.0
20260731_013853,results/To_Use/simulation_llama3.1_8b_Full_scnldf_sh1_ldf1_seed1_26agents_30rounds_20260731_013853.json,11,7,developing,SFI,0.0,0.0,150000.0,0.0
20260731_013853,results/To_Use/simulation_llama3.1_8b_Full_scnldf_sh1_ldf1_seed1_26agents_30rounds_20260731_013853.json,11,8,developing,SFI,0.0,0.0,30830.0,0.0
20260731_013853,results/To_Use/simulation_llama3.1_8b_Full_scnldf_sh1_ldf1_seed1_26agents_30rounds_20260731_013853.json,11,9,developing,SFI,0.0,0.0,200000.0,0.0
20260731_013853,results/To_Use/simulation_llama3.1_8b_Full_scnldf_sh1_ldf1_seed1_26agents_30rounds_20260731_013853.json,11,10,developed,SI,0.0,0.0,4000000.0,0.0
20260731_013853,results/To_Use/simulation_llama3.1_8b_Full_scnldf_sh1_ldf1_seed1_26agents_30rounds_20260731_013853.json,11,11,developing,SFI,0.0,0.0,30830.0,0.0
20260731_013853,results/To_Use/simulation_llama3.1_8b_Full_scnldf_sh1_ldf1_seed1_26agents_30rounds_20260731_013853.json,11,12,developing,SFI,0.0,0.0,30824.0,0.0
20260731_013853,results/To_Use/simulation_llama3.1_8b_Full_scnldf_sh1_ldf1_seed1_26agents_30rounds_20260731_013853.json,11,13,developed,SI,170675.0,0.0,12000000.0,0.0
20260731_013853,results/To_Use/simulation_llama3.1_8b_Full_scnldf_sh1_ldf1_seed1_26agents_30rounds_20260731_013853.json,11,14,developed,SI,0.0,0.0,5000000.0,0.0
20260731_013853,results/To_Use/simulation_llama3.1_8b_Full_scnldf_sh1_ldf1_seed1_26agents_30rounds_20260731_013853.json,11,15,developing,SFI,0.0,0.0,100000.0,0.0
20260731_013853,results/To_Use/simulation_llama3.1_8b_Full_scnldf_sh1_ldf1_seed1_26agents_30rounds_20260731_013853.json,11,16,developed,SI,0.0,0.0,1200000.0,0.0
20260731_013853,results/To_Use/simulation_llama3.1_8b_Full_scnldf_sh1_ldf1_seed1_26agents_30rounds_20260731_013853.json,11,17,developing,SFI,0.0,0.0,30830.0,0.0
20260731_013853,results/To_Use/simulation_llama3.1_8b_Full_scnldf_sh1_ldf1_seed1_26agents_30rounds_20260731_013853.json,11,18,developing,SFI,0.0,0.0,200000.0,0.0
20260731_013853,results/To_Use/simulation_llama3.1_8b_Full_scnldf_sh1_ldf1_seed1_26agents_30rounds_20260731_013853.json,11,19,developing,SFI,0.0,0.0,1069.0,0.0
20260731_013853,results/To_Use/simulation_llama3.1_8b_Full_scnldf_sh1_ldf1_seed1_26agents_30rounds_20260731_013853.json,11,20,developing,SFI,0.0,0.0,120000.0,0.0
20260731_013853,results/To_Use/simulation_llama3.1_8b_Full_scnldf_sh1_ldf1_seed1_26agents_30rounds_20260731_013853.json,11,21,developed,SI,0.0,0.0,8000000.0,0.0
20260731_013853,results/To_Use/simulation_llama3.1_8b_Full_scnldf_sh1_ldf1_seed1_26agents_30rounds_20260731_013853.json,11,22,developed,SI,0.0,0.0,1200000.0,0.0
20260731_013853,results/To_Use/simulation_llama3.1_8b_Full_scnldf_sh1_ldf1_seed1_26agents_30rounds_20260731_013853.json,11,23,developed,SI,0.0,0.0,4000000.0,0.0
20260731_013853,results/To_Use/simulation_llama3.1_8b_Full_scnldf_sh1_ldf1_seed1_26agents_30rounds_20260731_013853.json,11,24,developing,SFI,0.0,0.0,128246.0,0.0
20260731_013853,results/To_Use/simulation_llama3.1_8b_Full_scnldf_sh1_ldf1_seed1_26agents_30rounds_20260731_013853.json,11,25,developed,SI,0.0,0.0,8000000.0,0.0
20260731_013853,results/To_Use/simulation_llama3.1_8b_Full_scnldf_sh1_ldf1_seed1_26agents_30rounds_20260731_013853.json,12,0,developing,SFI,0.0,0.0,200000.0,0.0
20260731_013853,results/To_Use/simulation_llama3.1_8b_Full_scnldf_sh1_ldf1_seed1_26agents_30rounds_20260731_013853.json,12,1,developing,SFI,0.0,0.0,1069.0,0.0
20260731_013853,results/To_Use/simulation_llama3.1_8b_Full_scnldf_sh1_ldf1_seed1_26agents_30rounds_20260731_013853.json,12,2,developed,SI,0.0,0.0,10000000.0,0.0
20260731_013853,results/To_Use/simulation_llama3.1_8b_Full_scnldf_sh1_ldf1_seed1_26agents_30rounds_20260731_013853.json,12,3,developed,SI,0.0,0.0,10000000.0,0.0
20260731_013853,results/To_Use/simulation_llama3.1_8b_Full_scnldf_sh1_ldf1_seed1_26agents_30rounds_20260731_013853.json,12,4,developing,SFI,0.0,0.0,106000.0,0.0
20260731_013853,results/To_Use/simulation_llama3.1_8b_Full_scnldf_sh1_ldf1_seed1_26agents_30rounds_20260731_013853.json,12,5,developed,SI,298409.0,0.0,12000000.0,0.0
20260731_013853,results/To_Use/simulation_llama3.1_8b_Full_scnldf_sh1_ldf1_seed1_26agents_30rounds_20260731_013853.json,12,6,developed,SI,0.0,0.0,10000000.0,0.0
20260731_013853,results/To_Use/simulation_llama3.1_8b_Full_scnldf_sh1_ldf1_seed1_26agents_30rounds_20260731_013853.json,12,7,developing,SFI,0.0,0.0,120000.0,0.0
20260731_013853,results/To_Use/simulation_llama3.1_8b_Full_scnldf_sh1_ldf1_seed1_26agents_30rounds_20260731_013853.json,12,8,developing,SFI,0.0,0.0,30830.0,0.0
20260731_013853,results/To_Use/simulation_llama3.1_8b_Full_scnldf_sh1_ldf1_seed1_26agents_30rounds_20260731_013853.json,12,9,developing,SFI,0.0,0.0,128246.0,0.0
20260731_013853,results/To_Use/simulation_llama3.1_8b_Full_scnldf_sh1_ldf1_seed1_26agents_30rounds_20260731_013853.json,12,10,developed,SI,0.0,0.0,4000000.0,0.0
20260731_013853,results/To_Use/simulation_llama3.1_8b_Full_scnldf_sh1_ldf1_seed1_26agents_30rounds_20260731_013853.json,12,11,developing,SFI,0.0,0.0,30830.0,0.0
20260731_013853,results/To_Use/simulation_llama3.1_8b_Full_scnldf_sh1_ldf1_seed1_26agents_30rounds_20260731_013853.json,12,12,developing,SFI,0.0,0.0,30824.0,0.0
20260731_013853,results/To_Use/simulation_llama3.1_8b_Full_scnldf_sh1_ldf1_seed1_26agents_30rounds_20260731_013853.json,12,13,developed,SI,0.0,0.0,12000000.0,0.0
20260731_013853,results/To_Use/simulation_llama3.1_8b_Full_scnldf_sh1_ldf1_seed1_26agents_30rounds_20260731_013853.json,12,14,developed,SI,0.0,0.0,8000000.0,0.0
20260731_013853,results/To_Use/simulation_llama3.1_8b_Full_scnldf_sh1_ldf1_seed1_26agents_30rounds_20260731_013853.json,12,15,developing,SFI,0.0,0.0,44795.0,0.0
20260731_013853,results/To_Use/simulation_llama3.1_8b_Full_scnldf_sh1_ldf1_seed1_26agents_30rounds_20260731_013853.json,12,16,developed,SI,0.0,0.0,12000000.0,0.0
20260731_013853,results/To_Use/simulation_llama3.1_8b_Full_scnldf_sh1_ldf1_seed1_26agents_30rounds_20260731_013853.json,12,17,developing,SFI,0.0,0.0,30830.0,0.0
20260731_013853,results/To_Use/simulation_llama3.1_8b_Full_scnldf_sh1_ldf1_seed1_26agents_30rounds_20260731_013853.json,12,18,developing,SFI,0.0,0.0,300000.0,0.0
20260731_013853,results/To_Use/simulation_llama3.1_8b_Full_scnldf_sh1_ldf1_seed1_26agents_30rounds_20260731_013853.json,12,19,developing,SFI,0.0,0.0,1069.0,0.0
20260731_013853,results/To_Use/simulation_llama3.1_8b_Full_scnldf_sh1_ldf1_seed1_26agents_30rounds_20260731_013853.json,12,20,developing,SFI,0.0,0.0,120000.0,0.0
20260731_013853,results/To_Use/simulation_llama3.1_8b_Full_scnldf_sh1_ldf1_seed1_26agents_30rounds_20260731_013853.json,12,21,developed,SI,0.0,0.0,12000000.0,0.0
20260731_013853,results/To_Use/simulation_llama3.1_8b_Full_scnldf_sh1_ldf1_seed1_26agents_30rounds_20260731_013853.json,12,22,developed,SI,298409.0,0.0,20000000.0,0.0
20260731_013853,results/To_Use/simulation_llama3.1_8b_Full_scnldf_sh1_ldf1_seed1_26agents_30rounds_20260731_013853.json,12,23,developed,SI,0.0,0.0,12000000.0,0.0
20260731_013853,results/To_Use/simulation_llama3.1_8b_Full_scnldf_sh1_ldf1_seed1_26agents_30rounds_20260731_013853.json,12,24,developing,SFI,0.0,0.0,128246.0,0.0
20260731_013853,results/To_Use/simulation_llama3.1_8b_Full_scnldf_sh1_ldf1_seed1_26agents_30rounds_20260731_013853.json,12,25,developed,SI,0.0,0.0,5000000.0,0.0
20260731_013853,results/To_Use/simulation_llama3.1_8b_Full_scnldf_sh1_ldf1_seed1_26agents_30rounds_20260731_013853.json,13,0,developing,SFI,0.0,0.0,150000.0,0.0
20260731_013853,results/To_Use/simulation_llama3.1_8b_Full_scnldf_sh1_ldf1_seed1_26agents_30rounds_20260731_013853.json,13,1,developing,SFI,0.0,0.0,1069.0,0.0
20260731_013853,results/To_Use/simulation_llama3.1_8b_Full_scnldf_sh1_ldf1_seed1_26agents_30rounds_20260731_013853.json,13,2,developed,SI,0.0,0.0,10000000.0,0.0
20260731_013853,results/To_Use/simulation_llama3.1_8b_Full_scnldf_sh1_ldf1_seed1_26agents_30rounds_20260731_013853.json,13,3,developed,SI,7132.0,0.0,12000000.0,0.0
20260731_013853,results/To_Use/simulation_llama3.1_8b_Full_scnldf_sh1_ldf1_seed1_26agents_30rounds_20260731_013853.json,13,4,developing,SFI,0.0,0.0,200000.0,0.0
20260731_013853,results/To_Use/simulation_llama3.1_8b_Full_scnldf_sh1_ldf1_seed1_26agents_30rounds_20260731_013853.json,13,5,developed,SI,0.0,0.0,12000000.0,0.0
20260731_013853,results/To_Use/simulation_llama3.1_8b_Full_scnldf_sh1_ldf1_seed1_26agents_30rounds_20260731_013853.json,13,6,developed,SI,0.0,0.0,10000000.0,0.0
20260731_013853,results/To_Use/simulation_llama3.1_8b_Full_scnldf_sh1_ldf1_seed1_26agents_30rounds_20260731_013853.json,13,7,developing,SFI,0.0,0.0,150000.0,0.0
20260731_013853,results/To_Use/simulation_llama3.1_8b_Full_scnldf_sh1_ldf1_seed1_26agents_30rounds_20260731_013853.json,13,8,developing,SFI,0.0,0.0,30830.0,0.0
20260731_013853,results/To_Use/simulation_llama3.1_8b_Full_scnldf_sh1_ldf1_seed1_26agents_30rounds_20260731_013853.json,13,9,developing,SFI,0.0,0.0,128246.0,0.0
20260731_013853,results/To_Use/simulation_llama3.1_8b_Full_scnldf_sh1_ldf1_seed1_26agents_30rounds_20260731_013853.json,13,10,developed,SI,7132.0,0.0,20000000.0,0.0
20260731_013853,results/To_Use/simulation_llama3.1_8b_Full_scnldf_sh1_ldf1_seed1_26agents_30rounds_20260731_013853.json,13,11,developing,SFI,0.0,0.0,30830.0,0.0
20260731_013853,results/To_Use/simulation_llama3.1_8b_Full_scnldf_sh1_ldf1_seed1_26agents_30rounds_20260731_013853.json,13,12,developing,SFI,0.0,0.0,30824.0,0.0
20260731_013853,results/To_Use/simulation_llama3.1_8b_Full_scnldf_sh1_ldf1_seed1_26agents_30rounds_20260731_013853.json,13,13,developed,SI,0.0,0.0,12000000.0,0.0
20260731_013853,results/To_Use/simulation_llama3.1_8b_Full_scnldf_sh1_ldf1_seed1_26agents_30rounds_20260731_013853.json,13,14,developed,SI,0.0,0.0,10818181.0,0.0
20260731_013853,results/To_Use/simulation_llama3.1_8b_Full_scnldf_sh1_ldf1_seed1_26agents_30rounds_20260731_013853.json,13,15,developing,SFI,0.0,0.0,120000.0,0.0
20260731_013853,results/To_Use/simulation_llama3.1_8b_Full_scnldf_sh1_ldf1_seed1_26agents_30rounds_20260731_013853.json,13,16,developed,SI,0.0,0.0,12000000.0,0.0
20260731_013853,results/To_Use/simulation_llama3.1_8b_Full_scnldf_sh1_ldf1_seed1_26agents_30rounds_20260731_013853.json,13,17,developing,SFI,0.0,0.0,30830.0,0.0
20260731_013853,results/To_Use/simulation_llama3.1_8b_Full_scnldf_sh1_ldf1_seed1_26agents_30rounds_20260731_013853.json,13,18,developing,SFI,0.0,0.0,120000.0,0.0
20260731_013853,results/To_Use/simulation_llama3.1_8b_Full_scnldf_sh1_ldf1_seed1_26agents_30rounds_20260731_013853.json,13,19,developing,SFI,0.0,0.0,1069.0,0.0
20260731_013853,results/To_Use/simulation_llama3.1_8b_Full_scnldf_sh1_ldf1_seed1_26agents_30rounds_20260731_013853.json,13,20,developing,SFI,0.0,0.0,120000.0,0.0
20260731_013853,results/To_Use/simulation_llama3.1_8b_Full_scnldf_sh1_ldf1_seed1_26agents_30rounds_20260731_013853.json,13,21,developed,SI,0.0,0.0,12000000.0,0.0
20260731_013853,results/To_Use/simulation_llama3.1_8b_Full_scnldf_sh1_ldf1_seed1_26agents_30rounds_20260731_013853.json,13,22,developed,SI,0.0,0.0,12000000.0,0.0
20260731_013853,results/To_Use/simulation_llama3.1_8b_Full_scnldf_sh1_ldf1_seed1_26agents_30rounds_20260731_013853.json,13,23,developed,SI,0.0,0.0,10000000.0,0.0
20260731_013853,results/To_Use/simulation_llama3.1_8b_Full_scnldf_sh1_ldf1_seed1_26agents_30rounds_20260731_013853.json,13,24,developing,SFI,0.0,0.0,128246.0,0.0
20260731_013853,results/To_Use/simulation_llama3.1_8b_Full_scnldf_sh1_ldf1_seed1_26agents_30rounds_20260731_013853.json,13,25,developed,SI,0.0,0.0,10000000.0,0.0
20260731_013853,results/To_Use/simulation_llama3.1_8b_Full_scnldf_sh1_ldf1_seed1_26agents_30rounds_20260731_013853.json,14,0,developing,SFI,0.0,0.0,200000.0,0.0
20260731_013853,results/To_Use/simulation_llama3.1_8b_Full_scnldf_sh1_ldf1_seed1_26agents_30rounds_20260731_013853.json,14,1,developing,SFI,0.0,0.0,1069.0,0.0
20260731_013853,results/To_Use/simulation_llama3.1_8b_Full_scnldf_sh1_ldf1_seed1_26agents_30rounds_20260731_013853.json,14,2,developed,SI,0.0,0.0,10000000.0,0.0
20260731_013853,results/To_Use/simulation_llama3.1_8b_Full_scnldf_sh1_ldf1_seed1_26agents_30rounds_20260731_013853.json,14,3,developed,SI,0.0,0.0,10000000.0,0.0
20260731_013853,results/To_Use/simulation_llama3.1_8b_Full_scnldf_sh1_ldf1_seed1_26agents_30rounds_20260731_013853.json,14,4,developing,SFI,0.0,0.0,150000.0,0.0
20260731_013853,results/To_Use/simulation_llama3.1_8b_Full_scnldf_sh1_ldf1_seed1_26agents_30rounds_20260731_013853.json,14,5,developed,SI,0.0,0.0,12000000.0,0.0
20260731_013853,results/To_Use/simulation_llama3.1_8b_Full_scnldf_sh1_ldf1_seed1_26agents_30rounds_20260731_013853.json,14,6,developed,SI,0.0,0.0,10000000.0,0.0
20260731_013853,results/To_Use/simulation_llama3.1_8b_Full_scnldf_sh1_ldf1_seed1_26agents_30rounds_20260731_013853.json,14,7,developing,SFI,0.0,0.0,120000.0,0.0
20260731_013853,results/To_Use/simulation_llama3.1_8b_Full_scnldf_sh1_ldf1_seed1_26agents_30rounds_20260731_013853.json,14,8,developing,SFI,0.0,0.0,30830.0,0.0
20260731_013853,results/To_Use/simulation_llama3.1_8b_Full_scnldf_sh1_ldf1_seed1_26agents_30rounds_20260731_013853.json,14,9,developing,SFI,0.0,0.0,200000.0,0.0
20260731_013853,results/To_Use/simulation_llama3.1_8b_Full_scnldf_sh1_ldf1_seed1_26agents_30rounds_20260731_013853.json,14,10,developed,SI,218892.0,0.0,15000000.0,0.0
20260731_013853,results/To_Use/simulation_llama3.1_8b_Full_scnldf_sh1_ldf1_seed1_26agents_30rounds_20260731_013853.json,14,11,developing,SFI,0.0,0.0,30830.0,0.0
20260731_013853,results/To_Use/simulation_llama3.1_8b_Full_scnldf_sh1_ldf1_seed1_26agents_30rounds_20260731_013853.json,14,12,developing,SFI,0.0,0.0,0.0,0.0
20260731_013853,results/To_Use/simulation_llama3.1_8b_Full_scnldf_sh1_ldf1_seed1_26agents_30rounds_20260731_013853.json,14,13,developed,SI,0.0,0.0,12000000.0,0.0
20260731_013853,results/To_Use/simulation_llama3.1_8b_Full_scnldf_sh1_ldf1_seed1_26agents_30rounds_20260731_013853.json,14,14,developed,SI,0.0,0.0,10818181.0,0.0
20260731_013853,results/To_Use/simulation_llama3.1_8b_Full_scnldf_sh1_ldf1_seed1_26agents_30rounds_20260731_013853.json,14,15,developing,SFI,0.0,0.0,200000.0,0.0
20260731_013853,results/To_Use/simulation_llama3.1_8b_Full_scnldf_sh1_ldf1_seed1_26agents_30rounds_20260731_013853.json,14,16,developed,SI,0.0,0.0,12000000.0,0.0
20260731_013853,results/To_Use/simulation_llama3.1_8b_Full_scnldf_sh1_ldf1_seed1_26agents_30rounds_20260731_013853.json,14,17,developing,SFI,0.0,0.0,30830.0,0.0
20260731_013853,results/To_Use/simulation_llama3.1_8b_Full_scnldf_sh1_ldf1_seed1_26agents_30rounds_20260731_013853.json,14,18,developing,SFI,0.0,0.0,120000.0,0.0
20260731_013853,results/To_Use/simulation_llama3.1_8b_Full_scnldf_sh1_ldf1_seed1_26agents_30rounds_20260731_013853.json,14,19,developing,SFI,0.0,0.0,1069.0,0.0
20260731_013853,results/To_Use/simulation_llama3.1_8b_Full_scnldf_sh1_ldf1_seed1_26agents_30rounds_20260731_013853.json,14,20,developing,SFI,0.0,0.0,120000.0,0.0
20260731_013853,results/To_Use/simulation_llama3.1_8b_Full_scnldf_sh1_ldf1_seed1_26agents_30rounds_20260731_013853.json,14,21,developed,SI,0.0,0.0,12000000.0,0.0
20260731_013853,results/To_Use/simulation_llama3.1_8b_Full_scnldf_sh1_ldf1_seed1_26agents_30rounds_20260731_013853.json,14,22,developed,SI,218892.0,0.0,20000000.0,0.0
20260731_013853,results/To_Use/simulation_llama3.1_8b_Full_scnldf_sh1_ldf1_seed1_26agents_30rounds_20260731_013853.json,14,23,developed,SI,0.0,0.0,12000000.0,0.0
20260731_013853,results/To_Use/simulation_llama3.1_8b_Full_scnldf_sh1_ldf1_seed1_26agents_30rounds_20260731_013853.json,14,24,developing,SFI,0.0,0.0,128246.0,0.0
20260731_013853,results/To_Use/simulation_llama3.1_8b_Full_scnldf_sh1_ldf1_seed1_26agents_30rounds_20260731_013853.json,14,25,developed,SI,0.0,0.0,15000000.0,0.0
20260731_013853,results/To_Use/simulation_llama3.1_8b_Full_scnldf_sh1_ldf1_seed1_26agents_30rounds_20260731_013853.json,15,0,developing,SFI,0.0,0.0,171000.0,0.0
20260731_013853,results/To_Use/simulation_llama3.1_8b_Full_scnldf_sh1_ldf1_seed1_26agents_30rounds_20260731_013853.json,15,1,developing,SFI,0.0,0.0,1069.0,0.0
20260731_013853,results/To_Use/simulation_llama3.1_8b_Full_scnldf_sh1_ldf1_seed1_26agents_30rounds_20260731_013853.json,15,2,developed,SI,0.0,0.0,15000000.0,0.0
20260731_013853,results/To_Use/simulation_llama3.1_8b_Full_scnldf_sh1_ldf1_seed1_26agents_30rounds_20260731_013853.json,15,3,developed,SI,4558.0,0.0,20000000.0,0.0
20260731_013853,results/To_Use/simulation_llama3.1_8b_Full_scnldf_sh1_ldf1_seed1_26agents_30rounds_20260731_013853.json,15,4,developing,SFI,0.0,0.0,100000.0,0.0
20260731_013853,results/To_Use/simulation_llama3.1_8b_Full_scnldf_sh1_ldf1_seed1_26agents_30rounds_20260731_013853.json,15,5,developed,SI,0.0,0.0,12000000.0,0.0
20260731_013853,results/To_Use/simulation_llama3.1_8b_Full_scnldf_sh1_ldf1_seed1_26agents_30rounds_20260731_013853.json,15,6,developed,SI,0.0,0.0,12801652.0,0.0
20260731_013853,results/To_Use/simulation_llama3.1_8b_Full_scnldf_sh1_ldf1_seed1_26agents_30rounds_20260731_013853.json,15,7,developing,SFI,0.0,0.0,150000.0,0.0
20260731_013853,results/To_Use/simulation_llama3.1_8b_Full_scnldf_sh1_ldf1_seed1_26agents_30rounds_20260731_013853.json,15,8,developing,SFI,0.0,0.0,30830.0,0.0
20260731_013853,results/To_Use/simulation_llama3.1_8b_Full_scnldf_sh1_ldf1_seed1_26agents_30rounds_20260731_013853.json,15,9,developing,SFI,0.0,0.0,128246.0,0.0
20260731_013853,results/To_Use/simulation_llama3.1_8b_Full_scnldf_sh1_ldf1_seed1_26agents_30rounds_20260731_013853.json,15,10,developed,SI,0.0,0.0,12347107.0,0.0
20260731_013853,results/To_Use/simulation_llama3.1_8b_Full_scnldf_sh1_ldf1_seed1_26agents_30rounds_20260731_013853.json,15,11,developing,SFI,0.0,0.0,30830.0,0.0
20260731_013853,results/To_Use/simulation_llama3.1_8b_Full_scnldf_sh1_ldf1_seed1_26agents_30rounds_20260731_013853.json,15,12,developing,SFI,0.0,0.0,0.0,0.0
20260731_013853,results/To_Use/simulation_llama3.1_8b_Full_scnldf_sh1_ldf1_seed1_26agents_30rounds_20260731_013853.json,15,13,developed,SI,0.0,0.0,12000000.0,0.0
20260731_013853,results/To_Use/simulation_llama3.1_8b_Full_scnldf_sh1_ldf1_seed1_26agents_30rounds_20260731_013853.json,15,14,developed,SI,0.0,0.0,12000000.0,0.0
20260731_013853,results/To_Use/simulation_llama3.1_8b_Full_scnldf_sh1_ldf1_seed1_26agents_30rounds_20260731_013853.json,15,15,developing,SFI,0.0,0.0,200000.0,0.0
20260731_013853,results/To_Use/simulation_llama3.1_8b_Full_scnldf_sh1_ldf1_seed1_26agents_30rounds_20260731_013853.json,15,16,developed,SI,0.0,0.0,12000000.0,0.0
20260731_013853,results/To_Use/simulation_llama3.1_8b_Full_scnldf_sh1_ldf1_seed1_26agents_30rounds_20260731_013853.json,15,17,developing,SFI,0.0,0.0,30830.0,0.0
20260731_013853,results/To_Use/simulation_llama3.1_8b_Full_scnldf_sh1_ldf1_seed1_26agents_30rounds_20260731_013853.json,15,18,developing,SFI,0.0,0.0,200000.0,0.0
20260731_013853,results/To_Use/simulation_llama3.1_8b_Full_scnldf_sh1_ldf1_seed1_26agents_30rounds_20260731_013853.json,15,19,developing,SFI,0.0,0.0,1069.0,0.0
20260731_013853,results/To_Use/simulation_llama3.1_8b_Full_scnldf_sh1_ldf1_seed1_26agents_30rounds_20260731_013853.json,15,20,developing,SFI,0.0,0.0,120000.0,0.0
20260731_013853,results/To_Use/simulation_llama3.1_8b_Full_scnldf_sh1_ldf1_seed1_26agents_30rounds_20260731_013853.json,15,21,developed,SI,0.0,0.0,12000000.0,0.0
20260731_013853,results/To_Use/simulation_llama3.1_8b_Full_scnldf_sh1_ldf1_seed1_26agents_30rounds_20260731_013853.json,15,22,developed,SI,4558.0,0.0,20000000.0,0.0
20260731_013853,results/To_Use/simulation_llama3.1_8b_Full_scnldf_sh1_ldf1_seed1_26agents_30rounds_20260731_013853.json,15,23,developed,SI,0.0,0.0,12000000.0,0.0
20260731_013853,results/To_Use/simulation_llama3.1_8b_Full_scnldf_sh1_ldf1_seed1_26agents_30rounds_20260731_013853.json,15,24,developing,SFI,0.0,0.0,128246.0,0.0
20260731_013853,results/To_Use/simulation_llama3.1_8b_Full_scnldf_sh1_ldf1_seed1_26agents_30rounds_20260731_013853.json,15,25,developed,SI,0.0,0.0,20000000.0,0.0
20260731_013853,results/To_Use/simulation_llama3.1_8b_Full_scnldf_sh1_ldf1_seed1_26agents_30rounds_20260731_013853.json,16,0,developing,SFI,0.0,0.0,106900.0,0.0
20260731_013853,results/To_Use/simulation_llama3.1_8b_Full_scnldf_sh1_ldf1_seed1_26agents_30rounds_20260731_013853.json,16,1,developing,SFI,0.0,0.0,1069.0,0.0
20260731_013853,results/To_Use/simulation_llama3.1_8b_Full_scnldf_sh1_ldf1_seed1_26agents_30rounds_20260731_013853.json,16,2,developed,SI,0.0,0.0,10000000.0,0.0
20260731_013853,results/To_Use/simulation_llama3.1_8b_Full_scnldf_sh1_ldf1_seed1_26agents_30rounds_20260731_013853.json,16,3,developed,SI,6405.0,0.0,20000000.0,0.0
20260731_013853,results/To_Use/simulation_llama3.1_8b_Full_scnldf_sh1_ldf1_seed1_26agents_30rounds_20260731_013853.json,16,4,developing,SFI,0.0,0.0,100000.0,0.0
20260731_013853,results/To_Use/simulation_llama3.1_8b_Full_scnldf_sh1_ldf1_seed1_26agents_30rounds_20260731_013853.json,16,5,developed,SI,0.0,0.0,12000000.0,0.0
20260731_013853,results/To_Use/simulation_llama3.1_8b_Full_scnldf_sh1_ldf1_seed1_26agents_30rounds_20260731_013853.json,16,6,developed,SI,6405.0,0.0,53333575.0,0.0
20260731_013853,results/To_Use/simulation_llama3.1_8b_Full_scnldf_sh1_ldf1_seed1_26agents_30rounds_20260731_013853.json,16,7,developing,SFI,0.0,0.0,120000.0,0.0
20260731_013853,results/To_Use/simulation_llama3.1_8b_Full_scnldf_sh1_ldf1_seed1_26agents_30rounds_20260731_013853.json,16,8,developing,SFI,0.0,0.0,30830.0,0.0
20260731_013853,results/To_Use/simulation_llama3.1_8b_Full_scnldf_sh1_ldf1_seed1_26agents_30rounds_20260731_013853.json,16,9,developing,SFI,0.0,0.0,128246.0,0.0
20260731_013853,results/To_Use/simulation_llama3.1_8b_Full_scnldf_sh1_ldf1_seed1_26agents_30rounds_20260731_013853.json,16,10,developed,SI,0.0,0.0,15000000.0,0.0
20260731_013853,results/To_Use/simulation_llama3.1_8b_Full_scnldf_sh1_ldf1_seed1_26agents_30rounds_20260731_013853.json,16,11,developing,SFI,0.0,0.0,30830.0,0.0
20260731_013853,results/To_Use/simulation_llama3.1_8b_Full_scnldf_sh1_ldf1_seed1_26agents_30rounds_20260731_013853.json,16,12,developing,SFI,0.0,0.0,0.0,0.0
20260731_013853,results/To_Use/simulation_llama3.1_8b_Full_scnldf_sh1_ldf1_seed1_26agents_30rounds_20260731_013853.json,16,13,developed,SI,0.0,0.0,12000000.0,0.0
20260731_013853,results/To_Use/simulation_llama3.1_8b_Full_scnldf_sh1_ldf1_seed1_26agents_30rounds_20260731_013853.json,16,14,developed,SI,0.0,0.0,12000000.0,0.0
20260731_013853,results/To_Use/simulation_llama3.1_8b_Full_scnldf_sh1_ldf1_seed1_26agents_30rounds_20260731_013853.json,16,15,developing,SFI,0.0,0.0,100000.0,0.0
20260731_013853,results/To_Use/simulation_llama3.1_8b_Full_scnldf_sh1_ldf1_seed1_26agents_30rounds_20260731_013853.json,16,16,developed,SI,0.0,0.0,12000000.0,0.0
20260731_013853,results/To_Use/simulation_llama3.1_8b_Full_scnldf_sh1_ldf1_seed1_26agents_30rounds_20260731_013853.json,16,17,developing,SFI,0.0,0.0,30830.0,0.0
20260731_013853,results/To_Use/simulation_llama3.1_8b_Full_scnldf_sh1_ldf1_seed1_26agents_30rounds_20260731_013853.json,16,18,developing,SFI,0.0,0.0,200000.0,0.0
20260731_013853,results/To_Use/simulation_llama3.1_8b_Full_scnldf_sh1_ldf1_seed1_26agents_30rounds_20260731_013853.json,16,19,developing,SFI,0.0,0.0,1069.0,0.0
20260731_013853,results/To_Use/simulation_llama3.1_8b_Full_scnldf_sh1_ldf1_seed1_26agents_30rounds_20260731_013853.json,16,20,developing,SFI,0.0,0.0,120000.0,0.0
20260731_013853,results/To_Use/simulation_llama3.1_8b_Full_scnldf_sh1_ldf1_seed1_26agents_30rounds_20260731_013853.json,16,21,developed,SI,0.0,0.0,20000000.0,0.0
20260731_013853,results/To_Use/simulation_llama3.1_8b_Full_scnldf_sh1_ldf1_seed1_26agents_30rounds_20260731_013853.json,16,22,developed,SI,0.0,0.0,12000000.0,0.0
20260731_013853,results/To_Use/simulation_llama3.1_8b_Full_scnldf_sh1_ldf1_seed1_26agents_30rounds_20260731_013853.json,16,23,developed,SI,0.0,0.0,15000000.0,0.0
20260731_013853,results/To_Use/simulation_llama3.1_8b_Full_scnldf_sh1_ldf1_seed1_26agents_30rounds_20260731_013853.json,16,24,developing,SFI,0.0,0.0,128246.0,0.0
20260731_013853,results/To_Use/simulation_llama3.1_8b_Full_scnldf_sh1_ldf1_seed1_26agents_30rounds_20260731_013853.json,16,25,developed,SI,0.0,0.0,20000000.0,0.0
20260731_013853,results/To_Use/simulation_llama3.1_8b_Full_scnldf_sh1_ldf1_seed1_26agents_30rounds_20260731_013853.json,17,0,developing,SFI,0.0,0.0,0.0,0.0
20260731_013853,results/To_Use/simulation_llama3.1_8b_Full_scnldf_sh1_ldf1_seed1_26agents_30rounds_20260731_013853.json,17,1,developing,SFI,0.0,0.0,1069.0,0.0
20260731_013853,results/To_Use/simulation_llama3.1_8b_Full_scnldf_sh1_ldf1_seed1_26agents_30rounds_20260731_013853.json,17,2,developed,SI,0.0,0.0,10000000.0,0.0
20260731_013853,results/To_Use/simulation_llama3.1_8b_Full_scnldf_sh1_ldf1_seed1_26agents_30rounds_20260731_013853.json,17,3,developed,SI,0.0,0.0,17575779.0,0.0
20260731_013853,results/To_Use/simulation_llama3.1_8b_Full_scnldf_sh1_ldf1_seed1_26agents_30rounds_20260731_013853.json,17,4,developing,SFI,0.0,0.0,150000.0,0.0
20260731_013853,results/To_Use/simulation_llama3.1_8b_Full_scnldf_sh1_ldf1_seed1_26agents_30rounds_20260731_013853.json,17,5,developed,SI,0.0,0.0,12000000.0,0.0
20260731_013853,results/To_Use/simulation_llama3.1_8b_Full_scnldf_sh1_ldf1_seed1_26agents_30rounds_20260731_013853.json,17,6,developed,SI,0.0,0.0,15000000.0,0.0
20260731_013853,results/To_Use/simulation_llama3.1_8b_Full_scnldf_sh1_ldf1_seed1_26agents_30rounds_20260731_013853.json,17,7,developing,SFI,0.0,0.0,150000.0,0.0
20260731_013853,results/To_Use/simulation_llama3.1_8b_Full_scnldf_sh1_ldf1_seed1_26agents_30rounds_20260731_013853.json,17,8,developing,SFI,0.0,0.0,0.0,0.0
20260731_013853,results/To_Use/simulation_llama3.1_8b_Full_scnldf_sh1_ldf1_seed1_26agents_30rounds_20260731_013853.json,17,9,developing,SFI,0.0,0.0,200000.0,0.0
20260731_013853,results/To_Use/simulation_llama3.1_8b_Full_scnldf_sh1_ldf1_seed1_26agents_30rounds_20260731_013853.json,17,10,developed,SI,0.0,0.0,18030325.0,0.0
20260731_013853,results/To_Use/simulation_llama3.1_8b_Full_scnldf_sh1_ldf1_seed1_26agents_30rounds_20260731_013853.json,17,11,developing,SFI,0.0,0.0,30830.0,0.0
20260731_013853,results/To_Use/simulation_llama3.1_8b_Full_scnldf_sh1_ldf1_seed1_26agents_30rounds_20260731_013853.json,17,12,developing,SFI,0.0,0.0,1881923.0,0.0
20260731_013853,results/To_Use/simulation_llama3.1_8b_Full_scnldf_sh1_ldf1_seed1_26agents_30rounds_20260731_013853.json,17,13,developed,SI,0.0,0.0,12000000.0,0.0
20260731_013853,results/To_Use/simulation_llama3.1_8b_Full_scnldf_sh1_ldf1_seed1_26agents_30rounds_20260731_013853.json,17,14,developed,SI,0.0,0.0,10000000.0,0.0
20260731_013853,results/To_Use/simulation_llama3.1_8b_Full_scnldf_sh1_ldf1_seed1_26agents_30rounds_20260731_013853.json,17,15,developing,SFI,0.0,0.0,100000.0,0.0
20260731_013853,results/To_Use/simulation_llama3.1_8b_Full_scnldf_sh1_ldf1_seed1_26agents_30rounds_20260731_013853.json,17,16,developed,SI,0.0,0.0,12000000.0,0.0
20260731_013853,results/To_Use/simulation_llama3.1_8b_Full_scnldf_sh1_ldf1_seed1_26agents_30rounds_20260731_013853.json,17,17,developing,SFI,0.0,0.0,30830.0,0.0
20260731_013853,results/To_Use/simulation_llama3.1_8b_Full_scnldf_sh1_ldf1_seed1_26agents_30rounds_20260731_013853.json,17,18,developing,SFI,0.0,0.0,100000.0,0.0
20260731_013853,results/To_Use/simulation_llama3.1_8b_Full_scnldf_sh1_ldf1_seed1_26agents_30rounds_20260731_013853.json,17,19,developing,SFI,0.0,0.0,1069.0,0.0
20260731_013853,results/To_Use/simulation_llama3.1_8b_Full_scnldf_sh1_ldf1_seed1_26agents_30rounds_20260731_013853.json,17,20,developing,SFI,0.0,0.0,120000.0,0.0
20260731_013853,results/To_Use/simulation_llama3.1_8b_Full_scnldf_sh1_ldf1_seed1_26agents_30rounds_20260731_013853.json,17,21,developed,SI,3708.0,0.0,20000000.0,0.0
20260731_013853,results/To_Use/simulation_llama3.1_8b_Full_scnldf_sh1_ldf1_seed1_26agents_30rounds_20260731_013853.json,17,22,developed,SI,0.0,0.0,12000000.0,0.0
20260731_013853,results/To_Use/simulation_llama3.1_8b_Full_scnldf_sh1_ldf1_seed1_26agents_30rounds_20260731_013853.json,17,23,developed,SI,3708.0,0.0,30000000.0,0.0
20260731_013853,results/To_Use/simulation_llama3.1_8b_Full_scnldf_sh1_ldf1_seed1_26agents_30rounds_20260731_013853.json,17,24,developing,SFI,0.0,0.0,128246.0,0.0
20260731_013853,results/To_Use/simulation_llama3.1_8b_Full_scnldf_sh1_ldf1_seed1_26agents_30rounds_20260731_013853.json,17,25,developed,SI,0.0,0.0,15000000.0,0.0
20260731_013853,results/To_Use/simulation_llama3.1_8b_Full_scnldf_sh1_ldf1_seed1_26agents_30rounds_20260731_013853.json,18,0,developing,SFI,0.0,0.0,0.0,0.0
20260731_013853,results/To_Use/simulation_llama3.1_8b_Full_scnldf_sh1_ldf1_seed1_26agents_30rounds_20260731_013853.json,18,1,developing,SFI,0.0,0.0,1069.0,0.0
20260731_013853,results/To_Use/simulation_llama3.1_8b_Full_scnldf_sh1_ldf1_seed1_26agents_30rounds_20260731_013853.json,18,2,developed,SI,0.0,0.0,10000000.0,0.0
20260731_013853,results/To_Use/simulation_llama3.1_8b_Full_scnldf_sh1_ldf1_seed1_26agents_30rounds_20260731_013853.json,18,3,developed,SI,617.0,0.0,59692200.0,0.0
20260731_013853,results/To_Use/simulation_llama3.1_8b_Full_scnldf_sh1_ldf1_seed1_26agents_30rounds_20260731_013853.json,18,4,developing,SFI,0.0,0.0,211074.0,0.0
20260731_013853,results/To_Use/simulation_llama3.1_8b_Full_scnldf_sh1_ldf1_seed1_26agents_30rounds_20260731_013853.json,18,5,developed,SI,0.0,0.0,20000000.0,0.0
20260731_013853,results/To_Use/simulation_llama3.1_8b_Full_scnldf_sh1_ldf1_seed1_26agents_30rounds_20260731_013853.json,18,6,developed,SI,0.0,0.0,17971776.0,0.0
20260731_013853,results/To_Use/simulation_llama3.1_8b_Full_scnldf_sh1_ldf1_seed1_26agents_30rounds_20260731_013853.json,18,7,developing,SFI,0.0,0.0,100000.0,0.0
20260731_013853,results/To_Use/simulation_llama3.1_8b_Full_scnldf_sh1_ldf1_seed1_26agents_30rounds_20260731_013853.json,18,8,developing,SFI,0.0,0.0,30830.0,0.0
20260731_013853,results/To_Use/simulation_llama3.1_8b_Full_scnldf_sh1_ldf1_seed1_26agents_30rounds_20260731_013853.json,18,9,developing,SFI,0.0,0.0,128246.0,0.0
20260731_013853,results/To_Use/simulation_llama3.1_8b_Full_scnldf_sh1_ldf1_seed1_26agents_30rounds_20260731_013853.json,18,10,developed,SI,0.0,0.0,10000000.0,0.0
20260731_013853,results/To_Use/simulation_llama3.1_8b_Full_scnldf_sh1_ldf1_seed1_26agents_30rounds_20260731_013853.json,18,11,developing,SFI,0.0,0.0,30830.0,0.0
20260731_013853,results/To_Use/simulation_llama3.1_8b_Full_scnldf_sh1_ldf1_seed1_26agents_30rounds_20260731_013853.json,18,12,developing,SFI,0.0,0.0,77849.0,0.0
20260731_013853,results/To_Use/simulation_llama3.1_8b_Full_scnldf_sh1_ldf1_seed1_26agents_30rounds_20260731_013853.json,18,13,developed,SI,0.0,0.0,12000000.0,0.0
20260731_013853,results/To_Use/simulation_llama3.1_8b_Full_scnldf_sh1_ldf1_seed1_26agents_30rounds_20260731_013853.json,18,14,developed,SI,0.0,0.0,12000000.0,0.0
20260731_013853,results/To_Use/simulation_llama3.1_8b_Full_scnldf_sh1_ldf1_seed1_26agents_30rounds_20260731_013853.json,18,15,developing,SFI,0.0,0.0,100000.0,0.0
20260731_013853,results/To_Use/simulation_llama3.1_8b_Full_scnldf_sh1_ldf1_seed1_26agents_30rounds_20260731_013853.json,18,16,developed,SI,0.0,0.0,12000000.0,0.0
20260731_013853,results/To_Use/simulation_llama3.1_8b_Full_scnldf_sh1_ldf1_seed1_26agents_30rounds_20260731_013853.json,18,17,developing,SFI,0.0,0.0,30830.0,0.0
20260731_013853,results/To_Use/simulation_llama3.1_8b_Full_scnldf_sh1_ldf1_seed1_26agents_30rounds_20260731_013853.json,18,18,developing,SFI,0.0,0.0,214920.0,0.0
20260731_013853,results/To_Use/simulation_llama3.1_8b_Full_scnldf_sh1_ldf1_seed1_26agents_30rounds_20260731_013853.json,18,19,developing,SFI,0.0,0.0,1069.0,0.0
20260731_013853,results/To_Use/simulation_llama3.1_8b_Full_scnldf_sh1_ldf1_seed1_26agents_30rounds_20260731_013853.json,18,20,developing,SFI,0.0,0.0,213382.0,0.0
20260731_013853,results/To_Use/simulation_llama3.1_8b_Full_scnldf_sh1_ldf1_seed1_26agents_30rounds_20260731_013853.json,18,21,developed,SI,617.0,0.0,30000000.0,0.0
20260731_013853,results/To_Use/simulation_llama3.1_8b_Full_scnldf_sh1_ldf1_seed1_26agents_30rounds_20260731_013853.json,18,22,developed,SI,0.0,0.0,15000000.0,0.0
20260731_013853,results/To_Use/simulation_llama3.1_8b_Full_scnldf_sh1_ldf1_seed1_26agents_30rounds_20260731_013853.json,18,23,developed,SI,0.0,0.0,20000000.0,0.0
20260731_013853,results/To_Use/simulation_llama3.1_8b_Full_scnldf_sh1_ldf1_seed1_26agents_30rounds_20260731_013853.json,18,24,developing,SFI,0.0,0.0,128246.0,0.0
20260731_013853,results/To_Use/simulation_llama3.1_8b_Full_scnldf_sh1_ldf1_seed1_26agents_30rounds_20260731_013853.json,18,25,developed,SI,0.0,0.0,15000000.0,0.0
20260731_013853,results/To_Use/simulation_llama3.1_8b_Full_scnldf_sh1_ldf1_seed1_26agents_30rounds_20260731_013853.json,19,0,developing,SFI,0.0,0.0,0.0,0.0
20260731_013853,results/To_Use/simulation_llama3.1_8b_Full_scnldf_sh1_ldf1_seed1_26agents_30rounds_20260731_013853.json,19,1,developing,SFI,0.0,0.0,1069.0,0.0
20260731_013853,results/To_Use/simulation_llama3.1_8b_Full_scnldf_sh1_ldf1_seed1_26agents_30rounds_20260731_013853.json,19,2,developed,SI,0.0,0.0,10626200.0,0.0
20260731_013853,results/To_Use/simulation_llama3.1_8b_Full_scnldf_sh1_ldf1_seed1_26agents_30rounds_20260731_013853.json,19,3,developed,SI,0.0,0.0,15000000.0,0.0
20260731_013853,results/To_Use/simulation_llama3.1_8b_Full_scnldf_sh1_ldf1_seed1_26agents_30rounds_20260731_013853.json,19,4,developing,SFI,0.0,0.0,211074.0,0.0
20260731_013853,results/To_Use/simulation_llama3.1_8b_Full_scnldf_sh1_ldf1_seed1_26agents_30rounds_20260731_013853.json,19,5,developed,SI,0.0,0.0,19423998.0,0.0
20260731_013853,results/To_Use/simulation_llama3.1_8b_Full_scnldf_sh1_ldf1_seed1_26agents_30rounds_20260731_013853.json,19,6,developed,SI,0.0,0.0,15000000.0,0.0
20260731_013853,results/To_Use/simulation_llama3.1_8b_Full_scnldf_sh1_ldf1_seed1_26agents_30rounds_20260731_013853.json,19,7,developing,SFI,0.0,0.0,150000.0,0.0
20260731_013853,results/To_Use/simulation_llama3.1_8b_Full_scnldf_sh1_ldf1_seed1_26agents_30rounds_20260731_013853.json,19,8,developing,SFI,0.0,0.0,30830.0,0.0
20260731_013853,results/To_Use/simulation_llama3.1_8b_Full_scnldf_sh1_ldf1_seed1_26agents_30rounds_20260731_013853.json,19,9,developing,SFI,0.0,0.0,128246.0,0.0
20260731_013853,results/To_Use/simulation_llama3.1_8b_Full_scnldf_sh1_ldf1_seed1_26agents_30rounds_20260731_013853.json,19,10,developed,SI,0.0,0.0,10000000.0,0.0
20260731_013853,results/To_Use/simulation_llama3.1_8b_Full_scnldf_sh1_ldf1_seed1_26agents_30rounds_20260731_013853.json,19,11,developing,SFI,0.0,0.0,30830.0,0.0
20260731_013853,results/To_Use/simulation_llama3.1_8b_Full_scnldf_sh1_ldf1_seed1_26agents_30rounds_20260731_013853.json,19,12,developing,SFI,0.0,0.0,100000.0,0.0
20260731_013853,results/To_Use/simulation_llama3.1_8b_Full_scnldf_sh1_ldf1_seed1_26agents_30rounds_20260731_013853.json,19,13,developed,SI,0.0,0.0,12000000.0,0.0
20260731_013853,results/To_Use/simulation_llama3.1_8b_Full_scnldf_sh1_ldf1_seed1_26agents_30rounds_20260731_013853.json,19,14,developed,SI,2470.0,0.0,30000000.0,0.0
20260731_013853,results/To_Use/simulation_llama3.1_8b_Full_scnldf_sh1_ldf1_seed1_26agents_30rounds_20260731_013853.json,19,15,developing,SFI,0.0,0.0,100000.0,0.0
20260731_013853,results/To_Use/simulation_llama3.1_8b_Full_scnldf_sh1_ldf1_seed1_26agents_30rounds_20260731_013853.json,19,16,developed,SI,0.0,0.0,10000000.0,0.0
20260731_013853,results/To_Use/simulation_llama3.1_8b_Full_scnldf_sh1_ldf1_seed1_26agents_30rounds_20260731_013853.json,19,17,developing,SFI,0.0,0.0,30830.0,0.0
20260731_013853,results/To_Use/simulation_llama3.1_8b_Full_scnldf_sh1_ldf1_seed1_26agents_30rounds_20260731_013853.json,19,18,developing,SFI,0.0,0.0,0.0,0.0
20260731_013853,results/To_Use/simulation_llama3.1_8b_Full_scnldf_sh1_ldf1_seed1_26agents_30rounds_20260731_013853.json,19,19,developing,SFI,0.0,0.0,1069.0,0.0
20260731_013853,results/To_Use/simulation_llama3.1_8b_Full_scnldf_sh1_ldf1_seed1_26agents_30rounds_20260731_013853.json,19,20,developing,SFI,0.0,0.0,213382.0,0.0
20260731_013853,results/To_Use/simulation_llama3.1_8b_Full_scnldf_sh1_ldf1_seed1_26agents_30rounds_20260731_013853.json,19,21,developed,SI,0.0,0.0,20000000.0,0.0
20260731_013853,results/To_Use/simulation_llama3.1_8b_Full_scnldf_sh1_ldf1_seed1_26agents_30rounds_20260731_013853.json,19,22,developed,SI,0.0,0.0,20000000.0,0.0
20260731_013853,results/To_Use/simulation_llama3.1_8b_Full_scnldf_sh1_ldf1_seed1_26agents_30rounds_20260731_013853.json,19,23,developed,SI,0.0,0.0,19423998.0,0.0
20260731_013853,results/To_Use/simulation_llama3.1_8b_Full_scnldf_sh1_ldf1_seed1_26agents_30rounds_20260731_013853.json,19,24,developing,SFI,0.0,0.0,128246.0,0.0
20260731_013853,results/To_Use/simulation_llama3.1_8b_Full_scnldf_sh1_ldf1_seed1_26agents_30rounds_20260731_013853.json,19,25,developed,SI,2470.0,0.0,30000000.0,0.0
20260731_013853,results/To_Use/simulation_llama3.1_8b_Full_scnldf_sh1_ldf1_seed1_26agents_30rounds_20260731_013853.json,20,0,developing,SFI,0.0,0.0,0.0,0.0
20260731_013853,results/To_Use/simulation_llama3.1_8b_Full_scnldf_sh1_ldf1_seed1_26agents_30rounds_20260731_013853.json,20,1,developing,SFI,0.0,0.0,1069.0,0.0
20260731_013853,results/To_Use/simulation_llama3.1_8b_Full_scnldf_sh1_ldf1_seed1_26agents_30rounds_20260731_013853.json,20,2,developed,SI,0.0,0.0,10626200.0,0.0
20260731_013853,results/To_Use/simulation_llama3.1_8b_Full_scnldf_sh1_ldf1_seed1_26agents_30rounds_20260731_013853.json,20,3,developed,SI,0.0,0.0,15000000.0,0.0
20260731_013853,results/To_Use/simulation_llama3.1_8b_Full_scnldf_sh1_ldf1_seed1_26agents_30rounds_20260731_013853.json,20,4,developing,SFI,0.0,0.0,200000.0,0.0
20260731_013853,results/To_Use/simulation_llama3.1_8b_Full_scnldf_sh1_ldf1_seed1_26agents_30rounds_20260731_013853.json,20,5,developed,SI,0.0,0.0,12000000.0,0.0
20260731_013853,results/To_Use/simulation_llama3.1_8b_Full_scnldf_sh1_ldf1_seed1_26agents_30rounds_20260731_013853.json,20,6,developed,SI,0.0,0.0,17971776.0,0.0
20260731_013853,results/To_Use/simulation_llama3.1_8b_Full_scnldf_sh1_ldf1_seed1_26agents_30rounds_20260731_013853.json,20,7,developing,SFI,0.0,0.0,200000.0,0.0
20260731_013853,results/To_Use/simulation_llama3.1_8b_Full_scnldf_sh1_ldf1_seed1_26agents_30rounds_20260731_013853.json,20,8,developing,SFI,0.0,0.0,30830.0,0.0
20260731_013853,results/To_Use/simulation_llama3.1_8b_Full_scnldf_sh1_ldf1_seed1_26agents_30rounds_20260731_013853.json,20,9,developing,SFI,0.0,0.0,128246.0,0.0
20260731_013853,results/To_Use/simulation_llama3.1_8b_Full_scnldf_sh1_ldf1_seed1_26agents_30rounds_20260731_013853.json,20,10,developed,SI,0.0,0.0,15000000.0,0.0
20260731_013853,results/To_Use/simulation_llama3.1_8b_Full_scnldf_sh1_ldf1_seed1_26agents_30rounds_20260731_013853.json,20,11,developing,SFI,0.0,0.0,30830.0,0.0
20260731_013853,results/To_Use/simulation_llama3.1_8b_Full_scnldf_sh1_ldf1_seed1_26agents_30rounds_20260731_013853.json,20,12,developing,SFI,0.0,0.0,213382.0,0.0
20260731_013853,results/To_Use/simulation_llama3.1_8b_Full_scnldf_sh1_ldf1_seed1_26agents_30rounds_20260731_013853.json,20,13,developed,SI,0.0,0.0,10000000.0,0.0
20260731_013853,results/To_Use/simulation_llama3.1_8b_Full_scnldf_sh1_ldf1_seed1_26agents_30rounds_20260731_013853.json,20,14,developed,SI,2633.0,0.0,20000000.0,0.0
20260731_013853,results/To_Use/simulation_llama3.1_8b_Full_scnldf_sh1_ldf1_seed1_26agents_30rounds_20260731_013853.json,20,15,developing,SFI,0.0,0.0,549809.0,0.0
20260731_013853,results/To_Use/simulation_llama3.1_8b_Full_scnldf_sh1_ldf1_seed1_26agents_30rounds_20260731_013853.json,20,16,developed,SI,0.0,0.0,12000000.0,0.0
20260731_013853,results/To_Use/simulation_llama3.1_8b_Full_scnldf_sh1_ldf1_seed1_26agents_30rounds_20260731_013853.json,20,17,developing,SFI,0.0,0.0,30830.0,0.0
20260731_013853,results/To_Use/simulation_llama3.1_8b_Full_scnldf_sh1_ldf1_seed1_26agents_30rounds_20260731_013853.json,20,18,developing,SFI,0.0,0.0,0.0,0.0
20260731_013853,results/To_Use/simulation_llama3.1_8b_Full_scnldf_sh1_ldf1_seed1_26agents_30rounds_20260731_013853.json,20,19,developing,SFI,0.0,0.0,1069.0,0.0
20260731_013853,results/To_Use/simulation_llama3.1_8b_Full_scnldf_sh1_ldf1_seed1_26agents_30rounds_20260731_013853.json,20,20,developing,SFI,0.0,0.0,213382.0,0.0
20260731_013853,results/To_Use/simulation_llama3.1_8b_Full_scnldf_sh1_ldf1_seed1_26agents_30rounds_20260731_013853.json,20,21,developed,SI,2633.0,0.0,30000000.0,0.0
20260731_013853,results/To_Use/simulation_llama3.1_8b_Full_scnldf_sh1_ldf1_seed1_26agents_30rounds_20260731_013853.json,20,22,developed,SI,0.0,0.0,19423998.0,0.0
20260731_013853,results/To_Use/simulation_llama3.1_8b_Full_scnldf_sh1_ldf1_seed1_26agents_30rounds_20260731_013853.json,20,23,developed,SI,0.0,0.0,19423998.0,0.0
20260731_013853,results/To_Use/simulation_llama3.1_8b_Full_scnldf_sh1_ldf1_seed1_26agents_30rounds_20260731_013853.json,20,24,developing,SFI,0.0,0.0,128246.0,0.0
20260731_013853,results/To_Use/simulation_llama3.1_8b_Full_scnldf_sh1_ldf1_seed1_26agents_30rounds_20260731_013853.json,20,25,developed,SI,0.0,0.0,20000000.0,0.0
20260731_013853,results/To_Use/simulation_llama3.1_8b_Full_scnldf_sh1_ldf1_seed1_26agents_30rounds_20260731_013853.json,21,0,developing,SFI,0.0,0.0,0.0,0.0
20260731_013853,results/To_Use/simulation_llama3.1_8b_Full_scnldf_sh1_ldf1_seed1_26agents_30rounds_20260731_013853.json,21,1,developing,SFI,0.0,0.0,1069.0,0.0
20260731_013853,results/To_Use/simulation_llama3.1_8b_Full_scnldf_sh1_ldf1_seed1_26agents_30rounds_20260731_013853.json,21,2,developed,SI,0.0,0.0,10626200.0,0.0
20260731_013853,results/To_Use/simulation_llama3.1_8b_Full_scnldf_sh1_ldf1_seed1_26agents_30rounds_20260731_013853.json,21,3,developed,SI,3495.0,0.0,29600000.0,0.0
20260731_013853,results/To_Use/simulation_llama3.1_8b_Full_scnldf_sh1_ldf1_seed1_26agents_30rounds_20260731_013853.json,21,4,developing,SFI,0.0,0.0,200000.0,0.0
20260731_013853,results/To_Use/simulation_llama3.1_8b_Full_scnldf_sh1_ldf1_seed1_26agents_30rounds_20260731_013853.json,21,5,developed,SI,0.0,0.0,10626200.0,0.0
20260731_013853,results/To_Use/simulation_llama3.1_8b_Full_scnldf_sh1_ldf1_seed1_26agents_30rounds_20260731_013853.json,21,6,developed,SI,0.0,0.0,15000000.0,0.0
20260731_013853,results/To_Use/simulation_llama3.1_8b_Full_scnldf_sh1_ldf1_seed1_26agents_30rounds_20260731_013853.json,21,7,developing,SFI,0.0,0.0,100000.0,0.0
20260731_013853,results/To_Use/simulation_llama3.1_8b_Full_scnldf_sh1_ldf1_seed1_26agents_30rounds_20260731_013853.json,21,8,developing,SFI,0.0,0.0,30830.0,0.0
20260731_013853,results/To_Use/simulation_llama3.1_8b_Full_scnldf_sh1_ldf1_seed1_26agents_30rounds_20260731_013853.json,21,9,developing,SFI,0.0,0.0,128246.0,0.0
20260731_013853,results/To_Use/simulation_llama3.1_8b_Full_scnldf_sh1_ldf1_seed1_26agents_30rounds_20260731_013853.json,21,10,developed,SI,0.0,0.0,15000000.0,0.0
20260731_013853,results/To_Use/simulation_llama3.1_8b_Full_scnldf_sh1_ldf1_seed1_26agents_30rounds_20260731_013853.json,21,11,developing,SFI,0.0,0.0,30830.0,0.0
20260731_013853,results/To_Use/simulation_llama3.1_8b_Full_scnldf_sh1_ldf1_seed1_26agents_30rounds_20260731_013853.json,21,12,developing,SFI,0.0,0.0,77849.0,0.0
20260731_013853,results/To_Use/simulation_llama3.1_8b_Full_scnldf_sh1_ldf1_seed1_26agents_30rounds_20260731_013853.json,21,13,developed,SI,0.0,0.0,10000000.0,0.0
20260731_013853,results/To_Use/simulation_llama3.1_8b_Full_scnldf_sh1_ldf1_seed1_26agents_30rounds_20260731_013853.json,21,14,developed,SI,0.0,0.0,20000000.0,0.0
20260731_013853,results/To_Use/simulation_llama3.1_8b_Full_scnldf_sh1_ldf1_seed1_26agents_30rounds_20260731_013853.json,21,15,developing,SFI,0.0,0.0,100000.0,0.0
20260731_013853,results/To_Use/simulation_llama3.1_8b_Full_scnldf_sh1_ldf1_seed1_26agents_30rounds_20260731_013853.json,21,16,developed,SI,0.0,0.0,10000000.0,0.0
20260731_013853,results/To_Use/simulation_llama3.1_8b_Full_scnldf_sh1_ldf1_seed1_26agents_30rounds_20260731_013853.json,21,17,developing,SFI,0.0,0.0,30830.0,0.0
20260731_013853,results/To_Use/simulation_llama3.1_8b_Full_scnldf_sh1_ldf1_seed1_26agents_30rounds_20260731_013853.json,21,18,developing,SFI,0.0,0.0,0.0,0.0
20260731_013853,results/To_Use/simulation_llama3.1_8b_Full_scnldf_sh1_ldf1_seed1_26agents_30rounds_20260731_013853.json,21,19,developing,SFI,0.0,0.0,1069.0,0.0
20260731_013853,results/To_Use/simulation_llama3.1_8b_Full_scnldf_sh1_ldf1_seed1_26agents_30rounds_20260731_013853.json,21,20,developing,SFI,0.0,0.0,213382.0,0.0
20260731_013853,results/To_Use/simulation_llama3.1_8b_Full_scnldf_sh1_ldf1_seed1_26agents_30rounds_20260731_013853.json,21,21,developed,SI,3495.0,0.0,30000000.0,0.0
20260731_013853,results/To_Use/simulation_llama3.1_8b_Full_scnldf_sh1_ldf1_seed1_26agents_30rounds_20260731_013853.json,21,22,developed,SI,0.0,0.0,20000000.0,0.0
20260731_013853,results/To_Use/simulation_llama3.1_8b_Full_scnldf_sh1_ldf1_seed1_26agents_30rounds_20260731_013853.json,21,23,developed,SI,0.0,0.0,19423998.0,0.0
20260731_013853,results/To_Use/simulation_llama3.1_8b_Full_scnldf_sh1_ldf1_seed1_26agents_30rounds_20260731_013853.json,21,24,developing,SFI,0.0,0.0,128246.0,0.0
20260731_013853,results/To_Use/simulation_llama3.1_8b_Full_scnldf_sh1_ldf1_seed1_26agents_30rounds_20260731_013853.json,21,25,developed,SI,0.0,0.0,15000000.0,0.0
20260731_013853,results/To_Use/simulation_llama3.1_8b_Full_scnldf_sh1_ldf1_seed1_26agents_30rounds_20260731_013853.json,22,0,developing,SFI,0.0,0.0,1069.0,0.0
20260731_013853,results/To_Use/simulation_llama3.1_8b_Full_scnldf_sh1_ldf1_seed1_26agents_30rounds_20260731_013853.json,22,1,developing,SFI,0.0,0.0,1069.0,0.0
20260731_013853,results/To_Use/simulation_llama3.1_8b_Full_scnldf_sh1_ldf1_seed1_26agents_30rounds_20260731_013853.json,22,2,developed,SI,0.0,0.0,10626200.0,0.0
20260731_013853,results/To_Use/simulation_llama3.1_8b_Full_scnldf_sh1_ldf1_seed1_26agents_30rounds_20260731_013853.json,22,3,developed,SI,0.0,0.0,15970582.0,0.0
20260731_013853,results/To_Use/simulation_llama3.1_8b_Full_scnldf_sh1_ldf1_seed1_26agents_30rounds_20260731_013853.json,22,4,developing,SFI,0.0,0.0,200000.0,0.0
20260731_013853,results/To_Use/simulation_llama3.1_8b_Full_scnldf_sh1_ldf1_seed1_26agents_30rounds_20260731_013853.json,22,5,developed,SI,0.0,0.0,20000000.0,0.0
20260731_013853,results/To_Use/simulation_llama3.1_8b_Full_scnldf_sh1_ldf1_seed1_26agents_30rounds_20260731_013853.json,22,6,developed,SI,0.0,0.0,17297854.0,0.0
20260731_013853,results/To_Use/simulation_llama3.1_8b_Full_scnldf_sh1_ldf1_seed1_26agents_30rounds_20260731_013853.json,22,7,developing,SFI,0.0,0.0,100000.0,0.0
20260731_013853,results/To_Use/simulation_llama3.1_8b_Full_scnldf_sh1_ldf1_seed1_26agents_30rounds_20260731_013853.json,22,8,developing,SFI,0.0,0.0,30830.0,0.0
20260731_013853,results/To_Use/simulation_llama3.1_8b_Full_scnldf_sh1_ldf1_seed1_26agents_30rounds_20260731_013853.json,22,9,developing,SFI,0.0,0.0,128246.0,0.0
20260731_013853,results/To_Use/simulation_llama3.1_8b_Full_scnldf_sh1_ldf1_seed1_26agents_30rounds_20260731_013853.json,22,10,developed,SI,1945.0,0.0,30000000.0,0.0
20260731_013853,results/To_Use/simulation_llama3.1_8b_Full_scnldf_sh1_ldf1_seed1_26agents_30rounds_20260731_013853.json,22,11,developing,SFI,0.0,0.0,30830.0,0.0
20260731_013853,results/To_Use/simulation_llama3.1_8b_Full_scnldf_sh1_ldf1_seed1_26agents_30rounds_20260731_013853.json,22,12,developing,SFI,0.0,0.0,213382.0,0.0
20260731_013853,results/To_Use/simulation_llama3.1_8b_Full_scnldf_sh1_ldf1_seed1_26agents_30rounds_20260731_013853.json,22,13,developed,SI,0.0,0.0,12000000.0,0.0
20260731_013853,results/To_Use/simulation_llama3.1_8b_Full_scnldf_sh1_ldf1_seed1_26agents_30rounds_20260731_013853.json,22,14,developed,SI,0.0,0.0,10000000.0,0.0
20260731_013853,results/To_Use/simulation_llama3.1_8b_Full_scnldf_sh1_ldf1_seed1_26agents_30rounds_20260731_013853.json,22,15,developing,SFI,0.0,0.0,0.0,0.0
20260731_013853,results/To_Use/simulation_llama3.1_8b_Full_scnldf_sh1_ldf1_seed1_26agents_30rounds_20260731_013853.json,22,16,developed,SI,0.0,0.0,10626200.0,0.0
20260731_013853,results/To_Use/simulation_llama3.1_8b_Full_scnldf_sh1_ldf1_seed1_26agents_30rounds_20260731_013853.json,22,17,developing,SFI,0.0,0.0,30830.0,0.0
20260731_013853,results/To_Use/simulation_llama3.1_8b_Full_scnldf_sh1_ldf1_seed1_26agents_30rounds_20260731_013853.json,22,18,developing,SFI,0.0,0.0,0.0,0.0
20260731_013853,results/To_Use/simulation_llama3.1_8b_Full_scnldf_sh1_ldf1_seed1_26agents_30rounds_20260731_013853.json,22,19,developing,SFI,0.0,0.0,1069.0,0.0
20260731_013853,results/To_Use/simulation_llama3.1_8b_Full_scnldf_sh1_ldf1_seed1_26agents_30rounds_20260731_013853.json,22,20,developing,SFI,0.0,0.0,213382.0,0.0
20260731_013853,results/To_Use/simulation_llama3.1_8b_Full_scnldf_sh1_ldf1_seed1_26agents_30rounds_20260731_013853.json,22,21,developed,SI,0.0,0.0,30000000.0,0.0
20260731_013853,results/To_Use/simulation_llama3.1_8b_Full_scnldf_sh1_ldf1_seed1_26agents_30rounds_20260731_013853.json,22,22,developed,SI,1945.0,0.0,109657850.0,0.0
20260731_013853,results/To_Use/simulation_llama3.1_8b_Full_scnldf_sh1_ldf1_seed1_26agents_30rounds_20260731_013853.json,22,23,developed,SI,0.0,0.0,19423998.0,0.0
20260731_013853,results/To_Use/simulation_llama3.1_8b_Full_scnldf_sh1_ldf1_seed1_26agents_30rounds_20260731_013853.json,22,24,developing,SFI,0.0,0.0,128246.0,0.0
20260731_013853,results/To_Use/simulation_llama3.1_8b_Full_scnldf_sh1_ldf1_seed1_26agents_30rounds_20260731_013853.json,22,25,developed,SI,0.0,0.0,30000000.0,0.0
20260731_013853,results/To_Use/simulation_llama3.1_8b_Full_scnldf_sh1_ldf1_seed1_26agents_30rounds_20260731_013853.json,23,0,developing,SFI,0.0,0.0,0.0,0.0
20260731_013853,results/To_Use/simulation_llama3.1_8b_Full_scnldf_sh1_ldf1_seed1_26agents_30rounds_20260731_013853.json,23,1,developing,SFI,0.0,0.0,1069.0,0.0
20260731_013853,results/To_Use/simulation_llama3.1_8b_Full_scnldf_sh1_ldf1_seed1_26agents_30rounds_20260731_013853.json,23,2,developed,SI,0.0,0.0,10626200.0,0.0
20260731_013853,results/To_Use/simulation_llama3.1_8b_Full_scnldf_sh1_ldf1_seed1_26agents_30rounds_20260731_013853.json,23,3,developed,SI,0.0,0.0,20000000.0,0.0
20260731_013853,results/To_Use/simulation_llama3.1_8b_Full_scnldf_sh1_ldf1_seed1_26agents_30rounds_20260731_013853.json,23,4,developing,SFI,0.0,0.0,200000.0,0.0
20260731_013853,results/To_Use/simulation_llama3.1_8b_Full_scnldf_sh1_ldf1_seed1_26agents_30rounds_20260731_013853.json,23,5,developed,SI,0.0,0.0,10000000.0,0.0
20260731_013853,results/To_Use/simulation_llama3.1_8b_Full_scnldf_sh1_ldf1_seed1_26agents_30rounds_20260731_013853.json,23,6,developed,SI,0.0,0.0,27900000.0,0.0
20260731_013853,results/To_Use/simulation_llama3.1_8b_Full_scnldf_sh1_ldf1_seed1_26agents_30rounds_20260731_013853.json,23,7,developing,SFI,0.0,0.0,0.0,0.0
20260731_013853,results/To_Use/simulation_llama3.1_8b_Full_scnldf_sh1_ldf1_seed1_26agents_30rounds_20260731_013853.json,23,8,developing,SFI,0.0,0.0,30830.0,0.0
20260731_013853,results/To_Use/simulation_llama3.1_8b_Full_scnldf_sh1_ldf1_seed1_26agents_30rounds_20260731_013853.json,23,9,developing,SFI,0.0,0.0,0.0,0.0
20260731_013853,results/To_Use/simulation_llama3.1_8b_Full_scnldf_sh1_ldf1_seed1_26agents_30rounds_20260731_013853.json,23,10,developed,SI,0.0,0.0,15000000.0,0.0
20260731_013853,results/To_Use/simulation_llama3.1_8b_Full_scnldf_sh1_ldf1_seed1_26agents_30rounds_20260731_013853.json,23,11,developing,SFI,0.0,0.0,30830.0,0.0
20260731_013853,results/To_Use/simulation_llama3.1_8b_Full_scnldf_sh1_ldf1_seed1_26agents_30rounds_20260731_013853.json,23,12,developing,SFI,0.0,0.0,213382.0,0.0
20260731_013853,results/To_Use/simulation_llama3.1_8b_Full_scnldf_sh1_ldf1_seed1_26agents_30rounds_20260731_013853.json,23,13,developed,SI,0.0,0.0,10626200.0,0.0
20260731_013853,results/To_Use/simulation_llama3.1_8b_Full_scnldf_sh1_ldf1_seed1_26agents_30rounds_20260731_013853.json,23,14,developed,SI,0.0,0.0,0.0,0.0
20260731_013853,results/To_Use/simulation_llama3.1_8b_Full_scnldf_sh1_ldf1_seed1_26agents_30rounds_20260731_013853.json,23,15,developing,SFI,0.0,0.0,100000.0,0.0
20260731_013853,results/To_Use/simulation_llama3.1_8b_Full_scnldf_sh1_ldf1_seed1_26agents_30rounds_20260731_013853.json,23,16,developed,SI,0.0,0.0,10000000.0,0.0
20260731_013853,results/To_Use/simulation_llama3.1_8b_Full_scnldf_sh1_ldf1_seed1_26agents_30rounds_20260731_013853.json,23,17,developing,SFI,0.0,0.0,30830.0,0.0
20260731_013853,results/To_Use/simulation_llama3.1_8b_Full_scnldf_sh1_ldf1_seed1_26agents_30rounds_20260731_013853.json,23,18,developing,SFI,0.0,0.0,50000.0,0.0
20260731_013853,results/To_Use/simulation_llama3.1_8b_Full_scnldf_sh1_ldf1_seed1_26agents_30rounds_20260731_013853.json,23,19,developing,SFI,0.0,0.0,1069.0,0.0
20260731_013853,results/To_Use/simulation_llama3.1_8b_Full_scnldf_sh1_ldf1_seed1_26agents_30rounds_20260731_013853.json,23,20,developing,SFI,0.0,0.0,182578.0,0.0
20260731_013853,results/To_Use/simulation_llama3.1_8b_Full_scnldf_sh1_ldf1_seed1_26agents_30rounds_20260731_013853.json,23,21,developed,SI,2500.0,0.0,30000000.0,0.0
20260731_013853,results/To_Use/simulation_llama3.1_8b_Full_scnldf_sh1_ldf1_seed1_26agents_30rounds_20260731_013853.json,23,22,developed,SI,0.0,0.0,20000000.0,0.0
20260731_013853,results/To_Use/simulation_llama3.1_8b_Full_scnldf_sh1_ldf1_seed1_26agents_30rounds_20260731_013853.json,23,23,developed,SI,0.0,0.0,19423998.0,0.0
20260731_013853,results/To_Use/simulation_llama3.1_8b_Full_scnldf_sh1_ldf1_seed1_26agents_30rounds_20260731_013853.json,23,24,developing,SFI,0.0,0.0,128246.0,0.0
20260731_013853,results/To_Use/simulation_llama3.1_8b_Full_scnldf_sh1_ldf1_seed1_26agents_30rounds_20260731_013853.json,23,25,developed,SI,2500.0,0.0,104641839.0,0.0
20260731_013853,results/To_Use/simulation_llama3.1_8b_Full_scnldf_sh1_ldf1_seed1_26agents_30rounds_20260731_013853.json,24,0,developing,SFI,0.0,0.0,0.0,0.0
20260731_013853,results/To_Use/simulation_llama3.1_8b_Full_scnldf_sh1_ldf1_seed1_26agents_30rounds_20260731_013853.json,24,1,developing,SFI,0.0,0.0,1069.0,0.0
20260731_013853,results/To_Use/simulation_llama3.1_8b_Full_scnldf_sh1_ldf1_seed1_26agents_30rounds_20260731_013853.json,24,2,developed,SI,0.0,0.0,10626200.0,0.0
20260731_013853,results/To_Use/simulation_llama3.1_8b_Full_scnldf_sh1_ldf1_seed1_26agents_30rounds_20260731_013853.json,24,3,developed,SI,0.0,0.0,0.0,0.0
20260731_013853,results/To_Use/simulation_llama3.1_8b_Full_scnldf_sh1_ldf1_seed1_26agents_30rounds_20260731_013853.json,24,4,developing,SFI,0.0,0.0,0.0,0.0
20260731_013853,results/To_Use/simulation_llama3.1_8b_Full_scnldf_sh1_ldf1_seed1_26agents_30rounds_20260731_013853.json,24,5,developed,SI,0.0,0.0,10000000.0,0.0
20260731_013853,results/To_Use/simulation_llama3.1_8b_Full_scnldf_sh1_ldf1_seed1_26agents_30rounds_20260731_013853.json,24,6,developed,SI,0.0,0.0,0.0,0.0
20260731_013853,results/To_Use/simulation_llama3.1_8b_Full_scnldf_sh1_ldf1_seed1_26agents_30rounds_20260731_013853.json,24,7,developing,SFI,0.0,0.0,0.0,0.0
20260731_013853,results/To_Use/simulation_llama3.1_8b_Full_scnldf_sh1_ldf1_seed1_26agents_30rounds_20260731_013853.json,24,8,developing,SFI,0.0,0.0,30830.0,0.0
20260731_013853,results/To_Use/simulation_llama3.1_8b_Full_scnldf_sh1_ldf1_seed1_26agents_30rounds_20260731_013853.json,24,9,developing,SFI,0.0,0.0,128246.0,0.0
20260731_013853,results/To_Use/simulation_llama3.1_8b_Full_scnldf_sh1_ldf1_seed1_26agents_30rounds_20260731_013853.json,24,10,developed,SI,379712.0,0.0,50000000.0,0.0
20260731_013853,results/To_Use/simulation_llama3.1_8b_Full_scnldf_sh1_ldf1_seed1_26agents_30rounds_20260731_013853.json,24,11,developing,SFI,0.0,0.0,30830.0,0.0
20260731_013853,results/To_Use/simulation_llama3.1_8b_Full_scnldf_sh1_ldf1_seed1_26agents_30rounds_20260731_013853.json,24,12,developing,SFI,0.0,0.0,213382.0,0.0
20260731_013853,results/To_Use/simulation_llama3.1_8b_Full_scnldf_sh1_ldf1_seed1_26agents_30rounds_20260731_013853.json,24,13,developed,SI,0.0,0.0,12000000.0,0.0
20260731_013853,results/To_Use/simulation_llama3.1_8b_Full_scnldf_sh1_ldf1_seed1_26agents_30rounds_20260731_013853.json,24,14,developed,SI,0.0,0.0,0.0,0.0
20260731_013853,results/To_Use/simulation_llama3.1_8b_Full_scnldf_sh1_ldf1_seed1_26agents_30rounds_20260731_013853.json,24,15,developing,SFI,0.0,0.0,0.0,0.0
20260731_013853,results/To_Use/simulation_llama3.1_8b_Full_scnldf_sh1_ldf1_seed1_26agents_30rounds_20260731_013853.json,24,16,developed,SI,0.0,0.0,10626200.0,0.0
20260731_013853,results/To_Use/simulation_llama3.1_8b_Full_scnldf_sh1_ldf1_seed1_26agents_30rounds_20260731_013853.json,24,17,developing,SFI,0.0,0.0,30830.0,0.0
20260731_013853,results/To_Use/simulation_llama3.1_8b_Full_scnldf_sh1_ldf1_seed1_26agents_30rounds_20260731_013853.json,24,18,developing,SFI,0.0,0.0,50000.0,0.0
20260731_013853,results/To_Use/simulation_llama3.1_8b_Full_scnldf_sh1_ldf1_seed1_26agents_30rounds_20260731_013853.json,24,19,developing,SFI,0.0,0.0,1069.0,0.0
20260731_013853,results/To_Use/simulation_llama3.1_8b_Full_scnldf_sh1_ldf1_seed1_26agents_30rounds_20260731_013853.json,24,20,developing,SFI,0.0,0.0,0.0,0.0
20260731_013853,results/To_Use/simulation_llama3.1_8b_Full_scnldf_sh1_ldf1_seed1_26agents_30rounds_20260731_013853.json,24,21,developed,SI,379712.0,0.0,30000000.0,0.0
20260731_013853,results/To_Use/simulation_llama3.1_8b_Full_scnldf_sh1_ldf1_seed1_26agents_30rounds_20260731_013853.json,24,22,developed,SI,0.0,0.0,30000000.0,0.0
20260731_013853,results/To_Use/simulation_llama3.1_8b_Full_scnldf_sh1_ldf1_seed1_26agents_30rounds_20260731_013853.json,24,23,developed,SI,0.0,0.0,20000000.0,0.0
20260731_013853,results/To_Use/simulation_llama3.1_8b_Full_scnldf_sh1_ldf1_seed1_26agents_30rounds_20260731_013853.json,24,24,developing,SFI,0.0,0.0,128246.0,0.0
20260731_013853,results/To_Use/simulation_llama3.1_8b_Full_scnldf_sh1_ldf1_seed1_26agents_30rounds_20260731_013853.json,24,25,developed,SI,0.0,0.0,20000000.0,0.0
20260731_013853,results/To_Use/simulation_llama3.1_8b_Full_scnldf_sh1_ldf1_seed1_26agents_30rounds_20260731_013853.json,25,0,developing,SFI,0.0,0.0,0.0,0.0
20260731_013853,results/To_Use/simulation_llama3.1_8b_Full_scnldf_sh1_ldf1_seed1_26agents_30rounds_20260731_013853.json,25,1,developing,SFI,0.0,0.0,1069.0,0.0
20260731_013853,results/To_Use/simulation_llama3.1_8b_Full_scnldf_sh1_ldf1_seed1_26agents_30rounds_20260731_013853.json,25,2,developed,SI,0.0,0.0,10626200.0,0.0
20260731_013853,results/To_Use/simulation_llama3.1_8b_Full_scnldf_sh1_ldf1_seed1_26agents_30rounds_20260731_013853.json,25,3,developed,SI,0.0,0.0,17568400.0,0.0
20260731_013853,results/To_Use/simulation_llama3.1_8b_Full_scnldf_sh1_ldf1_seed1_26agents_30rounds_20260731_013853.json,25,4,developing,SFI,0.0,0.0,0.0,0.0
20260731_013853,results/To_Use/simulation_llama3.1_8b_Full_scnldf_sh1_ldf1_seed1_26agents_30rounds_20260731_013853.json,25,5,developed,SI,0.0,0.0,16659309.0,0.0
20260731_013853,results/To_Use/simulation_llama3.1_8b_Full_scnldf_sh1_ldf1_seed1_26agents_30rounds_20260731_013853.json,25,6,developed,SI,3287.0,0.0,20000000.0,0.0
20260731_013853,results/To_Use/simulation_llama3.1_8b_Full_scnldf_sh1_ldf1_seed1_26agents_30rounds_20260731_013853.json,25,7,developing,SFI,0.0,0.0,1069.0,0.0
20260731_013853,results/To_Use/simulation_llama3.1_8b_Full_scnldf_sh1_ldf1_seed1_26agents_30rounds_20260731_013853.json,25,8,developing,SFI,0.0,0.0,30830.0,0.0
20260731_013853,results/To_Use/simulation_llama3.1_8b_Full_scnldf_sh1_ldf1_seed1_26agents_30rounds_20260731_013853.json,25,9,developing,SFI,0.0,0.0,128246.0,0.0
20260731_013853,results/To_Use/simulation_llama3.1_8b_Full_scnldf_sh1_ldf1_seed1_26agents_30rounds_20260731_013853.json,25,10,developed,SI,0.0,0.0,0.0,0.0
20260731_013853,results/To_Use/simulation_llama3.1_8b_Full_scnldf_sh1_ldf1_seed1_26agents_30rounds_20260731_013853.json,25,11,developing,SFI,0.0,0.0,30830.0,0.0
20260731_013853,results/To_Use/simulation_llama3.1_8b_Full_scnldf_sh1_ldf1_seed1_26agents_30rounds_20260731_013853.json,25,12,developing,SFI,0.0,0.0,0.0,0.0
20260731_013853,results/To_Use/simulation_llama3.1_8b_Full_scnldf_sh1_ldf1_seed1_26agents_30rounds_20260731_013853.json,25,13,developed,SI,0.0,0.0,12000000.0,0.0
20260731_013853,results/To_Use/simulation_llama3.1_8b_Full_scnldf_sh1_ldf1_seed1_26agents_30rounds_20260731_013853.json,25,14,developed,SI,0.0,0.0,12000000.0,0.0
20260731_013853,results/To_Use/simulation_llama3.1_8b_Full_scnldf_sh1_ldf1_seed1_26agents_30rounds_20260731_013853.json,25,15,developing,SFI,0.0,0.0,1069.0,0.0
20260731_013853,results/To_Use/simulation_llama3.1_8b_Full_scnldf_sh1_ldf1_seed1_26agents_30rounds_20260731_013853.json,25,16,developed,SI,0.0,0.0,10000000.0,0.0
20260731_013853,results/To_Use/simulation_llama3.1_8b_Full_scnldf_sh1_ldf1_seed1_26agents_30rounds_20260731_013853.json,25,17,developing,SFI,0.0,0.0,30830.0,0.0
20260731_013853,results/To_Use/simulation_llama3.1_8b_Full_scnldf_sh1_ldf1_seed1_26agents_30rounds_20260731_013853.json,25,18,developing,SFI,0.0,0.0,1000000.0,0.0
20260731_013853,results/To_Use/simulation_llama3.1_8b_Full_scnldf_sh1_ldf1_seed1_26agents_30rounds_20260731_013853.json,25,19,developing,SFI,0.0,0.0,1069.0,0.0
20260731_013853,results/To_Use/simulation_llama3.1_8b_Full_scnldf_sh1_ldf1_seed1_26agents_30rounds_20260731_013853.json,25,20,developing,SFI,0.0,0.0,128246.0,0.0
20260731_013853,results/To_Use/simulation_llama3.1_8b_Full_scnldf_sh1_ldf1_seed1_26agents_30rounds_20260731_013853.json,25,21,developed,SI,3287.0,0.0,30000000.0,0.0
20260731_013853,results/To_Use/simulation_llama3.1_8b_Full_scnldf_sh1_ldf1_seed1_26agents_30rounds_20260731_013853.json,25,22,developed,SI,0.0,0.0,0.0,0.0
20260731_013853,results/To_Use/simulation_llama3.1_8b_Full_scnldf_sh1_ldf1_seed1_26agents_30rounds_20260731_013853.json,25,23,developed,SI,0.0,0.0,10626200.0,0.0
20260731_013853,results/To_Use/simulation_llama3.1_8b_Full_scnldf_sh1_ldf1_seed1_26agents_30rounds_20260731_013853.json,25,24,developing,SFI,0.0,0.0,128246.0,0.0
20260731_013853,results/To_Use/simulation_llama3.1_8b_Full_scnldf_sh1_ldf1_seed1_26agents_30rounds_20260731_013853.json,25,25,developed,SI,0.0,0.0,20000000.0,0.0
20260731_013853,results/To_Use/simulation_llama3.1_8b_Full_scnldf_sh1_ldf1_seed1_26agents_30rounds_20260731_013853.json,26,0,developing,SFI,0.0,0.0,1069.0,0.0
20260731_013853,results/To_Use/simulation_llama3.1_8b_Full_scnldf_sh1_ldf1_seed1_26agents_30rounds_20260731_013853.json,26,1,developing,SFI,0.0,0.0,1069.0,0.0
20260731_013853,results/To_Use/simulation_llama3.1_8b_Full_scnldf_sh1_ldf1_seed1_26agents_30rounds_20260731_013853.json,26,2,developed,SI,0.0,0.0,10626200.0,0.0
20260731_013853,results/To_Use/simulation_llama3.1_8b_Full_scnldf_sh1_ldf1_seed1_26agents_30rounds_20260731_013853.json,26,3,developed,SI,0.0,0.0,0.0,0.0
20260731_013853,results/To_Use/simulation_llama3.1_8b_Full_scnldf_sh1_ldf1_seed1_26agents_30rounds_20260731_013853.json,26,4,developing,SFI,0.0,0.0,200000.0,0.0
20260731_013853,results/To_Use/simulation_llama3.1_8b_Full_scnldf_sh1_ldf1_seed1_26agents_30rounds_20260731_013853.json,26,5,developed,SI,0.0,0.0,16659309.0,0.0
20260731_013853,results/To_Use/simulation_llama3.1_8b_Full_scnldf_sh1_ldf1_seed1_26agents_30rounds_20260731_013853.json,26,6,developed,SI,0.0,0.0,20000000.0,0.0
20260731_013853,results/To_Use/simulation_llama3.1_8b_Full_scnldf_sh1_ldf1_seed1_26agents_30rounds_20260731_013853.json,26,7,developing,SFI,0.0,0.0,878934.0,0.0
20260731_013853,results/To_Use/simulation_llama3.1_8b_Full_scnldf_sh1_ldf1_seed1_26agents_30rounds_20260731_013853.json,26,8,developing,SFI,0.0,0.0,30830.0,0.0
20260731_013853,results/To_Use/simulation_llama3.1_8b_Full_scnldf_sh1_ldf1_seed1_26agents_30rounds_20260731_013853.json,26,9,developing,SFI,0.0,0.0,128246.0,0.0
20260731_013853,results/To_Use/simulation_llama3.1_8b_Full_scnldf_sh1_ldf1_seed1_26agents_30rounds_20260731_013853.json,26,10,developed,SI,0.0,0.0,12000000.0,0.0
20260731_013853,results/To_Use/simulation_llama3.1_8b_Full_scnldf_sh1_ldf1_seed1_26agents_30rounds_20260731_013853.json,26,11,developing,SFI,0.0,0.0,30830.0,0.0
20260731_013853,results/To_Use/simulation_llama3.1_8b_Full_scnldf_sh1_ldf1_seed1_26agents_30rounds_20260731_013853.json,26,12,developing,SFI,0.0,0.0,213382.0,0.0
20260731_013853,results/To_Use/simulation_llama3.1_8b_Full_scnldf_sh1_ldf1_seed1_26agents_30rounds_20260731_013853.json,26,13,developed,SI,0.0,0.0,10626200.0,0.0
20260731_013853,results/To_Use/simulation_llama3.1_8b_Full_scnldf_sh1_ldf1_seed1_26agents_30rounds_20260731_013853.json,26,14,developed,SI,0.0,0.0,10000000.0,0.0
20260731_013853,results/To_Use/simulation_llama3.1_8b_Full_scnldf_sh1_ldf1_seed1_26agents_30rounds_20260731_013853.json,26,15,developing,SFI,0.0,0.0,113879.0,0.0
20260731_013853,results/To_Use/simulation_llama3.1_8b_Full_scnldf_sh1_ldf1_seed1_26agents_30rounds_20260731_013853.json,26,16,developed,SI,0.0,0.0,10000000.0,0.0
20260731_013853,results/To_Use/simulation_llama3.1_8b_Full_scnldf_sh1_ldf1_seed1_26agents_30rounds_20260731_013853.json,26,17,developing,SFI,0.0,0.0,30830.0,0.0
20260731_013853,results/To_Use/simulation_llama3.1_8b_Full_scnldf_sh1_ldf1_seed1_26agents_30rounds_20260731_013853.json,26,18,developing,SFI,0.0,0.0,0.0,0.0
20260731_013853,results/To_Use/simulation_llama3.1_8b_Full_scnldf_sh1_ldf1_seed1_26agents_30rounds_20260731_013853.json,26,19,developing,SFI,0.0,0.0,1069.0,0.0
20260731_013853,results/To_Use/simulation_llama3.1_8b_Full_scnldf_sh1_ldf1_seed1_26agents_30rounds_20260731_013853.json,26,20,developing,SFI,0.0,0.0,104096.0,0.0
20260731_013853,results/To_Use/simulation_llama3.1_8b_Full_scnldf_sh1_ldf1_seed1_26agents_30rounds_20260731_013853.json,26,21,developed,SI,5929.0,0.0,30000000.0,0.0
20260731_013853,results/To_Use/simulation_llama3.1_8b_Full_scnldf_sh1_ldf1_seed1_26agents_30rounds_20260731_013853.json,26,22,developed,SI,0.0,0.0,20000000.0,0.0
20260731_013853,results/To_Use/simulation_llama3.1_8b_Full_scnldf_sh1_ldf1_seed1_26agents_30rounds_20260731_013853.json,26,23,developed,SI,5929.0,0.0,150000000.0,0.0
20260731_013853,results/To_Use/simulation_llama3.1_8b_Full_scnldf_sh1_ldf1_seed1_26agents_30rounds_20260731_013853.json,26,24,developing,SFI,0.0,0.0,128246.0,0.0
20260731_013853,results/To_Use/simulation_llama3.1_8b_Full_scnldf_sh1_ldf1_seed1_26agents_30rounds_20260731_013853.json,26,25,developed,SI,0.0,0.0,15000000.0,0.0
20260731_013853,results/To_Use/simulation_llama3.1_8b_Full_scnldf_sh1_ldf1_seed1_26agents_30rounds_20260731_013853.json,27,0,developing,SFI,0.0,0.0,0.0,0.0
20260731_013853,results/To_Use/simulation_llama3.1_8b_Full_scnldf_sh1_ldf1_seed1_26agents_30rounds_20260731_013853.json,27,1,developing,SFI,0.0,0.0,1069.0,0.0
20260731_013853,results/To_Use/simulation_llama3.1_8b_Full_scnldf_sh1_ldf1_seed1_26agents_30rounds_20260731_013853.json,27,2,developed,SI,0.0,0.0,10626200.0,0.0
20260731_013853,results/To_Use/simulation_llama3.1_8b_Full_scnldf_sh1_ldf1_seed1_26agents_30rounds_20260731_013853.json,27,3,developed,SI,303519.0,0.0,166000000.0,0.0
20260731_013853,results/To_Use/simulation_llama3.1_8b_Full_scnldf_sh1_ldf1_seed1_26agents_30rounds_20260731_013853.json,27,4,developing,SFI,0.0,0.0,100000.0,0.0
20260731_013853,results/To_Use/simulation_llama3.1_8b_Full_scnldf_sh1_ldf1_seed1_26agents_30rounds_20260731_013853.json,27,5,developed,SI,0.0,0.0,15000000.0,0.0
20260731_013853,results/To_Use/simulation_llama3.1_8b_Full_scnldf_sh1_ldf1_seed1_26agents_30rounds_20260731_013853.json,27,6,developed,SI,303519.0,0.0,30000000.0,0.0
20260731_013853,results/To_Use/simulation_llama3.1_8b_Full_scnldf_sh1_ldf1_seed1_26agents_30rounds_20260731_013853.json,27,7,developing,SFI,0.0,0.0,1069.0,0.0
20260731_013853,results/To_Use/simulation_llama3.1_8b_Full_scnldf_sh1_ldf1_seed1_26agents_30rounds_20260731_013853.json,27,8,developing,SFI,0.0,0.0,30830.0,0.0
20260731_013853,results/To_Use/simulation_llama3.1_8b_Full_scnldf_sh1_ldf1_seed1_26agents_30rounds_20260731_013853.json,27,9,developing,SFI,0.0,0.0,128246.0,0.0
20260731_013853,results/To_Use/simulation_llama3.1_8b_Full_scnldf_sh1_ldf1_seed1_26agents_30rounds_20260731_013853.json,27,10,developed,SI,0.0,0.0,10626200.0,0.0
20260731_013853,results/To_Use/simulation_llama3.1_8b_Full_scnldf_sh1_ldf1_seed1_26agents_30rounds_20260731_013853.json,27,11,developing,SFI,0.0,0.0,30830.0,0.0
20260731_013853,results/To_Use/simulation_llama3.1_8b_Full_scnldf_sh1_ldf1_seed1_26agents_30rounds_20260731_013853.json,27,12,developing,SFI,0.0,0.0,213382.0,0.0
20260731_013853,results/To_Use/simulation_llama3.1_8b_Full_scnldf_sh1_ldf1_seed1_26agents_30rounds_20260731_013853.json,27,13,developed,SI,0.0,0.0,10626200.0,0.0
20260731_013853,results/To_Use/simulation_llama3.1_8b_Full_scnldf_sh1_ldf1_seed1_26agents_30rounds_20260731_013853.json,27,14,developed,SI,0.0,0.0,10000000.0,0.0
20260731_013853,results/To_Use/simulation_llama3.1_8b_Full_scnldf_sh1_ldf1_seed1_26agents_30rounds_20260731_013853.json,27,15,developing,SFI,0.0,0.0,0.0,0.0
20260731_013853,results/To_Use/simulation_llama3.1_8b_Full_scnldf_sh1_ldf1_seed1_26agents_30rounds_20260731_013853.json,27,16,developed,SI,0.0,0.0,10626200.0,0.0
20260731_013853,results/To_Use/simulation_llama3.1_8b_Full_scnldf_sh1_ldf1_seed1_26agents_30rounds_20260731_013853.json,27,17,developing,SFI,0.0,0.0,30830.0,0.0
20260731_013853,results/To_Use/simulation_llama3.1_8b_Full_scnldf_sh1_ldf1_seed1_26agents_30rounds_20260731_013853.json,27,18,developing,SFI,0.0,0.0,385862.0,0.0
20260731_013853,results/To_Use/simulation_llama3.1_8b_Full_scnldf_sh1_ldf1_seed1_26agents_30rounds_20260731_013853.json,27,19,developing,SFI,0.0,0.0,1069.0,0.0
20260731_013853,results/To_Use/simulation_llama3.1_8b_Full_scnldf_sh1_ldf1_seed1_26agents_30rounds_20260731_013853.json,27,20,developing,SFI,0.0,0.0,128246.0,0.0
20260731_013853,results/To_Use/simulation_llama3.1_8b_Full_scnldf_sh1_ldf1_seed1_26agents_30rounds_20260731_013853.json,27,21,developed,SI,0.0,0.0,30000000.0,0.0
20260731_013853,results/To_Use/simulation_llama3.1_8b_Full_scnldf_sh1_ldf1_seed1_26agents_30rounds_20260731_013853.json,27,22,developed,SI,0.0,0.0,30000000.0,0.0
20260731_013853,results/To_Use/simulation_llama3.1_8b_Full_scnldf_sh1_ldf1_seed1_26agents_30rounds_20260731_013853.json,27,23,developed,SI,0.0,0.0,30000000.0,0.0
20260731_013853,results/To_Use/simulation_llama3.1_8b_Full_scnldf_sh1_ldf1_seed1_26agents_30rounds_20260731_013853.json,27,24,developing,SFI,0.0,0.0,128246.0,0.0
20260731_013853,results/To_Use/simulation_llama3.1_8b_Full_scnldf_sh1_ldf1_seed1_26agents_30rounds_20260731_013853.json,27,25,developed,SI,0.0,0.0,15000000.0,0.0
20260731_013853,results/To_Use/simulation_llama3.1_8b_Full_scnldf_sh1_ldf1_seed1_26agents_30rounds_20260731_013853.json,28,0,developing,SFI,0.0,0.0,100000.0,0.0
20260731_013853,results/To_Use/simulation_llama3.1_8b_Full_scnldf_sh1_ldf1_seed1_26agents_30rounds_20260731_013853.json,28,1,developing,SFI,0.0,0.0,1069.0,0.0
20260731_013853,results/To_Use/simulation_llama3.1_8b_Full_scnldf_sh1_ldf1_seed1_26agents_30rounds_20260731_013853.json,28,2,developed,SI,0.0,0.0,10626200.0,0.0
20260731_013853,results/To_Use/simulation_llama3.1_8b_Full_scnldf_sh1_ldf1_seed1_26agents_30rounds_20260731_013853.json,28,3,developed,SI,0.0,0.0,27500000.0,0.0
20260731_013853,results/To_Use/simulation_llama3.1_8b_Full_scnldf_sh1_ldf1_seed1_26agents_30rounds_20260731_013853.json,28,4,developing,SFI,0.0,0.0,100000.0,0.0
20260731_013853,results/To_Use/simulation_llama3.1_8b_Full_scnldf_sh1_ldf1_seed1_26agents_30rounds_20260731_013853.json,28,5,developed,SI,0.0,0.0,10000000.0,0.0
20260731_013853,results/To_Use/simulation_llama3.1_8b_Full_scnldf_sh1_ldf1_seed1_26agents_30rounds_20260731_013853.json,28,6,developed,SI,0.0,0.0,10626200.0,0.0
20260731_013853,results/To_Use/simulation_llama3.1_8b_Full_scnldf_sh1_ldf1_seed1_26agents_30rounds_20260731_013853.json,28,7,developing,SFI,0.0,0.0,0.0,0.0
20260731_013853,results/To_Use/simulation_llama3.1_8b_Full_scnldf_sh1_ldf1_seed1_26agents_30rounds_20260731_013853.json,28,8,developing,SFI,0.0,0.0,30830.0,0.0
20260731_013853,results/To_Use/simulation_llama3.1_8b_Full_scnldf_sh1_ldf1_seed1_26agents_30rounds_20260731_013853.json,28,9,developing,SFI,0.0,0.0,128246.0,0.0
20260731_013853,results/To_Use/simulation_llama3.1_8b_Full_scnldf_sh1_ldf1_seed1_26agents_30rounds_20260731_013853.json,28,10,developed,SI,0.0,0.0,10626200.0,0.0
20260731_013853,results/To_Use/simulation_llama3.1_8b_Full_scnldf_sh1_ldf1_seed1_26agents_30rounds_20260731_013853.json,28,11,developing,SFI,0.0,0.0,30830.0,0.0
20260731_013853,results/To_Use/simulation_llama3.1_8b_Full_scnldf_sh1_ldf1_seed1_26agents_30rounds_20260731_013853.json,28,12,developing,SFI,0.0,0.0,106900.0,0.0
20260731_013853,results/To_Use/simulation_llama3.1_8b_Full_scnldf_sh1_ldf1_seed1_26agents_30rounds_20260731_013853.json,28,13,developed,SI,0.0,0.0,12000000.0,0.0
20260731_013853,results/To_Use/simulation_llama3.1_8b_Full_scnldf_sh1_ldf1_seed1_26agents_30rounds_20260731_013853.json,28,14,developed,SI,0.0,0.0,10000000.0,0.0
20260731_013853,results/To_Use/simulation_llama3.1_8b_Full_scnldf_sh1_ldf1_seed1_26agents_30rounds_20260731_013853.json,28,15,developing,SFI,0.0,0.0,822880.0,0.0
20260731_013853,results/To_Use/simulation_llama3.1_8b_Full_scnldf_sh1_ldf1_seed1_26agents_30rounds_20260731_013853.json,28,16,developed,SI,0.0,0.0,10626200.0,0.0
20260731_013853,results/To_Use/simulation_llama3.1_8b_Full_scnldf_sh1_ldf1_seed1_26agents_30rounds_20260731_013853.json,28,17,developing,SFI,0.0,0.0,30830.0,0.0
20260731_013853,results/To_Use/simulation_llama3.1_8b_Full_scnldf_sh1_ldf1_seed1_26agents_30rounds_20260731_013853.json,28,18,developing,SFI,0.0,0.0,134820.0,0.0
20260731_013853,results/To_Use/simulation_llama3.1_8b_Full_scnldf_sh1_ldf1_seed1_26agents_30rounds_20260731_013853.json,28,19,developing,SFI,0.0,0.0,1069.0,0.0
20260731_013853,results/To_Use/simulation_llama3.1_8b_Full_scnldf_sh1_ldf1_seed1_26agents_30rounds_20260731_013853.json,28,20,developing,SFI,0.0,0.0,128246.0,0.0
20260731_013853,results/To_Use/simulation_llama3.1_8b_Full_scnldf_sh1_ldf1_seed1_26agents_30rounds_20260731_013853.json,28,21,developed,SI,0.0,0.0,30000000.0,0.0
20260731_013853,results/To_Use/simulation_llama3.1_8b_Full_scnldf_sh1_ldf1_seed1_26agents_30rounds_20260731_013853.json,28,22,developed,SI,6253.0,0.0,30773163.0,0.0
20260731_013853,results/To_Use/simulation_llama3.1_8b_Full_scnldf_sh1_ldf1_seed1_26agents_30rounds_20260731_013853.json,28,23,developed,SI,0.0,0.0,20000000.0,0.0
20260731_013853,results/To_Use/simulation_llama3.1_8b_Full_scnldf_sh1_ldf1_seed1_26agents_30rounds_20260731_013853.json,28,24,developing,SFI,0.0,0.0,128246.0,0.0
20260731_013853,results/To_Use/simulation_llama3.1_8b_Full_scnldf_sh1_ldf1_seed1_26agents_30rounds_20260731_013853.json,28,25,developed,SI,6253.0,0.0,50000000.0,0.0
20260731_013853,results/To_Use/simulation_llama3.1_8b_Full_scnldf_sh1_ldf1_seed1_26agents_30rounds_20260731_013853.json,29,0,developing,SFI,0.0,0.0,100000.0,0.0
20260731_013853,results/To_Use/simulation_llama3.1_8b_Full_scnldf_sh1_ldf1_seed1_26agents_30rounds_20260731_013853.json,29,1,developing,SFI,0.0,0.0,1069.0,0.0
20260731_013853,results/To_Use/simulation_llama3.1_8b_Full_scnldf_sh1_ldf1_seed1_26agents_30rounds_20260731_013853.json,29,2,developed,SI,0.0,0.0,10626200.0,0.0
20260731_013853,results/To_Use/simulation_llama3.1_8b_Full_scnldf_sh1_ldf1_seed1_26agents_30rounds_20260731_013853.json,29,3,developed,SI,0.0,0.0,1000000.0,0.0
20260731_013853,results/To_Use/simulation_llama3.1_8b_Full_scnldf_sh1_ldf1_seed1_26agents_30rounds_20260731_013853.json,29,4,developing,SFI,0.0,0.0,0.0,0.0
20260731_013853,results/To_Use/simulation_llama3.1_8b_Full_scnldf_sh1_ldf1_seed1_26agents_30rounds_20260731_013853.json,29,5,developed,SI,0.0,0.0,12000000.0,0.0
20260731_013853,results/To_Use/simulation_llama3.1_8b_Full_scnldf_sh1_ldf1_seed1_26agents_30rounds_20260731_013853.json,29,6,developed,SI,6235.0,0.0,20000000.0,0.0
20260731_013853,results/To_Use/simulation_llama3.1_8b_Full_scnldf_sh1_ldf1_seed1_26agents_30rounds_20260731_013853.json,29,7,developing,SFI,0.0,0.0,0.0,0.0
20260731_013853,results/To_Use/simulation_llama3.1_8b_Full_scnldf_sh1_ldf1_seed1_26agents_30rounds_20260731_013853.json,29,8,developing,SFI,0.0,0.0,30830.0,0.0
20260731_013853,results/To_Use/simulation_llama3.1_8b_Full_scnldf_sh1_ldf1_seed1_26agents_30rounds_20260731_013853.json,29,9,developing,SFI,0.0,0.0,128246.0,0.0
20260731_013853,results/To_Use/simulation_llama3.1_8b_Full_scnldf_sh1_ldf1_seed1_26agents_30rounds_20260731_013853.json,29,10,developed,SI,0.0,0.0,12000000.0,0.0
20260731_013853,results/To_Use/simulation_llama3.1_8b_Full_scnldf_sh1_ldf1_seed1_26agents_30rounds_20260731_013853.json,29,11,developing,SFI,0.0,0.0,30830.0,0.0
20260731_013853,results/To_Use/simulation_llama3.1_8b_Full_scnldf_sh1_ldf1_seed1_26agents_30rounds_20260731_013853.json,29,12,developing,SFI,0.0,0.0,213382.0,0.0
20260731_013853,results/To_Use/simulation_llama3.1_8b_Full_scnldf_sh1_ldf1_seed1_26agents_30rounds_20260731_013853.json,29,13,developed,SI,0.0,0.0,10626200.0,0.0
20260731_013853,results/To_Use/simulation_llama3.1_8b_Full_scnldf_sh1_ldf1_seed1_26agents_30rounds_20260731_013853.json,29,14,developed,SI,6235.0,0.0,20000000.0,0.0
20260731_013853,results/To_Use/simulation_llama3.1_8b_Full_scnldf_sh1_ldf1_seed1_26agents_30rounds_20260731_013853.json,29,15,developing,SFI,0.0,0.0,0.0,0.0
20260731_013853,results/To_Use/simulation_llama3.1_8b_Full_scnldf_sh1_ldf1_seed1_26agents_30rounds_20260731_013853.json,29,16,developed,SI,0.0,0.0,10626200.0,0.0
20260731_013853,results/To_Use/simulation_llama3.1_8b_Full_scnldf_sh1_ldf1_seed1_26agents_30rounds_20260731_013853.json,29,17,developing,SFI,0.0,0.0,30830.0,0.0
20260731_013853,results/To_Use/simulation_llama3.1_8b_Full_scnldf_sh1_ldf1_seed1_26agents_30rounds_20260731_013853.json,29,18,developing,SFI,0.0,0.0,100000.0,0.0
20260731_013853,results/To_Use/simulation_llama3.1_8b_Full_scnldf_sh1_ldf1_seed1_26agents_30rounds_20260731_013853.json,29,19,developing,SFI,0.0,0.0,1069.0,0.0
20260731_013853,results/To_Use/simulation_llama3.1_8b_Full_scnldf_sh1_ldf1_seed1_26agents_30rounds_20260731_013853.json,29,20,developing,SFI,0.0,0.0,128246.0,0.0
20260731_013853,results/To_Use/simulation_llama3.1_8b_Full_scnldf_sh1_ldf1_seed1_26agents_30rounds_20260731_013853.json,29,21,developed,SI,0.0,0.0,10000000.0,0.0
20260731_013853,results/To_Use/simulation_llama3.1_8b_Full_scnldf_sh1_ldf1_seed1_26agents_30rounds_20260731_013853.json,29,22,developed,SI,0.0,0.0,10626200.0,0.0
20260731_013853,results/To_Use/simulation_llama3.1_8b_Full_scnldf_sh1_ldf1_seed1_26agents_30rounds_20260731_013853.json,29,23,developed,SI,0.0,0.0,1000000.0,0.0
20260731_013853,results/To_Use/simulation_llama3.1_8b_Full_scnldf_sh1_ldf1_seed1_26agents_30rounds_20260731_013853.json,29,24,developing,SFI,0.0,0.0,128246.0,0.0
20260731_013853,results/To_Use/simulation_llama3.1_8b_Full_scnldf_sh1_ldf1_seed1_26agents_30rounds_20260731_013853.json,29,25,developed,SI,0.0,0.0,16616178.0,0.0
20260731_013853,results/To_Use/simulation_llama3.1_8b_Full_scnldf_sh1_ldf1_seed1_26agents_30rounds_20260731_013853.json,30,0,developing,SFI,0.0,0.0,100000.0,0.0
20260731_013853,results/To_Use/simulation_llama3.1_8b_Full_scnldf_sh1_ldf1_seed1_26agents_30rounds_20260731_013853.json,30,1,developing,SFI,0.0,0.0,1069.0,0.0
20260731_013853,results/To_Use/simulation_llama3.1_8b_Full_scnldf_sh1_ldf1_seed1_26agents_30rounds_20260731_013853.json,30,2,developed,SI,0.0,0.0,10626200.0,0.0
20260731_013853,results/To_Use/simulation_llama3.1_8b_Full_scnldf_sh1_ldf1_seed1_26agents_30rounds_20260731_013853.json,30,3,developed,SI,0.0,0.0,10626200.0,0.0
20260731_013853,results/To_Use/simulation_llama3.1_8b_Full_scnldf_sh1_ldf1_seed1_26agents_30rounds_20260731_013853.json,30,4,developing,SFI,0.0,0.0,654813.0,0.0
20260731_013853,results/To_Use/simulation_llama3.1_8b_Full_scnldf_sh1_ldf1_seed1_26agents_30rounds_20260731_013853.json,30,5,developed,SI,54.0,0.0,16616178.0,0.0
20260731_013853,results/To_Use/simulation_llama3.1_8b_Full_scnldf_sh1_ldf1_seed1_26agents_30rounds_20260731_013853.json,30,6,developed,SI,0.0,0.0,10626200.0,0.0
20260731_013853,results/To_Use/simulation_llama3.1_8b_Full_scnldf_sh1_ldf1_seed1_26agents_30rounds_20260731_013853.json,30,7,developing,SFI,0.0,0.0,1069.0,0.0
20260731_013853,results/To_Use/simulation_llama3.1_8b_Full_scnldf_sh1_ldf1_seed1_26agents_30rounds_20260731_013853.json,30,8,developing,SFI,0.0,0.0,30830.0,0.0
20260731_013853,results/To_Use/simulation_llama3.1_8b_Full_scnldf_sh1_ldf1_seed1_26agents_30rounds_20260731_013853.json,30,9,developing,SFI,0.0,0.0,128246.0,0.0
20260731_013853,results/To_Use/simulation_llama3.1_8b_Full_scnldf_sh1_ldf1_seed1_26agents_30rounds_20260731_013853.json,30,10,developed,SI,0.0,0.0,10626200.0,0.0
20260731_013853,results/To_Use/simulation_llama3.1_8b_Full_scnldf_sh1_ldf1_seed1_26agents_30rounds_20260731_013853.json,30,11,developing,SFI,0.0,0.0,30830.0,0.0
20260731_013853,results/To_Use/simulation_llama3.1_8b_Full_scnldf_sh1_ldf1_seed1_26agents_30rounds_20260731_013853.json,30,12,developing,SFI,0.0,0.0,50000.0,0.0
20260731_013853,results/To_Use/simulation_llama3.1_8b_Full_scnldf_sh1_ldf1_seed1_26agents_30rounds_20260731_013853.json,30,13,developed,SI,0.0,0.0,10626200.0,0.0
20260731_013853,results/To_Use/simulation_llama3.1_8b_Full_scnldf_sh1_ldf1_seed1_26agents_30rounds_20260731_013853.json,30,14,developed,SI,54.0,0.0,15000000.0,0.0
20260731_013853,results/To_Use/simulation_llama3.1_8b_Full_scnldf_sh1_ldf1_seed1_26agents_30rounds_20260731_013853.json,30,15,developing,SFI,0.0,0.0,300000.0,0.0
20260731_013853,results/To_Use/simulation_llama3.1_8b_Full_scnldf_sh1_ldf1_seed1_26agents_30rounds_20260731_013853.json,30,16,developed,SI,0.0,0.0,10626200.0,0.0
20260731_013853,results/To_Use/simulation_llama3.1_8b_Full_scnldf_sh1_ldf1_seed1_26agents_30rounds_20260731_013853.json,30,17,developing,SFI,0.0,0.0,30830.0,0.0
20260731_013853,results/To_Use/simulation_llama3.1_8b_Full_scnldf_sh1_ldf1_seed1_26agents_30rounds_20260731_013853.json,30,18,developing,SFI,0.0,0.0,0.0,0.0
20260731_013853,results/To_Use/simulation_llama3.1_8b_Full_scnldf_sh1_ldf1_seed1_26agents_30rounds_20260731_013853.json,30,19,developing,SFI,0.0,0.0,1069.0,0.0
20260731_013853,results/To_Use/simulation_llama3.1_8b_Full_scnldf_sh1_ldf1_seed1_26agents_30rounds_20260731_013853.json,30,20,developing,SFI,0.0,0.0,128246.0,0.0
20260731_013853,results/To_Use/simulation_llama3.1_8b_Full_scnldf_sh1_ldf1_seed1_26agents_30rounds_20260731_013853.json,30,21,developed,SI,0.0,0.0,10000000.0,0.0
20260731_013853,results/To_Use/simulation_llama3.1_8b_Full_scnldf_sh1_ldf1_seed1_26agents_30rounds_20260731_013853.json,30,22,developed,SI,0.0,0.0,11317707.0,0.0
20260731_013853,results/To_Use/simulation_llama3.1_8b_Full_scnldf_sh1_ldf1_seed1_26agents_30rounds_20260731_013853.json,30,23,developed,SI,0.0,0.0,12192816.0,0.0
20260731_013853,results/To_Use/simulation_llama3.1_8b_Full_scnldf_sh1_ldf1_seed1_26agents_30rounds_20260731_013853.json,30,24,developing,SFI,0.0,0.0,128246.0,0.0
20260731_013853,results/To_Use/simulation_llama3.1_8b_Full_scnldf_sh1_ldf1_seed1_26agents_30rounds_20260731_013853.json,30,25,developed,SI,0.0,0.0,0.0,0.0
