run,source_file,round_number,agent_id,agent_group,institution_choice,contribution,wealth_end_of_round,contribution_capacity,stage1_cap_from_end_wealth,prop_of_wealth,prop_of_capacity,prop_of_stage1_cap,note,reputation,reputation_delta,tom_scores_count,in_gossip_bulletin,bad_rep,rep_drop,bad_rep_prev,rep_drop_prev,gossip_prev,prop
20260731_013853,results/To_Use/simulation_llama3.1_8b_Full_scnldf_sh1_ldf1_seed1_26agents_30rounds_20260731_013853.json,1,0,developing,SFI,0.0,45768.57142857143,0.1,45768.0,0.0,0.0,0.0,proportional columns are analyst-derived; stage1_cap uses end-of-round wealth (approx),5.0,,0,0,0,0,0,0,0,0.0
20260731_013853,results/To_Use/simulation_llama3.1_8b_Full_scnldf_sh1_ldf1_seed1_26agents_30rounds_20260731_013853.json,2,0,developing,SFI,1069.0,90618.77142857145,0.1,90618.0,0.0117966728432488,10690.0,0.0117967732680041,proportional columns are analyst-derived; stage1_cap uses end-of-round wealth (approx),2.8,-2.2,25,0,1,1,0,0,0,0.0117966728432488
20260731_013853,results/To_Use/simulation_llama3.1_8b_Full_scnldf_sh1_ldf1_seed1_26agents_30rounds_20260731_013853.json,3,0,developing,SFI,0.0,157172.0285714286,0.1,157172.0,0.0,0.0,0.0,proportional columns are analyst-derived; stage1_cap uses end-of-round wealth (approx),5.0,2.2,25,0,0,0,1,1,0,0.0
20260731_013853,results/To_Use/simulation_llama3.1_8b_Full_scnldf_sh1_ldf1_seed1_26agents_30rounds_20260731_013853.json,4,0,developing,SFI,0.0,182850.2,0.1,182850.0,0.0,0.0,0.0,proportional columns are analyst-derived; stage1_cap uses end-of-round wealth (approx),1.36,-3.64,25,1,1,1,0,0,0,0.0
20260731_013853,results/To_Use/simulation_llama3.1_8b_Full_scnldf_sh1_ldf1_seed1_26agents_30rounds_20260731_013853.json,5,0,developing,SFI,0.0,311492.2,0.1,311492.0,0.0,0.0,0.0,proportional columns are analyst-derived; stage1_cap uses end-of-round wealth (approx),1.0,-0.3600000000000001,25,0,1,0,1,1,1,0.0
20260731_013853,results/To_Use/simulation_llama3.1_8b_Full_scnldf_sh1_ldf1_seed1_26agents_30rounds_20260731_013853.json,6,0,developing,SFI,1069.0,402205.8285714286,0.1,402205.0,0.0026578431341905,10690.0,0.0026578486095399,proportional columns are analyst-derived; stage1_cap uses end-of-round wealth (approx),1.0,0.0,25,0,1,0,1,0,0,0.0026578431341905
20260731_013853,results/To_Use/simulation_llama3.1_8b_Full_scnldf_sh1_ldf1_seed1_26agents_30rounds_20260731_013853.json,7,0,developing,SFI,100000.0,370713.8285714286,0.1,370713.0,0.2697498509439395,1000000.0,0.2697504538551386,proportional columns are analyst-derived; stage1_cap uses end-of-round wealth (approx),3.88,2.88,25,0,1,0,1,0,0,0.2697498509439395
20260731_013853,results/To_Use/simulation_llama3.1_8b_Full_scnldf_sh1_ldf1_seed1_26agents_30rounds_20260731_013853.json,8,0,developing,SFI,100000.0,394528.00000000006,0.1,394528.0,0.2534674345040149,1000000.0,0.2534674345040149,proportional columns are analyst-derived; stage1_cap uses end-of-round wealth (approx),5.0,1.12,25,0,0,0,1,0,0,0.2534674345040149
20260731_013853,results/To_Use/simulation_llama3.1_8b_Full_scnldf_sh1_ldf1_seed1_26agents_30rounds_20260731_013853.json,9,0,developing,SFI,200000.0,308004.11428571434,0.1,308004.0,0.6493419753947627,2000000.0,0.6493422163348528,proportional columns are analyst-derived; stage1_cap uses end-of-round wealth (approx),5.0,0.0,25,0,0,0,0,0,0,0.6493419753947627
20260731_013853,results/To_Use/simulation_llama3.1_8b_Full_scnldf_sh1_ldf1_seed1_26agents_30rounds_20260731_013853.json,10,0,developing,SFI,200000.0,249041.48571428575,0.1,249041.0,0.8030790509716565,2000000.0,0.8030806172477624,proportional columns are analyst-derived; stage1_cap uses end-of-round wealth (approx),6.32,1.3200000000000005,25,0,0,0,0,0,0,0.8030790509716565
20260731_013853,results/To_Use/simulation_llama3.1_8b_Full_scnldf_sh1_ldf1_seed1_26agents_30rounds_20260731_013853.json,11,0,developing,SFI,120000.0,282606.9714285715,0.1,282606.0,0.4246179752516467,1200000.0,0.4246194348315322,proportional columns are analyst-derived; stage1_cap uses end-of-round wealth (approx),6.32,0.0,25,0,0,0,0,0,0,0.4246179752516467
20260731_013853,results/To_Use/simulation_llama3.1_8b_Full_scnldf_sh1_ldf1_seed1_26agents_30rounds_20260731_013853.json,12,0,developing,SFI,200000.0,228062.8571428572,0.1,228062.0,0.8769512164566157,2000000.0,0.8769545123694434,proportional columns are analyst-derived; stage1_cap uses end-of-round wealth (approx),5.6,-0.7200000000000006,25,0,0,0,0,0,0,0.8769512164566157
20260731_013853,results/To_Use/simulation_llama3.1_8b_Full_scnldf_sh1_ldf1_seed1_26agents_30rounds_20260731_013853.json,13,0,developing,SFI,150000.0,219999.3142857144,0.1,219999.0,0.681820306972385,1500000.0,0.6818212810058227,proportional columns are analyst-derived; stage1_cap uses end-of-round wealth (approx),7.04,1.4400000000000004,25,0,0,0,0,0,0,0.681820306972385
20260731_013853,results/To_Use/simulation_llama3.1_8b_Full_scnldf_sh1_ldf1_seed1_26agents_30rounds_20260731_013853.json,14,0,developing,SFI,200000.0,172327.77142857152,0.1,172327.0,1.1605790427278777,2000000.0,1.1605842381054623,proportional columns are analyst-derived; stage1_cap uses end-of-round wealth (approx),5.24,-1.7999999999999998,25,0,0,1,0,0,0,1.1605790427278777
20260731_013853,results/To_Use/simulation_llama3.1_8b_Full_scnldf_sh1_ldf1_seed1_26agents_30rounds_20260731_013853.json,15,0,developing,SFI,171000.0,148998.62857142865,0.1,148998.0,1.1476615700393784,1710000.0,1.1476664116296864,proportional columns are analyst-derived; stage1_cap uses end-of-round wealth (approx),5.0,-0.2400000000000002,25,0,0,0,0,1,0,1.1476615700393784
20260731_013853,results/To_Use/simulation_llama3.1_8b_Full_scnldf_sh1_ldf1_seed1_26agents_30rounds_20260731_013853.json,16,0,developing,SFI,106900.0,167586.62857142865,0.1,167586.0,0.6378790534260146,1069000.0,0.637881445944172,proportional columns are analyst-derived; stage1_cap uses end-of-round wealth (approx),8.0,3.0,25,0,0,0,0,0,0,0.6378790534260146
20260731_013853,results/To_Use/simulation_llama3.1_8b_Full_scnldf_sh1_ldf1_seed1_26agents_30rounds_20260731_013853.json,17,0,developing,SFI,0.0,498325.7142857144,0.1,498325.0,0.0,0.0,0.0,proportional columns are analyst-derived; stage1_cap uses end-of-round wealth (approx),6.68,-1.3200000000000005,25,0,0,1,0,0,0,0.0
20260731_013853,results/To_Use/simulation_llama3.1_8b_Full_scnldf_sh1_ldf1_seed1_26agents_30rounds_20260731_013853.json,18,0,developing,SFI,0.0,643279.4285714286,0.1,643279.0,0.0,0.0,0.0,proportional columns are analyst-derived; stage1_cap uses end-of-round wealth (approx),1.0,-5.68,25,1,1,1,0,1,0,0.0
20260731_013853,results/To_Use/simulation_llama3.1_8b_Full_scnldf_sh1_ldf1_seed1_26agents_30rounds_20260731_013853.json,19,0,developing,SFI,0.0,771916.6857142858,0.1,771916.0,0.0,0.0,0.0,proportional columns are analyst-derived; stage1_cap uses end-of-round wealth (approx),1.0,0.0,25,1,1,0,1,1,1,0.0
20260731_013853,results/To_Use/simulation_llama3.1_8b_Full_scnldf_sh1_ldf1_seed1_26agents_30rounds_20260731_013853.json,20,0,developing,SFI,0.0,969367.3142857144,0.1,969367.0,0.0,0.0,0.0,proportional columns are analyst-derived; stage1_cap uses end-of-round wealth (approx),1.0,0.0,25,1,1,0,1,0,1,0.0
20260731_013853,results/To_Use/simulation_llama3.1_8b_Full_scnldf_sh1_ldf1_seed1_26agents_30rounds_20260731_013853.json,21,0,developing,SFI,0.0,1088493.142857143,0.1,1088493.0,0.0,0.0,0.0,proportional columns are analyst-derived; stage1_cap uses end-of-round wealth (approx),1.0,0.0,25,1,1,0,1,0,1,0.0
20260731_013853,results/To_Use/simulation_llama3.1_8b_Full_scnldf_sh1_ldf1_seed1_26agents_30rounds_20260731_013853.json,22,0,developing,SFI,1069.0,1210733.0571428572,0.1,1210733.0,0.00088293616309,10690.0,0.0008829362047619,proportional columns are analyst-derived; stage1_cap uses end-of-round wealth (approx),1.0,0.0,25,1,1,0,1,0,1,0.00088293616309
20260731_013853,results/To_Use/simulation_llama3.1_8b_Full_scnldf_sh1_ldf1_seed1_26agents_30rounds_20260731_013853.json,23,0,developing,SFI,0.0,1321456.942857143,0.1,1321456.0,0.0,0.0,0.0,proportional columns are analyst-derived; stage1_cap uses end-of-round wealth (approx),3.2,2.2,25,0,1,0,1,0,1,0.0
20260731_013853,results/To_Use/simulation_llama3.1_8b_Full_scnldf_sh1_ldf1_seed1_26agents_30rounds_20260731_013853.json,24,0,developing,SFI,0.0,1391685.742857143,0.1,1391685.0,0.0,0.0,0.0,proportional columns are analyst-derived; stage1_cap uses end-of-round wealth (approx),1.0,-2.2,25,1,1,1,1,0,0,0.0
20260731_013853,results/To_Use/simulation_llama3.1_8b_Full_scnldf_sh1_ldf1_seed1_26agents_30rounds_20260731_013853.json,25,0,developing,SFI,0.0,1561000.485714286,0.1,1561000.0,0.0,0.0,0.0,proportional columns are analyst-derived; stage1_cap uses end-of-round wealth (approx),1.0,0.0,25,0,1,0,1,1,1,0.0
20260731_013853,results/To_Use/simulation_llama3.1_8b_Full_scnldf_sh1_ldf1_seed1_26agents_30rounds_20260731_013853.json,26,0,developing,SFI,1069.0,1772786.342857143,0.1,1772786.0,0.0006030055479089,10690.0,0.0006030056645302,proportional columns are analyst-derived; stage1_cap uses end-of-round wealth (approx),1.0,0.0,25,0,1,0,1,0,0,0.0006030055479089
20260731_013853,results/To_Use/simulation_llama3.1_8b_Full_scnldf_sh1_ldf1_seed1_26agents_30rounds_20260731_013853.json,27,0,developing,SFI,0.0,1907606.8,0.1,1907606.0,0.0,0.0,0.0,proportional columns are analyst-derived; stage1_cap uses end-of-round wealth (approx),4.2,3.2,25,0,0,0,1,0,0,0.0
20260731_013853,results/To_Use/simulation_llama3.1_8b_Full_scnldf_sh1_ldf1_seed1_26agents_30rounds_20260731_013853.json,28,0,developing,SFI,100000.0,2006917.2,0.1,2006917.0,0.0498276660342539,1000000.0,0.049827670999847,proportional columns are analyst-derived; stage1_cap uses end-of-round wealth (approx),1.0,-3.2,25,1,1,1,0,0,0,0.0498276660342539
20260731_013853,results/To_Use/simulation_llama3.1_8b_Full_scnldf_sh1_ldf1_seed1_26agents_30rounds_20260731_013853.json,29,0,developing,SFI,100000.0,2008945.5428571429,0.1,2008945.0,0.0497773572586636,1000000.0,0.0497773707095017,proportional columns are analyst-derived; stage1_cap uses end-of-round wealth (approx),5.12,4.12,25,0,0,0,1,1,1,0.0497773572586636
20260731_013853,results/To_Use/simulation_llama3.1_8b_Full_scnldf_sh1_ldf1_seed1_26agents_30rounds_20260731_013853.json,30,0,developing,SFI,100000.0,2090116.7428571428,0.1,2090116.0,0.0478442174781597,1000000.0,0.0478442344826794,proportional columns are analyst-derived; stage1_cap uses end-of-round wealth (approx),5.0,-0.1200000000000001,25,0,0,0,0,0,0,0.0478442174781597
20260731_013853,results/To_Use/simulation_llama3.1_8b_Full_scnldf_sh1_ldf1_seed1_26agents_30rounds_20260731_013853.json,1,1,developing,SFI,1000.0,34288.57142857143,0.1,34288.0,0.0291642363136405,10000.0,0.0291647223518432,proportional columns are analyst-derived; stage1_cap uses end-of-round wealth (approx),5.0,,0,0,0,0,0,0,0,0.0291642363136405
20260731_013853,results/To_Use/simulation_llama3.1_8b_Full_scnldf_sh1_ldf1_seed1_26agents_30rounds_20260731_013853.json,2,1,developing,SFI,0.0,80207.77142857143,0.1,80207.0,0.0,0.0,0.0,proportional columns are analyst-derived; stage1_cap uses end-of-round wealth (approx),5.0,0.0,25,0,0,0,0,0,0,0.0
20260731_013853,results/To_Use/simulation_llama3.1_8b_Full_scnldf_sh1_ldf1_seed1_26agents_30rounds_20260731_013853.json,3,1,developing,SFI,1069.0,145692.0285714286,0.1,145692.0,0.0073373952609624,10690.0,0.0073373966998874,proportional columns are analyst-derived; stage1_cap uses end-of-round wealth (approx),1.0,-4.0,25,1,1,1,0,0,0,0.0073373952609624
20260731_013853,results/To_Use/simulation_llama3.1_8b_Full_scnldf_sh1_ldf1_seed1_26agents_30rounds_20260731_013853.json,4,1,developing,SFI,1069.0,170301.2,0.1,170301.0,0.0062771137255638,10690.0,0.0062771210973511,proportional columns are analyst-derived; stage1_cap uses end-of-round wealth (approx),5.0,4.0,25,0,0,0,1,1,1,0.0062771137255638
20260731_013853,results/To_Use/simulation_llama3.1_8b_Full_scnldf_sh1_ldf1_seed1_26agents_30rounds_20260731_013853.json,5,1,developing,SFI,1069.0,297874.2,0.1,297874.0,0.003588763310149,10690.0,0.0035887657197338,proportional columns are analyst-derived; stage1_cap uses end-of-round wealth (approx),5.0,0.0,25,0,0,0,0,0,0,0.003588763310149
20260731_013853,results/To_Use/simulation_llama3.1_8b_Full_scnldf_sh1_ldf1_seed1_26agents_30rounds_20260731_013853.json,6,1,developing,SFI,1069.0,388587.8285714286,0.1,388587.0,0.0027509868333498,10690.0,0.0027509926991896,proportional columns are analyst-derived; stage1_cap uses end-of-round wealth (approx),4.92,-0.08,25,0,0,0,0,0,0,0.0027509868333498
20260731_013853,results/To_Use/simulation_llama3.1_8b_Full_scnldf_sh1_ldf1_seed1_26agents_30rounds_20260731_013853.json,7,1,developing,SFI,1069.0,456026.8285714286,0.1,456026.0,0.0023441603279105,10690.0,0.0023441645871068,proportional columns are analyst-derived; stage1_cap uses end-of-round wealth (approx),5.0,0.08,25,0,0,0,0,0,0,0.0023441603279105
20260731_013853,results/To_Use/simulation_llama3.1_8b_Full_scnldf_sh1_ldf1_seed1_26agents_30rounds_20260731_013853.json,8,1,developing,SFI,1069.0,578772.0,0.1,578772.0,0.001847014022793,10690.0,0.001847014022793,proportional columns are analyst-derived; stage1_cap uses end-of-round wealth (approx),5.0,0.0,25,0,0,0,0,0,0,0.001847014022793
20260731_013853,results/To_Use/simulation_llama3.1_8b_Full_scnldf_sh1_ldf1_seed1_26agents_30rounds_20260731_013853.json,9,1,developing,SFI,1069.0,691179.1142857143,0.1,691179.0,0.001546632382121,10690.0,0.001546632637855,proportional columns are analyst-derived; stage1_cap uses end-of-round wealth (approx),5.0,0.0,25,0,0,0,0,0,0,0.001546632382121
20260731_013853,results/To_Use/simulation_llama3.1_8b_Full_scnldf_sh1_ldf1_seed1_26agents_30rounds_20260731_013853.json,10,1,developing,SFI,1069.0,831147.4857142858,0.1,831147.0,0.0012861736555471,10690.0,0.0012861744071746,proportional columns are analyst-derived; stage1_cap uses end-of-round wealth (approx),5.0,0.0,25,0,0,0,0,0,0,0.0012861736555471
20260731_013853,results/To_Use/simulation_llama3.1_8b_Full_scnldf_sh1_ldf1_seed1_26agents_30rounds_20260731_013853.json,11,1,developing,SFI,1069.0,983643.9714285716,0.1,983643.0,0.0010867753283207,10690.0,0.0010867764016009,proportional columns are analyst-derived; stage1_cap uses end-of-round wealth (approx),5.0,0.0,25,0,0,0,0,0,0,0.0010867753283207
20260731_013853,results/To_Use/simulation_llama3.1_8b_Full_scnldf_sh1_ldf1_seed1_26agents_30rounds_20260731_013853.json,12,1,developing,SFI,1069.0,1128030.8571428573,0.1,1128030.0,0.0009476691113819,10690.0,0.0009476698314761,proportional columns are analyst-derived; stage1_cap uses end-of-round wealth (approx),5.0,0.0,25,0,0,0,0,0,0,0.0009476691113819
20260731_013853,results/To_Use/simulation_llama3.1_8b_Full_scnldf_sh1_ldf1_seed1_26agents_30rounds_20260731_013853.json,13,1,developing,SFI,1069.0,1268898.3142857144,0.1,1268898.0,0.0008424630941382,10690.0,0.0008424633028029,proportional columns are analyst-derived; stage1_cap uses end-of-round wealth (approx),5.12,0.1200000000000001,25,0,0,0,0,0,0,0.0008424630941382
20260731_013853,results/To_Use/simulation_llama3.1_8b_Full_scnldf_sh1_ldf1_seed1_26agents_30rounds_20260731_013853.json,14,1,developing,SFI,1069.0,1420157.7714285715,0.1,1420157.0,0.0007527332677443,10690.0,0.0007527336766287,proportional columns are analyst-derived; stage1_cap uses end-of-round wealth (approx),5.0,-0.1200000000000001,25,0,0,0,0,0,0,0.0007527332677443
20260731_013853,results/To_Use/simulation_llama3.1_8b_Full_scnldf_sh1_ldf1_seed1_26agents_30rounds_20260731_013853.json,15,1,developing,SFI,1069.0,1566759.6285714286,0.1,1566759.0,0.000682299939637,10690.0,0.0006823002133704,proportional columns are analyst-derived; stage1_cap uses end-of-round wealth (approx),5.0,0.0,25,0,0,0,0,0,0,0.000682299939637
20260731_013853,results/To_Use/simulation_llama3.1_8b_Full_scnldf_sh1_ldf1_seed1_26agents_30rounds_20260731_013853.json,16,1,developing,SFI,1069.0,1691178.6285714286,0.1,1691178.0,0.0006321035412462,10690.0,0.0006321037761844,proportional columns are analyst-derived; stage1_cap uses end-of-round wealth (approx),4.92,-0.08,25,0,0,0,0,0,0,0.0006321035412462
20260731_013853,results/To_Use/simulation_llama3.1_8b_Full_scnldf_sh1_ldf1_seed1_26agents_30rounds_20260731_013853.json,17,1,developing,SFI,1069.0,2020848.7142857143,0.1,2020848.0,0.0005289856645096,10690.0,0.0005289858514841,proportional columns are analyst-derived; stage1_cap uses end-of-round wealth (approx),5.0,0.08,25,0,0,0,0,0,0,0.0005289856645096
20260731_013853,results/To_Use/simulation_llama3.1_8b_Full_scnldf_sh1_ldf1_seed1_26agents_30rounds_20260731_013853.json,18,1,developing,SFI,1069.0,2164733.4285714286,0.1,2164733.0,0.0004938252377362,10690.0,0.0004938253355032,proportional columns are analyst-derived; stage1_cap uses end-of-round wealth (approx),4.12,-0.8799999999999999,25,0,0,0,0,0,0,0.0004938252377362
20260731_013853,results/To_Use/simulation_llama3.1_8b_Full_scnldf_sh1_ldf1_seed1_26agents_30rounds_20260731_013853.json,19,1,developing,SFI,1069.0,2292301.685714286,0.1,2292301.0,0.0004663435038511,10690.0,0.0004663436433522,proportional columns are analyst-derived; stage1_cap uses end-of-round wealth (approx),5.0,0.8799999999999999,25,0,0,0,0,0,0,0.0004663435038511
20260731_013853,results/To_Use/simulation_llama3.1_8b_Full_scnldf_sh1_ldf1_seed1_26agents_30rounds_20260731_013853.json,20,1,developing,SFI,1069.0,2488683.314285714,0.1,2488683.0,0.0004295444076245,10690.0,0.0004295444618699,proportional columns are analyst-derived; stage1_cap uses end-of-round wealth (approx),4.76,-0.2400000000000002,25,0,0,0,0,0,0,0.0004295444076245
20260731_013853,results/To_Use/simulation_llama3.1_8b_Full_scnldf_sh1_ldf1_seed1_26agents_30rounds_20260731_013853.json,21,1,developing,SFI,1069.0,2606740.1428571427,0.1,2606740.0,0.0004100907422357,10690.0,0.0004100907647099,proportional columns are analyst-derived; stage1_cap uses end-of-round wealth (approx),6.2,1.4400000000000004,25,0,0,0,0,0,0,0.0004100907422357
20260731_013853,results/To_Use/simulation_llama3.1_8b_Full_scnldf_sh1_ldf1_seed1_26agents_30rounds_20260731_013853.json,22,1,developing,SFI,1069.0,2728980.057142857,0.1,2728980.0,0.0003917214408372,10690.0,0.0003917214490395,proportional columns are analyst-derived; stage1_cap uses end-of-round wealth (approx),5.0,-1.2000000000000002,25,0,0,1,0,0,0,0.0003917214408372
20260731_013853,results/To_Use/simulation_llama3.1_8b_Full_scnldf_sh1_ldf1_seed1_26agents_30rounds_20260731_013853.json,23,1,developing,SFI,1069.0,2838634.9428571425,0.1,2838634.0,0.0003765894599056,10690.0,0.0003765895849905,proportional columns are analyst-derived; stage1_cap uses end-of-round wealth (approx),2.96,-2.04,25,1,1,1,0,1,0,0.0003765894599056
20260731_013853,results/To_Use/simulation_llama3.1_8b_Full_scnldf_sh1_ldf1_seed1_26agents_30rounds_20260731_013853.json,24,1,developing,SFI,1069.0,2907794.7428571424,0.1,2907794.0,0.0003676325513091,10690.0,0.0003676326452286,proportional columns are analyst-derived; stage1_cap uses end-of-round wealth (approx),4.0,1.04,25,0,0,0,1,1,1,0.0003676325513091
20260731_013853,results/To_Use/simulation_llama3.1_8b_Full_scnldf_sh1_ldf1_seed1_26agents_30rounds_20260731_013853.json,25,1,developing,SFI,1069.0,3076040.485714285,0.1,3076040.0,0.0003475246847252,10690.0,0.0003475247396002,proportional columns are analyst-derived; stage1_cap uses end-of-round wealth (approx),5.0,1.0,25,0,0,0,0,0,0,0.0003475246847252
20260731_013853,results/To_Use/simulation_llama3.1_8b_Full_scnldf_sh1_ldf1_seed1_26agents_30rounds_20260731_013853.json,26,1,developing,SFI,1069.0,3287826.3428571424,0.1,3287826.0,0.000325138826849,10690.0,0.0003251388607547,proportional columns are analyst-derived; stage1_cap uses end-of-round wealth (approx),5.0,0.0,25,0,0,0,0,0,0,0.000325138826849
20260731_013853,results/To_Use/simulation_llama3.1_8b_Full_scnldf_sh1_ldf1_seed1_26agents_30rounds_20260731_013853.json,27,1,developing,SFI,1069.0,3421577.8,0.1,3421577.0,0.0003124289618666,10690.0,0.0003124290349157,proportional columns are analyst-derived; stage1_cap uses end-of-round wealth (approx),5.0,0.0,25,0,0,0,0,0,0,0.0003124289618666
20260731_013853,results/To_Use/simulation_llama3.1_8b_Full_scnldf_sh1_ldf1_seed1_26agents_30rounds_20260731_013853.json,28,1,developing,SFI,1069.0,3619819.2,0.1,3619819.0,0.0002953186170182,10690.0,0.0002953186333349,proportional columns are analyst-derived; stage1_cap uses end-of-round wealth (approx),5.0,0.0,25,0,0,0,0,0,0,0.0002953186170182
20260731_013853,results/To_Use/simulation_llama3.1_8b_Full_scnldf_sh1_ldf1_seed1_26agents_30rounds_20260731_013853.json,29,1,developing,SFI,1069.0,3720778.542857143,0.1,3720778.0,0.0002873054624689,10690.0,0.0002873055043864,proportional columns are analyst-derived; stage1_cap uses end-of-round wealth (approx),5.0,0.0,25,0,0,0,0,0,0,0.0002873054624689
20260731_013853,results/To_Use/simulation_llama3.1_8b_Full_scnldf_sh1_ldf1_seed1_26agents_30rounds_20260731_013853.json,30,1,developing,SFI,1069.0,3900880.742857143,0.1,3900880.0,0.0002740406770848,10690.0,0.0002740407292713,proportional columns are analyst-derived; stage1_cap uses end-of-round wealth (approx),5.0,0.0,25,0,0,0,0,0,0,0.0002740406770848
20260731_013853,results/To_Use/simulation_llama3.1_8b_Full_scnldf_sh1_ldf1_seed1_26agents_30rounds_20260731_013853.json,1,2,developed,SI,30000.0,1845699.3333333333,1.0,1845699.0,0.0162540016449049,30000.0,0.0162540045803784,proportional columns are analyst-derived; stage1_cap uses end-of-round wealth (approx),5.0,,0,0,0,0,0,0,0,0.0162540016449049
20260731_013853,results/To_Use/simulation_llama3.1_8b_Full_scnldf_sh1_ldf1_seed1_26agents_30rounds_20260731_013853.json,2,2,developed,SI,500000.0,4662554.333333333,1.0,4662554.0,0.107237356233132,500000.0,0.1072373638996996,proportional columns are analyst-derived; stage1_cap uses end-of-round wealth (approx),5.12,0.1200000000000001,25,0,0,0,0,0,0,0.107237356233132
20260731_013853,results/To_Use/simulation_llama3.1_8b_Full_scnldf_sh1_ldf1_seed1_26agents_30rounds_20260731_013853.json,3,2,developed,SI,500000.0,6983910.8,1.0,6983910.0,0.0715931251584713,500000.0,0.0715931333593932,proportional columns are analyst-derived; stage1_cap uses end-of-round wealth (approx),6.48,1.3600000000000003,25,0,0,0,0,0,0,0.0715931251584713
20260731_013853,results/To_Use/simulation_llama3.1_8b_Full_scnldf_sh1_ldf1_seed1_26agents_30rounds_20260731_013853.json,4,2,developed,SI,1500000.0,7598854.466666667,1.0,7598854.0,0.1973981744985299,1500000.0,0.1973981866212984,proportional columns are analyst-derived; stage1_cap uses end-of-round wealth (approx),7.12,0.6399999999999997,25,0,0,0,0,0,0,0.1973981744985299
20260731_013853,results/To_Use/simulation_llama3.1_8b_Full_scnldf_sh1_ldf1_seed1_26agents_30rounds_20260731_013853.json,5,2,developed,SI,3799420.0,6619248.133333333,1.0,6619248.0,0.5739957051718322,3799420.0,0.5739957167339855,proportional columns are analyst-derived; stage1_cap uses end-of-round wealth (approx),5.0,-2.12,25,0,0,1,0,0,0,0.5739957051718322
20260731_013853,results/To_Use/simulation_llama3.1_8b_Full_scnldf_sh1_ldf1_seed1_26agents_30rounds_20260731_013853.json,6,2,developed,SI,0.0,8292031.8,1.0,8292031.0,0.0,0.0,0.0,proportional columns are analyst-derived; stage1_cap uses end-of-round wealth (approx),5.12,0.1200000000000001,25,0,0,0,0,1,0,0.0
20260731_013853,results/To_Use/simulation_llama3.1_8b_Full_scnldf_sh1_ldf1_seed1_26agents_30rounds_20260731_013853.json,7,2,developed,SI,1500000.0,10326288.6,1.0,10326288.0,0.1452603213123445,1500000.0,0.1452603297525693,proportional columns are analyst-derived; stage1_cap uses end-of-round wealth (approx),1.0,-4.12,25,1,1,1,0,0,0,0.1452603213123445
20260731_013853,results/To_Use/simulation_llama3.1_8b_Full_scnldf_sh1_ldf1_seed1_26agents_30rounds_20260731_013853.json,8,2,developed,SI,4000000.0,10108460.533333331,1.0,10108460.0,0.3957081285334922,4000000.0,0.3957081494114831,proportional columns are analyst-derived; stage1_cap uses end-of-round wealth (approx),6.68,5.68,25,0,0,0,1,1,1,0.3957081285334922
20260731_013853,results/To_Use/simulation_llama3.1_8b_Full_scnldf_sh1_ldf1_seed1_26agents_30rounds_20260731_013853.json,9,2,developed,SI,5000000.0,11356438.266666666,1.0,11356438.0,0.4402788869707471,5000000.0,0.4402788973091738,proportional columns are analyst-derived; stage1_cap uses end-of-round wealth (approx),4.92,-1.7599999999999998,25,1,0,1,0,0,0,0.4402788869707471
20260731_013853,results/To_Use/simulation_llama3.1_8b_Full_scnldf_sh1_ldf1_seed1_26agents_30rounds_20260731_013853.json,10,2,developed,SI,5000000.0,15115684.933333332,1.0,15115684.0,0.3307822319697817,5000000.0,0.3307822523942681,proportional columns are analyst-derived; stage1_cap uses end-of-round wealth (approx),5.0,0.08,25,0,0,0,0,1,1,0.3307822319697817
20260731_013853,results/To_Use/simulation_llama3.1_8b_Full_scnldf_sh1_ldf1_seed1_26agents_30rounds_20260731_013853.json,11,2,developed,SI,8000000.0,17417490.4,1.0,17417490.0,0.4593084202302761,8000000.0,0.4593084307784876,proportional columns are analyst-derived; stage1_cap uses end-of-round wealth (approx),5.12,0.1200000000000001,25,0,0,0,0,0,0,0.4593084202302761
20260731_013853,results/To_Use/simulation_llama3.1_8b_Full_scnldf_sh1_ldf1_seed1_26agents_30rounds_20260731_013853.json,12,2,developed,SI,10000000.0,25120662.73333333,1.0,25120662.0,0.398078669585843,10000000.0,0.3980786812067293,proportional columns are analyst-derived; stage1_cap uses end-of-round wealth (approx),3.08,-2.04,25,1,1,1,0,0,0,0.398078669585843
20260731_013853,results/To_Use/simulation_llama3.1_8b_Full_scnldf_sh1_ldf1_seed1_26agents_30rounds_20260731_013853.json,13,2,developed,SI,10000000.0,34169461.86666667,1.0,34169461.0,0.2926589841836315,10000000.0,0.2926589916065694,proportional columns are analyst-derived; stage1_cap uses end-of-round wealth (approx),5.0,1.92,25,0,0,0,1,1,1,0.2926589841836315
20260731_013853,results/To_Use/simulation_llama3.1_8b_Full_scnldf_sh1_ldf1_seed1_26agents_30rounds_20260731_013853.json,14,2,developed,SI,10000000.0,44276602.66666667,1.0,44276602.0,0.2258529200012093,10000000.0,0.2258529234018455,proportional columns are analyst-derived; stage1_cap uses end-of-round wealth (approx),5.0,0.0,25,0,0,0,0,0,0,0.2258529200012093
20260731_013853,results/To_Use/simulation_llama3.1_8b_Full_scnldf_sh1_ldf1_seed1_26agents_30rounds_20260731_013853.json,15,2,developed,SI,15000000.0,52231634.53333335,1.0,52231634.0,0.2871822820407286,15000000.0,0.2871822849731256,proportional columns are analyst-derived; stage1_cap uses end-of-round wealth (approx),5.0,0.0,25,0,0,0,0,0,0,0.2871822820407286
20260731_013853,results/To_Use/simulation_llama3.1_8b_Full_scnldf_sh1_ldf1_seed1_26agents_30rounds_20260731_013853.json,16,2,developed,SI,10000000.0,70650540.20000002,1.0,70650540.0,0.1415417344537161,10000000.0,0.1415417348543974,proportional columns are analyst-derived; stage1_cap uses end-of-round wealth (approx),4.88,-0.1200000000000001,25,0,0,0,0,0,0,0.1415417344537161
20260731_013853,results/To_Use/simulation_llama3.1_8b_Full_scnldf_sh1_ldf1_seed1_26agents_30rounds_20260731_013853.json,17,2,developed,SI,10000000.0,85110097.06666669,1.0,85110097.0,0.1174948724611018,10000000.0,0.1174948725531355,proportional columns are analyst-derived; stage1_cap uses end-of-round wealth (approx),5.0,0.1200000000000001,25,0,0,0,0,0,0,0.1174948724611018
20260731_013853,results/To_Use/simulation_llama3.1_8b_Full_scnldf_sh1_ldf1_seed1_26agents_30rounds_20260731_013853.json,18,2,developed,SI,10000000.0,106262047.86666667,1.0,106262047.0,0.0941069761101121,10000000.0,0.0941069768776428,proportional columns are analyst-derived; stage1_cap uses end-of-round wealth (approx),5.12,0.1200000000000001,25,0,0,0,0,0,0,0.0941069761101121
20260731_013853,results/To_Use/simulation_llama3.1_8b_Full_scnldf_sh1_ldf1_seed1_26agents_30rounds_20260731_013853.json,19,2,developed,SI,10626200.0,123821869.33333336,1.0,123821869.0,0.0858184427130061,10626200.0,0.0858184429440327,proportional columns are analyst-derived; stage1_cap uses end-of-round wealth (approx),5.0,-0.1200000000000001,25,0,0,0,0,0,0,0.0858184427130061
20260731_013853,results/To_Use/simulation_llama3.1_8b_Full_scnldf_sh1_ldf1_seed1_26agents_30rounds_20260731_013853.json,20,2,developed,SI,10626200.0,140036897.2666667,1.0,140036897.0,0.0758814298760486,10626200.0,0.0758814300205466,proportional columns are analyst-derived; stage1_cap uses end-of-round wealth (approx),5.12,0.1200000000000001,25,0,0,0,0,0,0,0.0758814298760486
20260731_013853,results/To_Use/simulation_llama3.1_8b_Full_scnldf_sh1_ldf1_seed1_26agents_30rounds_20260731_013853.json,21,2,developed,SI,10626200.0,156770629.66666672,1.0,156770629.0,0.0677818289216158,10626200.0,0.0677818292098579,proportional columns are analyst-derived; stage1_cap uses end-of-round wealth (approx),5.96,0.8399999999999999,25,0,0,0,0,0,0,0.0677818289216158
20260731_013853,results/To_Use/simulation_llama3.1_8b_Full_scnldf_sh1_ldf1_seed1_26agents_30rounds_20260731_013853.json,22,2,developed,SI,10626200.0,188215004.5333334,1.0,188215004.0,0.0564577729939595,10626200.0,0.0564577731539404,proportional columns are analyst-derived; stage1_cap uses end-of-round wealth (approx),5.0,-0.96,25,0,0,0,0,0,0,0.0564577729939595
20260731_013853,results/To_Use/simulation_llama3.1_8b_Full_scnldf_sh1_ldf1_seed1_26agents_30rounds_20260731_013853.json,23,2,developed,SI,10626200.0,214684486.46666676,1.0,214684486.0,0.0494968228719679,10626200.0,0.0494968229795608,proportional columns are analyst-derived; stage1_cap uses end-of-round wealth (approx),5.0,0.0,25,0,0,0,0,0,0,0.0494968228719679
20260731_013853,results/To_Use/simulation_llama3.1_8b_Full_scnldf_sh1_ldf1_seed1_26agents_30rounds_20260731_013853.json,24,2,developed,SI,10626200.0,229825247.13333336,1.0,229825247.0,0.0462359994497697,10626200.0,0.0462359994765936,proportional columns are analyst-derived; stage1_cap uses end-of-round wealth (approx),6.2,1.2000000000000002,25,0,0,0,0,0,0,0.0462359994497697
20260731_013853,results/To_Use/simulation_llama3.1_8b_Full_scnldf_sh1_ldf1_seed1_26agents_30rounds_20260731_013853.json,25,2,developed,SI,10626200.0,240454263.66666672,1.0,240454263.0,0.0441921878945375,10626200.0,0.0441921880170616,proportional columns are analyst-derived; stage1_cap uses end-of-round wealth (approx),8.0,1.7999999999999998,25,0,0,0,0,0,0,0.0441921878945375
20260731_013853,results/To_Use/simulation_llama3.1_8b_Full_scnldf_sh1_ldf1_seed1_26agents_30rounds_20260731_013853.json,26,2,developed,SI,10626200.0,270468943.20000005,1.0,270468943.0,0.039288059746447,10626200.0,0.0392880597754988,proportional columns are analyst-derived; stage1_cap uses end-of-round wealth (approx),6.92,-1.08,25,0,0,1,0,0,0,0.039288059746447
20260731_013853,results/To_Use/simulation_llama3.1_8b_Full_scnldf_sh1_ldf1_seed1_26agents_30rounds_20260731_013853.json,27,2,developed,SI,10626200.0,306962958.53333336,1.0,306962958.0,0.0346172060979992,10626200.0,0.0346172061581449,proportional columns are analyst-derived; stage1_cap uses end-of-round wealth (approx),5.0,-1.92,25,0,0,1,0,1,0,0.0346172060979992
20260731_013853,results/To_Use/simulation_llama3.1_8b_Full_scnldf_sh1_ldf1_seed1_26agents_30rounds_20260731_013853.json,28,2,developed,SI,10626200.0,327343313.2666667,1.0,327343313.0,0.0324619430711984,10626200.0,0.0324619430976431,proportional columns are analyst-derived; stage1_cap uses end-of-round wealth (approx),5.36,0.3600000000000003,25,0,0,0,0,1,0,0.0324619430711984
20260731_013853,results/To_Use/simulation_llama3.1_8b_Full_scnldf_sh1_ldf1_seed1_26agents_30rounds_20260731_013853.json,29,2,developed,SI,10626200.0,334726643.6666667,1.0,334726643.0,0.0317459043104497,10626200.0,0.0317459043736772,proportional columns are analyst-derived; stage1_cap uses end-of-round wealth (approx),5.96,0.5999999999999996,25,0,0,0,0,0,0,0.0317459043104497
20260731_013853,results/To_Use/simulation_llama3.1_8b_Full_scnldf_sh1_ldf1_seed1_26agents_30rounds_20260731_013853.json,30,2,developed,SI,10626200.0,341284923.8,1.0,341284923.0,0.0311358611499263,10626200.0,0.0311358612229113,proportional columns are analyst-derived; stage1_cap uses end-of-round wealth (approx),5.0,-0.96,25,0,0,0,0,0,0,0.0311358611499263
20260731_013853,results/To_Use/simulation_llama3.1_8b_Full_scnldf_sh1_ldf1_seed1_26agents_30rounds_20260731_013853.json,1,3,developed,SI,0.0,1875073.3333333333,1.0,1875073.0,0.0,0.0,0.0,proportional columns are analyst-derived; stage1_cap uses end-of-round wealth (approx),5.0,,0,0,0,0,0,0,0,0.0
20260731_013853,results/To_Use/simulation_llama3.1_8b_Full_scnldf_sh1_ldf1_seed1_26agents_30rounds_20260731_013853.json,2,3,developed,SI,100000.0,5083896.333333333,1.0,5083896.0,0.0196699526196737,100000.0,0.019669953909364,proportional columns are analyst-derived; stage1_cap uses end-of-round wealth (approx),1.36,-3.64,25,1,1,1,0,0,0,0.0196699526196737
20260731_013853,results/To_Use/simulation_llama3.1_8b_Full_scnldf_sh1_ldf1_seed1_26agents_30rounds_20260731_013853.json,3,3,developed,SI,5083896.0,2600761.8,1.0,2600761.0,1.9547718672275176,5083896.0,1.954772468519791,proportional columns are analyst-derived; stage1_cap uses end-of-round wealth (approx),6.32,4.96,25,0,0,0,1,1,1,1.9547718672275176
20260731_013853,results/To_Use/simulation_llama3.1_8b_Full_scnldf_sh1_ldf1_seed1_26agents_30rounds_20260731_013853.json,4,3,developed,SI,1466364.0,3533603.4666666663,1.0,3533603.0,0.4149769530827568,1466364.0,0.4149770078868509,proportional columns are analyst-derived; stage1_cap uses end-of-round wealth (approx),4.4,-1.92,25,1,0,1,0,0,0,0.4149769530827568
20260731_013853,results/To_Use/simulation_llama3.1_8b_Full_scnldf_sh1_ldf1_seed1_26agents_30rounds_20260731_013853.json,5,3,developed,SI,300000.0,5676238.133333333,1.0,5676238.0,0.0528519052501109,300000.0,0.0528519064915882,proportional columns are analyst-derived; stage1_cap uses end-of-round wealth (approx),5.32,0.92,25,0,0,0,0,1,1,0.0528519052501109
20260731_013853,results/To_Use/simulation_llama3.1_8b_Full_scnldf_sh1_ldf1_seed1_26agents_30rounds_20260731_013853.json,6,3,developed,SI,0.0,7347343.8,1.0,7347343.0,0.0,0.0,0.0,proportional columns are analyst-derived; stage1_cap uses end-of-round wealth (approx),5.0,-0.3200000000000003,25,0,0,0,0,0,0,0.0
20260731_013853,results/To_Use/simulation_llama3.1_8b_Full_scnldf_sh1_ldf1_seed1_26agents_30rounds_20260731_013853.json,7,3,developed,SI,1200000.0,9685026.6,1.0,9685026.0,0.1239026023945045,1200000.0,0.1239026100704324,proportional columns are analyst-derived; stage1_cap uses end-of-round wealth (approx),1.0,-4.0,25,1,1,1,0,0,0,0.1239026023945045
20260731_013853,results/To_Use/simulation_llama3.1_8b_Full_scnldf_sh1_ldf1_seed1_26agents_30rounds_20260731_013853.json,8,3,developed,SI,2000000.0,11454339.533333331,1.0,11454339.0,0.1746063135442938,2000000.0,0.1746063216742581,proportional columns are analyst-derived; stage1_cap uses end-of-round wealth (approx),6.8,5.8,25,0,0,0,1,1,1,0.1746063135442938
20260731_013853,results/To_Use/simulation_llama3.1_8b_Full_scnldf_sh1_ldf1_seed1_26agents_30rounds_20260731_013853.json,9,3,developed,SI,11454338.0,6255844.266666667,1.0,6255844.0,1.830981960505752,11454338.0,1.8309820385546696,proportional columns are analyst-derived; stage1_cap uses end-of-round wealth (approx),5.0,-1.7999999999999998,25,0,0,1,0,0,0,1.830981960505752
20260731_013853,results/To_Use/simulation_llama3.1_8b_Full_scnldf_sh1_ldf1_seed1_26agents_30rounds_20260731_013853.json,10,3,developed,SI,1200000.0,13780541.933333334,1.0,13780541.0,0.0870793039784129,1200000.0,0.0870793098761507,proportional columns are analyst-derived; stage1_cap uses end-of-round wealth (approx),5.24,0.2400000000000002,25,0,0,0,0,1,0,0.0870793039784129
20260731_013853,results/To_Use/simulation_llama3.1_8b_Full_scnldf_sh1_ldf1_seed1_26agents_30rounds_20260731_013853.json,11,3,developed,SI,5853596.0,18227413.4,1.0,18227413.0,0.3211424392228905,5853596.0,0.3211424462703511,proportional columns are analyst-derived; stage1_cap uses end-of-round wealth (approx),6.44,1.2000000000000002,25,0,0,0,0,0,0,0.3211424392228905
20260731_013853,results/To_Use/simulation_llama3.1_8b_Full_scnldf_sh1_ldf1_seed1_26agents_30rounds_20260731_013853.json,12,3,developed,SI,10000000.0,24250176.73333333,1.0,24250176.0,0.4123681286930332,10000000.0,0.4123681411631816,proportional columns are analyst-derived; stage1_cap uses end-of-round wealth (approx),5.48,-0.96,25,0,0,0,0,0,0,0.4123681286930332
20260731_013853,results/To_Use/simulation_llama3.1_8b_Full_scnldf_sh1_ldf1_seed1_26agents_30rounds_20260731_013853.json,13,3,developed,SI,12000000.0,31268852.866666667,1.0,31268852.0,0.3837684756511257,12000000.0,0.383768486287888,proportional columns are analyst-derived; stage1_cap uses end-of-round wealth (approx),4.28,-1.2000000000000002,25,1,0,1,0,0,0,0.3837684756511257
20260731_013853,results/To_Use/simulation_llama3.1_8b_Full_scnldf_sh1_ldf1_seed1_26agents_30rounds_20260731_013853.json,14,3,developed,SI,10000000.0,41377583.66666667,1.0,41377583.0,0.2416767513675742,10000000.0,0.2416767552614177,proportional columns are analyst-derived; stage1_cap uses end-of-round wealth (approx),5.0,0.7199999999999998,25,0,0,0,0,1,1,0.2416767513675742
20260731_013853,results/To_Use/simulation_llama3.1_8b_Full_scnldf_sh1_ldf1_seed1_26agents_30rounds_20260731_013853.json,15,3,developed,SI,20000000.0,44336812.53333335,1.0,44336812.0,0.4510924186298593,20000000.0,0.4510924240561094,proportional columns are analyst-derived; stage1_cap uses end-of-round wealth (approx),1.8,-3.2,25,1,1,1,0,0,0,0.4510924186298593
20260731_013853,results/To_Use/simulation_llama3.1_8b_Full_scnldf_sh1_ldf1_seed1_26agents_30rounds_20260731_013853.json,16,3,developed,SI,20000000.0,52783497.20000002,1.0,52783497.0,0.3789063071023644,20000000.0,0.3789063085380644,proportional columns are analyst-derived; stage1_cap uses end-of-round wealth (approx),4.84,3.04,25,0,0,0,1,1,1,0.3789063071023644
20260731_013853,results/To_Use/simulation_llama3.1_8b_Full_scnldf_sh1_ldf1_seed1_26agents_30rounds_20260731_013853.json,17,3,developed,SI,17575779.0,59692201.06666669,1.0,59692201.0,0.2944401225944181,17575779.0,0.2944401229232609,proportional columns are analyst-derived; stage1_cap uses end-of-round wealth (approx),5.0,0.1600000000000001,25,0,0,0,0,0,0,0.2944401225944181
20260731_013853,results/To_Use/simulation_llama3.1_8b_Full_scnldf_sh1_ldf1_seed1_26agents_30rounds_20260731_013853.json,18,3,developed,SI,59692200.0,31155802.866666693,1.0,31155802.0,1.9159255903452943,59692200.0,1.9159256436409504,proportional columns are analyst-derived; stage1_cap uses end-of-round wealth (approx),5.0,0.0,25,0,0,0,0,0,0,1.9159255903452943
20260731_013853,results/To_Use/simulation_llama3.1_8b_Full_scnldf_sh1_ldf1_seed1_26agents_30rounds_20260731_013853.json,19,3,developed,SI,15000000.0,44351485.33333336,1.0,44351485.0,0.3382073878081916,15000000.0,0.3382073903500638,proportional columns are analyst-derived; stage1_cap uses end-of-round wealth (approx),6.36,1.3600000000000003,25,0,0,0,0,0,0,0.3382073878081916
20260731_013853,results/To_Use/simulation_llama3.1_8b_Full_scnldf_sh1_ldf1_seed1_26agents_30rounds_20260731_013853.json,20,3,developed,SI,15000000.0,56209672.266666695,1.0,56209672.0,0.2668579871598941,15000000.0,0.2668579884259064,proportional columns are analyst-derived; stage1_cap uses end-of-round wealth (approx),4.48,-1.88,25,0,0,1,0,0,0,0.2668579871598941
20260731_013853,results/To_Use/simulation_llama3.1_8b_Full_scnldf_sh1_ldf1_seed1_26agents_30rounds_20260731_013853.json,21,3,developed,SI,29600000.0,53983328.6666667,1.0,53983328.0,0.5483174293080825,29600000.0,0.5483174360795244,proportional columns are analyst-derived; stage1_cap uses end-of-round wealth (approx),5.6,1.1199999999999992,25,0,0,0,0,1,0,0.5483174293080825
20260731_013853,results/To_Use/simulation_llama3.1_8b_Full_scnldf_sh1_ldf1_seed1_26agents_30rounds_20260731_013853.json,22,3,developed,SI,15970582.0,80092634.53333336,1.0,80092634.0,0.1994013818256069,15970582.0,0.199401383153412,proportional columns are analyst-derived; stage1_cap uses end-of-round wealth (approx),6.48,0.8800000000000008,25,0,0,0,0,0,0,0.1994013818256069
20260731_013853,results/To_Use/simulation_llama3.1_8b_Full_scnldf_sh1_ldf1_seed1_26agents_30rounds_20260731_013853.json,23,3,developed,SI,20000000.0,97188324.4666667,1.0,97188324.0,0.2057860356143862,20000000.0,0.2057860366025038,proportional columns are analyst-derived; stage1_cap uses end-of-round wealth (approx),5.0,-1.4800000000000004,25,0,0,1,0,0,0,0.2057860356143862
20260731_013853,results/To_Use/simulation_llama3.1_8b_Full_scnldf_sh1_ldf1_seed1_26agents_30rounds_20260731_013853.json,24,3,developed,SI,0.0,122915900.13333336,1.0,122915900.0,0.0,0.0,0.0,proportional columns are analyst-derived; stage1_cap uses end-of-round wealth (approx),5.72,0.7199999999999998,25,0,0,0,0,1,0,0.0
20260731_013853,results/To_Use/simulation_llama3.1_8b_Full_scnldf_sh1_ldf1_seed1_26agents_30rounds_20260731_013853.json,25,3,developed,SI,17568400.0,126602614.6666667,1.0,126602614.0,0.1387680660960756,17568400.0,0.1387680668268034,proportional columns are analyst-derived; stage1_cap uses end-of-round wealth (approx),1.0,-4.72,25,1,1,1,0,0,0,0.1387680660960756
20260731_013853,results/To_Use/simulation_llama3.1_8b_Full_scnldf_sh1_ldf1_seed1_26agents_30rounds_20260731_013853.json,26,3,developed,SI,0.0,167214380.20000005,1.0,167214380.0,0.0,0.0,0.0,proportional columns are analyst-derived; stage1_cap uses end-of-round wealth (approx),5.0,4.0,25,0,0,0,1,1,1,0.0
20260731_013853,results/To_Use/simulation_llama3.1_8b_Full_scnldf_sh1_ldf1_seed1_26agents_30rounds_20260731_013853.json,27,3,developed,SI,166000000.0,50651687.53333339,1.0,50651687.0,3.2772846885063207,166000000.0,3.2772847230142603,proportional columns are analyst-derived; stage1_cap uses end-of-round wealth (approx),1.0,-4.0,25,1,1,1,0,0,0,3.2772846885063207
20260731_013853,results/To_Use/simulation_llama3.1_8b_Full_scnldf_sh1_ldf1_seed1_26agents_30rounds_20260731_013853.json,28,3,developed,SI,27500000.0,54192361.266666725,1.0,54192361.0,0.5074515920182836,27500000.0,0.507451594515323,proportional columns are analyst-derived; stage1_cap uses end-of-round wealth (approx),5.36,4.36,25,0,0,0,1,1,1,0.5074515920182836
20260731_013853,results/To_Use/simulation_llama3.1_8b_Full_scnldf_sh1_ldf1_seed1_26agents_30rounds_20260731_013853.json,29,3,developed,SI,1000000.0,71164766.66666673,1.0,71164766.0,0.0140518974042866,1000000.0,0.0140518975359238,proportional columns are analyst-derived; stage1_cap uses end-of-round wealth (approx),5.6,0.2399999999999993,25,0,0,0,0,0,0,0.0140518974042866
20260731_013853,results/To_Use/simulation_llama3.1_8b_Full_scnldf_sh1_ldf1_seed1_26agents_30rounds_20260731_013853.json,30,3,developed,SI,10626200.0,77722571.80000007,1.0,77722571.0,0.136719613799501,10626200.0,0.1367196152067589,proportional columns are analyst-derived; stage1_cap uses end-of-round wealth (approx),5.12,-0.4799999999999995,25,0,0,0,0,0,0,0.136719613799501
20260731_013853,results/To_Use/simulation_llama3.1_8b_Full_scnldf_sh1_ldf1_seed1_26agents_30rounds_20260731_013853.json,1,4,developing,SFI,100.0,3608.571428571429,0.1,3608.0,0.0277117973079968,1000.0,0.0277161862527716,proportional columns are analyst-derived; stage1_cap uses end-of-round wealth (approx),5.0,,0,0,0,0,0,0,0,0.0277117973079968
20260731_013853,results/To_Use/simulation_llama3.1_8b_Full_scnldf_sh1_ldf1_seed1_26agents_30rounds_20260731_013853.json,2,4,developing,SFI,0.0,49527.77142857143,0.1,49527.0,0.0,0.0,0.0,proportional columns are analyst-derived; stage1_cap uses end-of-round wealth (approx),5.0,0.0,25,0,0,0,0,0,0,0.0
20260731_013853,results/To_Use/simulation_llama3.1_8b_Full_scnldf_sh1_ldf1_seed1_26agents_30rounds_20260731_013853.json,3,4,developing,SFI,20000.0,96081.0285714286,0.1,96081.0,0.2081576383742769,200000.0,0.2081577002737273,proportional columns are analyst-derived; stage1_cap uses end-of-round wealth (approx),1.0,-4.0,25,1,1,1,0,0,0,0.2081576383742769
20260731_013853,results/To_Use/simulation_llama3.1_8b_Full_scnldf_sh1_ldf1_seed1_26agents_30rounds_20260731_013853.json,4,4,developing,SFI,10000.0,111759.2,0.1,111759.0,0.0894780921839096,100000.0,0.0894782523107758,proportional columns are analyst-derived; stage1_cap uses end-of-round wealth (approx),5.12,4.12,25,0,0,0,1,1,1,0.0894780921839096
20260731_013853,results/To_Use/simulation_llama3.1_8b_Full_scnldf_sh1_ldf1_seed1_26agents_30rounds_20260731_013853.json,5,4,developing,SFI,0.0,240401.2,0.1,240401.0,0.0,0.0,0.0,proportional columns are analyst-derived; stage1_cap uses end-of-round wealth (approx),5.12,0.0,25,0,0,0,0,0,0,0.0
20260731_013853,results/To_Use/simulation_llama3.1_8b_Full_scnldf_sh1_ldf1_seed1_26agents_30rounds_20260731_013853.json,6,4,developing,SFI,0.0,332183.8285714286,0.1,332183.0,0.0,0.0,0.0,proportional columns are analyst-derived; stage1_cap uses end-of-round wealth (approx),1.0,-4.12,25,1,1,1,0,0,0,0.0
20260731_013853,results/To_Use/simulation_llama3.1_8b_Full_scnldf_sh1_ldf1_seed1_26agents_30rounds_20260731_013853.json,7,4,developing,SFI,0.0,400691.8285714286,0.1,400691.0,0.0,0.0,0.0,proportional columns are analyst-derived; stage1_cap uses end-of-round wealth (approx),1.0,0.0,25,1,1,0,1,1,1,0.0
20260731_013853,results/To_Use/simulation_llama3.1_8b_Full_scnldf_sh1_ldf1_seed1_26agents_30rounds_20260731_013853.json,8,4,developing,SFI,100000.0,424506.00000000006,0.1,424506.0,0.2355679307241829,1000000.0,0.2355679307241829,proportional columns are analyst-derived; stage1_cap uses end-of-round wealth (approx),1.0,0.0,25,1,1,0,1,0,1,0.2355679307241829
20260731_013853,results/To_Use/simulation_llama3.1_8b_Full_scnldf_sh1_ldf1_seed1_26agents_30rounds_20260731_013853.json,9,4,developing,SFI,106000.0,431982.1142857144,0.1,431982.0,0.2453805296436214,1060000.0,0.2453805945618104,proportional columns are analyst-derived; stage1_cap uses end-of-round wealth (approx),6.08,5.08,25,0,0,0,1,0,1,0.2453805296436214
20260731_013853,results/To_Use/simulation_llama3.1_8b_Full_scnldf_sh1_ldf1_seed1_26agents_30rounds_20260731_013853.json,10,4,developing,SFI,200000.0,373019.48571428575,0.1,373019.0,0.5361650199507003,2000000.0,0.5361657181001503,proportional columns are analyst-derived; stage1_cap uses end-of-round wealth (approx),5.6,-0.4800000000000004,25,0,0,0,0,0,0,0.5361650199507003
20260731_013853,results/To_Use/simulation_llama3.1_8b_Full_scnldf_sh1_ldf1_seed1_26agents_30rounds_20260731_013853.json,11,4,developing,SFI,200000.0,326584.9714285715,0.1,326584.0,0.6123980510344539,2000000.0,0.6123998726208265,proportional columns are analyst-derived; stage1_cap uses end-of-round wealth (approx),5.12,-0.4799999999999995,25,0,0,0,0,0,0,0.6123980510344539
20260731_013853,results/To_Use/simulation_llama3.1_8b_Full_scnldf_sh1_ldf1_seed1_26agents_30rounds_20260731_013853.json,12,4,developing,SFI,106000.0,366040.8571428572,0.1,366040.0,0.2895851595021008,1060000.0,0.2895858376133756,proportional columns are analyst-derived; stage1_cap uses end-of-round wealth (approx),5.72,0.5999999999999996,25,0,0,0,0,0,0,0.2895851595021008
20260731_013853,results/To_Use/simulation_llama3.1_8b_Full_scnldf_sh1_ldf1_seed1_26agents_30rounds_20260731_013853.json,13,4,developing,SFI,200000.0,307977.3142857144,0.1,307977.0,0.6493984807415312,2000000.0,0.6493991434425298,proportional columns are analyst-derived; stage1_cap uses end-of-round wealth (approx),6.64,0.92,25,0,0,0,0,0,0,0.6493984807415312
20260731_013853,results/To_Use/simulation_llama3.1_8b_Full_scnldf_sh1_ldf1_seed1_26agents_30rounds_20260731_013853.json,14,4,developing,SFI,150000.0,310305.77142857155,0.1,310305.0,0.4833941673383541,1500000.0,0.4833953690723643,proportional columns are analyst-derived; stage1_cap uses end-of-round wealth (approx),5.92,-0.7199999999999998,25,0,0,0,0,0,0,0.4833941673383541
20260731_013853,results/To_Use/simulation_llama3.1_8b_Full_scnldf_sh1_ldf1_seed1_26agents_30rounds_20260731_013853.json,15,4,developing,SFI,100000.0,357976.6285714287,0.1,357976.0,0.279347845693358,1000000.0,0.2793483362013096,proportional columns are analyst-derived; stage1_cap uses end-of-round wealth (approx),5.84,-0.08,25,0,0,0,0,0,0,0.279347845693358
20260731_013853,results/To_Use/simulation_llama3.1_8b_Full_scnldf_sh1_ldf1_seed1_26agents_30rounds_20260731_013853.json,16,4,developing,SFI,100000.0,383464.6285714287,0.1,383464.0,0.2607802455536595,1000000.0,0.2607806730227609,proportional columns are analyst-derived; stage1_cap uses end-of-round wealth (approx),5.12,-0.7199999999999998,25,0,0,0,0,0,0,0.2607802455536595
20260731_013853,results/To_Use/simulation_llama3.1_8b_Full_scnldf_sh1_ldf1_seed1_26agents_30rounds_20260731_013853.json,17,4,developing,SFI,150000.0,564203.7142857144,0.1,564203.0,0.26586141884922,1500000.0,0.2658617554319987,proportional columns are analyst-derived; stage1_cap uses end-of-round wealth (approx),6.8,1.6799999999999995,25,0,0,0,0,0,0,0.26586141884922
20260731_013853,results/To_Use/simulation_llama3.1_8b_Full_scnldf_sh1_ldf1_seed1_26agents_30rounds_20260731_013853.json,18,4,developing,SFI,211074.0,498083.4285714288,0.1,498083.0,0.4237723800717262,2110740.0,0.423772744703192,proportional columns are analyst-derived; stage1_cap uses end-of-round wealth (approx),5.0,-1.7999999999999998,25,0,0,1,0,0,0,0.4237723800717262
20260731_013853,results/To_Use/simulation_llama3.1_8b_Full_scnldf_sh1_ldf1_seed1_26agents_30rounds_20260731_013853.json,19,4,developing,SFI,211074.0,415646.68571428594,0.1,415646.0,0.5078207219125801,2110740.0,0.5078215596926231,proportional columns are analyst-derived; stage1_cap uses end-of-round wealth (approx),6.2,1.2000000000000002,25,0,0,0,0,1,0,0.5078207219125801
20260731_013853,results/To_Use/simulation_llama3.1_8b_Full_scnldf_sh1_ldf1_seed1_26agents_30rounds_20260731_013853.json,20,4,developing,SFI,200000.0,413097.3142857145,0.1,413097.0,0.4841474226135299,2000000.0,0.4841477909546668,proportional columns are analyst-derived; stage1_cap uses end-of-round wealth (approx),5.0,-1.2000000000000002,25,0,0,1,0,0,0,0.4841474226135299
20260731_013853,results/To_Use/simulation_llama3.1_8b_Full_scnldf_sh1_ldf1_seed1_26agents_30rounds_20260731_013853.json,21,4,developing,SFI,200000.0,332223.1428571431,0.1,332223.0,0.6020050207218725,2000000.0,0.602005279586302,proportional columns are analyst-derived; stage1_cap uses end-of-round wealth (approx),5.12,0.1200000000000001,25,0,0,0,0,1,0,0.6020050207218725
20260731_013853,results/To_Use/simulation_llama3.1_8b_Full_scnldf_sh1_ldf1_seed1_26agents_30rounds_20260731_013853.json,22,4,developing,SFI,200000.0,255532.05714285732,0.1,255532.0,0.7826806633822398,2000000.0,0.7826808384077141,proportional columns are analyst-derived; stage1_cap uses end-of-round wealth (approx),6.2,1.08,25,0,0,0,0,0,0,0.7826806633822398
20260731_013853,results/To_Use/simulation_llama3.1_8b_Full_scnldf_sh1_ldf1_seed1_26agents_30rounds_20260731_013853.json,23,4,developing,SFI,200000.0,166255.94285714306,0.1,166255.0,1.2029645170149006,2000000.0,1.2029713392078434,proportional columns are analyst-derived; stage1_cap uses end-of-round wealth (approx),6.56,0.3599999999999994,25,0,0,0,0,0,0,1.2029645170149006
20260731_013853,results/To_Use/simulation_llama3.1_8b_Full_scnldf_sh1_ldf1_seed1_26agents_30rounds_20260731_013853.json,24,4,developing,SFI,0.0,236484.74285714305,0.1,236484.0,0.0,0.0,0.0,proportional columns are analyst-derived; stage1_cap uses end-of-round wealth (approx),6.44,-0.1199999999999992,25,0,0,0,0,0,0,0.0
20260731_013853,results/To_Use/simulation_llama3.1_8b_Full_scnldf_sh1_ldf1_seed1_26agents_30rounds_20260731_013853.json,25,4,developing,SFI,0.0,405799.48571428587,0.1,405799.0,0.0,0.0,0.0,proportional columns are analyst-derived; stage1_cap uses end-of-round wealth (approx),1.0,-5.44,25,1,1,1,0,0,0,0.0
20260731_013853,results/To_Use/simulation_llama3.1_8b_Full_scnldf_sh1_ldf1_seed1_26agents_30rounds_20260731_013853.json,26,4,developing,SFI,200000.0,418654.342857143,0.1,418654.0,0.4777210684955101,2000000.0,0.4777214597256923,proportional columns are analyst-derived; stage1_cap uses end-of-round wealth (approx),1.0,0.0,25,1,1,0,1,1,1,0.4777210684955101
20260731_013853,results/To_Use/simulation_llama3.1_8b_Full_scnldf_sh1_ldf1_seed1_26agents_30rounds_20260731_013853.json,27,4,developing,SFI,100000.0,453474.80000000016,0.1,453474.0,0.2205194202632648,1000000.0,0.2205198092944689,proportional columns are analyst-derived; stage1_cap uses end-of-round wealth (approx),7.04,6.04,25,0,0,0,1,0,1,0.2205194202632648
20260731_013853,results/To_Use/simulation_llama3.1_8b_Full_scnldf_sh1_ldf1_seed1_26agents_30rounds_20260731_013853.json,28,4,developing,SFI,100000.0,552785.2000000002,0.1,552785.0,0.1809020936161098,1000000.0,0.1809021590672684,proportional columns are analyst-derived; stage1_cap uses end-of-round wealth (approx),6.92,-0.1200000000000001,25,0,0,0,0,0,0,0.1809020936161098
20260731_013853,results/To_Use/simulation_llama3.1_8b_Full_scnldf_sh1_ldf1_seed1_26agents_30rounds_20260731_013853.json,29,4,developing,SFI,0.0,654813.5428571431,0.1,654813.0,0.0,0.0,0.0,proportional columns are analyst-derived; stage1_cap uses end-of-round wealth (approx),6.44,-0.4799999999999995,25,0,0,0,0,0,0,0.0
20260731_013853,results/To_Use/simulation_llama3.1_8b_Full_scnldf_sh1_ldf1_seed1_26agents_30rounds_20260731_013853.json,30,4,developing,SFI,654813.0,181171.7428571431,0.1,181171.0,3.614321911758231,6548130.0,3.614336731596116,proportional columns are analyst-derived; stage1_cap uses end-of-round wealth (approx),1.0,-5.44,25,1,1,1,0,0,0,3.614321911758231
20260731_013853,results/To_Use/simulation_llama3.1_8b_Full_scnldf_sh1_ldf1_seed1_26agents_30rounds_20260731_013853.json,1,5,developed,SI,0.0,5953827.333333333,1.0,5953827.0,0.0,0.0,0.0,proportional columns are analyst-derived; stage1_cap uses end-of-round wealth (approx),5.0,,0,0,0,0,0,0,0,0.0
20260731_013853,results/To_Use/simulation_llama3.1_8b_Full_scnldf_sh1_ldf1_seed1_26agents_30rounds_20260731_013853.json,2,5,developed,SI,2000000.0,7268788.333333333,1.0,7268788.0,0.2751490218566919,2000000.0,0.2751490344745231,proportional columns are analyst-derived; stage1_cap uses end-of-round wealth (approx),1.72,-3.28,25,1,1,1,0,0,0,0.2751490218566919
20260731_013853,results/To_Use/simulation_llama3.1_8b_Full_scnldf_sh1_ldf1_seed1_26agents_30rounds_20260731_013853.json,3,5,developed,SI,4000000.0,6126443.8,1.0,6126443.0,0.6529073195774684,4000000.0,0.6529074048350731,proportional columns are analyst-derived; stage1_cap uses end-of-round wealth (approx),5.24,3.5200000000000005,25,0,0,0,1,1,1,0.6529073195774684
20260731_013853,results/To_Use/simulation_llama3.1_8b_Full_scnldf_sh1_ldf1_seed1_26agents_30rounds_20260731_013853.json,4,5,developed,SI,3063221.0,5461182.466666667,1.0,5461182.0,0.5609080118997916,3063221.0,0.5609080598302711,proportional columns are analyst-derived; stage1_cap uses end-of-round wealth (approx),5.28,0.04,25,0,0,0,0,0,0,0.5609080118997916
20260731_013853,results/To_Use/simulation_llama3.1_8b_Full_scnldf_sh1_ldf1_seed1_26agents_30rounds_20260731_013853.json,5,5,developed,SI,0.0,8279134.133333333,1.0,8279134.0,0.0,0.0,0.0,proportional columns are analyst-derived; stage1_cap uses end-of-round wealth (approx),6.56,1.2799999999999994,25,0,0,0,0,0,0,0.0
20260731_013853,results/To_Use/simulation_llama3.1_8b_Full_scnldf_sh1_ldf1_seed1_26agents_30rounds_20260731_013853.json,6,5,developed,SI,0.0,9946064.8,1.0,9946064.0,0.0,0.0,0.0,proportional columns are analyst-derived; stage1_cap uses end-of-round wealth (approx),1.0,-5.56,25,1,1,1,0,0,0,0.0
20260731_013853,results/To_Use/simulation_llama3.1_8b_Full_scnldf_sh1_ldf1_seed1_26agents_30rounds_20260731_013853.json,7,5,developed,SI,3063221.0,10418497.6,1.0,10418497.0,0.2940175366551891,3063221.0,0.294017553587624,proportional columns are analyst-derived; stage1_cap uses end-of-round wealth (approx),1.0,0.0,25,1,1,0,1,1,1,0.2940175366551891
20260731_013853,results/To_Use/simulation_llama3.1_8b_Full_scnldf_sh1_ldf1_seed1_26agents_30rounds_20260731_013853.json,8,5,developed,SI,1000000.0,13172728.533333331,1.0,13172728.0,0.075914416475639,1000000.0,0.0759144195492384,proportional columns are analyst-derived; stage1_cap uses end-of-round wealth (approx),6.8,5.8,25,0,0,0,1,0,1,0.075914416475639
20260731_013853,results/To_Use/simulation_llama3.1_8b_Full_scnldf_sh1_ldf1_seed1_26agents_30rounds_20260731_013853.json,9,5,developed,SI,2000000.0,17406934.266666666,1.0,17406934.0,0.114896739963561,2000000.0,0.1148967417237291,proportional columns are analyst-derived; stage1_cap uses end-of-round wealth (approx),5.0,-1.7999999999999998,25,0,0,1,0,0,0,0.114896739963561
20260731_013853,results/To_Use/simulation_llama3.1_8b_Full_scnldf_sh1_ldf1_seed1_26agents_30rounds_20260731_013853.json,10,5,developed,SI,6000000.0,20172117.93333333,1.0,20172117.0,0.2974402598591457,6000000.0,0.2974402736212565,proportional columns are analyst-derived; stage1_cap uses end-of-round wealth (approx),4.76,-0.2400000000000002,25,0,0,0,0,1,0,0.2974402598591457
20260731_013853,results/To_Use/simulation_llama3.1_8b_Full_scnldf_sh1_ldf1_seed1_26agents_30rounds_20260731_013853.json,11,5,developed,SI,12000000.0,18681072.4,1.0,18681072.0,0.6423614096158634,12000000.0,0.6423614233701364,proportional columns are analyst-derived; stage1_cap uses end-of-round wealth (approx),5.0,0.2400000000000002,25,0,0,0,0,0,0,0.6423614096158634
20260731_013853,results/To_Use/simulation_llama3.1_8b_Full_scnldf_sh1_ldf1_seed1_26agents_30rounds_20260731_013853.json,12,5,developed,SI,12000000.0,23461555.73333333,1.0,23461555.0,0.5114750333010029,12000000.0,0.51147504928808,proportional columns are analyst-derived; stage1_cap uses end-of-round wealth (approx),6.28,1.2800000000000002,25,0,0,0,0,0,0,0.5114750333010029
20260731_013853,results/To_Use/simulation_llama3.1_8b_Full_scnldf_sh1_ldf1_seed1_26agents_30rounds_20260731_013853.json,13,5,developed,SI,12000000.0,30453979.866666667,1.0,30453979.0,0.394037168624209,12000000.0,0.3940371798378136,proportional columns are analyst-derived; stage1_cap uses end-of-round wealth (approx),5.72,-0.5600000000000005,25,0,0,0,0,0,0,0.394037168624209
20260731_013853,results/To_Use/simulation_llama3.1_8b_Full_scnldf_sh1_ldf1_seed1_26agents_30rounds_20260731_013853.json,14,5,developed,SI,12000000.0,38562620.66666667,1.0,38562620.0,0.3111821705201881,12000000.0,0.311182175899874,proportional columns are analyst-derived; stage1_cap uses end-of-round wealth (approx),6.44,0.7200000000000006,25,0,0,0,0,0,0,0.3111821705201881
20260731_013853,results/To_Use/simulation_llama3.1_8b_Full_scnldf_sh1_ldf1_seed1_26agents_30rounds_20260731_013853.json,15,5,developed,SI,12000000.0,49485893.53333335,1.0,49485893.0,0.242493347966262,12000000.0,0.2424933505797298,proportional columns are analyst-derived; stage1_cap uses end-of-round wealth (approx),5.0,-1.4400000000000004,25,0,0,1,0,0,0,0.242493347966262
20260731_013853,results/To_Use/simulation_llama3.1_8b_Full_scnldf_sh1_ldf1_seed1_26agents_30rounds_20260731_013853.json,16,5,developed,SI,12000000.0,65905084.20000002,1.0,65905084.0,0.1820800344262362,12000000.0,0.1820800349787885,proportional columns are analyst-derived; stage1_cap uses end-of-round wealth (approx),5.0,0.0,25,0,0,0,0,1,0,0.1820800344262362
20260731_013853,results/To_Use/simulation_llama3.1_8b_Full_scnldf_sh1_ldf1_seed1_26agents_30rounds_20260731_013853.json,17,5,developed,SI,12000000.0,78373797.06666669,1.0,78373797.0,0.1531123978820689,12000000.0,0.1531123980123101,proportional columns are analyst-derived; stage1_cap uses end-of-round wealth (approx),5.72,0.7199999999999998,25,0,0,0,0,0,0,0.1531123978820689
20260731_013853,results/To_Use/simulation_llama3.1_8b_Full_scnldf_sh1_ldf1_seed1_26agents_30rounds_20260731_013853.json,18,5,developed,SI,20000000.0,89530137.86666669,1.0,89530137.0,0.22338846422626,20000000.0,0.2233884663886977,proportional columns are analyst-derived; stage1_cap uses end-of-round wealth (approx),5.0,-0.7199999999999998,25,0,0,0,0,0,0,0.22338846422626
20260731_013853,results/To_Use/simulation_llama3.1_8b_Full_scnldf_sh1_ldf1_seed1_26agents_30rounds_20260731_013853.json,19,5,developed,SI,19423998.0,98304496.33333336,1.0,98304496.0,0.1975901278628865,19423998.0,0.1975901285328801,proportional columns are analyst-derived; stage1_cap uses end-of-round wealth (approx),4.6,-0.4000000000000003,25,0,0,0,0,0,0,0.1975901278628865
20260731_013853,results/To_Use/simulation_llama3.1_8b_Full_scnldf_sh1_ldf1_seed1_26agents_30rounds_20260731_013853.json,20,5,developed,SI,12000000.0,113155126.2666667,1.0,113155126.0,0.1060491061776577,12000000.0,0.106049106427578,proportional columns are analyst-derived; stage1_cap uses end-of-round wealth (approx),5.0,0.4000000000000003,25,0,0,0,0,0,0,0.1060491061776577
20260731_013853,results/To_Use/simulation_llama3.1_8b_Full_scnldf_sh1_ldf1_seed1_26agents_30rounds_20260731_013853.json,21,5,developed,SI,10626200.0,129893098.6666667,1.0,129893098.0,0.0818072715877622,10626200.0,0.0818072720076319,proportional columns are analyst-derived; stage1_cap uses end-of-round wealth (approx),5.48,0.4800000000000004,25,0,0,0,0,0,0,0.0818072715877622
20260731_013853,results/To_Use/simulation_llama3.1_8b_Full_scnldf_sh1_ldf1_seed1_26agents_30rounds_20260731_013853.json,22,5,developed,SI,20000000.0,151973387.53333336,1.0,151973387.0,0.1316019885100821,20000000.0,0.1316019889719244,proportional columns are analyst-derived; stage1_cap uses end-of-round wealth (approx),6.44,0.96,25,0,0,0,0,0,0,0.1316019885100821
20260731_013853,results/To_Use/simulation_llama3.1_8b_Full_scnldf_sh1_ldf1_seed1_26agents_30rounds_20260731_013853.json,23,5,developed,SI,10000000.0,179056674.4666667,1.0,179056674.0,0.0558482392783498,10000000.0,0.0558482394239044,proportional columns are analyst-derived; stage1_cap uses end-of-round wealth (approx),6.8,0.3599999999999994,25,0,0,0,0,0,0,0.0558482392783498
20260731_013853,results/To_Use/simulation_llama3.1_8b_Full_scnldf_sh1_ldf1_seed1_26agents_30rounds_20260731_013853.json,24,5,developed,SI,10000000.0,194823623.13333336,1.0,194823623.0,0.0513284777234442,10000000.0,0.0513284777585724,proportional columns are analyst-derived; stage1_cap uses end-of-round wealth (approx),5.0,-1.7999999999999998,25,0,0,1,0,0,0,0.0513284777234442
20260731_013853,results/To_Use/simulation_llama3.1_8b_Full_scnldf_sh1_ldf1_seed1_26agents_30rounds_20260731_013853.json,25,5,developed,SI,16659309.0,199431472.6666667,1.0,199431472.0,0.0835340018164769,16659309.0,0.0835340020957173,proportional columns are analyst-derived; stage1_cap uses end-of-round wealth (approx),5.48,0.4800000000000004,25,0,0,0,0,1,0,0.0835340018164769
20260731_013853,results/To_Use/simulation_llama3.1_8b_Full_scnldf_sh1_ldf1_seed1_26agents_30rounds_20260731_013853.json,26,5,developed,SI,16659309.0,223427040.2,1.0,223427040.0,0.0745626356822677,16659309.0,0.0745626357490123,proportional columns are analyst-derived; stage1_cap uses end-of-round wealth (approx),5.0,-0.4800000000000004,25,0,0,0,0,0,0,0.0745626356822677
20260731_013853,results/To_Use/simulation_llama3.1_8b_Full_scnldf_sh1_ldf1_seed1_26agents_30rounds_20260731_013853.json,27,5,developed,SI,15000000.0,257560991.53333336,1.0,257560991.0,0.0582386327630623,15000000.0,0.0582386328836574,proportional columns are analyst-derived; stage1_cap uses end-of-round wealth (approx),5.12,0.1200000000000001,25,0,0,0,0,0,0,0.0582386327630623
20260731_013853,results/To_Use/simulation_llama3.1_8b_Full_scnldf_sh1_ldf1_seed1_26agents_30rounds_20260731_013853.json,28,5,developed,SI,10000000.0,278556043.2666667,1.0,278556043.0,0.0358994185971647,10000000.0,0.0358994186315319,proportional columns are analyst-derived; stage1_cap uses end-of-round wealth (approx),6.44,1.3200000000000005,25,0,0,0,0,0,0,0.0358994185971647
20260731_013853,results/To_Use/simulation_llama3.1_8b_Full_scnldf_sh1_ldf1_seed1_26agents_30rounds_20260731_013853.json,29,5,developed,SI,12000000.0,284574590.6666667,1.0,284574590.0,0.0421682061349464,12000000.0,0.0421682062337329,proportional columns are analyst-derived; stage1_cap uses end-of-round wealth (approx),5.0,-1.4400000000000004,25,0,0,1,0,0,0,0.0421682061349464
20260731_013853,results/To_Use/simulation_llama3.1_8b_Full_scnldf_sh1_ldf1_seed1_26agents_30rounds_20260731_013853.json,30,5,developed,SI,16616178.0,285142985.8,1.0,285142985.0,0.058273143045695,16616178.0,0.0582731432091867,proportional columns are analyst-derived; stage1_cap uses end-of-round wealth (approx),6.44,1.4400000000000004,25,0,0,0,0,1,0,0.058273143045695
20260731_013853,results/To_Use/simulation_llama3.1_8b_Full_scnldf_sh1_ldf1_seed1_26agents_30rounds_20260731_013853.json,1,6,developed,SI,200000.0,3450683.333333333,1.0,3450683.0,0.0579595345849372,200000.0,0.0579595401837839,proportional columns are analyst-derived; stage1_cap uses end-of-round wealth (approx),5.0,,0,0,0,0,0,0,0,0.0579595345849372
20260731_013853,results/To_Use/simulation_llama3.1_8b_Full_scnldf_sh1_ldf1_seed1_26agents_30rounds_20260731_013853.json,2,6,developed,SI,300000.0,6467445.333333333,1.0,6467445.0,0.0463861671089501,300000.0,0.0463861694997019,proportional columns are analyst-derived; stage1_cap uses end-of-round wealth (approx),5.0,0.0,25,0,0,0,0,0,0,0.0463861671089501
20260731_013853,results/To_Use/simulation_llama3.1_8b_Full_scnldf_sh1_ldf1_seed1_26agents_30rounds_20260731_013853.json,3,6,developed,SI,4000000.0,5298764.8,1.0,5298764.0,0.7548929139108043,4000000.0,0.7548930278834838,proportional columns are analyst-derived; stage1_cap uses end-of-round wealth (approx),5.12,0.1200000000000001,25,0,0,0,0,0,0,0.7548929139108043
20260731_013853,results/To_Use/simulation_llama3.1_8b_Full_scnldf_sh1_ldf1_seed1_26agents_30rounds_20260731_013853.json,4,6,developed,SI,5000000.0,2722447.4666666663,1.0,2722447.0,1.8365827297751105,5000000.0,1.836583044591869,proportional columns are analyst-derived; stage1_cap uses end-of-round wealth (approx),5.96,0.8399999999999999,25,0,0,0,0,0,0,1.8365827297751105
20260731_013853,results/To_Use/simulation_llama3.1_8b_Full_scnldf_sh1_ldf1_seed1_26agents_30rounds_20260731_013853.json,5,6,developed,SI,1350000.0,4192236.133333333,1.0,4192236.0,0.3220238452853053,1350000.0,0.3220238555272174,proportional columns are analyst-derived; stage1_cap uses end-of-round wealth (approx),5.24,-0.7199999999999998,25,0,0,0,0,0,0,0.3220238452853053
20260731_013853,results/To_Use/simulation_llama3.1_8b_Full_scnldf_sh1_ldf1_seed1_26agents_30rounds_20260731_013853.json,6,6,developed,SI,0.0,5869096.8,1.0,5869096.0,0.0,0.0,0.0,proportional columns are analyst-derived; stage1_cap uses end-of-round wealth (approx),5.6,0.3599999999999994,25,0,0,0,0,0,0,0.0
20260731_013853,results/To_Use/simulation_llama3.1_8b_Full_scnldf_sh1_ldf1_seed1_26agents_30rounds_20260731_013853.json,7,6,developed,SI,2000000.0,7403732.6,1.0,7403732.0,0.2701340132138213,2000000.0,0.2701340351055387,proportional columns are analyst-derived; stage1_cap uses end-of-round wealth (approx),1.0,-4.6,25,1,1,1,0,0,0,0.2701340132138213
20260731_013853,results/To_Use/simulation_llama3.1_8b_Full_scnldf_sh1_ldf1_seed1_26agents_30rounds_20260731_013853.json,8,6,developed,SI,1500000.0,9674615.533333331,1.0,9674615.0,0.1550449208892938,1500000.0,0.1550449294364685,proportional columns are analyst-derived; stage1_cap uses end-of-round wealth (approx),6.2,5.2,25,0,0,0,1,1,1,0.1550449208892938
20260731_013853,results/To_Use/simulation_llama3.1_8b_Full_scnldf_sh1_ldf1_seed1_26agents_30rounds_20260731_013853.json,9,6,developed,SI,5000000.0,10944571.266666666,1.0,10944571.0,0.4568474980128504,5000000.0,0.4568475091440313,proportional columns are analyst-derived; stage1_cap uses end-of-round wealth (approx),6.8,0.5999999999999996,25,0,0,0,0,0,0,0.4568474980128504
20260731_013853,results/To_Use/simulation_llama3.1_8b_Full_scnldf_sh1_ldf1_seed1_26agents_30rounds_20260731_013853.json,10,6,developed,SI,3000000.0,15780889.933333332,1.0,15780889.0,0.1901033473190394,3000000.0,0.1901033585623725,proportional columns are analyst-derived; stage1_cap uses end-of-round wealth (approx),6.2,-0.5999999999999996,25,0,0,0,0,0,0,0.1901033473190394
20260731_013853,results/To_Use/simulation_llama3.1_8b_Full_scnldf_sh1_ldf1_seed1_26agents_30rounds_20260731_013853.json,11,6,developed,SI,8000000.0,18030374.4,1.0,18030374.0,0.4436957227022419,8000000.0,0.4436957325455368,proportional columns are analyst-derived; stage1_cap uses end-of-round wealth (approx),7.08,0.8799999999999999,25,0,0,0,0,0,0,0.4436957227022419
20260731_013853,results/To_Use/simulation_llama3.1_8b_Full_scnldf_sh1_ldf1_seed1_26agents_30rounds_20260731_013853.json,12,6,developed,SI,10000000.0,24063189.73333333,1.0,24063189.0,0.41557250351343,10000000.0,0.4155725161781342,proportional columns are analyst-derived; stage1_cap uses end-of-round wealth (approx),4.52,-2.5600000000000005,25,0,0,1,0,0,0,0.41557250351343
20260731_013853,results/To_Use/simulation_llama3.1_8b_Full_scnldf_sh1_ldf1_seed1_26agents_30rounds_20260731_013853.json,13,6,developed,SI,10000000.0,33108488.866666667,1.0,33108488.0,0.3020373427573709,10000000.0,0.3020373506636727,proportional columns are analyst-derived; stage1_cap uses end-of-round wealth (approx),5.0,0.4800000000000004,25,0,0,0,0,1,0,0.3020373427573709
20260731_013853,results/To_Use/simulation_llama3.1_8b_Full_scnldf_sh1_ldf1_seed1_26agents_30rounds_20260731_013853.json,14,6,developed,SI,10000000.0,43197459.66666667,1.0,43197459.0,0.2314950943218659,10000000.0,0.2314950978945312,proportional columns are analyst-derived; stage1_cap uses end-of-round wealth (approx),5.0,0.0,25,0,0,0,0,0,0,0.2314950943218659
20260731_013853,results/To_Use/simulation_llama3.1_8b_Full_scnldf_sh1_ldf1_seed1_26agents_30rounds_20260731_013853.json,15,6,developed,SI,12801652.0,53333575.53333335,1.0,53333575.0,0.2400298849642848,12801652.0,0.2400298873645728,proportional columns are analyst-derived; stage1_cap uses end-of-round wealth (approx),5.0,0.0,25,0,0,0,0,0,0,0.2400298849642848
20260731_013853,results/To_Use/simulation_llama3.1_8b_Full_scnldf_sh1_ldf1_seed1_26agents_30rounds_20260731_013853.json,16,6,developed,SI,53333575.0,28451060.20000001,1.0,28451060.0,1.874572498356317,53333575.0,1.874572511533841,proportional columns are analyst-derived; stage1_cap uses end-of-round wealth (approx),4.36,-0.6399999999999997,25,0,0,0,0,0,0,1.874572498356317
20260731_013853,results/To_Use/simulation_llama3.1_8b_Full_scnldf_sh1_ldf1_seed1_26agents_30rounds_20260731_013853.json,17,6,developed,SI,15000000.0,37917536.066666685,1.0,37917536.0,0.3955953249078994,15000000.0,0.3955953256034358,proportional columns are analyst-derived; stage1_cap uses end-of-round wealth (approx),6.52,2.1599999999999997,25,1,0,0,0,0,0,0.3955953249078994
20260731_013853,results/To_Use/simulation_llama3.1_8b_Full_scnldf_sh1_ldf1_seed1_26agents_30rounds_20260731_013853.json,18,6,developed,SI,17971776.0,51100900.86666669,1.0,51100900.0,0.3516919603216439,17971776.0,0.351691966286308,proportional columns are analyst-derived; stage1_cap uses end-of-round wealth (approx),5.6,-0.92,25,0,0,0,0,0,1,0.3516919603216439
20260731_013853,results/To_Use/simulation_llama3.1_8b_Full_scnldf_sh1_ldf1_seed1_26agents_30rounds_20260731_013853.json,19,6,developed,SI,15000000.0,64296660.33333336,1.0,64296660.0,0.2332936099983336,15000000.0,0.2332936112077983,proportional columns are analyst-derived; stage1_cap uses end-of-round wealth (approx),5.0,-0.5999999999999996,25,0,0,0,0,0,0,0.2332936099983336
20260731_013853,results/To_Use/simulation_llama3.1_8b_Full_scnldf_sh1_ldf1_seed1_26agents_30rounds_20260731_013853.json,20,6,developed,SI,17971776.0,73184354.2666667,1.0,73184354.0,0.24556855328005,17971776.0,0.2455685541748445,proportional columns are analyst-derived; stage1_cap uses end-of-round wealth (approx),5.12,0.1200000000000001,25,0,0,0,0,0,0,0.24556855328005
20260731_013853,results/To_Use/simulation_llama3.1_8b_Full_scnldf_sh1_ldf1_seed1_26agents_30rounds_20260731_013853.json,21,6,developed,SI,15000000.0,85554554.6666667,1.0,85554554.0,0.1753267264196773,15000000.0,0.1753267277858756,proportional columns are analyst-derived; stage1_cap uses end-of-round wealth (approx),6.44,1.3200000000000005,25,0,0,0,0,0,0,0.1753267264196773
20260731_013853,results/To_Use/simulation_llama3.1_8b_Full_scnldf_sh1_ldf1_seed1_26agents_30rounds_20260731_013853.json,22,6,developed,SI,17297854.0,110337012.53333336,1.0,110337012.0,0.1567729051461696,17297854.0,0.156772905903959,proportional columns are analyst-derived; stage1_cap uses end-of-round wealth (approx),5.0,-1.4400000000000004,25,0,0,1,0,0,0,0.1567729051461696
20260731_013853,results/To_Use/simulation_llama3.1_8b_Full_scnldf_sh1_ldf1_seed1_26agents_30rounds_20260731_013853.json,23,6,developed,SI,27900000.0,119518841.4666667,1.0,119518841.0,0.2334359976856133,27900000.0,0.2334359985970747,proportional columns are analyst-derived; stage1_cap uses end-of-round wealth (approx),5.0,0.0,25,0,0,0,0,1,0,0.2334359976856133
20260731_013853,results/To_Use/simulation_llama3.1_8b_Full_scnldf_sh1_ldf1_seed1_26agents_30rounds_20260731_013853.json,24,6,developed,SI,0.0,139672245.13333336,1.0,139672245.0,0.0,0.0,0.0,proportional columns are analyst-derived; stage1_cap uses end-of-round wealth (approx),5.36,0.3600000000000003,25,0,0,0,0,0,0,0.0
20260731_013853,results/To_Use/simulation_llama3.1_8b_Full_scnldf_sh1_ldf1_seed1_26agents_30rounds_20260731_013853.json,25,6,developed,SI,20000000.0,140939526.6666667,1.0,140939526.0,0.141904833037375,20000000.0,0.1419048337086077,proportional columns are analyst-derived; stage1_cap uses end-of-round wealth (approx),1.0,-4.36,25,1,1,1,0,0,0,0.141904833037375
20260731_013853,results/To_Use/simulation_llama3.1_8b_Full_scnldf_sh1_ldf1_seed1_26agents_30rounds_20260731_013853.json,26,6,developed,SI,20000000.0,161595428.20000002,1.0,161595428.0,0.1237658776784626,20000000.0,0.1237658778316426,proportional columns are analyst-derived; stage1_cap uses end-of-round wealth (approx),5.0,4.0,25,0,0,0,1,1,1,0.1237658776784626
20260731_013853,results/To_Use/simulation_llama3.1_8b_Full_scnldf_sh1_ldf1_seed1_26agents_30rounds_20260731_013853.json,27,6,developed,SI,30000000.0,181227884.53333336,1.0,181227884.0,0.1655374396564347,30000000.0,0.1655374401435929,proportional columns are analyst-derived; stage1_cap uses end-of-round wealth (approx),5.84,0.8399999999999999,25,0,0,0,0,0,0,0.1655374396564347
20260731_013853,results/To_Use/simulation_llama3.1_8b_Full_scnldf_sh1_ldf1_seed1_26agents_30rounds_20260731_013853.json,28,6,developed,SI,10626200.0,201617032.2666667,1.0,201617032.0,0.0527048726019603,10626200.0,0.0527048726716699,proportional columns are analyst-derived; stage1_cap uses end-of-round wealth (approx),5.24,-0.5999999999999996,25,0,0,0,0,0,0,0.0527048726019603
20260731_013853,results/To_Use/simulation_llama3.1_8b_Full_scnldf_sh1_ldf1_seed1_26agents_30rounds_20260731_013853.json,29,6,developed,SI,20000000.0,199642392.66666672,1.0,199642392.0,0.1001791239468515,20000000.0,0.10017912428138,proportional columns are analyst-derived; stage1_cap uses end-of-round wealth (approx),5.12,-0.1200000000000001,25,0,0,0,0,0,0,0.1001791239468515
20260731_013853,results/To_Use/simulation_llama3.1_8b_Full_scnldf_sh1_ldf1_seed1_26agents_30rounds_20260731_013853.json,30,6,developed,SI,10626200.0,206200698.80000004,1.0,206200698.0,0.0515332880142499,10626200.0,0.0515332882141844,proportional columns are analyst-derived; stage1_cap uses end-of-round wealth (approx),5.6,0.4799999999999995,25,0,0,0,0,0,0,0.0515332880142499
20260731_013853,results/To_Use/simulation_llama3.1_8b_Full_scnldf_sh1_ldf1_seed1_26agents_30rounds_20260731_013853.json,1,7,developing,SFI,0.0,26998.571428571428,0.1,26998.0,0.0,0.0,0.0,proportional columns are analyst-derived; stage1_cap uses end-of-round wealth (approx),5.0,,0,0,0,0,0,0,0,0.0
20260731_013853,results/To_Use/simulation_llama3.1_8b_Full_scnldf_sh1_ldf1_seed1_26agents_30rounds_20260731_013853.json,2,7,developing,SFI,1000.0,71917.77142857143,0.1,71917.0,0.0139047690179498,10000.0,0.0139049181695565,proportional columns are analyst-derived; stage1_cap uses end-of-round wealth (approx),1.96,-3.04,25,1,1,1,0,0,0,0.0139047690179498
20260731_013853,results/To_Use/simulation_llama3.1_8b_Full_scnldf_sh1_ldf1_seed1_26agents_30rounds_20260731_013853.json,3,7,developing,SFI,10000.0,128471.0285714286,0.1,128471.0,0.077838561045225,100000.0,0.0778385783562049,proportional columns are analyst-derived; stage1_cap uses end-of-round wealth (approx),5.56,3.6,25,0,0,0,1,1,1,0.077838561045225
20260731_013853,results/To_Use/simulation_llama3.1_8b_Full_scnldf_sh1_ldf1_seed1_26agents_30rounds_20260731_013853.json,4,7,developing,SFI,0.0,154149.2,0.1,154149.0,0.0,0.0,0.0,proportional columns are analyst-derived; stage1_cap uses end-of-round wealth (approx),6.68,1.12,25,0,0,0,0,0,0,0.0
20260731_013853,results/To_Use/simulation_llama3.1_8b_Full_scnldf_sh1_ldf1_seed1_26agents_30rounds_20260731_013853.json,5,7,developing,SFI,0.0,282791.2,0.1,282791.0,0.0,0.0,0.0,proportional columns are analyst-derived; stage1_cap uses end-of-round wealth (approx),1.0,-5.68,25,1,1,1,0,0,0,0.0
20260731_013853,results/To_Use/simulation_llama3.1_8b_Full_scnldf_sh1_ldf1_seed1_26agents_30rounds_20260731_013853.json,6,7,developing,SFI,0.0,374573.8285714286,0.1,374573.0,0.0,0.0,0.0,proportional columns are analyst-derived; stage1_cap uses end-of-round wealth (approx),1.36,0.3600000000000001,25,1,1,0,1,1,1,0.0
20260731_013853,results/To_Use/simulation_llama3.1_8b_Full_scnldf_sh1_ldf1_seed1_26agents_30rounds_20260731_013853.json,7,7,developing,SFI,0.0,443081.8285714286,0.1,443081.0,0.0,0.0,0.0,proportional columns are analyst-derived; stage1_cap uses end-of-round wealth (approx),1.0,-0.3600000000000001,25,0,1,0,1,0,1,0.0
20260731_013853,results/To_Use/simulation_llama3.1_8b_Full_scnldf_sh1_ldf1_seed1_26agents_30rounds_20260731_013853.json,8,7,developing,SFI,443081.0,123815.00000000006,0.1,123815.0,3.578572870815328,4430810.0,3.578572870815329,proportional columns are analyst-derived; stage1_cap uses end-of-round wealth (approx),1.0,0.0,25,1,1,0,1,0,0,3.578572870815328
20260731_013853,results/To_Use/simulation_llama3.1_8b_Full_scnldf_sh1_ldf1_seed1_26agents_30rounds_20260731_013853.json,9,7,developing,SFI,49253.0,188038.11428571437,0.1,188038.0,0.2619309398368172,492530.0,0.2619310990331741,proportional columns are analyst-derived; stage1_cap uses end-of-round wealth (approx),6.72,5.72,25,0,0,0,1,0,1,0.2619309398368172
20260731_013853,results/To_Use/simulation_llama3.1_8b_Full_scnldf_sh1_ldf1_seed1_26agents_30rounds_20260731_013853.json,10,7,developing,SFI,100000.0,229075.48571428575,0.1,229075.0,0.4365373260617023,1000000.0,0.4365382516643021,proportional columns are analyst-derived; stage1_cap uses end-of-round wealth (approx),5.12,-1.5999999999999996,25,0,0,1,0,0,0,0.4365373260617023
20260731_013853,results/To_Use/simulation_llama3.1_8b_Full_scnldf_sh1_ldf1_seed1_26agents_30rounds_20260731_013853.json,11,7,developing,SFI,150000.0,232640.9714285715,0.1,232640.0,0.6447703475398141,1500000.0,0.6447730398899587,proportional columns are analyst-derived; stage1_cap uses end-of-round wealth (approx),5.4,0.2800000000000002,25,0,0,0,0,1,0,0.6447703475398141
20260731_013853,results/To_Use/simulation_llama3.1_8b_Full_scnldf_sh1_ldf1_seed1_26agents_30rounds_20260731_013853.json,12,7,developing,SFI,120000.0,258096.8571428572,0.1,258096.0,0.4649417328378381,1200000.0,0.4649432769202157,proportional columns are analyst-derived; stage1_cap uses end-of-round wealth (approx),6.44,1.04,25,0,0,0,0,0,0,0.4649417328378381
20260731_013853,results/To_Use/simulation_llama3.1_8b_Full_scnldf_sh1_ldf1_seed1_26agents_30rounds_20260731_013853.json,13,7,developing,SFI,150000.0,250033.3142857144,0.1,250033.0,0.5999200563673456,1500000.0,0.5999208104530201,proportional columns are analyst-derived; stage1_cap uses end-of-round wealth (approx),5.4,-1.04,25,0,0,1,0,0,0,0.5999200563673456
20260731_013853,results/To_Use/simulation_llama3.1_8b_Full_scnldf_sh1_ldf1_seed1_26agents_30rounds_20260731_013853.json,14,7,developing,SFI,120000.0,282361.77142857155,0.1,282361.0,0.4249867090466109,1200000.0,0.4249878701378731,proportional columns are analyst-derived; stage1_cap uses end-of-round wealth (approx),5.0,-0.4000000000000003,25,0,0,0,0,1,0,0.4249867090466109
20260731_013853,results/To_Use/simulation_llama3.1_8b_Full_scnldf_sh1_ldf1_seed1_26agents_30rounds_20260731_013853.json,15,7,developing,SFI,150000.0,280032.6285714287,0.1,280032.0,0.5356518658744049,1500000.0,0.5356530682207747,proportional columns are analyst-derived; stage1_cap uses end-of-round wealth (approx),6.68,1.6799999999999995,25,0,0,0,0,0,0,0.5356518658744049
20260731_013853,results/To_Use/simulation_llama3.1_8b_Full_scnldf_sh1_ldf1_seed1_26agents_30rounds_20260731_013853.json,16,7,developing,SFI,120000.0,285520.6285714287,0.1,285520.0,0.4202848690842651,1200000.0,0.4202857943401513,proportional columns are analyst-derived; stage1_cap uses end-of-round wealth (approx),6.68,0.0,25,0,0,0,0,0,0,0.4202848690842651
20260731_013853,results/To_Use/simulation_llama3.1_8b_Full_scnldf_sh1_ldf1_seed1_26agents_30rounds_20260731_013853.json,17,7,developing,SFI,150000.0,466259.7142857144,0.1,466259.0,0.3217091149077551,1500000.0,0.3217096077501989,proportional columns are analyst-derived; stage1_cap uses end-of-round wealth (approx),6.96,0.2800000000000002,25,0,0,0,0,0,0,0.3217091149077551
20260731_013853,results/To_Use/simulation_llama3.1_8b_Full_scnldf_sh1_ldf1_seed1_26agents_30rounds_20260731_013853.json,18,7,developing,SFI,100000.0,511213.4285714288,0.1,511213.0,0.1956130148604412,1000000.0,0.1956131788510855,proportional columns are analyst-derived; stage1_cap uses end-of-round wealth (approx),5.0,-1.96,25,0,0,1,0,0,0,0.1956130148604412
20260731_013853,results/To_Use/simulation_llama3.1_8b_Full_scnldf_sh1_ldf1_seed1_26agents_30rounds_20260731_013853.json,19,7,developing,SFI,150000.0,489850.68571428594,0.1,489850.0,0.3062157599744387,1500000.0,0.3062161886291722,proportional columns are analyst-derived; stage1_cap uses end-of-round wealth (approx),5.0,0.0,25,0,0,0,0,1,0,0.3062157599744387
20260731_013853,results/To_Use/simulation_llama3.1_8b_Full_scnldf_sh1_ldf1_seed1_26agents_30rounds_20260731_013853.json,20,7,developing,SFI,200000.0,487301.3142857145,0.1,487301.0,0.4104236827129425,2000000.0,0.4104239474164838,proportional columns are analyst-derived; stage1_cap uses end-of-round wealth (approx),6.32,1.3200000000000005,25,0,0,0,0,0,0,0.4104236827129425
20260731_013853,results/To_Use/simulation_llama3.1_8b_Full_scnldf_sh1_ldf1_seed1_26agents_30rounds_20260731_013853.json,21,7,developing,SFI,100000.0,506427.1428571431,0.1,506427.0,0.1974617699908884,1000000.0,0.197461825692548,proportional columns are analyst-derived; stage1_cap uses end-of-round wealth (approx),5.12,-1.2000000000000002,25,0,0,1,0,0,0,0.1974617699908884
20260731_013853,results/To_Use/simulation_llama3.1_8b_Full_scnldf_sh1_ldf1_seed1_26agents_30rounds_20260731_013853.json,22,7,developing,SFI,100000.0,529736.0571428573,0.1,529736.0,0.1887732553818445,1000000.0,0.1887732757448993,proportional columns are analyst-derived; stage1_cap uses end-of-round wealth (approx),5.0,-0.1200000000000001,25,0,0,0,0,1,0,0.1887732553818445
20260731_013853,results/To_Use/simulation_llama3.1_8b_Full_scnldf_sh1_ldf1_seed1_26agents_30rounds_20260731_013853.json,23,7,developing,SFI,0.0,640459.9428571431,0.1,640459.0,0.0,0.0,0.0,proportional columns are analyst-derived; stage1_cap uses end-of-round wealth (approx),5.64,0.6399999999999997,25,0,0,0,0,0,0,0.0
20260731_013853,results/To_Use/simulation_llama3.1_8b_Full_scnldf_sh1_ldf1_seed1_26agents_30rounds_20260731_013853.json,24,7,developing,SFI,0.0,710688.7428571432,0.1,710688.0,0.0,0.0,0.0,proportional columns are analyst-derived; stage1_cap uses end-of-round wealth (approx),1.0,-4.64,25,1,1,1,0,0,0,0.0
20260731_013853,results/To_Use/simulation_llama3.1_8b_Full_scnldf_sh1_ldf1_seed1_26agents_30rounds_20260731_013853.json,25,7,developing,SFI,1069.0,878934.485714286,0.1,878934.0,0.0012162453713842,10690.0,0.0012162460435026,proportional columns are analyst-derived; stage1_cap uses end-of-round wealth (approx),1.0,0.0,25,1,1,0,1,1,1,0.0012162453713842
20260731_013853,results/To_Use/simulation_llama3.1_8b_Full_scnldf_sh1_ldf1_seed1_26agents_30rounds_20260731_013853.json,26,7,developing,SFI,878934.0,212855.34285714317,0.1,212855.0,4.129255052760843,8789340.0,4.129261703976885,proportional columns are analyst-derived; stage1_cap uses end-of-round wealth (approx),4.44,3.4400000000000004,25,0,0,0,1,0,1,4.129255052760843
20260731_013853,results/To_Use/simulation_llama3.1_8b_Full_scnldf_sh1_ldf1_seed1_26agents_30rounds_20260731_013853.json,27,7,developing,SFI,1069.0,346606.8000000003,0.1,346606.0,0.0030841864614312,10690.0,0.0030841935800303,proportional columns are analyst-derived; stage1_cap uses end-of-round wealth (approx),5.16,0.7199999999999998,25,0,0,0,0,0,0,0.0030841864614312
20260731_013853,results/To_Use/simulation_llama3.1_8b_Full_scnldf_sh1_ldf1_seed1_26agents_30rounds_20260731_013853.json,28,7,developing,SFI,0.0,545917.2000000003,0.1,545917.0,0.0,0.0,0.0,proportional columns are analyst-derived; stage1_cap uses end-of-round wealth (approx),5.0,-0.1600000000000001,25,0,0,0,0,0,0,0.0
20260731_013853,results/To_Use/simulation_llama3.1_8b_Full_scnldf_sh1_ldf1_seed1_26agents_30rounds_20260731_013853.json,29,7,developing,SFI,0.0,647945.5428571432,0.1,647945.0,0.0,0.0,0.0,proportional columns are analyst-derived; stage1_cap uses end-of-round wealth (approx),1.0,-4.0,25,1,1,1,0,0,0,0.0
20260731_013853,results/To_Use/simulation_llama3.1_8b_Full_scnldf_sh1_ldf1_seed1_26agents_30rounds_20260731_013853.json,30,7,developing,SFI,1069.0,828047.7428571433,0.1,828047.0,0.0012909883629553,10690.0,0.0012909895211262,proportional columns are analyst-derived; stage1_cap uses end-of-round wealth (approx),1.0,0.0,25,1,1,0,1,1,1,0.0012909883629553
20260731_013853,results/To_Use/simulation_llama3.1_8b_Full_scnldf_sh1_ldf1_seed1_26agents_30rounds_20260731_013853.json,1,8,developing,SFI,0.0,365088.5714285714,0.1,365088.0,0.0,0.0,0.0,proportional columns are analyst-derived; stage1_cap uses end-of-round wealth (approx),5.0,,0,0,0,0,0,0,0,0.0
20260731_013853,results/To_Use/simulation_llama3.1_8b_Full_scnldf_sh1_ldf1_seed1_26agents_30rounds_20260731_013853.json,2,8,developing,SFI,1069.0,409938.7714285714,0.1,409938.0,0.0026077065027899,10690.0,0.0026077114100181,proportional columns are analyst-derived; stage1_cap uses end-of-round wealth (approx),1.0,-4.0,25,1,1,1,0,0,0,0.0026077065027899
20260731_013853,results/To_Use/simulation_llama3.1_8b_Full_scnldf_sh1_ldf1_seed1_26agents_30rounds_20260731_013853.json,3,8,developing,SFI,200000.0,276492.0285714286,0.1,276492.0,0.7233481595594436,2000000.0,0.72334823430696,proportional columns are analyst-derived; stage1_cap uses end-of-round wealth (approx),4.2,3.2,25,0,0,0,1,1,1,0.7233481595594436
20260731_013853,results/To_Use/simulation_llama3.1_8b_Full_scnldf_sh1_ldf1_seed1_26agents_30rounds_20260731_013853.json,4,8,developing,SFI,0.0,302170.20000000007,0.1,302170.0,0.0,0.0,0.0,proportional columns are analyst-derived; stage1_cap uses end-of-round wealth (approx),5.12,0.92,25,0,0,0,0,0,0,0.0
20260731_013853,results/To_Use/simulation_llama3.1_8b_Full_scnldf_sh1_ldf1_seed1_26agents_30rounds_20260731_013853.json,5,8,developing,SFI,0.0,430812.20000000007,0.1,430812.0,0.0,0.0,0.0,proportional columns are analyst-derived; stage1_cap uses end-of-round wealth (approx),1.0,-4.12,25,1,1,1,0,0,0,0.0
20260731_013853,results/To_Use/simulation_llama3.1_8b_Full_scnldf_sh1_ldf1_seed1_26agents_30rounds_20260731_013853.json,6,8,developing,SFI,430812.0,91782.82857142866,0.1,91782.0,4.693819167544251,4308120.0,4.6938615414787215,proportional columns are analyst-derived; stage1_cap uses end-of-round wealth (approx),1.0,0.0,25,1,1,0,1,1,1,4.693819167544251
20260731_013853,results/To_Use/simulation_llama3.1_8b_Full_scnldf_sh1_ldf1_seed1_26agents_30rounds_20260731_013853.json,7,8,developing,SFI,91782.0,68508.82857142866,0.1,68508.0,1.339710544084202,917820.0,1.339726747241198,proportional columns are analyst-derived; stage1_cap uses end-of-round wealth (approx),5.88,4.88,25,0,0,0,1,0,1,1.339710544084202
20260731_013853,results/To_Use/simulation_llama3.1_8b_Full_scnldf_sh1_ldf1_seed1_26agents_30rounds_20260731_013853.json,8,8,developing,SFI,30830.0,161493.00000000012,0.1,161493.0,0.1909061073854593,308300.0,0.1909061073854594,proportional columns are analyst-derived; stage1_cap uses end-of-round wealth (approx),6.24,0.3600000000000003,25,0,0,0,0,0,0,0.1909061073854593
20260731_013853,results/To_Use/simulation_llama3.1_8b_Full_scnldf_sh1_ldf1_seed1_26agents_30rounds_20260731_013853.json,9,8,developing,SFI,0.0,274969.1142857144,0.1,274969.0,0.0,0.0,0.0,proportional columns are analyst-derived; stage1_cap uses end-of-round wealth (approx),7.2,0.96,25,0,0,0,0,0,0,0.0
20260731_013853,results/To_Use/simulation_llama3.1_8b_Full_scnldf_sh1_ldf1_seed1_26agents_30rounds_20260731_013853.json,10,8,developing,SFI,30830.0,385176.48571428587,0.1,385176.0,0.0800412308213147,308300.0,0.0800413317548341,proportional columns are analyst-derived; stage1_cap uses end-of-round wealth (approx),1.0,-6.2,25,1,1,1,0,0,0,0.0800412308213147
20260731_013853,results/To_Use/simulation_llama3.1_8b_Full_scnldf_sh1_ldf1_seed1_26agents_30rounds_20260731_013853.json,11,8,developing,SFI,30830.0,507911.9714285716,0.1,507911.0,0.0606994946649641,308300.0,0.0606996107585777,proportional columns are analyst-derived; stage1_cap uses end-of-round wealth (approx),7.88,6.88,25,0,0,0,1,1,1,0.0606994946649641
20260731_013853,results/To_Use/simulation_llama3.1_8b_Full_scnldf_sh1_ldf1_seed1_26agents_30rounds_20260731_013853.json,12,8,developing,SFI,30830.0,622537.8571428573,0.1,622537.0,0.0495230926862738,308300.0,0.0495231608723658,proportional columns are analyst-derived; stage1_cap uses end-of-round wealth (approx),5.84,-2.04,25,0,0,1,0,0,0,0.0495230926862738
20260731_013853,results/To_Use/simulation_llama3.1_8b_Full_scnldf_sh1_ldf1_seed1_26agents_30rounds_20260731_013853.json,13,8,developing,SFI,30830.0,733644.3142857144,0.1,733644.0,0.0420230885725823,308300.0,0.042023106574851,proportional columns are analyst-derived; stage1_cap uses end-of-round wealth (approx),6.44,0.6000000000000005,25,0,0,0,0,1,0,0.0420230885725823
20260731_013853,results/To_Use/simulation_llama3.1_8b_Full_scnldf_sh1_ldf1_seed1_26agents_30rounds_20260731_013853.json,14,8,developing,SFI,30830.0,855142.7714285715,0.1,855142.0,0.0360524593437145,308300.0,0.0360524918668478,proportional columns are analyst-derived; stage1_cap uses end-of-round wealth (approx),5.12,-1.3200000000000005,25,0,0,1,0,0,0,0.0360524593437145
20260731_013853,results/To_Use/simulation_llama3.1_8b_Full_scnldf_sh1_ldf1_seed1_26agents_30rounds_20260731_013853.json,15,8,developing,SFI,30830.0,971983.6285714288,0.1,971983.0,0.0317186412340219,308300.0,0.0317186617461416,proportional columns are analyst-derived; stage1_cap uses end-of-round wealth (approx),5.36,0.2400000000000002,25,0,0,0,0,1,0,0.0317186412340219
20260731_013853,results/To_Use/simulation_llama3.1_8b_Full_scnldf_sh1_ldf1_seed1_26agents_30rounds_20260731_013853.json,16,8,developing,SFI,30830.0,1066641.6285714288,0.1,1066641.0,0.0289038034651724,308300.0,0.0289038204981807,proportional columns are analyst-derived; stage1_cap uses end-of-round wealth (approx),5.0,-0.3600000000000003,25,0,0,0,0,0,0,0.0289038034651724
20260731_013853,results/To_Use/simulation_llama3.1_8b_Full_scnldf_sh1_ldf1_seed1_26agents_30rounds_20260731_013853.json,17,8,developing,SFI,0.0,1397380.7142857146,0.1,1397380.0,0.0,0.0,0.0,proportional columns are analyst-derived; stage1_cap uses end-of-round wealth (approx),5.0,0.0,25,0,0,0,0,0,0,0.0
20260731_013853,results/To_Use/simulation_llama3.1_8b_Full_scnldf_sh1_ldf1_seed1_26agents_30rounds_20260731_013853.json,18,8,developing,SFI,30830.0,1511504.4285714289,0.1,1511504.0,0.0203968969043236,308300.0,0.0203969026876541,proportional columns are analyst-derived; stage1_cap uses end-of-round wealth (approx),1.0,-4.0,25,1,1,1,0,0,0,0.0203968969043236
20260731_013853,results/To_Use/simulation_llama3.1_8b_Full_scnldf_sh1_ldf1_seed1_26agents_30rounds_20260731_013853.json,19,8,developing,SFI,30830.0,1609311.685714286,0.1,1609311.0,0.0191572585184555,308300.0,0.019157266681207,proportional columns are analyst-derived; stage1_cap uses end-of-round wealth (approx),5.0,4.0,25,0,0,0,1,1,1,0.0191572585184555
20260731_013853,results/To_Use/simulation_llama3.1_8b_Full_scnldf_sh1_ldf1_seed1_26agents_30rounds_20260731_013853.json,20,8,developing,SFI,30830.0,1775932.3142857146,0.1,1775932.0,0.0173598958428772,308300.0,0.0173598989150485,proportional columns are analyst-derived; stage1_cap uses end-of-round wealth (approx),6.08,1.08,25,0,0,0,0,0,0,0.0173598958428772
20260731_013853,results/To_Use/simulation_llama3.1_8b_Full_scnldf_sh1_ldf1_seed1_26agents_30rounds_20260731_013853.json,21,8,developing,SFI,30830.0,1864228.1428571432,0.1,1864228.0,0.0165376754546519,308300.0,0.016537676721946,proportional columns are analyst-derived; stage1_cap uses end-of-round wealth (approx),6.2,0.1200000000000001,25,0,0,0,0,0,0,0.0165376754546519
20260731_013853,results/To_Use/simulation_llama3.1_8b_Full_scnldf_sh1_ldf1_seed1_26agents_30rounds_20260731_013853.json,22,8,developing,SFI,30830.0,1956707.0571428572,0.1,1956707.0,0.0157560631712635,308300.0,0.015756063631397,proportional columns are analyst-derived; stage1_cap uses end-of-round wealth (approx),6.08,-0.1200000000000001,25,0,0,0,0,0,0,0.0157560631712635
20260731_013853,results/To_Use/simulation_llama3.1_8b_Full_scnldf_sh1_ldf1_seed1_26agents_30rounds_20260731_013853.json,23,8,developing,SFI,30830.0,2036600.9428571432,0.1,2036600.0,0.0151379680482464,308300.0,0.0151379750564666,proportional columns are analyst-derived; stage1_cap uses end-of-round wealth (approx),5.0,-1.08,25,0,0,1,0,0,0,0.0151379680482464
20260731_013853,results/To_Use/simulation_llama3.1_8b_Full_scnldf_sh1_ldf1_seed1_26agents_30rounds_20260731_013853.json,24,8,developing,SFI,30830.0,2075999.7428571435,0.1,2075999.0,0.0148506762132684,308300.0,0.0148506815273032,proportional columns are analyst-derived; stage1_cap uses end-of-round wealth (approx),5.12,0.1200000000000001,25,0,0,0,0,1,0,0.0148506762132684
20260731_013853,results/To_Use/simulation_llama3.1_8b_Full_scnldf_sh1_ldf1_seed1_26agents_30rounds_20260731_013853.json,25,8,developing,SFI,30830.0,2214484.485714286,0.1,2214484.0,0.0139219760620972,308300.0,0.0139219791156766,proportional columns are analyst-derived; stage1_cap uses end-of-round wealth (approx),5.48,0.3600000000000003,25,0,0,0,0,0,0,0.0139219760620972
20260731_013853,results/To_Use/simulation_llama3.1_8b_Full_scnldf_sh1_ldf1_seed1_26agents_30rounds_20260731_013853.json,26,8,developing,SFI,30830.0,2396509.3428571434,0.1,2396509.0,0.0128645440469028,308300.0,0.012864545887372,proportional columns are analyst-derived; stage1_cap uses end-of-round wealth (approx),5.0,-0.4800000000000004,25,0,0,0,0,0,0,0.0128645440469028
20260731_013853,results/To_Use/simulation_llama3.1_8b_Full_scnldf_sh1_ldf1_seed1_26agents_30rounds_20260731_013853.json,27,8,developing,SFI,30830.0,2500499.8000000007,0.1,2500499.0,0.0123295350793469,308300.0,0.0123295390240108,proportional columns are analyst-derived; stage1_cap uses end-of-round wealth (approx),6.32,1.3200000000000005,25,0,0,0,0,0,0,0.0123295350793469
20260731_013853,results/To_Use/simulation_llama3.1_8b_Full_scnldf_sh1_ldf1_seed1_26agents_30rounds_20260731_013853.json,28,8,developing,SFI,30830.0,2668980.2000000007,0.1,2668980.0,0.0115512284429835,308300.0,0.0115512293085748,proportional columns are analyst-derived; stage1_cap uses end-of-round wealth (approx),5.0,-1.3200000000000005,25,0,0,1,0,0,0,0.0115512284429835
20260731_013853,results/To_Use/simulation_llama3.1_8b_Full_scnldf_sh1_ldf1_seed1_26agents_30rounds_20260731_013853.json,29,8,developing,SFI,30830.0,2740178.542857144,0.1,2740178.0,0.0112510916780824,308300.0,0.0112510939070381,proportional columns are analyst-derived; stage1_cap uses end-of-round wealth (approx),5.0,0.0,25,0,0,0,0,1,0,0.0112510916780824
20260731_013853,results/To_Use/simulation_llama3.1_8b_Full_scnldf_sh1_ldf1_seed1_26agents_30rounds_20260731_013853.json,30,8,developing,SFI,30830.0,2890519.742857144,0.1,2890519.0,0.0106659018940053,308300.0,0.0106659046351191,proportional columns are analyst-derived; stage1_cap uses end-of-round wealth (approx),5.0,0.0,25,0,0,0,0,0,0,0.0106659018940053
20260731_013853,results/To_Use/simulation_llama3.1_8b_Full_scnldf_sh1_ldf1_seed1_26agents_30rounds_20260731_013853.json,1,9,developing,SFI,0.0,381648.5714285714,0.1,381648.0,0.0,0.0,0.0,proportional columns are analyst-derived; stage1_cap uses end-of-round wealth (approx),5.0,,0,0,0,0,0,0,0,0.0
20260731_013853,results/To_Use/simulation_llama3.1_8b_Full_scnldf_sh1_ldf1_seed1_26agents_30rounds_20260731_013853.json,2,9,developing,SFI,381648.0,45919.77142857143,0.1,45919.0,8.311191195575885,3816480.0,8.311330821664235,proportional columns are analyst-derived; stage1_cap uses end-of-round wealth (approx),2.16,-2.84,25,1,1,1,0,0,0,8.311191195575885
20260731_013853,results/To_Use/simulation_llama3.1_8b_Full_scnldf_sh1_ldf1_seed1_26agents_30rounds_20260731_013853.json,3,9,developing,SFI,45919.0,66554.02857142859,0.1,66554.0,0.6899507210253666,459190.0,0.6899510172191002,proportional columns are analyst-derived; stage1_cap uses end-of-round wealth (approx),6.0,3.84,25,0,0,0,1,1,1,0.6899507210253666
20260731_013853,results/To_Use/simulation_llama3.1_8b_Full_scnldf_sh1_ldf1_seed1_26agents_30rounds_20260731_013853.json,4,9,developing,SFI,38164.0,54068.20000000001,0.1,54068.0,0.7058492792436218,381640.0,0.7058518902123252,proportional columns are analyst-derived; stage1_cap uses end-of-round wealth (approx),6.44,0.4400000000000004,25,0,0,0,0,0,0,0.7058492792436218
20260731_013853,results/To_Use/simulation_llama3.1_8b_Full_scnldf_sh1_ldf1_seed1_26agents_30rounds_20260731_013853.json,5,9,developing,SFI,10000.0,172710.2,0.1,172710.0,0.057900459845452,100000.0,0.0579005268947947,proportional columns are analyst-derived; stage1_cap uses end-of-round wealth (approx),5.96,-0.4800000000000004,25,0,0,0,0,0,0,0.057900459845452
20260731_013853,results/To_Use/simulation_llama3.1_8b_Full_scnldf_sh1_ldf1_seed1_26agents_30rounds_20260731_013853.json,6,9,developing,SFI,0.0,264492.8285714286,0.1,264492.0,0.0,0.0,0.0,proportional columns are analyst-derived; stage1_cap uses end-of-round wealth (approx),5.0,-0.96,25,0,0,0,0,0,0,0.0
20260731_013853,results/To_Use/simulation_llama3.1_8b_Full_scnldf_sh1_ldf1_seed1_26agents_30rounds_20260731_013853.json,7,9,developing,SFI,128246.0,204754.8285714286,0.1,204754.0,0.6263393195402054,1282460.0,0.6263418541273919,proportional columns are analyst-derived; stage1_cap uses end-of-round wealth (approx),1.0,-4.0,25,0,1,1,0,0,0,0.6263393195402054
20260731_013853,results/To_Use/simulation_llama3.1_8b_Full_scnldf_sh1_ldf1_seed1_26agents_30rounds_20260731_013853.json,8,9,developing,SFI,10000.0,318569.00000000006,0.1,318569.0,0.0313903738279619,100000.0,0.0313903738279619,proportional columns are analyst-derived; stage1_cap uses end-of-round wealth (approx),7.04,6.04,25,0,0,0,1,1,0,0.0313903738279619
20260731_013853,results/To_Use/simulation_llama3.1_8b_Full_scnldf_sh1_ldf1_seed1_26agents_30rounds_20260731_013853.json,9,9,developing,SFI,128246.0,303799.11428571434,0.1,303799.0,0.4221407962348051,1282460.0,0.4221409550393517,proportional columns are analyst-derived; stage1_cap uses end-of-round wealth (approx),5.0,-2.04,25,0,0,1,0,0,0,0.4221407962348051
20260731_013853,results/To_Use/simulation_llama3.1_8b_Full_scnldf_sh1_ldf1_seed1_26agents_30rounds_20260731_013853.json,10,9,developing,SFI,10000.0,434836.48571428575,0.1,434836.0,0.022997150258846,100000.0,0.0229971759467937,proportional columns are analyst-derived; stage1_cap uses end-of-round wealth (approx),8.0,3.0,25,0,0,0,0,1,0,0.022997150258846
20260731_013853,results/To_Use/simulation_llama3.1_8b_Full_scnldf_sh1_ldf1_seed1_26agents_30rounds_20260731_013853.json,11,9,developing,SFI,200000.0,388401.9714285715,0.1,388401.0,0.5149304450345219,2000000.0,0.5149317329255074,proportional columns are analyst-derived; stage1_cap uses end-of-round wealth (approx),5.6,-2.4000000000000004,25,0,0,1,0,0,0,0.5149304450345219
20260731_013853,results/To_Use/simulation_llama3.1_8b_Full_scnldf_sh1_ldf1_seed1_26agents_30rounds_20260731_013853.json,12,9,developing,SFI,128246.0,405611.8571428572,0.1,405611.0,0.3161791198693472,1282460.0,0.3161797880235003,proportional columns are analyst-derived; stage1_cap uses end-of-round wealth (approx),4.52,-1.08,25,1,0,1,0,1,0,0.3161791198693472
20260731_013853,results/To_Use/simulation_llama3.1_8b_Full_scnldf_sh1_ldf1_seed1_26agents_30rounds_20260731_013853.json,13,9,developing,SFI,128246.0,419302.3142857144,0.1,419302.0,0.3058556932090115,1282460.0,0.3058559224616148,proportional columns are analyst-derived; stage1_cap uses end-of-round wealth (approx),5.52,1.0,25,0,0,0,0,1,1,0.3058556932090115
20260731_013853,results/To_Use/simulation_llama3.1_8b_Full_scnldf_sh1_ldf1_seed1_26agents_30rounds_20260731_013853.json,14,9,developing,SFI,200000.0,371630.7714285716,0.1,371630.0,0.5381685677727592,2000000.0,0.5381696849016495,proportional columns are analyst-derived; stage1_cap uses end-of-round wealth (approx),5.12,-0.3999999999999994,25,0,0,0,0,0,0,0.5381685677727592
20260731_013853,results/To_Use/simulation_llama3.1_8b_Full_scnldf_sh1_ldf1_seed1_26agents_30rounds_20260731_013853.json,15,9,developing,SFI,128246.0,391055.6285714287,0.1,391055.0,0.3279482268763076,1282460.0,0.3279487540115841,proportional columns are analyst-derived; stage1_cap uses end-of-round wealth (approx),7.4,2.28,25,0,0,0,0,0,0,0.3279482268763076
20260731_013853,results/To_Use/simulation_llama3.1_8b_Full_scnldf_sh1_ldf1_seed1_26agents_30rounds_20260731_013853.json,16,9,developing,SFI,128246.0,388297.6285714287,0.1,388297.0,0.3302775772075278,1282460.0,0.3302781118576759,proportional columns are analyst-derived; stage1_cap uses end-of-round wealth (approx),5.12,-2.28,25,0,0,1,0,0,0,0.3302775772075278
20260731_013853,results/To_Use/simulation_llama3.1_8b_Full_scnldf_sh1_ldf1_seed1_26agents_30rounds_20260731_013853.json,17,9,developing,SFI,200000.0,519036.7142857144,0.1,519036.0,0.385329196365685,2000000.0,0.3853297266470919,proportional columns are analyst-derived; stage1_cap uses end-of-round wealth (approx),5.36,0.2400000000000002,25,0,0,0,0,1,0,0.385329196365685
20260731_013853,results/To_Use/simulation_llama3.1_8b_Full_scnldf_sh1_ldf1_seed1_26agents_30rounds_20260731_013853.json,18,9,developing,SFI,128246.0,535744.4285714288,0.1,535744.0,0.2393790642713169,1282460.0,0.2393792557639469,proportional columns are analyst-derived; stage1_cap uses end-of-round wealth (approx),5.84,0.4799999999999995,25,0,0,0,0,0,0,0.2393790642713169
20260731_013853,results/To_Use/simulation_llama3.1_8b_Full_scnldf_sh1_ldf1_seed1_26agents_30rounds_20260731_013853.json,19,9,developing,SFI,128246.0,536135.6857142859,0.1,536135.0,0.2392043719849382,1282460.0,0.2392046779262685,proportional columns are analyst-derived; stage1_cap uses end-of-round wealth (approx),5.72,-0.1200000000000001,25,0,0,0,0,0,0,0.2392043719849382
20260731_013853,results/To_Use/simulation_llama3.1_8b_Full_scnldf_sh1_ldf1_seed1_26agents_30rounds_20260731_013853.json,20,9,developing,SFI,128246.0,605340.3142857145,0.1,605340.0,0.2118576889287918,1282460.0,0.2118577989229193,proportional columns are analyst-derived; stage1_cap uses end-of-round wealth (approx),6.8,1.08,25,0,0,0,0,0,0,0.2118576889287918
20260731_013853,results/To_Use/simulation_llama3.1_8b_Full_scnldf_sh1_ldf1_seed1_26agents_30rounds_20260731_013853.json,21,9,developing,SFI,128246.0,596220.1428571431,0.1,596220.0,0.2150984020523578,1282460.0,0.2150984535909563,proportional columns are analyst-derived; stage1_cap uses end-of-round wealth (approx),5.76,-1.04,25,0,0,1,0,0,0,0.2150984020523578
20260731_013853,results/To_Use/simulation_llama3.1_8b_Full_scnldf_sh1_ldf1_seed1_26agents_30rounds_20260731_013853.json,22,9,developing,SFI,128246.0,591283.0571428573,0.1,591283.0,0.2168944272134201,1282460.0,0.2168944481745627,proportional columns are analyst-derived; stage1_cap uses end-of-round wealth (approx),5.0,-0.7599999999999998,25,0,0,0,0,1,0,0.2168944272134201
20260731_013853,results/To_Use/simulation_llama3.1_8b_Full_scnldf_sh1_ldf1_seed1_26agents_30rounds_20260731_013853.json,23,9,developing,SFI,0.0,702006.9428571431,0.1,702006.0,0.0,0.0,0.0,proportional columns are analyst-derived; stage1_cap uses end-of-round wealth (approx),5.0,0.0,25,0,0,0,0,0,0,0.0
20260731_013853,results/To_Use/simulation_llama3.1_8b_Full_scnldf_sh1_ldf1_seed1_26agents_30rounds_20260731_013853.json,24,9,developing,SFI,128246.0,643989.7428571432,0.1,643989.0,0.1991429233500213,1282460.0,0.199143153066279,proportional columns are analyst-derived; stage1_cap uses end-of-round wealth (approx),1.0,-4.0,25,1,1,1,0,0,0,0.1991429233500213
20260731_013853,results/To_Use/simulation_llama3.1_8b_Full_scnldf_sh1_ldf1_seed1_26agents_30rounds_20260731_013853.json,25,9,developing,SFI,128246.0,685058.485714286,0.1,685058.0,0.1872044543266732,1282460.0,0.1872045870568623,proportional columns are analyst-derived; stage1_cap uses end-of-round wealth (approx),5.12,4.12,25,0,0,0,1,1,1,0.1872044543266732
20260731_013853,results/To_Use/simulation_llama3.1_8b_Full_scnldf_sh1_ldf1_seed1_26agents_30rounds_20260731_013853.json,26,9,developing,SFI,128246.0,769667.3428571431,0.1,769667.0,0.1666252325633667,1282460.0,0.1666253067885202,proportional columns are analyst-derived; stage1_cap uses end-of-round wealth (approx),5.12,0.0,25,0,0,0,0,0,0,0.1666252325633667
20260731_013853,results/To_Use/simulation_llama3.1_8b_Full_scnldf_sh1_ldf1_seed1_26agents_30rounds_20260731_013853.json,27,9,developing,SFI,128246.0,776241.8000000003,0.1,776241.0,0.1652139835808893,1282460.0,0.1652141538517032,proportional columns are analyst-derived; stage1_cap uses end-of-round wealth (approx),5.0,-0.1200000000000001,25,0,0,0,0,0,0,0.1652139835808893
20260731_013853,results/To_Use/simulation_llama3.1_8b_Full_scnldf_sh1_ldf1_seed1_26agents_30rounds_20260731_013853.json,28,9,developing,SFI,128246.0,847306.2000000003,0.1,847306.0,0.1513573251322839,1282460.0,0.1513573608590049,proportional columns are analyst-derived; stage1_cap uses end-of-round wealth (approx),7.76,2.76,25,0,0,0,0,0,0,0.1513573251322839
20260731_013853,results/To_Use/simulation_llama3.1_8b_Full_scnldf_sh1_ldf1_seed1_26agents_30rounds_20260731_013853.json,29,9,developing,SFI,128246.0,821088.5428571432,0.1,821088.0,0.1561902198193415,1282460.0,0.1561903230835184,proportional columns are analyst-derived; stage1_cap uses end-of-round wealth (approx),6.36,-1.3999999999999997,25,0,0,1,0,0,0,0.1561902198193415
20260731_013853,results/To_Use/simulation_llama3.1_8b_Full_scnldf_sh1_ldf1_seed1_26agents_30rounds_20260731_013853.json,30,9,developing,SFI,128246.0,874013.7428571433,0.1,874013.0,0.1467322465442762,1282460.0,0.1467323712576357,proportional columns are analyst-derived; stage1_cap uses end-of-round wealth (approx),5.0,-1.3600000000000003,25,0,0,1,0,1,0,0.1467322465442762
20260731_013853,results/To_Use/simulation_llama3.1_8b_Full_scnldf_sh1_ldf1_seed1_26agents_30rounds_20260731_013853.json,1,10,developed,SI,0.0,2200178.333333333,1.0,2200178.0,0.0,0.0,0.0,proportional columns are analyst-derived; stage1_cap uses end-of-round wealth (approx),5.0,,0,0,0,0,0,0,0,0.0
20260731_013853,results/To_Use/simulation_llama3.1_8b_Full_scnldf_sh1_ldf1_seed1_26agents_30rounds_20260731_013853.json,2,10,developed,SI,120000.0,5394520.333333333,1.0,5394520.0,0.0222447951968049,120000.0,0.0222447965713353,proportional columns are analyst-derived; stage1_cap uses end-of-round wealth (approx),1.0,-4.0,25,0,1,1,0,0,0,0.0222447951968049
20260731_013853,results/To_Use/simulation_llama3.1_8b_Full_scnldf_sh1_ldf1_seed1_26agents_30rounds_20260731_013853.json,3,10,developed,SI,100000.0,8112013.8,1.0,8112013.0,0.0123273952024095,100000.0,0.012327396418127,proportional columns are analyst-derived; stage1_cap uses end-of-round wealth (approx),5.6,4.6,25,0,0,0,1,1,0,0.0123273952024095
20260731_013853,results/To_Use/simulation_llama3.1_8b_Full_scnldf_sh1_ldf1_seed1_26agents_30rounds_20260731_013853.json,4,10,developed,SI,0.0,10502655.466666669,1.0,10502655.0,0.0,0.0,0.0,proportional columns are analyst-derived; stage1_cap uses end-of-round wealth (approx),5.0,-0.5999999999999996,25,0,0,0,0,0,0,0.0
20260731_013853,results/To_Use/simulation_llama3.1_8b_Full_scnldf_sh1_ldf1_seed1_26agents_30rounds_20260731_013853.json,5,10,developed,SI,500000.0,12294986.133333333,1.0,12294986.0,0.0406669836450188,500000.0,0.0406669840860331,proportional columns are analyst-derived; stage1_cap uses end-of-round wealth (approx),1.0,-4.0,25,1,1,1,0,0,0,0.0406669836450188
20260731_013853,results/To_Use/simulation_llama3.1_8b_Full_scnldf_sh1_ldf1_seed1_26agents_30rounds_20260731_013853.json,6,10,developed,SI,3000000.0,10976770.8,1.0,10976770.0,0.2733044220983461,3000000.0,0.2733044420170961,proportional columns are analyst-derived; stage1_cap uses end-of-round wealth (approx),6.44,5.44,25,0,0,0,1,1,1,0.2733044220983461
20260731_013853,results/To_Use/simulation_llama3.1_8b_Full_scnldf_sh1_ldf1_seed1_26agents_30rounds_20260731_013853.json,7,10,developed,SI,5000000.0,9577327.6,1.0,9577327.0,0.5220663016685364,5000000.0,0.5220663343749253,proportional columns are analyst-derived; stage1_cap uses end-of-round wealth (approx),5.0,-1.4400000000000004,25,0,0,1,0,0,0,0.5220663016685364
20260731_013853,results/To_Use/simulation_llama3.1_8b_Full_scnldf_sh1_ldf1_seed1_26agents_30rounds_20260731_013853.json,8,10,developed,SI,3000000.0,10358090.533333331,1.0,10358090.0,0.2896286714569361,3000000.0,0.2896286863697844,proportional columns are analyst-derived; stage1_cap uses end-of-round wealth (approx),6.68,1.6799999999999995,25,0,0,0,0,1,0,0.2896286714569361
20260731_013853,results/To_Use/simulation_llama3.1_8b_Full_scnldf_sh1_ldf1_seed1_26agents_30rounds_20260731_013853.json,9,10,developed,SI,4000000.0,12602021.266666666,1.0,12602021.0,0.3174093992826622,4000000.0,0.3174094059992441,proportional columns are analyst-derived; stage1_cap uses end-of-round wealth (approx),5.48,-1.1999999999999993,25,0,0,1,0,0,0,0.3174093992826622
20260731_013853,results/To_Use/simulation_llama3.1_8b_Full_scnldf_sh1_ldf1_seed1_26agents_30rounds_20260731_013853.json,10,10,developed,SI,10000000.0,11542472.933333332,1.0,11542472.0,0.8663654710526678,10000000.0,0.8663655411076587,proportional columns are analyst-derived; stage1_cap uses end-of-round wealth (approx),5.96,0.4799999999999995,25,0,0,0,0,1,0,0.8663654710526678
20260731_013853,results/To_Use/simulation_llama3.1_8b_Full_scnldf_sh1_ldf1_seed1_26agents_30rounds_20260731_013853.json,11,10,developed,SI,4000000.0,17805118.4,1.0,17805118.0,0.2246545015954513,4000000.0,0.2246545066424159,proportional columns are analyst-derived; stage1_cap uses end-of-round wealth (approx),5.84,-0.1200000000000001,25,0,0,0,0,0,0,0.2246545015954513
20260731_013853,results/To_Use/simulation_llama3.1_8b_Full_scnldf_sh1_ldf1_seed1_26agents_30rounds_20260731_013853.json,12,10,developed,SI,4000000.0,30736247.73333333,1.0,30736247.0,0.1301395028665785,4000000.0,0.1301395059715651,proportional columns are analyst-derived; stage1_cap uses end-of-round wealth (approx),5.0,-0.8399999999999999,25,0,0,0,0,0,0,0.1301395028665785
20260731_013853,results/To_Use/simulation_llama3.1_8b_Full_scnldf_sh1_ldf1_seed1_26agents_30rounds_20260731_013853.json,13,10,developed,SI,20000000.0,29783803.866666667,1.0,29783803.0,0.671505899297958,20000000.0,0.6715059188378327,proportional columns are analyst-derived; stage1_cap uses end-of-round wealth (approx),5.0,0.0,25,0,0,0,0,0,0,0.671505899297958
20260731_013853,results/To_Use/simulation_llama3.1_8b_Full_scnldf_sh1_ldf1_seed1_26agents_30rounds_20260731_013853.json,14,10,developed,SI,15000000.0,31474926.66666667,1.0,31474926.0,0.4765698156776218,15000000.0,0.4765698257717905,proportional columns are analyst-derived; stage1_cap uses end-of-round wealth (approx),2.96,-2.04,25,1,1,1,0,0,0,0.4765698156776218
20260731_013853,results/To_Use/simulation_llama3.1_8b_Full_scnldf_sh1_ldf1_seed1_26agents_30rounds_20260731_013853.json,15,10,developed,SI,12347107.0,42079987.53333335,1.0,42079987.0,0.2934199300848017,12347107.0,0.2934199338036867,proportional columns are analyst-derived; stage1_cap uses end-of-round wealth (approx),5.24,2.28,25,0,0,0,1,1,1,0.2934199300848017
20260731_013853,results/To_Use/simulation_llama3.1_8b_Full_scnldf_sh1_ldf1_seed1_26agents_30rounds_20260731_013853.json,16,10,developed,SI,15000000.0,55517965.20000002,1.0,55517965.0,0.2701828128239829,15000000.0,0.2701828137972997,proportional columns are analyst-derived; stage1_cap uses end-of-round wealth (approx),5.0,-0.2400000000000002,25,0,0,0,0,0,0,0.2701828128239829
20260731_013853,results/To_Use/simulation_llama3.1_8b_Full_scnldf_sh1_ldf1_seed1_26agents_30rounds_20260731_013853.json,17,10,developed,SI,18030325.0,61971948.06666669,1.0,61971948.0,0.2909433310149258,18030325.0,0.2909433313279098,proportional columns are analyst-derived; stage1_cap uses end-of-round wealth (approx),5.0,0.0,25,0,0,0,0,0,0,0.2909433310149258
20260731_013853,results/To_Use/simulation_llama3.1_8b_Full_scnldf_sh1_ldf1_seed1_26agents_30rounds_20260731_013853.json,18,10,developed,SI,10000000.0,83123757.86666669,1.0,83123757.0,0.1203025495555715,10000000.0,0.1203025508098725,proportional columns are analyst-derived; stage1_cap uses end-of-round wealth (approx),5.0,0.0,25,0,0,0,0,0,0,0.1203025495555715
20260731_013853,results/To_Use/simulation_llama3.1_8b_Full_scnldf_sh1_ldf1_seed1_26agents_30rounds_20260731_013853.json,19,10,developed,SI,10000000.0,101305254.33333336,1.0,101305254.0,0.098711563045843,10000000.0,0.0987115633706421,proportional columns are analyst-derived; stage1_cap uses end-of-round wealth (approx),5.0,0.0,25,0,0,0,0,0,0,0.098711563045843
20260731_013853,results/To_Use/simulation_llama3.1_8b_Full_scnldf_sh1_ldf1_seed1_26agents_30rounds_20260731_013853.json,20,10,developed,SI,15000000.0,113158217.2666667,1.0,113158217.0,0.1325577617103251,15000000.0,0.1325577620227084,proportional columns are analyst-derived; stage1_cap uses end-of-round wealth (approx),7.16,2.16,25,0,0,0,0,0,0,0.1325577617103251
20260731_013853,results/To_Use/simulation_llama3.1_8b_Full_scnldf_sh1_ldf1_seed1_26agents_30rounds_20260731_013853.json,21,10,developed,SI,15000000.0,125515894.6666667,1.0,125515894.0,0.1195067767300355,15000000.0,0.1195067773647853,proportional columns are analyst-derived; stage1_cap uses end-of-round wealth (approx),5.0,-2.16,25,0,0,1,0,0,0,0.1195067767300355
20260731_013853,results/To_Use/simulation_llama3.1_8b_Full_scnldf_sh1_ldf1_seed1_26agents_30rounds_20260731_013853.json,22,10,developed,SI,30000000.0,137601791.53333336,1.0,137601791.0,0.2180204172176977,30000000.0,0.2180204180627271,proportional columns are analyst-derived; stage1_cap uses end-of-round wealth (approx),6.68,1.6799999999999995,25,0,0,0,0,1,0,0.2180204172176977
20260731_013853,results/To_Use/simulation_llama3.1_8b_Full_scnldf_sh1_ldf1_seed1_26agents_30rounds_20260731_013853.json,23,10,developed,SI,15000000.0,159697395.4666667,1.0,159697395.0,0.0939276433167059,15000000.0,0.0939276435911806,proportional columns are analyst-derived; stage1_cap uses end-of-round wealth (approx),5.0,-1.6799999999999995,25,0,0,1,0,0,0,0.0939276433167059
20260731_013853,results/To_Use/simulation_llama3.1_8b_Full_scnldf_sh1_ldf1_seed1_26agents_30rounds_20260731_013853.json,24,10,developed,SI,50000000.0,135844029.13333336,1.0,135844029.0,0.3680691769744558,50000000.0,0.3680691773357222,proportional columns are analyst-derived; stage1_cap uses end-of-round wealth (approx),5.0,0.0,25,0,0,0,0,1,0,0.3680691769744558
20260731_013853,results/To_Use/simulation_llama3.1_8b_Full_scnldf_sh1_ldf1_seed1_26agents_30rounds_20260731_013853.json,25,10,developed,SI,0.0,157079925.6666667,1.0,157079925.0,0.0,0.0,0.0,proportional columns are analyst-derived; stage1_cap uses end-of-round wealth (approx),5.48,0.4800000000000004,25,0,0,0,0,0,0,0.0
20260731_013853,results/To_Use/simulation_llama3.1_8b_Full_scnldf_sh1_ldf1_seed1_26agents_30rounds_20260731_013853.json,26,10,developed,SI,12000000.0,185728704.2,1.0,185728704.0,0.0646103683956031,12000000.0,0.0646103684651781,proportional columns are analyst-derived; stage1_cap uses end-of-round wealth (approx),1.0,-4.48,25,1,1,1,0,0,0,0.0646103683956031
20260731_013853,results/To_Use/simulation_llama3.1_8b_Full_scnldf_sh1_ldf1_seed1_26agents_30rounds_20260731_013853.json,27,10,developed,SI,10626200.0,221221279.53333336,1.0,221221279.0,0.0480342579267961,10626200.0,0.0480342580425999,proportional columns are analyst-derived; stage1_cap uses end-of-round wealth (approx),4.52,3.52,25,0,0,0,1,1,1,0.0480342579267961
20260731_013853,results/To_Use/simulation_llama3.1_8b_Full_scnldf_sh1_ldf1_seed1_26agents_30rounds_20260731_013853.json,28,10,developed,SI,10626200.0,241632104.2666667,1.0,241632104.0,0.0439767721770649,10626200.0,0.0439767722255979,proportional columns are analyst-derived; stage1_cap uses end-of-round wealth (approx),6.2,1.6800000000000006,25,0,0,0,0,0,0,0.0439767721770649
20260731_013853,results/To_Use/simulation_llama3.1_8b_Full_scnldf_sh1_ldf1_seed1_26agents_30rounds_20260731_013853.json,29,10,developed,SI,12000000.0,247653326.66666672,1.0,247653326.0,0.0484548306356958,12000000.0,0.0484548307661331,proportional columns are analyst-derived; stage1_cap uses end-of-round wealth (approx),5.84,-0.3600000000000003,25,0,0,0,0,0,0,0.0484548306356958
20260731_013853,results/To_Use/simulation_llama3.1_8b_Full_scnldf_sh1_ldf1_seed1_26agents_30rounds_20260731_013853.json,30,10,developed,SI,10626200.0,254211627.80000004,1.0,254211627.0,0.0418006056291025,10626200.0,0.0418006057606483,proportional columns are analyst-derived; stage1_cap uses end-of-round wealth (approx),5.24,-0.5999999999999996,25,0,0,0,0,0,0,0.0418006056291025
20260731_013853,results/To_Use/simulation_llama3.1_8b_Full_scnldf_sh1_ldf1_seed1_26agents_30rounds_20260731_013853.json,1,11,developing,SFI,0.0,409378.5714285714,0.1,409378.0,0.0,0.0,0.0,proportional columns are analyst-derived; stage1_cap uses end-of-round wealth (approx),5.0,,0,0,0,0,0,0,0,0.0
20260731_013853,results/To_Use/simulation_llama3.1_8b_Full_scnldf_sh1_ldf1_seed1_26agents_30rounds_20260731_013853.json,2,11,developing,SFI,1000.0,454297.7714285714,0.1,454297.0,0.0022011994398639,10000.0,0.0022012031776569,proportional columns are analyst-derived; stage1_cap uses end-of-round wealth (approx),1.0,-4.0,25,0,1,1,0,0,0,0.0022011994398639
20260731_013853,results/To_Use/simulation_llama3.1_8b_Full_scnldf_sh1_ldf1_seed1_26agents_30rounds_20260731_013853.json,3,11,developing,SFI,30830.0,490021.0285714286,0.1,490021.0,0.0629156672926456,308300.0,0.0629156709610404,proportional columns are analyst-derived; stage1_cap uses end-of-round wealth (approx),4.08,3.08,25,1,0,0,1,1,0,0.0629156672926456
20260731_013853,results/To_Use/simulation_llama3.1_8b_Full_scnldf_sh1_ldf1_seed1_26agents_30rounds_20260731_013853.json,4,11,developing,SFI,30830.0,484869.20000000007,0.1,484869.0,0.0635841583668337,308300.0,0.0635841845941893,proportional columns are analyst-derived; stage1_cap uses end-of-round wealth (approx),5.48,1.4000000000000004,25,0,0,0,0,0,1,0.0635841583668337
20260731_013853,results/To_Use/simulation_llama3.1_8b_Full_scnldf_sh1_ldf1_seed1_26agents_30rounds_20260731_013853.json,5,11,developing,SFI,30830.0,582681.2000000001,0.1,582681.0,0.0529105795759327,308300.0,0.0529105977370121,proportional columns are analyst-derived; stage1_cap uses end-of-round wealth (approx),7.04,1.5599999999999996,25,0,0,0,0,0,0,0.0529105795759327
20260731_013853,results/To_Use/simulation_llama3.1_8b_Full_scnldf_sh1_ldf1_seed1_26agents_30rounds_20260731_013853.json,6,11,developing,SFI,30830.0,643633.8285714287,0.1,643633.0,0.0478999061755787,308300.0,0.0478999678388149,proportional columns are analyst-derived; stage1_cap uses end-of-round wealth (approx),5.0,-2.04,25,0,0,1,0,0,0,0.0478999061755787
20260731_013853,results/To_Use/simulation_llama3.1_8b_Full_scnldf_sh1_ldf1_seed1_26agents_30rounds_20260731_013853.json,7,11,developing,SFI,30830.0,681311.8285714287,0.1,681311.0,0.0452509390078316,308300.0,0.0452509940394328,proportional columns are analyst-derived; stage1_cap uses end-of-round wealth (approx),6.08,1.08,25,0,0,0,0,1,0,0.0452509390078316
20260731_013853,results/To_Use/simulation_llama3.1_8b_Full_scnldf_sh1_ldf1_seed1_26agents_30rounds_20260731_013853.json,8,11,developing,SFI,30830.0,774296.0000000001,0.1,774296.0,0.039816814241582,308300.0,0.039816814241582,proportional columns are analyst-derived; stage1_cap uses end-of-round wealth (approx),5.12,-0.96,25,0,0,0,0,0,0,0.039816814241582
20260731_013853,results/To_Use/simulation_llama3.1_8b_Full_scnldf_sh1_ldf1_seed1_26agents_30rounds_20260731_013853.json,9,11,developing,SFI,30830.0,856942.1142857145,0.1,856942.0,0.0359767590903122,308300.0,0.0359767638883378,proportional columns are analyst-derived; stage1_cap uses end-of-round wealth (approx),5.36,0.2400000000000002,25,0,0,0,0,0,0,0.0359767590903122
20260731_013853,results/To_Use/simulation_llama3.1_8b_Full_scnldf_sh1_ldf1_seed1_26agents_30rounds_20260731_013853.json,10,11,developing,SFI,30830.0,967149.485714286,0.1,967149.0,0.0318771818166563,308300.0,0.0318771978257745,proportional columns are analyst-derived; stage1_cap uses end-of-round wealth (approx),7.4,2.04,25,0,0,0,0,0,0,0.0318771818166563
20260731_013853,results/To_Use/simulation_llama3.1_8b_Full_scnldf_sh1_ldf1_seed1_26agents_30rounds_20260731_013853.json,11,11,developing,SFI,30830.0,1089884.9714285715,0.1,1089884.0,0.0282873888604862,308300.0,0.0282874140734243,proportional columns are analyst-derived; stage1_cap uses end-of-round wealth (approx),5.36,-2.04,25,0,0,1,0,0,0,0.0282873888604862
20260731_013853,results/To_Use/simulation_llama3.1_8b_Full_scnldf_sh1_ldf1_seed1_26agents_30rounds_20260731_013853.json,12,11,developing,SFI,30830.0,1204510.8571428573,0.1,1204510.0,0.0255954521432292,308300.0,0.0255954703572407,proportional columns are analyst-derived; stage1_cap uses end-of-round wealth (approx),5.48,0.1200000000000001,25,0,0,0,0,1,0,0.0255954521432292
20260731_013853,results/To_Use/simulation_llama3.1_8b_Full_scnldf_sh1_ldf1_seed1_26agents_30rounds_20260731_013853.json,13,11,developing,SFI,30830.0,1315617.3142857144,0.1,1315617.0,0.0234338661138238,308300.0,0.0234338717119039,proportional columns are analyst-derived; stage1_cap uses end-of-round wealth (approx),5.6,0.1199999999999992,25,0,0,0,0,0,0,0.0234338661138238
20260731_013853,results/To_Use/simulation_llama3.1_8b_Full_scnldf_sh1_ldf1_seed1_26agents_30rounds_20260731_013853.json,14,11,developing,SFI,30830.0,1437115.7714285715,0.1,1437115.0,0.0214526905994172,308300.0,0.0214527021150012,proportional columns are analyst-derived; stage1_cap uses end-of-round wealth (approx),5.36,-0.2399999999999993,25,0,0,0,0,0,0,0.0214526905994172
20260731_013853,results/To_Use/simulation_llama3.1_8b_Full_scnldf_sh1_ldf1_seed1_26agents_30rounds_20260731_013853.json,15,11,developing,SFI,30830.0,1553956.6285714286,0.1,1553956.0,0.0198396785554706,308300.0,0.0198396865805724,proportional columns are analyst-derived; stage1_cap uses end-of-round wealth (approx),6.32,0.96,25,0,0,0,0,0,0,0.0198396785554706
20260731_013853,results/To_Use/simulation_llama3.1_8b_Full_scnldf_sh1_ldf1_seed1_26agents_30rounds_20260731_013853.json,16,11,developing,SFI,30830.0,1648614.6285714286,0.1,1648614.0,0.0187005498226805,308300.0,0.0187005569526887,proportional columns are analyst-derived; stage1_cap uses end-of-round wealth (approx),5.36,-0.96,25,0,0,0,0,0,0,0.0187005498226805
20260731_013853,results/To_Use/simulation_llama3.1_8b_Full_scnldf_sh1_ldf1_seed1_26agents_30rounds_20260731_013853.json,17,11,developing,SFI,30830.0,1948523.7142857143,0.1,1948523.0,0.0158222349432896,308300.0,0.0158222407433733,proportional columns are analyst-derived; stage1_cap uses end-of-round wealth (approx),5.0,-0.3600000000000003,25,0,0,0,0,0,0,0.0158222349432896
20260731_013853,results/To_Use/simulation_llama3.1_8b_Full_scnldf_sh1_ldf1_seed1_26agents_30rounds_20260731_013853.json,18,11,developing,SFI,30830.0,2062647.4285714289,0.1,2062647.0,0.014946810382108,308300.0,0.0149468134877174,proportional columns are analyst-derived; stage1_cap uses end-of-round wealth (approx),5.12,0.1200000000000001,25,0,0,0,0,0,0,0.014946810382108
20260731_013853,results/To_Use/simulation_llama3.1_8b_Full_scnldf_sh1_ldf1_seed1_26agents_30rounds_20260731_013853.json,19,11,developing,SFI,30830.0,2160454.685714286,0.1,2160454.0,0.0142701442450328,308300.0,0.0142701487742854,proportional columns are analyst-derived; stage1_cap uses end-of-round wealth (approx),5.24,0.1200000000000001,25,0,0,0,0,0,0,0.0142701442450328
20260731_013853,results/To_Use/simulation_llama3.1_8b_Full_scnldf_sh1_ldf1_seed1_26agents_30rounds_20260731_013853.json,20,11,developing,SFI,30830.0,2327075.314285714,0.1,2327075.0,0.0132483894314624,308300.0,0.0132483912207384,proportional columns are analyst-derived; stage1_cap uses end-of-round wealth (approx),7.76,2.52,25,0,0,0,0,0,0,0.0132483894314624
20260731_013853,results/To_Use/simulation_llama3.1_8b_Full_scnldf_sh1_ldf1_seed1_26agents_30rounds_20260731_013853.json,21,11,developing,SFI,30830.0,2415371.1428571427,0.1,2415371.0,0.0127640839343353,308300.0,0.0127640846892671,proportional columns are analyst-derived; stage1_cap uses end-of-round wealth (approx),5.0,-2.76,25,0,0,1,0,0,0,0.0127640839343353
20260731_013853,results/To_Use/simulation_llama3.1_8b_Full_scnldf_sh1_ldf1_seed1_26agents_30rounds_20260731_013853.json,22,11,developing,SFI,30830.0,2507850.057142857,0.1,2507850.0,0.0122933984478816,308300.0,0.012293398727994,proportional columns are analyst-derived; stage1_cap uses end-of-round wealth (approx),5.0,0.0,25,0,0,0,0,1,0,0.0122933984478816
20260731_013853,results/To_Use/simulation_llama3.1_8b_Full_scnldf_sh1_ldf1_seed1_26agents_30rounds_20260731_013853.json,23,11,developing,SFI,30830.0,2587743.9428571425,0.1,2587743.0,0.0119138526379702,308300.0,0.0119138569788421,proportional columns are analyst-derived; stage1_cap uses end-of-round wealth (approx),5.0,0.0,25,0,0,0,0,0,0,0.0119138526379702
20260731_013853,results/To_Use/simulation_llama3.1_8b_Full_scnldf_sh1_ldf1_seed1_26agents_30rounds_20260731_013853.json,24,11,developing,SFI,30830.0,2627142.7428571424,0.1,2627142.0,0.0117351826747224,308300.0,0.0117351859929916,proportional columns are analyst-derived; stage1_cap uses end-of-round wealth (approx),5.12,0.1200000000000001,25,0,0,0,0,0,0,0.0117351826747224
20260731_013853,results/To_Use/simulation_llama3.1_8b_Full_scnldf_sh1_ldf1_seed1_26agents_30rounds_20260731_013853.json,25,11,developing,SFI,30830.0,2765627.485714285,0.1,2765627.0,0.0111475606021602,308300.0,0.0111475625599547,proportional columns are analyst-derived; stage1_cap uses end-of-round wealth (approx),5.0,-0.1200000000000001,25,0,0,0,0,0,0,0.0111475606021602
20260731_013853,results/To_Use/simulation_llama3.1_8b_Full_scnldf_sh1_ldf1_seed1_26agents_30rounds_20260731_013853.json,26,11,developing,SFI,30830.0,2947652.3428571424,0.1,2947652.0,0.0104591710330793,308300.0,0.0104591722496414,proportional columns are analyst-derived; stage1_cap uses end-of-round wealth (approx),5.24,0.2400000000000002,25,0,0,0,0,0,0,0.0104591710330793
20260731_013853,results/To_Use/simulation_llama3.1_8b_Full_scnldf_sh1_ldf1_seed1_26agents_30rounds_20260731_013853.json,27,11,developing,SFI,30830.0,3051642.8,0.1,3051642.0,0.0101027551455235,308300.0,0.0101027577940007,proportional columns are analyst-derived; stage1_cap uses end-of-round wealth (approx),5.0,-0.2400000000000002,25,0,0,0,0,0,0,0.0101027551455235
20260731_013853,results/To_Use/simulation_llama3.1_8b_Full_scnldf_sh1_ldf1_seed1_26agents_30rounds_20260731_013853.json,28,11,developing,SFI,30830.0,3220123.2,0.1,3220123.0,0.0095741678455035,308300.0,0.0095741684401496,proportional columns are analyst-derived; stage1_cap uses end-of-round wealth (approx),5.0,0.0,25,0,0,0,0,0,0,0.0095741678455035
20260731_013853,results/To_Use/simulation_llama3.1_8b_Full_scnldf_sh1_ldf1_seed1_26agents_30rounds_20260731_013853.json,29,11,developing,SFI,30830.0,3291321.5428571426,0.1,3291321.0,0.0093670580642318,308300.0,0.0093670596091964,proportional columns are analyst-derived; stage1_cap uses end-of-round wealth (approx),5.0,0.0,25,0,0,0,0,0,0,0.0093670580642318
20260731_013853,results/To_Use/simulation_llama3.1_8b_Full_scnldf_sh1_ldf1_seed1_26agents_30rounds_20260731_013853.json,30,11,developing,SFI,30830.0,3441662.742857143,0.1,3441662.0,0.0089578794621828,308300.0,0.0089578813956745,proportional columns are analyst-derived; stage1_cap uses end-of-round wealth (approx),6.8,1.7999999999999998,25,0,0,0,0,0,0,0.0089578794621828
20260731_013853,results/To_Use/simulation_llama3.1_8b_Full_scnldf_sh1_ldf1_seed1_26agents_30rounds_20260731_013853.json,1,12,developing,SFI,0.0,534288.5714285715,0.1,534288.0,0.0,0.0,0.0,proportional columns are analyst-derived; stage1_cap uses end-of-round wealth (approx),5.0,,0,0,0,0,0,0,0,0.0
20260731_013853,results/To_Use/simulation_llama3.1_8b_Full_scnldf_sh1_ldf1_seed1_26agents_30rounds_20260731_013853.json,2,12,developing,SFI,1069.0,579138.7714285714,0.1,579138.0,0.0018458442997402,10690.0,0.0018458467584582,proportional columns are analyst-derived; stage1_cap uses end-of-round wealth (approx),1.0,-4.0,25,0,1,1,0,0,0,0.0018458442997402
20260731_013853,results/To_Use/simulation_llama3.1_8b_Full_scnldf_sh1_ldf1_seed1_26agents_30rounds_20260731_013853.json,3,12,developing,SFI,30824.0,614868.0285714286,0.1,614868.0,0.0501310827164258,308240.0,0.050131085045896,proportional columns are analyst-derived; stage1_cap uses end-of-round wealth (approx),5.04,4.04,25,0,0,0,1,1,0,0.0501310827164258
20260731_013853,results/To_Use/simulation_llama3.1_8b_Full_scnldf_sh1_ldf1_seed1_26agents_30rounds_20260731_013853.json,4,12,developing,SFI,30824.0,609722.2000000001,0.1,609722.0,0.0505541704074412,308240.0,0.0505541869901364,proportional columns are analyst-derived; stage1_cap uses end-of-round wealth (approx),5.0,-0.04,25,0,0,0,0,0,0,0.0505541704074412
20260731_013853,results/To_Use/simulation_llama3.1_8b_Full_scnldf_sh1_ldf1_seed1_26agents_30rounds_20260731_013853.json,5,12,developing,SFI,14912.0,723452.2000000001,0.1,723452.0,0.0206122809495914,149120.0,0.0206122866479047,proportional columns are analyst-derived; stage1_cap uses end-of-round wealth (approx),6.44,1.4400000000000004,25,0,0,0,0,0,0,0.0206122809495914
20260731_013853,results/To_Use/simulation_llama3.1_8b_Full_scnldf_sh1_ldf1_seed1_26agents_30rounds_20260731_013853.json,6,12,developing,SFI,30824.0,784410.8285714287,0.1,784410.0,0.0392957349353995,308240.0,0.0392957764434415,proportional columns are analyst-derived; stage1_cap uses end-of-round wealth (approx),4.68,-1.760000000000001,25,0,0,1,0,0,0,0.0392957349353995
20260731_013853,results/To_Use/simulation_llama3.1_8b_Full_scnldf_sh1_ldf1_seed1_26agents_30rounds_20260731_013853.json,7,12,developing,SFI,30824.0,822094.8285714287,0.1,822094.0,0.0374944579733745,308240.0,0.0374944957632582,proportional columns are analyst-derived; stage1_cap uses end-of-round wealth (approx),6.92,2.24,25,0,0,0,0,1,0,0.0374944579733745
20260731_013853,results/To_Use/simulation_llama3.1_8b_Full_scnldf_sh1_ldf1_seed1_26agents_30rounds_20260731_013853.json,8,12,developing,SFI,30824.0,915085.0,0.1,915085.0,0.0336843025511291,308240.0,0.0336843025511291,proportional columns are analyst-derived; stage1_cap uses end-of-round wealth (approx),5.12,-1.7999999999999998,25,0,0,1,0,0,0,0.0336843025511291
20260731_013853,results/To_Use/simulation_llama3.1_8b_Full_scnldf_sh1_ldf1_seed1_26agents_30rounds_20260731_013853.json,9,12,developing,SFI,30824.0,997737.1142857143,0.1,997737.0,0.0308939093862084,308240.0,0.0308939129249491,proportional columns are analyst-derived; stage1_cap uses end-of-round wealth (approx),6.44,1.3200000000000005,25,0,0,0,0,1,0,0.0308939093862084
20260731_013853,results/To_Use/simulation_llama3.1_8b_Full_scnldf_sh1_ldf1_seed1_26agents_30rounds_20260731_013853.json,10,12,developing,SFI,30824.0,1107950.485714286,0.1,1107950.0,0.0278207378375108,308240.0,0.0278207500338462,proportional columns are analyst-derived; stage1_cap uses end-of-round wealth (approx),6.44,0.0,25,0,0,0,0,0,0,0.0278207378375108
20260731_013853,results/To_Use/simulation_llama3.1_8b_Full_scnldf_sh1_ldf1_seed1_26agents_30rounds_20260731_013853.json,11,12,developing,SFI,30824.0,1230691.9714285715,0.1,1230691.0,0.0250460722224586,308240.0,0.0250460919922222,proportional columns are analyst-derived; stage1_cap uses end-of-round wealth (approx),6.32,-0.1200000000000001,25,0,0,0,0,0,0,0.0250460722224586
20260731_013853,results/To_Use/simulation_llama3.1_8b_Full_scnldf_sh1_ldf1_seed1_26agents_30rounds_20260731_013853.json,12,12,developing,SFI,30824.0,1345323.8571428573,0.1,1345323.0,0.0229119552413667,308240.0,0.0229119698392133,proportional columns are analyst-derived; stage1_cap uses end-of-round wealth (approx),5.0,-1.3200000000000005,25,0,0,1,0,0,0,0.0229119552413667
20260731_013853,results/To_Use/simulation_llama3.1_8b_Full_scnldf_sh1_ldf1_seed1_26agents_30rounds_20260731_013853.json,13,12,developing,SFI,30824.0,1456436.3142857144,0.1,1456436.0,0.0211639875342693,308240.0,0.0211639921012663,proportional columns are analyst-derived; stage1_cap uses end-of-round wealth (approx),6.56,1.5599999999999996,25,0,0,0,0,1,0,0.0211639875342693
20260731_013853,results/To_Use/simulation_llama3.1_8b_Full_scnldf_sh1_ldf1_seed1_26agents_30rounds_20260731_013853.json,14,12,developing,SFI,0.0,1608764.7714285715,0.1,1608764.0,0.0,0.0,0.0,proportional columns are analyst-derived; stage1_cap uses end-of-round wealth (approx),6.32,-0.2399999999999993,25,0,0,0,0,0,0,0.0
20260731_013853,results/To_Use/simulation_llama3.1_8b_Full_scnldf_sh1_ldf1_seed1_26agents_30rounds_20260731_013853.json,15,12,developing,SFI,0.0,1756435.6285714286,0.1,1756435.0,0.0,0.0,0.0,proportional columns are analyst-derived; stage1_cap uses end-of-round wealth (approx),1.0,-5.32,25,1,1,1,0,0,0,0.0
20260731_013853,results/To_Use/simulation_llama3.1_8b_Full_scnldf_sh1_ldf1_seed1_26agents_30rounds_20260731_013853.json,16,12,developing,SFI,0.0,1881923.6285714288,0.1,1881923.0,0.0,0.0,0.0,proportional columns are analyst-derived; stage1_cap uses end-of-round wealth (approx),1.0,0.0,25,1,1,0,1,1,1,0.0
20260731_013853,results/To_Use/simulation_llama3.1_8b_Full_scnldf_sh1_ldf1_seed1_26agents_30rounds_20260731_013853.json,17,12,developing,SFI,1881923.0,330739.7142857143,0.1,330739.0,5.690042407106494,18819230.0,5.690054695696607,proportional columns are analyst-derived; stage1_cap uses end-of-round wealth (approx),1.0,0.0,25,1,1,0,1,0,1,5.690042407106494
20260731_013853,results/To_Use/simulation_llama3.1_8b_Full_scnldf_sh1_ldf1_seed1_26agents_30rounds_20260731_013853.json,18,12,developing,SFI,77849.0,397844.42857142864,0.1,397844.0,0.1956769893185096,778490.0,0.1956772001085852,proportional columns are analyst-derived; stage1_cap uses end-of-round wealth (approx),5.0,4.0,25,0,0,0,1,0,1,0.1956769893185096
20260731_013853,results/To_Use/simulation_llama3.1_8b_Full_scnldf_sh1_ldf1_seed1_26agents_30rounds_20260731_013853.json,19,12,developing,SFI,100000.0,426481.6857142858,0.1,426481.0,0.2344766571453511,1000000.0,0.2344770341468904,proportional columns are analyst-derived; stage1_cap uses end-of-round wealth (approx),6.56,1.5599999999999996,25,0,0,0,0,0,0,0.2344766571453511
20260731_013853,results/To_Use/simulation_llama3.1_8b_Full_scnldf_sh1_ldf1_seed1_26agents_30rounds_20260731_013853.json,20,12,developing,SFI,213382.0,410550.3142857144,0.1,410550.0,0.5197462834031616,2133820.0,0.5197466812812082,proportional columns are analyst-derived; stage1_cap uses end-of-round wealth (approx),5.36,-1.1999999999999993,25,0,0,1,0,0,0,0.5197462834031616
20260731_013853,results/To_Use/simulation_llama3.1_8b_Full_scnldf_sh1_ldf1_seed1_26agents_30rounds_20260731_013853.json,21,12,developing,SFI,77849.0,451827.14285714296,0.1,451827.0,0.1722981924187188,778490.0,0.1722982468953825,proportional columns are analyst-derived; stage1_cap uses end-of-round wealth (approx),5.92,0.5599999999999996,25,0,0,0,0,1,0,0.1722981924187188
20260731_013853,results/To_Use/simulation_llama3.1_8b_Full_scnldf_sh1_ldf1_seed1_26agents_30rounds_20260731_013853.json,22,12,developing,SFI,213382.0,361754.0571428572,0.1,361754.0,0.5898537854289637,2133820.0,0.5898538786025863,proportional columns are analyst-derived; stage1_cap uses end-of-round wealth (approx),5.12,-0.7999999999999998,25,0,0,0,0,0,0,0.5898537854289637
20260731_013853,results/To_Use/simulation_llama3.1_8b_Full_scnldf_sh1_ldf1_seed1_26agents_30rounds_20260731_013853.json,23,12,developing,SFI,213382.0,259095.94285714292,0.1,259095.0,0.8235636484576367,2133820.0,0.8235666454389317,proportional columns are analyst-derived; stage1_cap uses end-of-round wealth (approx),7.04,1.92,25,0,0,0,0,0,0,0.8235636484576367
20260731_013853,results/To_Use/simulation_llama3.1_8b_Full_scnldf_sh1_ldf1_seed1_26agents_30rounds_20260731_013853.json,24,12,developing,SFI,213382.0,115942.74285714292,0.1,115942.0,1.840408418342452,2133820.0,1.8404202101050529,proportional columns are analyst-derived; stage1_cap uses end-of-round wealth (approx),6.56,-0.4800000000000004,25,0,0,0,0,0,0,1.840408418342452
20260731_013853,results/To_Use/simulation_llama3.1_8b_Full_scnldf_sh1_ldf1_seed1_26agents_30rounds_20260731_013853.json,25,12,developing,SFI,0.0,285257.4857142857,0.1,285257.0,0.0,0.0,0.0,proportional columns are analyst-derived; stage1_cap uses end-of-round wealth (approx),5.36,-1.1999999999999993,25,0,0,1,0,0,0,0.0
20260731_013853,results/To_Use/simulation_llama3.1_8b_Full_scnldf_sh1_ldf1_seed1_26agents_30rounds_20260731_013853.json,26,12,developing,SFI,213382.0,284730.3428571429,0.1,284730.0,0.7494178451752143,2133820.0,0.7494187475854318,proportional columns are analyst-derived; stage1_cap uses end-of-round wealth (approx),1.0,-4.36,25,1,1,1,0,1,0,0.7494178451752143
20260731_013853,results/To_Use/simulation_llama3.1_8b_Full_scnldf_sh1_ldf1_seed1_26agents_30rounds_20260731_013853.json,27,12,developing,SFI,213382.0,206168.80000000008,0.1,206168.0,1.034986865131872,2133820.0,1.03499088122308,proportional columns are analyst-derived; stage1_cap uses end-of-round wealth (approx),6.2,5.2,25,0,0,0,1,1,1,1.034986865131872
20260731_013853,results/To_Use/simulation_llama3.1_8b_Full_scnldf_sh1_ldf1_seed1_26agents_30rounds_20260731_013853.json,28,12,developing,SFI,106900.0,298579.20000000007,0.1,298579.0,0.3580289584806978,1069000.0,0.3580291983026267,proportional columns are analyst-derived; stage1_cap uses end-of-round wealth (approx),8.0,1.7999999999999998,25,0,0,0,0,0,0,0.3580289584806978
20260731_013853,results/To_Use/simulation_llama3.1_8b_Full_scnldf_sh1_ldf1_seed1_26agents_30rounds_20260731_013853.json,29,12,developing,SFI,213382.0,187225.5428571429,0.1,187225.0,1.139705601830275,2133820.0,1.1397089063960475,proportional columns are analyst-derived; stage1_cap uses end-of-round wealth (approx),7.0,-1.0,25,0,0,1,0,0,0,1.139705601830275
20260731_013853,results/To_Use/simulation_llama3.1_8b_Full_scnldf_sh1_ldf1_seed1_26agents_30rounds_20260731_013853.json,30,12,developing,SFI,50000.0,318396.74285714293,0.1,318396.0,0.1570367823217143,500000.0,0.1570371487078983,proportional columns are analyst-derived; stage1_cap uses end-of-round wealth (approx),6.44,-0.5599999999999996,25,0,0,0,0,1,0,0.1570367823217143
20260731_013853,results/To_Use/simulation_llama3.1_8b_Full_scnldf_sh1_ldf1_seed1_26agents_30rounds_20260731_013853.json,1,13,developed,SI,22500.0,29998368.33333333,1.0,29998368.0,0.0007500407938854,22500.0,0.0007500408022196,proportional columns are analyst-derived; stage1_cap uses end-of-round wealth (approx),5.0,,0,0,0,0,0,0,0,0.0007500407938854
20260731_013853,results/To_Use/simulation_llama3.1_8b_Full_scnldf_sh1_ldf1_seed1_26agents_30rounds_20260731_013853.json,2,13,developed,SI,15000000.0,18310797.33333333,1.0,18310797.0,0.8191887948371155,15000000.0,0.8191888097497886,proportional columns are analyst-derived; stage1_cap uses end-of-round wealth (approx),4.44,-0.5599999999999996,25,0,0,0,0,0,0,0.8191887948371155
20260731_013853,results/To_Use/simulation_llama3.1_8b_Full_scnldf_sh1_ldf1_seed1_26agents_30rounds_20260731_013853.json,3,13,developed,SI,120000.0,21006013.8,1.0,21006013.0,0.0057126497746088,120000.0,0.0057126499921712,proportional columns are analyst-derived; stage1_cap uses end-of-round wealth (approx),6.8,2.3599999999999994,25,0,0,0,0,0,0,0.0057126497746088
20260731_013853,results/To_Use/simulation_llama3.1_8b_Full_scnldf_sh1_ldf1_seed1_26agents_30rounds_20260731_013853.json,4,13,developed,SI,1200000.0,22204935.466666665,1.0,22204935.0,0.0540420395187097,1200000.0,0.0540420406544761,proportional columns are analyst-derived; stage1_cap uses end-of-round wealth (approx),5.6,-1.2000000000000002,25,0,0,1,0,0,0,0.0540420395187097
20260731_013853,results/To_Use/simulation_llama3.1_8b_Full_scnldf_sh1_ldf1_seed1_26agents_30rounds_20260731_013853.json,5,13,developed,SI,1200000.0,23823319.133333333,1.0,23823319.0,0.0503708149684723,1200000.0,0.0503708152503855,proportional columns are analyst-derived; stage1_cap uses end-of-round wealth (approx),4.24,-1.3599999999999994,25,0,0,1,0,1,0,0.0503708149684723
20260731_013853,results/To_Use/simulation_llama3.1_8b_Full_scnldf_sh1_ldf1_seed1_26agents_30rounds_20260731_013853.json,6,13,developed,SI,1200000.0,24308082.8,1.0,24308082.0,0.0493662955599279,1200000.0,0.0493662971846153,proportional columns are analyst-derived; stage1_cap uses end-of-round wealth (approx),5.36,1.12,25,0,0,0,0,1,0,0.0493662955599279
20260731_013853,results/To_Use/simulation_llama3.1_8b_Full_scnldf_sh1_ldf1_seed1_26agents_30rounds_20260731_013853.json,7,13,developed,SI,1200000.0,25349836.6,1.0,25349836.0,0.0473375832331795,1200000.0,0.0473375843536029,proportional columns are analyst-derived; stage1_cap uses end-of-round wealth (approx),1.0,-4.36,25,0,1,1,0,0,0,0.0473375832331795
20260731_013853,results/To_Use/simulation_llama3.1_8b_Full_scnldf_sh1_ldf1_seed1_26agents_30rounds_20260731_013853.json,8,13,developed,SI,1200000.0,27905296.53333333,1.0,27905296.0,0.0430025890807711,1200000.0,0.0430025899026478,proportional columns are analyst-derived; stage1_cap uses end-of-round wealth (approx),6.16,5.16,25,0,0,0,1,1,0,0.0430025890807711
20260731_013853,results/To_Use/simulation_llama3.1_8b_Full_scnldf_sh1_ldf1_seed1_26agents_30rounds_20260731_013853.json,9,13,developed,SI,1200000.0,32907662.26666667,1.0,32907662.0,0.0364656714377284,1200000.0,0.0364656717332273,proportional columns are analyst-derived; stage1_cap uses end-of-round wealth (approx),5.0,-1.16,25,0,0,1,0,0,0,0.0364656714377284
20260731_013853,results/To_Use/simulation_llama3.1_8b_Full_scnldf_sh1_ldf1_seed1_26agents_30rounds_20260731_013853.json,10,13,developed,SI,10000000.0,31847432.933333337,1.0,31847432.0,0.3139970502782166,10000000.0,0.3139970594803374,proportional columns are analyst-derived; stage1_cap uses end-of-round wealth (approx),5.0,0.0,25,0,0,0,0,1,0,0.3139970502782166
20260731_013853,results/To_Use/simulation_llama3.1_8b_Full_scnldf_sh1_ldf1_seed1_26agents_30rounds_20260731_013853.json,11,13,developed,SI,12000000.0,30317712.40000001,1.0,30317712.0,0.3958082272724507,12000000.0,0.3958082324945893,proportional columns are analyst-derived; stage1_cap uses end-of-round wealth (approx),5.24,0.2400000000000002,25,0,0,0,0,0,0,0.3958082272724507
20260731_013853,results/To_Use/simulation_llama3.1_8b_Full_scnldf_sh1_ldf1_seed1_26agents_30rounds_20260731_013853.json,12,13,developed,SI,12000000.0,35219695.733333334,1.0,35219695.0,0.3407184460325339,12000000.0,0.3407184531268655,proportional columns are analyst-derived; stage1_cap uses end-of-round wealth (approx),5.04,-0.2000000000000001,25,0,0,0,0,0,0,0.3407184460325339
20260731_013853,results/To_Use/simulation_llama3.1_8b_Full_scnldf_sh1_ldf1_seed1_26agents_30rounds_20260731_013853.json,13,13,developed,SI,12000000.0,42246939.86666668,1.0,42246939.0,0.2840442417337815,12000000.0,0.2840442475607522,proportional columns are analyst-derived; stage1_cap uses end-of-round wealth (approx),5.84,0.7999999999999998,25,0,0,0,0,0,0,0.2840442417337815
20260731_013853,results/To_Use/simulation_llama3.1_8b_Full_scnldf_sh1_ldf1_seed1_26agents_30rounds_20260731_013853.json,14,13,developed,SI,12000000.0,50347040.66666667,1.0,50347040.0,0.2383456870771921,12000000.0,0.2383456902332292,proportional columns are analyst-derived; stage1_cap uses end-of-round wealth (approx),5.0,-0.8399999999999999,25,0,0,0,0,0,0,0.2383456870771921
20260731_013853,results/To_Use/simulation_llama3.1_8b_Full_scnldf_sh1_ldf1_seed1_26agents_30rounds_20260731_013853.json,15,13,developed,SI,12000000.0,61275632.53333335,1.0,61275632.0,0.1958364117003952,12000000.0,0.1958364134049241,proportional columns are analyst-derived; stage1_cap uses end-of-round wealth (approx),5.0,0.0,25,0,0,0,0,0,0,0.1958364117003952
20260731_013853,results/To_Use/simulation_llama3.1_8b_Full_scnldf_sh1_ldf1_seed1_26agents_30rounds_20260731_013853.json,16,13,developed,SI,12000000.0,77688723.20000002,1.0,77688723.0,0.1544625719888262,12000000.0,0.154462572386471,proportional columns are analyst-derived; stage1_cap uses end-of-round wealth (approx),5.0,0.0,25,0,0,0,0,0,0,0.1544625719888262
20260731_013853,results/To_Use/simulation_llama3.1_8b_Full_scnldf_sh1_ldf1_seed1_26agents_30rounds_20260731_013853.json,17,13,developed,SI,12000000.0,90163492.06666668,1.0,90163492.0,0.1330915620606977,12000000.0,0.1330915621591053,proportional columns are analyst-derived; stage1_cap uses end-of-round wealth (approx),5.0,0.0,25,0,0,0,0,0,0,0.1330915620606977
20260731_013853,results/To_Use/simulation_llama3.1_8b_Full_scnldf_sh1_ldf1_seed1_26agents_30rounds_20260731_013853.json,18,13,developed,SI,12000000.0,109316750.86666667,1.0,109316750.0,0.1097727466729811,12000000.0,0.109772747543263,proportional columns are analyst-derived; stage1_cap uses end-of-round wealth (approx),6.44,1.4400000000000004,25,0,0,0,0,0,0,0.1097727466729811
20260731_013853,results/To_Use/simulation_llama3.1_8b_Full_scnldf_sh1_ldf1_seed1_26agents_30rounds_20260731_013853.json,19,13,developed,SI,12000000.0,125507902.33333336,1.0,125507902.0,0.0956115095297306,12000000.0,0.0956115097836628,proportional columns are analyst-derived; stage1_cap uses end-of-round wealth (approx),5.0,-1.4400000000000004,25,0,0,1,0,0,0,0.0956115095297306
20260731_013853,results/To_Use/simulation_llama3.1_8b_Full_scnldf_sh1_ldf1_seed1_26agents_30rounds_20260731_013853.json,20,13,developed,SI,10000000.0,142335981.2666667,1.0,142335981.0,0.0702563042107039,10000000.0,0.0702563043423293,proportional columns are analyst-derived; stage1_cap uses end-of-round wealth (approx),6.8,1.7999999999999998,25,0,0,0,0,1,0,0.0702563042107039
20260731_013853,results/To_Use/simulation_llama3.1_8b_Full_scnldf_sh1_ldf1_seed1_26agents_30rounds_20260731_013853.json,21,13,developed,SI,10000000.0,159692585.66666672,1.0,159692585.0,0.0626203148897183,10000000.0,0.0626203151511386,proportional columns are analyst-derived; stage1_cap uses end-of-round wealth (approx),5.0,-1.7999999999999998,25,0,0,1,0,0,0,0.0626203148897183
20260731_013853,results/To_Use/simulation_llama3.1_8b_Full_scnldf_sh1_ldf1_seed1_26agents_30rounds_20260731_013853.json,22,13,developed,SI,12000000.0,189772736.5333334,1.0,189772736.0,0.0632335298484364,12000000.0,0.0632335300261466,proportional columns are analyst-derived; stage1_cap uses end-of-round wealth (approx),5.0,0.0,25,0,0,0,0,1,0,0.0632335298484364
20260731_013853,results/To_Use/simulation_llama3.1_8b_Full_scnldf_sh1_ldf1_seed1_26agents_30rounds_20260731_013853.json,23,13,developed,SI,10626200.0,216242285.46666676,1.0,216242285.0,0.0491402501461167,10626200.0,0.049140250252165,proportional columns are analyst-derived; stage1_cap uses end-of-round wealth (approx),5.0,0.0,25,0,0,0,0,0,0,0.0491402501461167
20260731_013853,results/To_Use/simulation_llama3.1_8b_Full_scnldf_sh1_ldf1_seed1_26agents_30rounds_20260731_013853.json,24,13,developed,SI,12000000.0,230009262.13333336,1.0,230009262.0,0.0521718120770447,12000000.0,0.0521718121072881,proportional columns are analyst-derived; stage1_cap uses end-of-round wealth (approx),5.0,0.0,25,0,0,0,0,0,0,0.0521718120770447
20260731_013853,results/To_Use/simulation_llama3.1_8b_Full_scnldf_sh1_ldf1_seed1_26agents_30rounds_20260731_013853.json,25,13,developed,SI,12000000.0,239269579.66666672,1.0,239269579.0,0.0501526354362202,12000000.0,0.0501526355759584,proportional columns are analyst-derived; stage1_cap uses end-of-round wealth (approx),5.84,0.8399999999999999,25,0,0,0,0,0,0,0.0501526354362202
20260731_013853,results/To_Use/simulation_llama3.1_8b_Full_scnldf_sh1_ldf1_seed1_26agents_30rounds_20260731_013853.json,26,13,developed,SI,10626200.0,269290774.20000005,1.0,269290774.0,0.0394599481975123,10626200.0,0.0394599482268189,proportional columns are analyst-derived; stage1_cap uses end-of-round wealth (approx),5.0,-0.8399999999999999,25,0,0,0,0,0,0,0.0394599481975123
20260731_013853,results/To_Use/simulation_llama3.1_8b_Full_scnldf_sh1_ldf1_seed1_26agents_30rounds_20260731_013853.json,27,13,developed,SI,10626200.0,307779596.53333336,1.0,307779596.0,0.0345253555456173,10626200.0,0.0345253556054443,proportional columns are analyst-derived; stage1_cap uses end-of-round wealth (approx),5.36,0.3600000000000003,25,0,0,0,0,0,0,0.0345253555456173
20260731_013853,results/To_Use/simulation_llama3.1_8b_Full_scnldf_sh1_ldf1_seed1_26agents_30rounds_20260731_013853.json,28,13,developed,SI,12000000.0,326816598.2666667,1.0,326816598.0,0.0367178413325524,12000000.0,0.0367178413625124,proportional columns are analyst-derived; stage1_cap uses end-of-round wealth (approx),5.0,-0.3600000000000003,25,0,0,0,0,0,0,0.0367178413325524
20260731_013853,results/To_Use/simulation_llama3.1_8b_Full_scnldf_sh1_ldf1_seed1_26agents_30rounds_20260731_013853.json,29,13,developed,SI,10626200.0,334184032.6666667,1.0,334184032.0,0.0317974497919807,10626200.0,0.0317974498554138,proportional columns are analyst-derived; stage1_cap uses end-of-round wealth (approx),6.2,1.2000000000000002,25,0,0,0,0,0,0,0.0317974497919807
20260731_013853,results/To_Use/simulation_llama3.1_8b_Full_scnldf_sh1_ldf1_seed1_26agents_30rounds_20260731_013853.json,30,13,developed,SI,10626200.0,340742317.8,1.0,340742317.0,0.0311854426201241,10626200.0,0.0311854426933417,proportional columns are analyst-derived; stage1_cap uses end-of-round wealth (approx),5.16,-1.04,25,0,0,1,0,0,0,0.0311854426201241
20260731_013853,results/To_Use/simulation_llama3.1_8b_Full_scnldf_sh1_ldf1_seed1_26agents_30rounds_20260731_013853.json,1,14,developed,SI,880000.0,2153976.333333333,1.0,2153976.0,0.4085467358121701,880000.0,0.4085467990358296,proportional columns are analyst-derived; stage1_cap uses end-of-round wealth (approx),5.0,,0,0,0,0,0,0,0,0.4085467358121701
20260731_013853,results/To_Use/simulation_llama3.1_8b_Full_scnldf_sh1_ldf1_seed1_26agents_30rounds_20260731_013853.json,2,14,developed,SI,880000.0,4590916.333333333,1.0,4590916.0,0.1916828659260399,880000.0,0.1916828798435867,proportional columns are analyst-derived; stage1_cap uses end-of-round wealth (approx),5.08,0.08,25,0,0,0,0,0,0,0.1916828659260399
20260731_013853,results/To_Use/simulation_llama3.1_8b_Full_scnldf_sh1_ldf1_seed1_26agents_30rounds_20260731_013853.json,3,14,developed,SI,0.0,6640942.8,1.0,6640942.0,0.0,0.0,0.0,proportional columns are analyst-derived; stage1_cap uses end-of-round wealth (approx),7.0,1.92,25,0,0,0,0,0,0,0.0
20260731_013853,results/To_Use/simulation_llama3.1_8b_Full_scnldf_sh1_ldf1_seed1_26agents_30rounds_20260731_013853.json,4,14,developed,SI,3320470.0,4994230.466666667,1.0,4994230.0,0.6648611877569607,3320470.0,0.6648612498823643,proportional columns are analyst-derived; stage1_cap uses end-of-round wealth (approx),1.0,-6.0,25,1,1,1,0,0,0,0.6648611877569607
20260731_013853,results/To_Use/simulation_llama3.1_8b_Full_scnldf_sh1_ldf1_seed1_26agents_30rounds_20260731_013853.json,5,14,developed,SI,880000.0,6934018.133333333,1.0,6934018.0,0.1269105420664605,880000.0,0.1269105445068069,proportional columns are analyst-derived; stage1_cap uses end-of-round wealth (approx),5.0,4.0,25,0,0,0,1,1,1,0.1269105420664605
20260731_013853,results/To_Use/simulation_llama3.1_8b_Full_scnldf_sh1_ldf1_seed1_26agents_30rounds_20260731_013853.json,6,14,developed,SI,0.0,8617228.799999999,1.0,8617228.0,0.0,0.0,0.0,proportional columns are analyst-derived; stage1_cap uses end-of-round wealth (approx),6.08,1.08,25,0,0,0,0,0,0,0.0
20260731_013853,results/To_Use/simulation_llama3.1_8b_Full_scnldf_sh1_ldf1_seed1_26agents_30rounds_20260731_013853.json,7,14,developed,SI,4000000.0,7729130.6,1.0,7729130.0,0.5175226305530405,4000000.0,0.5175226707274946,proportional columns are analyst-derived; stage1_cap uses end-of-round wealth (approx),1.0,-5.08,25,0,1,1,0,0,0,0.5175226305530405
20260731_013853,results/To_Use/simulation_llama3.1_8b_Full_scnldf_sh1_ldf1_seed1_26agents_30rounds_20260731_013853.json,8,14,developed,SI,880000.0,10607207.533333331,1.0,10607207.0,0.0829624571061313,880000.0,0.0829624612775069,proportional columns are analyst-derived; stage1_cap uses end-of-round wealth (approx),4.04,3.04,25,0,0,0,1,1,0,0.0829624571061313
20260731_013853,results/To_Use/simulation_llama3.1_8b_Full_scnldf_sh1_ldf1_seed1_26agents_30rounds_20260731_013853.json,9,14,developed,SI,5000000.0,11849653.266666666,1.0,11849653.0,0.4219532747059452,5000000.0,0.4219532842016555,proportional columns are analyst-derived; stage1_cap uses end-of-round wealth (approx),4.4,0.3600000000000003,25,1,0,0,0,0,0,0.4219532747059452
20260731_013853,results/To_Use/simulation_llama3.1_8b_Full_scnldf_sh1_ldf1_seed1_26agents_30rounds_20260731_013853.json,10,14,developed,SI,10000000.0,10586075.933333332,1.0,10586075.0,0.9446370933834036,10000000.0,0.9446371766684064,proportional columns are analyst-derived; stage1_cap uses end-of-round wealth (approx),5.72,1.3199999999999994,25,0,0,0,0,0,1,0.9446370933834036
20260731_013853,results/To_Use/simulation_llama3.1_8b_Full_scnldf_sh1_ldf1_seed1_26agents_30rounds_20260731_013853.json,11,14,developed,SI,5000000.0,15357177.4,1.0,15357177.0,0.3255806630194947,5000000.0,0.3255806714997163,proportional columns are analyst-derived; stage1_cap uses end-of-round wealth (approx),3.0,-2.72,25,0,1,1,0,0,0,0.3255806630194947
20260731_013853,results/To_Use/simulation_llama3.1_8b_Full_scnldf_sh1_ldf1_seed1_26agents_30rounds_20260731_013853.json,12,14,developed,SI,8000000.0,18087216.73333333,1.0,18087216.0,0.4423013290517287,8000000.0,0.4423013469845221,proportional columns are analyst-derived; stage1_cap uses end-of-round wealth (approx),3.2,0.2000000000000001,25,1,1,0,1,1,0,0.4423013290517287
20260731_013853,results/To_Use/simulation_llama3.1_8b_Full_scnldf_sh1_ldf1_seed1_26agents_30rounds_20260731_013853.json,13,14,developed,SI,10818181.0,26227659.866666667,1.0,26227659.0,0.4124722165452921,10818181.0,0.4124722301750225,proportional columns are analyst-derived; stage1_cap uses end-of-round wealth (approx),3.96,0.7599999999999998,25,1,1,0,1,0,1,0.4124722165452921
20260731_013853,results/To_Use/simulation_llama3.1_8b_Full_scnldf_sh1_ldf1_seed1_26agents_30rounds_20260731_013853.json,14,14,developed,SI,10818181.0,34624524.66666667,1.0,34624524.0,0.3124427296590372,10818181.0,0.3124427356748644,proportional columns are analyst-derived; stage1_cap uses end-of-round wealth (approx),4.68,0.7199999999999998,25,1,0,0,1,0,1,0.3124427296590372
20260731_013853,results/To_Use/simulation_llama3.1_8b_Full_scnldf_sh1_ldf1_seed1_26agents_30rounds_20260731_013853.json,15,14,developed,SI,12000000.0,45557427.53333335,1.0,45557427.0,0.2634038103055724,12000000.0,0.2634038133891977,proportional columns are analyst-derived; stage1_cap uses end-of-round wealth (approx),4.04,-0.6399999999999997,25,0,0,0,0,0,1,0.2634038103055724
20260731_013853,results/To_Use/simulation_llama3.1_8b_Full_scnldf_sh1_ldf1_seed1_26agents_30rounds_20260731_013853.json,16,14,developed,SI,12000000.0,61977738.20000002,1.0,61977738.0,0.1936179077925757,12000000.0,0.193617908417374,proportional columns are analyst-derived; stage1_cap uses end-of-round wealth (approx),2.12,-1.92,25,1,1,1,0,0,0,0.1936179077925757
20260731_013853,results/To_Use/simulation_llama3.1_8b_Full_scnldf_sh1_ldf1_seed1_26agents_30rounds_20260731_013853.json,17,14,developed,SI,10000000.0,76438108.06666669,1.0,76438108.0,0.1308247973808868,10000000.0,0.1308247974949877,proportional columns are analyst-derived; stage1_cap uses end-of-round wealth (approx),4.88,2.76,25,0,0,0,1,1,1,0.1308247973808868
20260731_013853,results/To_Use/simulation_llama3.1_8b_Full_scnldf_sh1_ldf1_seed1_26agents_30rounds_20260731_013853.json,18,14,developed,SI,12000000.0,95589317.86666667,1.0,95589317.0,0.12553703978449,12000000.0,0.1255370409226796,proportional columns are analyst-derived; stage1_cap uses end-of-round wealth (approx),5.0,0.1200000000000001,25,0,0,0,0,0,0,0.12553703978449
20260731_013853,results/To_Use/simulation_llama3.1_8b_Full_scnldf_sh1_ldf1_seed1_26agents_30rounds_20260731_013853.json,19,14,developed,SI,30000000.0,93788328.33333336,1.0,93788328.0,0.3198692260872474,30000000.0,0.3198692272240955,proportional columns are analyst-derived; stage1_cap uses end-of-round wealth (approx),6.2,1.2000000000000002,25,0,0,0,0,0,0,0.3198692260872474
20260731_013853,results/To_Use/simulation_llama3.1_8b_Full_scnldf_sh1_ldf1_seed1_26agents_30rounds_20260731_013853.json,20,14,developed,SI,20000000.0,100650344.2666667,1.0,100650344.0,0.1987077157631102,20000000.0,0.1987077162895737,proportional columns are analyst-derived; stage1_cap uses end-of-round wealth (approx),5.0,-1.2000000000000002,25,0,0,1,0,0,0,0.1987077157631102
20260731_013853,results/To_Use/simulation_llama3.1_8b_Full_scnldf_sh1_ldf1_seed1_26agents_30rounds_20260731_013853.json,21,14,developed,SI,20000000.0,108025459.6666667,1.0,108025459.0,0.185141540352745,20000000.0,0.1851415414953247,proportional columns are analyst-derived; stage1_cap uses end-of-round wealth (approx),5.84,0.8399999999999999,25,0,0,0,0,1,0,0.185141540352745
20260731_013853,results/To_Use/simulation_llama3.1_8b_Full_scnldf_sh1_ldf1_seed1_26agents_30rounds_20260731_013853.json,22,14,developed,SI,10000000.0,140093143.53333336,1.0,140093143.0,0.0713810808137132,10000000.0,0.0713810810854604,proportional columns are analyst-derived; stage1_cap uses end-of-round wealth (approx),5.36,-0.4799999999999995,25,0,0,0,0,0,0,0.0713810808137132
20260731_013853,results/To_Use/simulation_llama3.1_8b_Full_scnldf_sh1_ldf1_seed1_26agents_30rounds_20260731_013853.json,23,14,developed,SI,0.0,177173216.4666667,1.0,177173216.0,0.0,0.0,0.0,proportional columns are analyst-derived; stage1_cap uses end-of-round wealth (approx),5.0,-0.3600000000000003,25,0,0,0,0,0,0,0.0
20260731_013853,results/To_Use/simulation_llama3.1_8b_Full_scnldf_sh1_ldf1_seed1_26agents_30rounds_20260731_013853.json,24,14,developed,SI,0.0,202834438.13333336,1.0,202834438.0,0.0,0.0,0.0,proportional columns are analyst-derived; stage1_cap uses end-of-round wealth (approx),1.0,-4.0,25,1,1,1,0,0,0,0.0
20260731_013853,results/To_Use/simulation_llama3.1_8b_Full_scnldf_sh1_ldf1_seed1_26agents_30rounds_20260731_013853.json,25,14,developed,SI,12000000.0,212093134.6666667,1.0,212093134.0,0.0565789176479457,12000000.0,0.0565789178257887,proportional columns are analyst-derived; stage1_cap uses end-of-round wealth (approx),1.0,0.0,25,1,1,0,1,1,1,0.0565789176479457
20260731_013853,results/To_Use/simulation_llama3.1_8b_Full_scnldf_sh1_ldf1_seed1_26agents_30rounds_20260731_013853.json,26,14,developed,SI,10000000.0,242719430.2,1.0,242719430.0,0.0411998330408077,10000000.0,0.0411998330747563,proportional columns are analyst-derived; stage1_cap uses end-of-round wealth (approx),6.8,5.8,25,0,0,0,1,0,1,0.0411998330408077
20260731_013853,results/To_Use/simulation_llama3.1_8b_Full_scnldf_sh1_ldf1_seed1_26agents_30rounds_20260731_013853.json,27,14,developed,SI,10000000.0,280332053.53333336,1.0,280332053.0,0.0356719821153485,10000000.0,0.0356719821832147,proportional columns are analyst-derived; stage1_cap uses end-of-round wealth (approx),5.12,-1.6799999999999995,25,0,0,1,0,0,0,0.0356719821153485
20260731_013853,results/To_Use/simulation_llama3.1_8b_Full_scnldf_sh1_ldf1_seed1_26agents_30rounds_20260731_013853.json,28,14,developed,SI,10000000.0,301341470.2666667,1.0,301341470.0,0.0331849446116748,10000000.0,0.0331849446410412,proportional columns are analyst-derived; stage1_cap uses end-of-round wealth (approx),5.0,-0.1200000000000001,25,0,0,0,0,1,0,0.0331849446116748
20260731_013853,results/To_Use/simulation_llama3.1_8b_Full_scnldf_sh1_ldf1_seed1_26agents_30rounds_20260731_013853.json,29,14,developed,SI,20000000.0,299363809.6666667,1.0,299363809.0,0.0668083427394562,20000000.0,0.0668083428882347,proportional columns are analyst-derived; stage1_cap uses end-of-round wealth (approx),5.0,0.0,25,0,0,0,0,0,0,0.0668083427394562
20260731_013853,results/To_Use/simulation_llama3.1_8b_Full_scnldf_sh1_ldf1_seed1_26agents_30rounds_20260731_013853.json,30,14,developed,SI,15000000.0,301548378.8,1.0,301548378.0,0.0497432619591321,15000000.0,0.0497432620910996,proportional columns are analyst-derived; stage1_cap uses end-of-round wealth (approx),4.36,-0.6399999999999997,25,0,0,0,0,0,0,0.0497432619591321
20260731_013853,results/To_Use/simulation_llama3.1_8b_Full_scnldf_sh1_ldf1_seed1_26agents_30rounds_20260731_013853.json,1,15,developing,SFI,1000.0,7188.571428571428,0.1,7188.0,0.1391096979332273,10000.0,0.139120756816917,proportional columns are analyst-derived; stage1_cap uses end-of-round wealth (approx),5.0,,0,0,0,0,0,0,0,0.1391096979332273
20260731_013853,results/To_Use/simulation_llama3.1_8b_Full_scnldf_sh1_ldf1_seed1_26agents_30rounds_20260731_013853.json,2,15,developing,SFI,0.0,53107.77142857143,0.1,53107.0,0.0,0.0,0.0,proportional columns are analyst-derived; stage1_cap uses end-of-round wealth (approx),5.0,0.0,25,0,0,0,0,0,0,0.0
20260731_013853,results/To_Use/simulation_llama3.1_8b_Full_scnldf_sh1_ldf1_seed1_26agents_30rounds_20260731_013853.json,3,15,developing,SFI,0.0,119661.0285714286,0.1,119661.0,0.0,0.0,0.0,proportional columns are analyst-derived; stage1_cap uses end-of-round wealth (approx),1.0,-4.0,25,1,1,1,0,0,0,0.0
20260731_013853,results/To_Use/simulation_llama3.1_8b_Full_scnldf_sh1_ldf1_seed1_26agents_30rounds_20260731_013853.json,4,15,developing,SFI,44795.0,100544.2,0.1,100544.0,0.4455254504983877,447950.0,0.4455263367281986,proportional columns are analyst-derived; stage1_cap uses end-of-round wealth (approx),1.0,0.0,25,1,1,0,1,1,1,0.4455254504983877
20260731_013853,results/To_Use/simulation_llama3.1_8b_Full_scnldf_sh1_ldf1_seed1_26agents_30rounds_20260731_013853.json,5,15,developing,SFI,44795.0,184391.2,0.1,184391.0,0.2429345869000256,447950.0,0.2429348503994229,proportional columns are analyst-derived; stage1_cap uses end-of-round wealth (approx),5.0,4.0,25,0,0,0,1,0,1,0.2429345869000256
20260731_013853,results/To_Use/simulation_llama3.1_8b_Full_scnldf_sh1_ldf1_seed1_26agents_30rounds_20260731_013853.json,6,15,developing,SFI,44795.0,231378.8285714286,0.1,231378.0,0.1936002540793027,447950.0,0.1936009473675111,proportional columns are analyst-derived; stage1_cap uses end-of-round wealth (approx),6.56,1.5599999999999996,25,0,0,0,0,0,0,0.1936002540793027
20260731_013853,results/To_Use/simulation_llama3.1_8b_Full_scnldf_sh1_ldf1_seed1_26agents_30rounds_20260731_013853.json,7,15,developing,SFI,44795.0,255091.8285714286,0.1,255091.0,0.1756034297564999,447950.0,0.1756040001411261,proportional columns are analyst-derived; stage1_cap uses end-of-round wealth (approx),6.32,-0.2399999999999993,25,0,0,0,0,0,0,0.1756034297564999
20260731_013853,results/To_Use/simulation_llama3.1_8b_Full_scnldf_sh1_ldf1_seed1_26agents_30rounds_20260731_013853.json,8,15,developing,SFI,44795.0,334111.00000000006,0.1,334111.0,0.1340722095351544,447950.0,0.1340722095351544,proportional columns are analyst-derived; stage1_cap uses end-of-round wealth (approx),6.8,0.4799999999999995,25,0,0,0,0,0,0,0.1340722095351544
20260731_013853,results/To_Use/simulation_llama3.1_8b_Full_scnldf_sh1_ldf1_seed1_26agents_30rounds_20260731_013853.json,9,15,developing,SFI,44795.0,402792.1142857144,0.1,402792.0,0.1112112139519826,447950.0,0.1112112455063655,proportional columns are analyst-derived; stage1_cap uses end-of-round wealth (approx),6.2,-0.5999999999999996,25,0,0,0,0,0,0,0.1112112139519826
20260731_013853,results/To_Use/simulation_llama3.1_8b_Full_scnldf_sh1_ldf1_seed1_26agents_30rounds_20260731_013853.json,10,15,developing,SFI,400000.0,143829.48571428578,0.1,143829.0,2.781070918897614,4000000.0,2.781080310646671,proportional columns are analyst-derived; stage1_cap uses end-of-round wealth (approx),5.96,-0.2400000000000002,25,0,0,0,0,0,0,2.781070918897614
20260731_013853,results/To_Use/simulation_llama3.1_8b_Full_scnldf_sh1_ldf1_seed1_26agents_30rounds_20260731_013853.json,11,15,developing,SFI,100000.0,197394.9714285715,0.1,197394.0,0.5065985180690663,1000000.0,0.5066010111756183,proportional columns are analyst-derived; stage1_cap uses end-of-round wealth (approx),4.16,-1.7999999999999998,25,0,0,1,0,0,0,0.5065985180690663
20260731_013853,results/To_Use/simulation_llama3.1_8b_Full_scnldf_sh1_ldf1_seed1_26agents_30rounds_20260731_013853.json,12,15,developing,SFI,44795.0,298055.8571428572,0.1,298055.0,0.1502906214606945,447950.0,0.1502910536645921,proportional columns are analyst-derived; stage1_cap uses end-of-round wealth (approx),5.0,0.8399999999999999,25,0,0,0,0,1,0,0.1502906214606945
20260731_013853,results/To_Use/simulation_llama3.1_8b_Full_scnldf_sh1_ldf1_seed1_26agents_30rounds_20260731_013853.json,13,15,developing,SFI,120000.0,319992.3142857144,0.1,319992.0,0.3750090069127552,1200000.0,0.3750093752343809,proportional columns are analyst-derived; stage1_cap uses end-of-round wealth (approx),6.8,1.7999999999999998,25,0,0,0,0,0,0,0.3750090069127552
20260731_013853,results/To_Use/simulation_llama3.1_8b_Full_scnldf_sh1_ldf1_seed1_26agents_30rounds_20260731_013853.json,14,15,developing,SFI,200000.0,272320.77142857155,0.1,272320.0,0.7344280017672433,2000000.0,0.7344300822561692,proportional columns are analyst-derived; stage1_cap uses end-of-round wealth (approx),7.04,0.2400000000000002,25,0,0,0,0,0,0,0.7344280017672433
20260731_013853,results/To_Use/simulation_llama3.1_8b_Full_scnldf_sh1_ldf1_seed1_26agents_30rounds_20260731_013853.json,15,15,developing,SFI,200000.0,219991.62857142868,0.1,219991.0,0.9091255030873248,2000000.0,0.9091281006950284,proportional columns are analyst-derived; stage1_cap uses end-of-round wealth (approx),6.68,-0.3600000000000003,25,0,0,0,0,0,0,0.9091255030873248
20260731_013853,results/To_Use/simulation_llama3.1_8b_Full_scnldf_sh1_ldf1_seed1_26agents_30rounds_20260731_013853.json,16,15,developing,SFI,100000.0,245479.62857142868,0.1,245479.0,0.4073657785045181,1000000.0,0.4073668216018478,proportional columns are analyst-derived; stage1_cap uses end-of-round wealth (approx),4.92,-1.7599999999999998,25,0,0,1,0,0,0,0.4073657785045181
20260731_013853,results/To_Use/simulation_llama3.1_8b_Full_scnldf_sh1_ldf1_seed1_26agents_30rounds_20260731_013853.json,17,15,developing,SFI,100000.0,476218.7142857144,0.1,476218.0,0.209987547738419,1000000.0,0.2099878627015358,proportional columns are analyst-derived; stage1_cap uses end-of-round wealth (approx),5.6,0.6799999999999997,25,0,0,0,0,1,0,0.209987547738419
20260731_013853,results/To_Use/simulation_llama3.1_8b_Full_scnldf_sh1_ldf1_seed1_26agents_30rounds_20260731_013853.json,18,15,developing,SFI,100000.0,521172.4285714288,0.1,521172.0,0.1918750772639819,1000000.0,0.1918752350471629,proportional columns are analyst-derived; stage1_cap uses end-of-round wealth (approx),5.0,-0.5999999999999996,25,0,0,0,0,0,0,0.1918750772639819
20260731_013853,results/To_Use/simulation_llama3.1_8b_Full_scnldf_sh1_ldf1_seed1_26agents_30rounds_20260731_013853.json,19,15,developing,SFI,100000.0,549809.6857142859,0.1,549809.0,0.1818811174089901,1000000.0,0.181881344248639,proportional columns are analyst-derived; stage1_cap uses end-of-round wealth (approx),5.36,0.3600000000000003,25,0,0,0,0,0,0,0.1818811174089901
20260731_013853,results/To_Use/simulation_llama3.1_8b_Full_scnldf_sh1_ldf1_seed1_26agents_30rounds_20260731_013853.json,20,15,developing,SFI,549809.0,197451.31428571453,0.1,197451.0,2.784529452178877,5498090.0,2.7845338843561187,proportional columns are analyst-derived; stage1_cap uses end-of-round wealth (approx),5.0,-0.3600000000000003,25,0,0,0,0,0,0,2.784529452178877
20260731_013853,results/To_Use/simulation_llama3.1_8b_Full_scnldf_sh1_ldf1_seed1_26agents_30rounds_20260731_013853.json,21,15,developing,SFI,100000.0,216577.1428571431,0.1,216577.0,0.4617292419725068,1000000.0,0.4617295465354123,proportional columns are analyst-derived; stage1_cap uses end-of-round wealth (approx),5.12,0.1200000000000001,25,0,0,0,0,0,0,0.4617292419725068
20260731_013853,results/To_Use/simulation_llama3.1_8b_Full_scnldf_sh1_ldf1_seed1_26agents_30rounds_20260731_013853.json,22,15,developing,SFI,0.0,339886.0571428574,0.1,339886.0,0.0,0.0,0.0,proportional columns are analyst-derived; stage1_cap uses end-of-round wealth (approx),5.84,0.7199999999999998,25,0,0,0,0,0,0,0.0
20260731_013853,results/To_Use/simulation_llama3.1_8b_Full_scnldf_sh1_ldf1_seed1_26agents_30rounds_20260731_013853.json,23,15,developing,SFI,100000.0,350609.9428571431,0.1,350609.0,0.2852172393774504,1000000.0,0.2852180063831789,proportional columns are analyst-derived; stage1_cap uses end-of-round wealth (approx),1.0,-4.84,25,1,1,1,0,0,0,0.2852172393774504
20260731_013853,results/To_Use/simulation_llama3.1_8b_Full_scnldf_sh1_ldf1_seed1_26agents_30rounds_20260731_013853.json,24,15,developing,SFI,0.0,420838.7428571431,0.1,420838.0,0.0,0.0,0.0,proportional columns are analyst-derived; stage1_cap uses end-of-round wealth (approx),4.52,3.52,25,0,0,0,1,1,1,0.0
20260731_013853,results/To_Use/simulation_llama3.1_8b_Full_scnldf_sh1_ldf1_seed1_26agents_30rounds_20260731_013853.json,25,15,developing,SFI,1069.0,589084.485714286,0.1,589084.0,0.0018146802808833,10690.0,0.0018146817771319,proportional columns are analyst-derived; stage1_cap uses end-of-round wealth (approx),1.36,-3.1599999999999997,25,0,1,1,0,0,0,0.0018146802808833
20260731_013853,results/To_Use/simulation_llama3.1_8b_Full_scnldf_sh1_ldf1_seed1_26agents_30rounds_20260731_013853.json,26,15,developing,SFI,113879.0,688060.3428571431,0.1,688060.0,0.1655072860719192,1138790.0,0.1655073685434409,proportional columns are analyst-derived; stage1_cap uses end-of-round wealth (approx),1.0,-0.3600000000000001,25,1,1,0,1,1,0,0.1655072860719192
20260731_013853,results/To_Use/simulation_llama3.1_8b_Full_scnldf_sh1_ldf1_seed1_26agents_30rounds_20260731_013853.json,27,15,developing,SFI,0.0,822880.8000000003,0.1,822880.0,0.0,0.0,0.0,proportional columns are analyst-derived; stage1_cap uses end-of-round wealth (approx),6.08,5.08,25,0,0,0,1,0,1,0.0
20260731_013853,results/To_Use/simulation_llama3.1_8b_Full_scnldf_sh1_ldf1_seed1_26agents_30rounds_20260731_013853.json,28,15,developing,SFI,822880.0,199311.2000000003,0.1,199311.0,4.1286189637110144,8228800.0,4.1286231066022445,proportional columns are analyst-derived; stage1_cap uses end-of-round wealth (approx),1.0,-5.08,25,1,1,1,0,0,0,4.1286189637110144
20260731_013853,results/To_Use/simulation_llama3.1_8b_Full_scnldf_sh1_ldf1_seed1_26agents_30rounds_20260731_013853.json,29,15,developing,SFI,0.0,301339.54285714315,0.1,301339.0,0.0,0.0,0.0,proportional columns are analyst-derived; stage1_cap uses end-of-round wealth (approx),5.16,4.16,25,0,0,0,1,1,1,0.0
20260731_013853,results/To_Use/simulation_llama3.1_8b_Full_scnldf_sh1_ldf1_seed1_26agents_30rounds_20260731_013853.json,30,15,developing,SFI,300000.0,182510.7428571432,0.1,182510.0,1.6437388577987395,3000000.0,1.6437455481891403,proportional columns are analyst-derived; stage1_cap uses end-of-round wealth (approx),1.0,-4.16,25,1,1,1,0,0,0,1.6437388577987395
20260731_013853,results/To_Use/simulation_llama3.1_8b_Full_scnldf_sh1_ldf1_seed1_26agents_30rounds_20260731_013853.json,1,16,developed,SI,1200000.0,2310919.333333333,1.0,2310919.0,0.5192738589750284,1200000.0,0.5192739338765228,proportional columns are analyst-derived; stage1_cap uses end-of-round wealth (approx),5.0,,0,0,0,0,0,0,0,0.5192738589750284
20260731_013853,results/To_Use/simulation_llama3.1_8b_Full_scnldf_sh1_ldf1_seed1_26agents_30rounds_20260731_013853.json,2,16,developed,SI,1200000.0,4427824.333333333,1.0,4427824.0,0.271013461615046,1200000.0,0.2710134820173521,proportional columns are analyst-derived; stage1_cap uses end-of-round wealth (approx),5.0,0.0,25,0,0,0,0,0,0,0.271013461615046
20260731_013853,results/To_Use/simulation_llama3.1_8b_Full_scnldf_sh1_ldf1_seed1_26agents_30rounds_20260731_013853.json,3,16,developed,SI,1200000.0,6056566.8,1.0,6056566.0,0.198132050652855,1200000.0,0.1981320768237314,proportional columns are analyst-derived; stage1_cap uses end-of-round wealth (approx),6.32,1.3200000000000005,25,0,0,0,0,0,0,0.198132050652855
20260731_013853,results/To_Use/simulation_llama3.1_8b_Full_scnldf_sh1_ldf1_seed1_26agents_30rounds_20260731_013853.json,4,16,developed,SI,1200000.0,7254387.466666667,1.0,7254387.0,0.1654171362522204,1200000.0,0.1654171468933212,proportional columns are analyst-derived; stage1_cap uses end-of-round wealth (approx),6.68,0.3599999999999994,25,0,0,0,0,0,0,0.1654171362522204
20260731_013853,results/To_Use/simulation_llama3.1_8b_Full_scnldf_sh1_ldf1_seed1_26agents_30rounds_20260731_013853.json,5,16,developed,SI,1200000.0,8874180.133333333,1.0,8874180.0,0.1352237594876558,1200000.0,0.1352237615193741,proportional columns are analyst-derived; stage1_cap uses end-of-round wealth (approx),6.08,-0.5999999999999996,25,0,0,0,0,0,0,0.1352237594876558
20260731_013853,results/To_Use/simulation_llama3.1_8b_Full_scnldf_sh1_ldf1_seed1_26agents_30rounds_20260731_013853.json,6,16,developed,SI,1200000.0,9359984.8,1.0,9359984.0,0.1282053364018283,1200000.0,0.1282053473595681,proportional columns are analyst-derived; stage1_cap uses end-of-round wealth (approx),6.68,0.5999999999999996,25,0,0,0,0,0,0,0.1282053364018283
20260731_013853,results/To_Use/simulation_llama3.1_8b_Full_scnldf_sh1_ldf1_seed1_26agents_30rounds_20260731_013853.json,7,16,developed,SI,1200000.0,11694096.6,1.0,11694096.0,0.1026158788529248,1200000.0,0.1026158841179343,proportional columns are analyst-derived; stage1_cap uses end-of-round wealth (approx),5.36,-1.3199999999999994,25,0,0,1,0,0,0,0.1026158788529248
20260731_013853,results/To_Use/simulation_llama3.1_8b_Full_scnldf_sh1_ldf1_seed1_26agents_30rounds_20260731_013853.json,8,16,developed,SI,1200000.0,14257872.533333331,1.0,14257872.0,0.084164029184195,1200000.0,0.0841640323324546,proportional columns are analyst-derived; stage1_cap uses end-of-round wealth (approx),5.0,-0.3600000000000003,25,0,0,0,0,1,0,0.084164029184195
20260731_013853,results/To_Use/simulation_llama3.1_8b_Full_scnldf_sh1_ldf1_seed1_26agents_30rounds_20260731_013853.json,9,16,developed,SI,1200000.0,19298578.266666666,1.0,19298578.0,0.0621807463440294,1200000.0,0.0621807472032395,proportional columns are analyst-derived; stage1_cap uses end-of-round wealth (approx),5.56,0.5599999999999996,25,1,0,0,0,0,0,0.0621807463440294
20260731_013853,results/To_Use/simulation_llama3.1_8b_Full_scnldf_sh1_ldf1_seed1_26agents_30rounds_20260731_013853.json,10,16,developed,SI,1200000.0,24120290.93333333,1.0,24120290.0,0.0497506436931755,1200000.0,0.049750645618274,proportional columns are analyst-derived; stage1_cap uses end-of-round wealth (approx),5.24,-0.3199999999999994,25,0,0,0,0,0,1,0.0497506436931755
20260731_013853,results/To_Use/simulation_llama3.1_8b_Full_scnldf_sh1_ldf1_seed1_26agents_30rounds_20260731_013853.json,11,16,developed,SI,1200000.0,31631572.4,1.0,31631572.0,0.0379367798990606,1200000.0,0.0379367803787936,proportional columns are analyst-derived; stage1_cap uses end-of-round wealth (approx),6.32,1.08,25,0,0,0,0,0,0,0.0379367798990606
20260731_013853,results/To_Use/simulation_llama3.1_8b_Full_scnldf_sh1_ldf1_seed1_26agents_30rounds_20260731_013853.json,12,16,developed,SI,12000000.0,36534308.73333333,1.0,36534308.0,0.3284583838054499,12000000.0,0.3284583903984167,proportional columns are analyst-derived; stage1_cap uses end-of-round wealth (approx),5.0,-1.3200000000000005,25,0,0,1,0,0,0,0.3284583838054499
20260731_013853,results/To_Use/simulation_llama3.1_8b_Full_scnldf_sh1_ldf1_seed1_26agents_30rounds_20260731_013853.json,13,16,developed,SI,12000000.0,43574992.86666668,1.0,43574992.0,0.2753873084206417,12000000.0,0.275387313897843,proportional columns are analyst-derived; stage1_cap uses end-of-round wealth (approx),5.96,0.96,25,0,0,0,0,1,0,0.2753873084206417
20260731_013853,results/To_Use/simulation_llama3.1_8b_Full_scnldf_sh1_ldf1_seed1_26agents_30rounds_20260731_013853.json,14,16,developed,SI,12000000.0,51686913.66666667,1.0,51686913.0,0.2321670834785962,12000000.0,0.2321670864731271,proportional columns are analyst-derived; stage1_cap uses end-of-round wealth (approx),4.0,-1.96,25,0,0,1,0,0,0,0.2321670834785962
20260731_013853,results/To_Use/simulation_llama3.1_8b_Full_scnldf_sh1_ldf1_seed1_26agents_30rounds_20260731_013853.json,15,16,developed,SI,12000000.0,62625507.53333335,1.0,62625507.0,0.1916152135551607,12000000.0,0.1916152151870004,proportional columns are analyst-derived; stage1_cap uses end-of-round wealth (approx),2.76,-1.2400000000000002,25,1,1,1,0,1,0,0.1916152135551607
20260731_013853,results/To_Use/simulation_llama3.1_8b_Full_scnldf_sh1_ldf1_seed1_26agents_30rounds_20260731_013853.json,16,16,developed,SI,12000000.0,79059963.20000002,1.0,79059963.0,0.1517835262539054,12000000.0,0.1517835266378761,proportional columns are analyst-derived; stage1_cap uses end-of-round wealth (approx),5.0,2.24,25,0,0,0,1,1,1,0.1517835262539054
20260731_013853,results/To_Use/simulation_llama3.1_8b_Full_scnldf_sh1_ldf1_seed1_26agents_30rounds_20260731_013853.json,17,16,developed,SI,12000000.0,91537103.06666668,1.0,91537103.0,0.1310943824741796,12000000.0,0.1310943825696559,proportional columns are analyst-derived; stage1_cap uses end-of-round wealth (approx),5.0,0.0,25,0,0,0,0,0,0,0.1310943824741796
20260731_013853,results/To_Use/simulation_llama3.1_8b_Full_scnldf_sh1_ldf1_seed1_26agents_30rounds_20260731_013853.json,18,16,developed,SI,12000000.0,110691652.86666667,1.0,110691652.0,0.1084092584149463,12000000.0,0.1084092592637428,proportional columns are analyst-derived; stage1_cap uses end-of-round wealth (approx),6.32,1.3200000000000005,25,0,0,0,0,0,0,0.1084092584149463
20260731_013853,results/To_Use/simulation_llama3.1_8b_Full_scnldf_sh1_ldf1_seed1_26agents_30rounds_20260731_013853.json,19,16,developed,SI,10000000.0,128872952.33333336,1.0,128872952.0,0.0775958012829156,10000000.0,0.0775958014836193,proportional columns are analyst-derived; stage1_cap uses end-of-round wealth (approx),5.0,-1.3200000000000005,25,0,0,1,0,0,0,0.0775958012829156
20260731_013853,results/To_Use/simulation_llama3.1_8b_Full_scnldf_sh1_ldf1_seed1_26agents_30rounds_20260731_013853.json,20,16,developed,SI,12000000.0,143723314.2666667,1.0,143723314.0,0.0834937606416102,12000000.0,0.083493760796526,proportional columns are analyst-derived; stage1_cap uses end-of-round wealth (approx),5.0,0.0,25,0,0,0,0,1,0,0.0834937606416102
20260731_013853,results/To_Use/simulation_llama3.1_8b_Full_scnldf_sh1_ldf1_seed1_26agents_30rounds_20260731_013853.json,21,16,developed,SI,10000000.0,161074498.66666672,1.0,161074498.0,0.0620830738743713,10000000.0,0.0620830741313252,proportional columns are analyst-derived; stage1_cap uses end-of-round wealth (approx),5.84,0.8399999999999999,25,0,0,0,0,0,0,0.0620830738743713
20260731_013853,results/To_Use/simulation_llama3.1_8b_Full_scnldf_sh1_ldf1_seed1_26agents_30rounds_20260731_013853.json,22,16,developed,SI,10626200.0,192522023.5333334,1.0,192522023.0,0.055194724244939,10626200.0,0.055194724397842,proportional columns are analyst-derived; stage1_cap uses end-of-round wealth (approx),6.56,0.7199999999999998,25,0,0,0,0,0,0,0.055194724244939
20260731_013853,results/To_Use/simulation_llama3.1_8b_Full_scnldf_sh1_ldf1_seed1_26agents_30rounds_20260731_013853.json,23,16,developed,SI,10000000.0,219608381.46666676,1.0,219608381.0,0.0455356026633157,10000000.0,0.0455356027600786,proportional columns are analyst-derived; stage1_cap uses end-of-round wealth (approx),6.32,-0.2399999999999993,25,0,0,0,0,0,0,0.0455356026633157
20260731_013853,results/To_Use/simulation_llama3.1_8b_Full_scnldf_sh1_ldf1_seed1_26agents_30rounds_20260731_013853.json,24,16,developed,SI,10626200.0,234749103.13333336,1.0,234749103.0,0.0452662006293779,10626200.0,0.0452662006550883,proportional columns are analyst-derived; stage1_cap uses end-of-round wealth (approx),5.24,-1.08,25,0,0,1,0,0,0,0.0452662006293779
20260731_013853,results/To_Use/simulation_llama3.1_8b_Full_scnldf_sh1_ldf1_seed1_26agents_30rounds_20260731_013853.json,25,16,developed,SI,10000000.0,246012702.66666672,1.0,246012702.0,0.0406483075532462,10000000.0,0.0406483076633986,proportional columns are analyst-derived; stage1_cap uses end-of-round wealth (approx),5.96,0.7199999999999998,25,0,0,0,0,1,0,0.0406483075532462
20260731_013853,results/To_Use/simulation_llama3.1_8b_Full_scnldf_sh1_ldf1_seed1_26agents_30rounds_20260731_013853.json,26,16,developed,SI,10000000.0,276647228.20000005,1.0,276647228.0,0.0361471179923428,10000000.0,0.0361471180184751,proportional columns are analyst-derived; stage1_cap uses end-of-round wealth (approx),5.0,-0.96,25,0,0,0,0,0,0,0.0361471179923428
20260731_013853,results/To_Use/simulation_llama3.1_8b_Full_scnldf_sh1_ldf1_seed1_26agents_30rounds_20260731_013853.json,27,16,developed,SI,10626200.0,315154911.53333336,1.0,315154911.0,0.0337173866283727,10626200.0,0.0337173866854322,proportional columns are analyst-derived; stage1_cap uses end-of-round wealth (approx),5.0,0.0,25,0,0,0,0,0,0,0.0337173866283727
20260731_013853,results/To_Use/simulation_llama3.1_8b_Full_scnldf_sh1_ldf1_seed1_26agents_30rounds_20260731_013853.json,28,16,developed,SI,10626200.0,335565744.2666667,1.0,335565744.0,0.031666521930664,10626200.0,0.0316665219558287,proportional columns are analyst-derived; stage1_cap uses end-of-round wealth (approx),5.24,0.2400000000000002,25,0,0,0,0,0,0,0.031666521930664
20260731_013853,results/To_Use/simulation_llama3.1_8b_Full_scnldf_sh1_ldf1_seed1_26agents_30rounds_20260731_013853.json,29,16,developed,SI,10626200.0,342950576.6666667,1.0,342950576.0,0.0309846395456806,10626200.0,0.0309846396059121,proportional columns are analyst-derived; stage1_cap uses end-of-round wealth (approx),5.12,-0.1200000000000001,25,0,0,0,0,0,0,0.0309846395456806
20260731_013853,results/To_Use/simulation_llama3.1_8b_Full_scnldf_sh1_ldf1_seed1_26agents_30rounds_20260731_013853.json,30,16,developed,SI,10626200.0,349508808.8,1.0,349508808.0,0.0304032394390398,10626200.0,0.0304032395086306,proportional columns are analyst-derived; stage1_cap uses end-of-round wealth (approx),5.36,0.2400000000000002,25,0,0,0,0,0,0,0.0304032394390398
20260731_013853,results/To_Use/simulation_llama3.1_8b_Full_scnldf_sh1_ldf1_seed1_26agents_30rounds_20260731_013853.json,1,17,developing,SFI,0.0,379288.5714285714,0.1,379288.0,0.0,0.0,0.0,proportional columns are analyst-derived; stage1_cap uses end-of-round wealth (approx),5.0,,0,0,0,0,0,0,0,0.0
20260731_013853,results/To_Use/simulation_llama3.1_8b_Full_scnldf_sh1_ldf1_seed1_26agents_30rounds_20260731_013853.json,2,17,developing,SFI,1000.0,424207.7714285714,0.1,424207.0,0.0023573354081477,10000.0,0.0023573396950073,proportional columns are analyst-derived; stage1_cap uses end-of-round wealth (approx),1.0,-4.0,25,0,1,1,0,0,0,0.0023573354081477
20260731_013853,results/To_Use/simulation_llama3.1_8b_Full_scnldf_sh1_ldf1_seed1_26agents_30rounds_20260731_013853.json,3,17,developing,SFI,30830.0,459931.0285714286,0.1,459931.0,0.0670317897354298,308300.0,0.0670317938995197,proportional columns are analyst-derived; stage1_cap uses end-of-round wealth (approx),7.04,6.04,25,0,0,0,1,1,0,0.0670317897354298
20260731_013853,results/To_Use/simulation_llama3.1_8b_Full_scnldf_sh1_ldf1_seed1_26agents_30rounds_20260731_013853.json,4,17,developing,SFI,30830.0,454779.20000000007,0.1,454779.0,0.0677911390846371,308300.0,0.0677911688974205,proportional columns are analyst-derived; stage1_cap uses end-of-round wealth (approx),5.16,-1.88,25,0,0,1,0,0,0,0.0677911390846371
20260731_013853,results/To_Use/simulation_llama3.1_8b_Full_scnldf_sh1_ldf1_seed1_26agents_30rounds_20260731_013853.json,5,17,developing,SFI,30830.0,552591.2000000001,0.1,552591.0,0.0557916955608413,308300.0,0.0557917157536043,proportional columns are analyst-derived; stage1_cap uses end-of-round wealth (approx),5.0,-0.1600000000000001,25,0,0,0,0,1,0,0.0557916955608413
20260731_013853,results/To_Use/simulation_llama3.1_8b_Full_scnldf_sh1_ldf1_seed1_26agents_30rounds_20260731_013853.json,6,17,developing,SFI,30830.0,613543.8285714287,0.1,613543.0,0.0502490589332213,308300.0,0.0502491267930691,proportional columns are analyst-derived; stage1_cap uses end-of-round wealth (approx),7.04,2.04,25,0,0,0,0,0,0,0.0502490589332213
20260731_013853,results/To_Use/simulation_llama3.1_8b_Full_scnldf_sh1_ldf1_seed1_26agents_30rounds_20260731_013853.json,7,17,developing,SFI,30830.0,651221.8285714287,0.1,651221.0,0.0473417791716704,308300.0,0.0473418394062845,proportional columns are analyst-derived; stage1_cap uses end-of-round wealth (approx),6.76,-0.2800000000000002,25,0,0,0,0,0,0,0.0473417791716704
20260731_013853,results/To_Use/simulation_llama3.1_8b_Full_scnldf_sh1_ldf1_seed1_26agents_30rounds_20260731_013853.json,8,17,developing,SFI,30830.0,744206.0000000001,0.1,744206.0,0.0414267017465594,308300.0,0.0414267017465594,proportional columns are analyst-derived; stage1_cap uses end-of-round wealth (approx),6.56,-0.2000000000000001,25,0,0,0,0,0,0,0.0414267017465594
20260731_013853,results/To_Use/simulation_llama3.1_8b_Full_scnldf_sh1_ldf1_seed1_26agents_30rounds_20260731_013853.json,9,17,developing,SFI,30830.0,826852.1142857145,0.1,826852.0,0.0372859904054703,308300.0,0.0372859955590601,proportional columns are analyst-derived; stage1_cap uses end-of-round wealth (approx),5.84,-0.7199999999999998,25,0,0,0,0,0,0,0.0372859904054703
20260731_013853,results/To_Use/simulation_llama3.1_8b_Full_scnldf_sh1_ldf1_seed1_26agents_30rounds_20260731_013853.json,10,17,developing,SFI,30830.0,937059.485714286,0.1,937059.0,0.032900792820532,308300.0,0.0329008098742982,proportional columns are analyst-derived; stage1_cap uses end-of-round wealth (approx),5.36,-0.4799999999999995,25,0,0,0,0,0,0,0.032900792820532
20260731_013853,results/To_Use/simulation_llama3.1_8b_Full_scnldf_sh1_ldf1_seed1_26agents_30rounds_20260731_013853.json,11,17,developing,SFI,30830.0,1059794.9714285715,0.1,1059794.0,0.0290905324436877,308300.0,0.0290905591086569,proportional columns are analyst-derived; stage1_cap uses end-of-round wealth (approx),5.48,0.1200000000000001,25,0,0,0,0,0,0,0.0290905324436877
20260731_013853,results/To_Use/simulation_llama3.1_8b_Full_scnldf_sh1_ldf1_seed1_26agents_30rounds_20260731_013853.json,12,17,developing,SFI,30830.0,1174420.8571428573,0.1,1174420.0,0.0262512367798061,308300.0,0.0262512559391018,proportional columns are analyst-derived; stage1_cap uses end-of-round wealth (approx),5.0,-0.4800000000000004,25,0,0,0,0,0,0,0.0262512367798061
20260731_013853,results/To_Use/simulation_llama3.1_8b_Full_scnldf_sh1_ldf1_seed1_26agents_30rounds_20260731_013853.json,13,17,developing,SFI,30830.0,1285527.3142857144,0.1,1285527.0,0.0239823764593677,308300.0,0.0239823823225805,proportional columns are analyst-derived; stage1_cap uses end-of-round wealth (approx),5.0,0.0,25,0,0,0,0,0,0,0.0239823764593677
20260731_013853,results/To_Use/simulation_llama3.1_8b_Full_scnldf_sh1_ldf1_seed1_26agents_30rounds_20260731_013853.json,14,17,developing,SFI,30830.0,1407025.7714285715,0.1,1407025.0,0.0219114678821397,308300.0,0.0219114798955242,proportional columns are analyst-derived; stage1_cap uses end-of-round wealth (approx),6.32,1.3200000000000005,25,0,0,0,0,0,0,0.0219114678821397
20260731_013853,results/To_Use/simulation_llama3.1_8b_Full_scnldf_sh1_ldf1_seed1_26agents_30rounds_20260731_013853.json,15,17,developing,SFI,30830.0,1523866.6285714286,0.1,1523866.0,0.0202314293271859,308300.0,0.0202314376723412,proportional columns are analyst-derived; stage1_cap uses end-of-round wealth (approx),5.0,-1.3200000000000005,25,0,0,1,0,0,0,0.0202314293271859
20260731_013853,results/To_Use/simulation_llama3.1_8b_Full_scnldf_sh1_ldf1_seed1_26agents_30rounds_20260731_013853.json,16,17,developing,SFI,30830.0,1618524.6285714286,0.1,1618524.0,0.0190482118441482,308300.0,0.0190482192417288,proportional columns are analyst-derived; stage1_cap uses end-of-round wealth (approx),6.44,1.4400000000000004,25,0,0,0,0,1,0,0.0190482118441482
20260731_013853,results/To_Use/simulation_llama3.1_8b_Full_scnldf_sh1_ldf1_seed1_26agents_30rounds_20260731_013853.json,17,17,developing,SFI,30830.0,1918433.7142857143,0.1,1918433.0,0.016070401479302,308300.0,0.0160704074627573,proportional columns are analyst-derived; stage1_cap uses end-of-round wealth (approx),5.0,-1.4400000000000004,25,0,0,1,0,0,0,0.016070401479302
20260731_013853,results/To_Use/simulation_llama3.1_8b_Full_scnldf_sh1_ldf1_seed1_26agents_30rounds_20260731_013853.json,18,17,developing,SFI,30830.0,2032557.4285714289,0.1,2032557.0,0.0151680831088097,308300.0,0.0151680863070506,proportional columns are analyst-derived; stage1_cap uses end-of-round wealth (approx),5.0,0.0,25,0,0,0,0,1,0,0.0151680831088097
20260731_013853,results/To_Use/simulation_llama3.1_8b_Full_scnldf_sh1_ldf1_seed1_26agents_30rounds_20260731_013853.json,19,17,developing,SFI,30830.0,2130364.685714286,0.1,2130364.0,0.0144717006467195,308300.0,0.0144717053048211,proportional columns are analyst-derived; stage1_cap uses end-of-round wealth (approx),5.24,0.2400000000000002,25,0,0,0,0,0,0,0.0144717006467195
20260731_013853,results/To_Use/simulation_llama3.1_8b_Full_scnldf_sh1_ldf1_seed1_26agents_30rounds_20260731_013853.json,20,17,developing,SFI,30830.0,2296985.314285714,0.1,2296985.0,0.0134219404052163,308300.0,0.0134219422416776,proportional columns are analyst-derived; stage1_cap uses end-of-round wealth (approx),5.12,-0.1200000000000001,25,0,0,0,0,0,0,0.0134219404052163
20260731_013853,results/To_Use/simulation_llama3.1_8b_Full_scnldf_sh1_ldf1_seed1_26agents_30rounds_20260731_013853.json,21,17,developing,SFI,30830.0,2385281.1428571427,0.1,2385281.0,0.0129251011321336,308300.0,0.0129251019062324,proportional columns are analyst-derived; stage1_cap uses end-of-round wealth (approx),6.68,1.5599999999999996,25,0,0,0,0,0,0,0.0129251011321336
20260731_013853,results/To_Use/simulation_llama3.1_8b_Full_scnldf_sh1_ldf1_seed1_26agents_30rounds_20260731_013853.json,22,17,developing,SFI,30830.0,2477760.057142857,0.1,2477760.0,0.0124426898848109,308300.0,0.012442690171768,proportional columns are analyst-derived; stage1_cap uses end-of-round wealth (approx),5.0,-1.6799999999999995,25,0,0,1,0,0,0,0.0124426898848109
20260731_013853,results/To_Use/simulation_llama3.1_8b_Full_scnldf_sh1_ldf1_seed1_26agents_30rounds_20260731_013853.json,23,17,developing,SFI,30830.0,2557653.9428571425,0.1,2557653.0,0.0120540153941076,308300.0,0.0120540198377184,proportional columns are analyst-derived; stage1_cap uses end-of-round wealth (approx),5.0,0.0,25,0,0,0,0,1,0,0.0120540153941076
20260731_013853,results/To_Use/simulation_llama3.1_8b_Full_scnldf_sh1_ldf1_seed1_26agents_30rounds_20260731_013853.json,24,17,developing,SFI,30830.0,2597052.7428571424,0.1,2597052.0,0.0118711489725397,308300.0,0.0118711523681466,proportional columns are analyst-derived; stage1_cap uses end-of-round wealth (approx),5.0,0.0,25,0,0,0,0,0,0,0.0118711489725397
20260731_013853,results/To_Use/simulation_llama3.1_8b_Full_scnldf_sh1_ldf1_seed1_26agents_30rounds_20260731_013853.json,25,17,developing,SFI,30830.0,2735537.485714285,0.1,2735537.0,0.011270180050905,308300.0,0.0112701820520066,proportional columns are analyst-derived; stage1_cap uses end-of-round wealth (approx),5.6,0.5999999999999996,25,0,0,0,0,0,0,0.011270180050905
20260731_013853,results/To_Use/simulation_llama3.1_8b_Full_scnldf_sh1_ldf1_seed1_26agents_30rounds_20260731_013853.json,26,17,developing,SFI,30830.0,2917562.3428571424,0.1,2917562.0,0.0105670406925421,308300.0,0.0105670419343273,proportional columns are analyst-derived; stage1_cap uses end-of-round wealth (approx),5.0,-0.5999999999999996,25,0,0,0,0,0,0,0.0105670406925421
20260731_013853,results/To_Use/simulation_llama3.1_8b_Full_scnldf_sh1_ldf1_seed1_26agents_30rounds_20260731_013853.json,27,17,developing,SFI,30830.0,3021552.8,0.1,3021552.0,0.0102033629860778,308300.0,0.0102033656875671,proportional columns are analyst-derived; stage1_cap uses end-of-round wealth (approx),5.0,0.0,25,0,0,0,0,0,0,0.0102033629860778
20260731_013853,results/To_Use/simulation_llama3.1_8b_Full_scnldf_sh1_ldf1_seed1_26agents_30rounds_20260731_013853.json,28,17,developing,SFI,30830.0,3190033.2,0.1,3190033.0,0.0096644762192443,308300.0,0.0096644768251613,proportional columns are analyst-derived; stage1_cap uses end-of-round wealth (approx),5.0,0.0,25,0,0,0,0,0,0,0.0096644762192443
20260731_013853,results/To_Use/simulation_llama3.1_8b_Full_scnldf_sh1_ldf1_seed1_26agents_30rounds_20260731_013853.json,29,17,developing,SFI,30830.0,3261231.5428571426,0.1,3261231.0,0.0094534839353939,308300.0,0.0094534855089995,proportional columns are analyst-derived; stage1_cap uses end-of-round wealth (approx),5.96,0.96,25,0,0,0,0,0,0,0.0094534839353939
20260731_013853,results/To_Use/simulation_llama3.1_8b_Full_scnldf_sh1_ldf1_seed1_26agents_30rounds_20260731_013853.json,30,17,developing,SFI,30830.0,3411572.742857143,0.1,3411572.0,0.0090368877710578,308300.0,0.0090368897388066,proportional columns are analyst-derived; stage1_cap uses end-of-round wealth (approx),6.08,0.1200000000000001,25,0,0,0,0,0,0,0.0090368877710578
20260731_013853,results/To_Use/simulation_llama3.1_8b_Full_scnldf_sh1_ldf1_seed1_26agents_30rounds_20260731_013853.json,1,18,developing,SFI,11800.0,108588.57142857143,0.1,108588.0,0.1086670525706467,118000.0,0.1086676244152208,proportional columns are analyst-derived; stage1_cap uses end-of-round wealth (approx),5.0,,0,0,0,0,0,0,0,0.1086670525706467
20260731_013853,results/To_Use/simulation_llama3.1_8b_Full_scnldf_sh1_ldf1_seed1_26agents_30rounds_20260731_013853.json,2,18,developing,SFI,11800.0,142707.77142857143,0.1,142707.0,0.0826864569593967,118000.0,0.0826869039360367,proportional columns are analyst-derived; stage1_cap uses end-of-round wealth (approx),5.0,0.0,25,0,0,0,0,0,0,0.0826864569593967
20260731_013853,results/To_Use/simulation_llama3.1_8b_Full_scnldf_sh1_ldf1_seed1_26agents_30rounds_20260731_013853.json,3,18,developing,SFI,11800.0,197461.0285714286,0.1,197461.0,0.0597586272358118,118000.0,0.0597586358825287,proportional columns are analyst-derived; stage1_cap uses end-of-round wealth (approx),6.44,1.4400000000000004,25,0,0,0,0,0,0,0.0597586272358118
20260731_013853,results/To_Use/simulation_llama3.1_8b_Full_scnldf_sh1_ldf1_seed1_26agents_30rounds_20260731_013853.json,4,18,developing,SFI,0.0,223139.2,0.1,223139.0,0.0,0.0,0.0,proportional columns are analyst-derived; stage1_cap uses end-of-round wealth (approx),6.68,0.2399999999999993,25,0,0,0,0,0,0,0.0
20260731_013853,results/To_Use/simulation_llama3.1_8b_Full_scnldf_sh1_ldf1_seed1_26agents_30rounds_20260731_013853.json,5,18,developing,SFI,11800.0,339981.2,0.1,339981.0,0.0347078014902,118000.0,0.0347078219076948,proportional columns are analyst-derived; stage1_cap uses end-of-round wealth (approx),1.0,-5.68,25,1,1,1,0,0,0,0.0347078014902
20260731_013853,results/To_Use/simulation_llama3.1_8b_Full_scnldf_sh1_ldf1_seed1_26agents_30rounds_20260731_013853.json,6,18,developing,SFI,11800.0,419963.8285714286,0.1,419963.0,0.0280976579343499,118000.0,0.0280977133699873,proportional columns are analyst-derived; stage1_cap uses end-of-round wealth (approx),5.48,4.48,25,0,0,0,1,1,1,0.0280976579343499
20260731_013853,results/To_Use/simulation_llama3.1_8b_Full_scnldf_sh1_ldf1_seed1_26agents_30rounds_20260731_013853.json,7,18,developing,SFI,20000.0,468471.8285714286,0.1,468471.0,0.0426920014827542,200000.0,0.0426920769908916,proportional columns are analyst-derived; stage1_cap uses end-of-round wealth (approx),6.32,0.8399999999999999,25,0,0,0,0,0,0,0.0426920014827542
20260731_013853,results/To_Use/simulation_llama3.1_8b_Full_scnldf_sh1_ldf1_seed1_26agents_30rounds_20260731_013853.json,8,18,developing,SFI,11800.0,580486.0,0.1,580486.0,0.0203277942965032,118000.0,0.0203277942965032,proportional columns are analyst-derived; stage1_cap uses end-of-round wealth (approx),5.4,-0.92,25,0,0,0,0,0,0,0.0203277942965032
20260731_013853,results/To_Use/simulation_llama3.1_8b_Full_scnldf_sh1_ldf1_seed1_26agents_30rounds_20260731_013853.json,9,18,developing,SFI,250000.0,443962.1142857143,0.1,443962.0,0.5631111123124148,2500000.0,0.5631112572697663,proportional columns are analyst-derived; stage1_cap uses end-of-round wealth (approx),6.56,1.1599999999999993,25,0,0,0,0,0,0,0.5631111123124148
20260731_013853,results/To_Use/simulation_llama3.1_8b_Full_scnldf_sh1_ldf1_seed1_26agents_30rounds_20260731_013853.json,10,18,developing,SFI,118000.0,466999.48571428575,0.1,466999.0,0.2526769377904485,1180000.0,0.2526772005935773,proportional columns are analyst-derived; stage1_cap uses end-of-round wealth (approx),6.6,0.04,25,0,0,0,0,0,0,0.2526769377904485
20260731_013853,results/To_Use/simulation_llama3.1_8b_Full_scnldf_sh1_ldf1_seed1_26agents_30rounds_20260731_013853.json,11,18,developing,SFI,200000.0,420564.9714285715,0.1,420564.0,0.4755507795160441,2000000.0,0.475551877954366,proportional columns are analyst-derived; stage1_cap uses end-of-round wealth (approx),7.4,0.8000000000000007,25,0,0,0,0,0,0,0.4755507795160441
20260731_013853,results/To_Use/simulation_llama3.1_8b_Full_scnldf_sh1_ldf1_seed1_26agents_30rounds_20260731_013853.json,12,18,developing,SFI,300000.0,266020.8571428572,0.1,266020.0,1.1277311231235356,3000000.0,1.127734756785204,proportional columns are analyst-derived; stage1_cap uses end-of-round wealth (approx),6.56,-0.8400000000000007,25,0,0,0,0,0,0,1.1277311231235356
20260731_013853,results/To_Use/simulation_llama3.1_8b_Full_scnldf_sh1_ldf1_seed1_26agents_30rounds_20260731_013853.json,13,18,developing,SFI,120000.0,287957.3142857144,0.1,287957.0,0.4167284317735186,1200000.0,0.4167288866045972,proportional columns are analyst-derived; stage1_cap uses end-of-round wealth (approx),6.96,0.4000000000000003,25,0,0,0,0,0,0,0.4167284317735186
20260731_013853,results/To_Use/simulation_llama3.1_8b_Full_scnldf_sh1_ldf1_seed1_26agents_30rounds_20260731_013853.json,14,18,developing,SFI,120000.0,320285.77142857155,0.1,320285.0,0.3746654104075984,1200000.0,0.374666312815149,proportional columns are analyst-derived; stage1_cap uses end-of-round wealth (approx),6.72,-0.2400000000000002,25,0,0,0,0,0,0,0.3746654104075984
20260731_013853,results/To_Use/simulation_llama3.1_8b_Full_scnldf_sh1_ldf1_seed1_26agents_30rounds_20260731_013853.json,15,18,developing,SFI,200000.0,267956.6285714287,0.1,267956.0,0.7463894476739409,2000000.0,0.7463911985549866,proportional columns are analyst-derived; stage1_cap uses end-of-round wealth (approx),6.56,-0.1600000000000001,25,0,0,0,0,0,0,0.7463894476739409
20260731_013853,results/To_Use/simulation_llama3.1_8b_Full_scnldf_sh1_ldf1_seed1_26agents_30rounds_20260731_013853.json,16,18,developing,SFI,200000.0,193444.6285714287,0.1,193444.0,1.0338875856982028,2000000.0,1.033890945183102,proportional columns are analyst-derived; stage1_cap uses end-of-round wealth (approx),6.2,-0.3599999999999994,25,0,0,0,0,0,0,1.0338875856982028
20260731_013853,results/To_Use/simulation_llama3.1_8b_Full_scnldf_sh1_ldf1_seed1_26agents_30rounds_20260731_013853.json,17,18,developing,SFI,100000.0,424183.7142857144,0.1,424183.0,0.2357469101999604,1000000.0,0.2357473071763837,proportional columns are analyst-derived; stage1_cap uses end-of-round wealth (approx),5.36,-0.8399999999999999,25,0,0,0,0,0,0,0.2357469101999604
20260731_013853,results/To_Use/simulation_llama3.1_8b_Full_scnldf_sh1_ldf1_seed1_26agents_30rounds_20260731_013853.json,18,18,developing,SFI,214920.0,354217.42857142875,0.1,354217.0,0.6067459776521439,2149200.0,0.6067467117614344,proportional columns are analyst-derived; stage1_cap uses end-of-round wealth (approx),6.6,1.239999999999999,25,0,0,0,0,0,0,0.6067459776521439
20260731_013853,results/To_Use/simulation_llama3.1_8b_Full_scnldf_sh1_ldf1_seed1_26agents_30rounds_20260731_013853.json,19,18,developing,SFI,0.0,482854.68571428594,0.1,482854.0,0.0,0.0,0.0,proportional columns are analyst-derived; stage1_cap uses end-of-round wealth (approx),7.04,0.4400000000000004,25,0,0,0,0,0,0,0.0
20260731_013853,results/To_Use/simulation_llama3.1_8b_Full_scnldf_sh1_ldf1_seed1_26agents_30rounds_20260731_013853.json,20,18,developing,SFI,0.0,680305.3142857145,0.1,680305.0,0.0,0.0,0.0,proportional columns are analyst-derived; stage1_cap uses end-of-round wealth (approx),1.0,-6.04,25,1,1,1,0,0,0,0.0
20260731_013853,results/To_Use/simulation_llama3.1_8b_Full_scnldf_sh1_ldf1_seed1_26agents_30rounds_20260731_013853.json,21,18,developing,SFI,0.0,799431.1428571431,0.1,799431.0,0.0,0.0,0.0,proportional columns are analyst-derived; stage1_cap uses end-of-round wealth (approx),1.0,0.0,25,1,1,0,1,1,1,0.0
20260731_013853,results/To_Use/simulation_llama3.1_8b_Full_scnldf_sh1_ldf1_seed1_26agents_30rounds_20260731_013853.json,22,18,developing,SFI,0.0,922740.0571428572,0.1,922740.0,0.0,0.0,0.0,proportional columns are analyst-derived; stage1_cap uses end-of-round wealth (approx),1.0,0.0,25,1,1,0,1,0,1,0.0
20260731_013853,results/To_Use/simulation_llama3.1_8b_Full_scnldf_sh1_ldf1_seed1_26agents_30rounds_20260731_013853.json,23,18,developing,SFI,50000.0,983463.9428571432,0.1,983463.0,0.0508407047997518,500000.0,0.0508407535413126,proportional columns are analyst-derived; stage1_cap uses end-of-round wealth (approx),1.0,0.0,25,1,1,0,1,0,1,0.0508407047997518
20260731_013853,results/To_Use/simulation_llama3.1_8b_Full_scnldf_sh1_ldf1_seed1_26agents_30rounds_20260731_013853.json,24,18,developing,SFI,50000.0,1003692.7428571432,0.1,1003692.0,0.0498160421661199,500000.0,0.0498160790361983,proportional columns are analyst-derived; stage1_cap uses end-of-round wealth (approx),4.52,3.52,25,0,0,0,1,0,1,0.0498160421661199
20260731_013853,results/To_Use/simulation_llama3.1_8b_Full_scnldf_sh1_ldf1_seed1_26agents_30rounds_20260731_013853.json,25,18,developing,SFI,1000000.0,173007.48571428598,0.1,173007.0,5.780096715881154,10000000.0,5.780112943406914,proportional columns are analyst-derived; stage1_cap uses end-of-round wealth (approx),5.6,1.08,25,0,0,0,0,0,0,5.780096715881154
20260731_013853,results/To_Use/simulation_llama3.1_8b_Full_scnldf_sh1_ldf1_seed1_26agents_30rounds_20260731_013853.json,26,18,developing,SFI,0.0,385862.3428571432,0.1,385862.0,0.0,0.0,0.0,proportional columns are analyst-derived; stage1_cap uses end-of-round wealth (approx),5.72,0.1200000000000001,25,0,0,0,0,0,0,0.0
20260731_013853,results/To_Use/simulation_llama3.1_8b_Full_scnldf_sh1_ldf1_seed1_26agents_30rounds_20260731_013853.json,27,18,developing,SFI,385862.0,134820.8000000003,0.1,134820.0,2.862036124989609,3858620.0,2.8620531078475,proportional columns are analyst-derived; stage1_cap uses end-of-round wealth (approx),1.0,-4.72,25,1,1,1,0,0,0,2.862036124989609
20260731_013853,results/To_Use/simulation_llama3.1_8b_Full_scnldf_sh1_ldf1_seed1_26agents_30rounds_20260731_013853.json,28,18,developing,SFI,134820.0,199311.2000000003,0.1,199311.0,0.6764296236237592,1348200.0,0.6764303023917395,proportional columns are analyst-derived; stage1_cap uses end-of-round wealth (approx),6.84,5.84,25,0,0,0,1,1,1,0.6764296236237592
20260731_013853,results/To_Use/simulation_llama3.1_8b_Full_scnldf_sh1_ldf1_seed1_26agents_30rounds_20260731_013853.json,29,18,developing,SFI,100000.0,201339.54285714315,0.1,201339.0,0.4966734233173123,1000000.0,0.4966747624652948,proportional columns are analyst-derived; stage1_cap uses end-of-round wealth (approx),5.0,-1.84,25,0,0,1,0,0,0,0.4966734233173123
20260731_013853,results/To_Use/simulation_llama3.1_8b_Full_scnldf_sh1_ldf1_seed1_26agents_30rounds_20260731_013853.json,30,18,developing,SFI,0.0,382510.7428571432,0.1,382510.0,0.0,0.0,0.0,proportional columns are analyst-derived; stage1_cap uses end-of-round wealth (approx),4.76,-0.2400000000000002,25,0,0,0,0,1,0,0.0
20260731_013853,results/To_Use/simulation_llama3.1_8b_Full_scnldf_sh1_ldf1_seed1_26agents_30rounds_20260731_013853.json,1,19,developing,SFI,0.0,165288.57142857142,0.1,165288.0,0.0,0.0,0.0,proportional columns are analyst-derived; stage1_cap uses end-of-round wealth (approx),5.0,,0,0,0,0,0,0,0,0.0
20260731_013853,results/To_Use/simulation_llama3.1_8b_Full_scnldf_sh1_ldf1_seed1_26agents_30rounds_20260731_013853.json,2,19,developing,SFI,1069.0,210138.77142857143,0.1,210138.0,0.0050871145421318,10690.0,0.0050871332172191,proportional columns are analyst-derived; stage1_cap uses end-of-round wealth (approx),3.56,-1.44,25,0,1,1,0,0,0,0.0050871145421318
20260731_013853,results/To_Use/simulation_llama3.1_8b_Full_scnldf_sh1_ldf1_seed1_26agents_30rounds_20260731_013853.json,3,19,developing,SFI,1069.0,275623.0285714286,0.1,275623.0,0.0038784857910483,10690.0,0.003878486193097,proportional columns are analyst-derived; stage1_cap uses end-of-round wealth (approx),4.92,1.36,25,0,0,0,1,1,0,0.0038784857910483
20260731_013853,results/To_Use/simulation_llama3.1_8b_Full_scnldf_sh1_ldf1_seed1_26agents_30rounds_20260731_013853.json,4,19,developing,SFI,1069.0,300232.20000000007,0.1,300232.0,0.0035605774463898,10690.0,0.0035605798182738,proportional columns are analyst-derived; stage1_cap uses end-of-round wealth (approx),5.0,0.08,25,0,0,0,0,0,0,0.0035605774463898
20260731_013853,results/To_Use/simulation_llama3.1_8b_Full_scnldf_sh1_ldf1_seed1_26agents_30rounds_20260731_013853.json,5,19,developing,SFI,1069.0,427805.20000000007,0.1,427805.0,0.0024988008560905,10690.0,0.0024988020242867,proportional columns are analyst-derived; stage1_cap uses end-of-round wealth (approx),7.16,2.16,25,0,0,0,0,0,0,0.0024988008560905
20260731_013853,results/To_Use/simulation_llama3.1_8b_Full_scnldf_sh1_ldf1_seed1_26agents_30rounds_20260731_013853.json,6,19,developing,SFI,1069.0,518518.8285714287,0.1,518518.0,0.0020616416243653,10690.0,0.0020616449187877,proportional columns are analyst-derived; stage1_cap uses end-of-round wealth (approx),6.68,-0.4800000000000004,25,0,0,0,0,0,0,0.0020616416243653
20260731_013853,results/To_Use/simulation_llama3.1_8b_Full_scnldf_sh1_ldf1_seed1_26agents_30rounds_20260731_013853.json,7,19,developing,SFI,1069.0,585957.8285714287,0.1,585957.0,0.00182436337203,10690.0,0.0018243659517677,proportional columns are analyst-derived; stage1_cap uses end-of-round wealth (approx),6.8,0.1200000000000001,25,0,0,0,0,0,0,0.00182436337203
20260731_013853,results/To_Use/simulation_llama3.1_8b_Full_scnldf_sh1_ldf1_seed1_26agents_30rounds_20260731_013853.json,8,19,developing,SFI,1069.0,708703.0000000001,0.1,708703.0,0.0015083892688474,10690.0,0.0015083892688474,proportional columns are analyst-derived; stage1_cap uses end-of-round wealth (approx),4.84,-1.96,25,0,0,1,0,0,0,0.0015083892688474
20260731_013853,results/To_Use/simulation_llama3.1_8b_Full_scnldf_sh1_ldf1_seed1_26agents_30rounds_20260731_013853.json,9,19,developing,SFI,1069.0,821110.1142857145,0.1,821110.0,0.0013018960324583,10690.0,0.0013018962136619,proportional columns are analyst-derived; stage1_cap uses end-of-round wealth (approx),5.0,0.1600000000000001,25,0,0,0,0,1,0,0.0013018960324583
20260731_013853,results/To_Use/simulation_llama3.1_8b_Full_scnldf_sh1_ldf1_seed1_26agents_30rounds_20260731_013853.json,10,19,developing,SFI,1069.0,961078.485714286,0.1,961078.0,0.0011122920925708,10690.0,0.0011122926547064,proportional columns are analyst-derived; stage1_cap uses end-of-round wealth (approx),5.24,0.2400000000000002,25,0,0,0,0,0,0,0.0011122920925708
20260731_013853,results/To_Use/simulation_llama3.1_8b_Full_scnldf_sh1_ldf1_seed1_26agents_30rounds_20260731_013853.json,11,19,developing,SFI,1069.0,1113574.9714285715,0.1,1113574.0,0.000959971288353,10690.0,0.0009599721257859,proportional columns are analyst-derived; stage1_cap uses end-of-round wealth (approx),5.12,-0.1200000000000001,25,0,0,0,0,0,0,0.000959971288353
20260731_013853,results/To_Use/simulation_llama3.1_8b_Full_scnldf_sh1_ldf1_seed1_26agents_30rounds_20260731_013853.json,12,19,developing,SFI,1069.0,1257961.8571428573,0.1,1257961.0,0.0008497872919835,10690.0,0.0008497878710071,proportional columns are analyst-derived; stage1_cap uses end-of-round wealth (approx),5.0,-0.1200000000000001,25,0,0,0,0,0,0,0.0008497872919835
20260731_013853,results/To_Use/simulation_llama3.1_8b_Full_scnldf_sh1_ldf1_seed1_26agents_30rounds_20260731_013853.json,13,19,developing,SFI,1069.0,1398829.3142857144,0.1,1398829.0,0.000764210464481,10690.0,0.0007642106361821,proportional columns are analyst-derived; stage1_cap uses end-of-round wealth (approx),4.84,-0.1600000000000001,25,0,0,0,0,0,0,0.000764210464481
20260731_013853,results/To_Use/simulation_llama3.1_8b_Full_scnldf_sh1_ldf1_seed1_26agents_30rounds_20260731_013853.json,14,19,developing,SFI,1069.0,1550088.7714285715,0.1,1550088.0,0.000689637922488,10690.0,0.0006896382656984,proportional columns are analyst-derived; stage1_cap uses end-of-round wealth (approx),5.0,0.1600000000000001,25,0,0,0,0,0,0,0.000689637922488
20260731_013853,results/To_Use/simulation_llama3.1_8b_Full_scnldf_sh1_ldf1_seed1_26agents_30rounds_20260731_013853.json,15,19,developing,SFI,1069.0,1696690.6285714286,0.1,1696690.0,0.0006300500409435,10690.0,0.0006300502743577,proportional columns are analyst-derived; stage1_cap uses end-of-round wealth (approx),5.0,0.0,25,0,0,0,0,0,0,0.0006300500409435
20260731_013853,results/To_Use/simulation_llama3.1_8b_Full_scnldf_sh1_ldf1_seed1_26agents_30rounds_20260731_013853.json,16,19,developing,SFI,1069.0,1821109.6285714288,0.1,1821109.0,0.0005870047487687,10690.0,0.0005870049513785,proportional columns are analyst-derived; stage1_cap uses end-of-round wealth (approx),5.0,0.0,25,0,0,0,0,0,0,0.0005870047487687
20260731_013853,results/To_Use/simulation_llama3.1_8b_Full_scnldf_sh1_ldf1_seed1_26agents_30rounds_20260731_013853.json,17,19,developing,SFI,1069.0,2150779.7142857146,0.1,2150779.0,0.0004970290508598,10690.0,0.0004970292159259,proportional columns are analyst-derived; stage1_cap uses end-of-round wealth (approx),5.0,0.0,25,0,0,0,0,0,0,0.0004970290508598
20260731_013853,results/To_Use/simulation_llama3.1_8b_Full_scnldf_sh1_ldf1_seed1_26agents_30rounds_20260731_013853.json,18,19,developing,SFI,1069.0,2294664.4285714286,0.1,2294664.0,0.0004658633248023,10690.0,0.000465863411811,proportional columns are analyst-derived; stage1_cap uses end-of-round wealth (approx),4.12,-0.8799999999999999,25,0,0,0,0,0,0,0.0004658633248023
20260731_013853,results/To_Use/simulation_llama3.1_8b_Full_scnldf_sh1_ldf1_seed1_26agents_30rounds_20260731_013853.json,19,19,developing,SFI,1069.0,2422232.685714286,0.1,2422232.0,0.0004413283687833,10690.0,0.0004413284937198,proportional columns are analyst-derived; stage1_cap uses end-of-round wealth (approx),4.92,0.7999999999999998,25,0,0,0,0,0,0,0.0004413283687833
20260731_013853,results/To_Use/simulation_llama3.1_8b_Full_scnldf_sh1_ldf1_seed1_26agents_30rounds_20260731_013853.json,20,19,developing,SFI,1069.0,2618614.314285714,0.1,2618614.0,0.0004082311756138,10690.0,0.0004082312246096,proportional columns are analyst-derived; stage1_cap uses end-of-round wealth (approx),5.0,0.08,25,0,0,0,0,0,0,0.0004082311756138
20260731_013853,results/To_Use/simulation_llama3.1_8b_Full_scnldf_sh1_ldf1_seed1_26agents_30rounds_20260731_013853.json,21,19,developing,SFI,1069.0,2736671.1428571427,0.1,2736671.0,0.0003906205547532,10690.0,0.000390620575144,proportional columns are analyst-derived; stage1_cap uses end-of-round wealth (approx),5.12,0.1200000000000001,25,0,0,0,0,0,0,0.0003906205547532
20260731_013853,results/To_Use/simulation_llama3.1_8b_Full_scnldf_sh1_ldf1_seed1_26agents_30rounds_20260731_013853.json,22,19,developing,SFI,1069.0,2858911.057142857,0.1,2858911.0,0.0003739185930003,10690.0,0.000373918600474,proportional columns are analyst-derived; stage1_cap uses end-of-round wealth (approx),5.04,-0.08,25,0,0,0,0,0,0,0.0003739185930003
20260731_013853,results/To_Use/simulation_llama3.1_8b_Full_scnldf_sh1_ldf1_seed1_26agents_30rounds_20260731_013853.json,23,19,developing,SFI,1069.0,2968565.9428571425,0.1,2968565.0,0.0003601065364817,10690.0,0.0003601066508565,proportional columns are analyst-derived; stage1_cap uses end-of-round wealth (approx),5.0,-0.04,25,0,0,0,0,0,0,0.0003601065364817
20260731_013853,results/To_Use/simulation_llama3.1_8b_Full_scnldf_sh1_ldf1_seed1_26agents_30rounds_20260731_013853.json,24,19,developing,SFI,1069.0,3037725.7428571424,0.1,3037725.0,0.0003519080030557,10690.0,0.0003519080891127,proportional columns are analyst-derived; stage1_cap uses end-of-round wealth (approx),4.36,-0.6399999999999997,25,0,0,0,0,0,0,0.0003519080030557
20260731_013853,results/To_Use/simulation_llama3.1_8b_Full_scnldf_sh1_ldf1_seed1_26agents_30rounds_20260731_013853.json,25,19,developing,SFI,1069.0,3205971.485714285,0.1,3205971.0,0.0003334402706834,10690.0,0.0003334403212006,proportional columns are analyst-derived; stage1_cap uses end-of-round wealth (approx),5.0,0.6399999999999997,25,0,0,0,0,0,0,0.0003334402706834
20260731_013853,results/To_Use/simulation_llama3.1_8b_Full_scnldf_sh1_ldf1_seed1_26agents_30rounds_20260731_013853.json,26,19,developing,SFI,1069.0,3417757.3428571424,0.1,3417757.0,0.0003127782030032,10690.0,0.00031277823438,proportional columns are analyst-derived; stage1_cap uses end-of-round wealth (approx),5.0,0.0,25,0,0,0,0,0,0,0.0003127782030032
20260731_013853,results/To_Use/simulation_llama3.1_8b_Full_scnldf_sh1_ldf1_seed1_26agents_30rounds_20260731_013853.json,27,19,developing,SFI,1069.0,3551508.8,0.1,3551508.0,0.0003009988318204,10690.0,0.0003009988996223,proportional columns are analyst-derived; stage1_cap uses end-of-round wealth (approx),4.96,-0.04,25,0,0,0,0,0,0,0.0003009988318204
20260731_013853,results/To_Use/simulation_llama3.1_8b_Full_scnldf_sh1_ldf1_seed1_26agents_30rounds_20260731_013853.json,28,19,developing,SFI,1069.0,3749750.2,0.1,3749750.0,0.0002850856571725,10690.0,0.0002850856723781,proportional columns are analyst-derived; stage1_cap uses end-of-round wealth (approx),5.0,0.04,25,0,0,0,0,0,0,0.0002850856571725
20260731_013853,results/To_Use/simulation_llama3.1_8b_Full_scnldf_sh1_ldf1_seed1_26agents_30rounds_20260731_013853.json,29,19,developing,SFI,1069.0,3850709.542857143,0.1,3850709.0,0.0002776111747984,10690.0,0.0002776112139348,proportional columns are analyst-derived; stage1_cap uses end-of-round wealth (approx),5.0,0.0,25,0,0,0,0,0,0,0.0002776111747984
20260731_013853,results/To_Use/simulation_llama3.1_8b_Full_scnldf_sh1_ldf1_seed1_26agents_30rounds_20260731_013853.json,30,19,developing,SFI,1069.0,4030811.742857143,0.1,4030811.0,0.0002652071265531,10690.0,0.0002652071754294,proportional columns are analyst-derived; stage1_cap uses end-of-round wealth (approx),5.0,0.0,25,0,0,0,0,0,0,0.0002652071265531
20260731_013853,results/To_Use/simulation_llama3.1_8b_Full_scnldf_sh1_ldf1_seed1_26agents_30rounds_20260731_013853.json,1,20,developing,SFI,0.0,1111588.5714285714,0.1,1111588.0,0.0,0.0,0.0,proportional columns are analyst-derived; stage1_cap uses end-of-round wealth (approx),5.0,,0,0,0,0,0,0,0,0.0
20260731_013853,results/To_Use/simulation_llama3.1_8b_Full_scnldf_sh1_ldf1_seed1_26agents_30rounds_20260731_013853.json,2,20,developing,SFI,1069.0,1156438.7714285713,0.1,1156438.0,0.0009243896230489,10690.0,0.0009243902396842,proportional columns are analyst-derived; stage1_cap uses end-of-round wealth (approx),3.08,-1.92,25,0,1,1,0,0,0,0.0009243896230489
20260731_013853,results/To_Use/simulation_llama3.1_8b_Full_scnldf_sh1_ldf1_seed1_26agents_30rounds_20260731_013853.json,3,20,developing,SFI,100000.0,1122992.0285714285,0.1,1122992.0,0.0890478271045353,1000000.0,0.0890478293701112,proportional columns are analyst-derived; stage1_cap uses end-of-round wealth (approx),4.2,1.12,25,0,0,0,1,1,0,0.0890478271045353
20260731_013853,results/To_Use/simulation_llama3.1_8b_Full_scnldf_sh1_ldf1_seed1_26agents_30rounds_20260731_013853.json,4,20,developing,SFI,37103.0,1111567.2,0.1,1111567.0,0.0333789985886593,371030.0,0.0333790045944149,proportional columns are analyst-derived; stage1_cap uses end-of-round wealth (approx),5.72,1.5199999999999996,25,0,0,0,0,0,0,0.0333789985886593
20260731_013853,results/To_Use/simulation_llama3.1_8b_Full_scnldf_sh1_ldf1_seed1_26agents_30rounds_20260731_013853.json,5,20,developing,SFI,1000000.0,240209.19999999995,0.1,240209.0,4.163037885309972,10000000.0,4.163041351489745,proportional columns are analyst-derived; stage1_cap uses end-of-round wealth (approx),4.92,-0.7999999999999998,25,0,0,0,0,0,0,4.163037885309972
20260731_013853,results/To_Use/simulation_llama3.1_8b_Full_scnldf_sh1_ldf1_seed1_26agents_30rounds_20260731_013853.json,6,20,developing,SFI,120000.0,211991.82857142852,0.1,211991.0,0.5660595543170532,1200000.0,0.5660617667731177,proportional columns are analyst-derived; stage1_cap uses end-of-round wealth (approx),5.36,0.4400000000000004,25,0,0,0,0,0,0,0.5660595543170532
20260731_013853,results/To_Use/simulation_llama3.1_8b_Full_scnldf_sh1_ldf1_seed1_26agents_30rounds_20260731_013853.json,7,20,developing,SFI,120000.0,160499.82857142854,0.1,160499.0,0.7476643499752738,1200000.0,0.7476682097707774,proportional columns are analyst-derived; stage1_cap uses end-of-round wealth (approx),4.6,-0.7600000000000007,25,0,0,0,0,0,0,0.7476643499752738
20260731_013853,results/To_Use/simulation_llama3.1_8b_Full_scnldf_sh1_ldf1_seed1_26agents_30rounds_20260731_013853.json,8,20,developing,SFI,120000.0,164314.0,0.1,164314.0,0.7303090424431272,1200000.0,0.7303090424431272,proportional columns are analyst-derived; stage1_cap uses end-of-round wealth (approx),6.88,2.28,25,0,0,0,0,0,0,0.7303090424431272
20260731_013853,results/To_Use/simulation_llama3.1_8b_Full_scnldf_sh1_ldf1_seed1_26agents_30rounds_20260731_013853.json,9,20,developing,SFI,120000.0,157790.11428571428,0.1,157790.0,0.7605039171383904,1200000.0,0.7605044679637493,proportional columns are analyst-derived; stage1_cap uses end-of-round wealth (approx),6.32,-0.5599999999999996,25,0,0,0,0,0,0,0.7605039171383904
20260731_013853,results/To_Use/simulation_llama3.1_8b_Full_scnldf_sh1_ldf1_seed1_26agents_30rounds_20260731_013853.json,10,20,developing,SFI,120000.0,178827.48571428572,0.1,178827.0,0.6710377854986178,1200000.0,0.6710396081128689,proportional columns are analyst-derived; stage1_cap uses end-of-round wealth (approx),6.96,0.6399999999999997,25,0,0,0,0,0,0,0.6710377854986178
20260731_013853,results/To_Use/simulation_llama3.1_8b_Full_scnldf_sh1_ldf1_seed1_26agents_30rounds_20260731_013853.json,11,20,developing,SFI,120000.0,212392.97142857144,0.1,212392.0,0.564990447625789,1200000.0,0.5649930317526084,proportional columns are analyst-derived; stage1_cap uses end-of-round wealth (approx),5.72,-1.2400000000000002,25,0,0,1,0,0,0,0.564990447625789
20260731_013853,results/To_Use/simulation_llama3.1_8b_Full_scnldf_sh1_ldf1_seed1_26agents_30rounds_20260731_013853.json,12,20,developing,SFI,120000.0,237848.8571428572,0.1,237848.0,0.5045220794478126,1200000.0,0.5045238976152837,proportional columns are analyst-derived; stage1_cap uses end-of-round wealth (approx),7.04,1.3200000000000005,25,0,0,0,0,1,0,0.5045220794478126
20260731_013853,results/To_Use/simulation_llama3.1_8b_Full_scnldf_sh1_ldf1_seed1_26agents_30rounds_20260731_013853.json,13,20,developing,SFI,120000.0,259785.31428571432,0.1,259785.0,0.4619198753784168,1200000.0,0.4619204342052082,proportional columns are analyst-derived; stage1_cap uses end-of-round wealth (approx),5.6,-1.4400000000000004,25,0,0,1,0,0,0,0.4619198753784168
20260731_013853,results/To_Use/simulation_llama3.1_8b_Full_scnldf_sh1_ldf1_seed1_26agents_30rounds_20260731_013853.json,14,20,developing,SFI,120000.0,292113.77142857143,0.1,292113.0,0.4107988453031314,1200000.0,0.4107999301640119,proportional columns are analyst-derived; stage1_cap uses end-of-round wealth (approx),5.12,-0.4799999999999995,25,0,0,0,0,1,0,0.4107988453031314
20260731_013853,results/To_Use/simulation_llama3.1_8b_Full_scnldf_sh1_ldf1_seed1_26agents_30rounds_20260731_013853.json,15,20,developing,SFI,120000.0,319784.6285714286,0.1,319784.0,0.3752525583736625,1200000.0,0.3752532959747829,proportional columns are analyst-derived; stage1_cap uses end-of-round wealth (approx),6.6,1.4799999999999995,25,0,0,0,0,0,0,0.3752525583736625
20260731_013853,results/To_Use/simulation_llama3.1_8b_Full_scnldf_sh1_ldf1_seed1_26agents_30rounds_20260731_013853.json,16,20,developing,SFI,120000.0,325272.6285714286,0.1,325272.0,0.3689212969656574,1200000.0,0.3689220098871099,proportional columns are analyst-derived; stage1_cap uses end-of-round wealth (approx),5.84,-0.7599999999999998,25,0,0,0,0,0,0,0.3689212969656574
20260731_013853,results/To_Use/simulation_llama3.1_8b_Full_scnldf_sh1_ldf1_seed1_26agents_30rounds_20260731_013853.json,17,20,developing,SFI,120000.0,536011.7142857143,0.1,536011.0,0.2238757042090231,1200000.0,0.2238760025447239,proportional columns are analyst-derived; stage1_cap uses end-of-round wealth (approx),5.0,-0.8399999999999999,25,0,0,0,0,0,0,0.2238757042090231
20260731_013853,results/To_Use/simulation_llama3.1_8b_Full_scnldf_sh1_ldf1_seed1_26agents_30rounds_20260731_013853.json,18,20,developing,SFI,213382.0,467583.42857142864,0.1,467583.0,0.4563506466684019,2133820.0,0.4563510649446194,proportional columns are analyst-derived; stage1_cap uses end-of-round wealth (approx),5.0,0.0,25,0,0,0,0,0,0,0.4563506466684019
20260731_013853,results/To_Use/simulation_llama3.1_8b_Full_scnldf_sh1_ldf1_seed1_26agents_30rounds_20260731_013853.json,19,20,developing,SFI,213382.0,382838.6857142858,0.1,382838.0,0.5573679149009719,2133820.0,0.5573689132217805,proportional columns are analyst-derived; stage1_cap uses end-of-round wealth (approx),5.36,0.3600000000000003,25,0,0,0,0,0,0,0.5573679149009719
20260731_013853,results/To_Use/simulation_llama3.1_8b_Full_scnldf_sh1_ldf1_seed1_26agents_30rounds_20260731_013853.json,20,20,developing,SFI,213382.0,366907.3142857144,0.1,366907.0,0.5815692184153006,2133820.0,0.5815697165766802,proportional columns are analyst-derived; stage1_cap uses end-of-round wealth (approx),6.44,1.08,25,0,0,0,0,0,0,0.5815692184153006
20260731_013853,results/To_Use/simulation_llama3.1_8b_Full_scnldf_sh1_ldf1_seed1_26agents_30rounds_20260731_013853.json,21,20,developing,SFI,213382.0,272651.14285714296,0.1,272651.0,0.7826191292064477,2133820.0,0.7826195392644809,proportional columns are analyst-derived; stage1_cap uses end-of-round wealth (approx),6.2,-0.2400000000000002,25,0,0,0,0,0,0,0.7826191292064477
20260731_013853,results/To_Use/simulation_llama3.1_8b_Full_scnldf_sh1_ldf1_seed1_26agents_30rounds_20260731_013853.json,22,20,developing,SFI,213382.0,182578.05714285723,0.1,182578.0,1.1687165661590997,2133820.0,1.1687169319414168,proportional columns are analyst-derived; stage1_cap uses end-of-round wealth (approx),5.0,-1.2000000000000002,25,0,0,1,0,0,0,1.1687165661590997
20260731_013853,results/To_Use/simulation_llama3.1_8b_Full_scnldf_sh1_ldf1_seed1_26agents_30rounds_20260731_013853.json,23,20,developing,SFI,182578.0,110723.94285714296,0.1,110723.0,1.6489477821031338,1825780.0,1.6489618236500094,proportional columns are analyst-derived; stage1_cap uses end-of-round wealth (approx),5.6,0.5999999999999996,25,0,0,0,0,1,0,1.6489477821031338
20260731_013853,results/To_Use/simulation_llama3.1_8b_Full_scnldf_sh1_ldf1_seed1_26agents_30rounds_20260731_013853.json,24,20,developing,SFI,0.0,180952.74285714296,0.1,180952.0,0.0,0.0,0.0,proportional columns are analyst-derived; stage1_cap uses end-of-round wealth (approx),6.6,1.0,25,0,0,0,0,0,0,0.0
20260731_013853,results/To_Use/simulation_llama3.1_8b_Full_scnldf_sh1_ldf1_seed1_26agents_30rounds_20260731_013853.json,25,20,developing,SFI,128246.0,222021.4857142858,0.1,222021.0,0.5776287803291108,1282460.0,0.5776300440048464,proportional columns are analyst-derived; stage1_cap uses end-of-round wealth (approx),1.0,-5.6,25,0,1,1,0,0,0,0.5776287803291108
20260731_013853,results/To_Use/simulation_llama3.1_8b_Full_scnldf_sh1_ldf1_seed1_26agents_30rounds_20260731_013853.json,26,20,developing,SFI,104096.0,330780.3428571429,0.1,330780.0,0.3146982650204122,1040960.0,0.3146985912086583,proportional columns are analyst-derived; stage1_cap uses end-of-round wealth (approx),5.48,4.48,25,0,0,0,1,1,0,0.3146982650204122
20260731_013853,results/To_Use/simulation_llama3.1_8b_Full_scnldf_sh1_ldf1_seed1_26agents_30rounds_20260731_013853.json,27,20,developing,SFI,128246.0,337354.80000000005,0.1,337354.0,0.3801516978563814,1282460.0,0.3801525993466803,proportional columns are analyst-derived; stage1_cap uses end-of-round wealth (approx),6.2,0.7199999999999998,25,0,0,0,0,0,0,0.3801516978563814
20260731_013853,results/To_Use/simulation_llama3.1_8b_Full_scnldf_sh1_ldf1_seed1_26agents_30rounds_20260731_013853.json,28,20,developing,SFI,128246.0,408419.20000000007,0.1,408419.0,0.3140058057995314,1282460.0,0.3140059595660339,proportional columns are analyst-derived; stage1_cap uses end-of-round wealth (approx),5.84,-0.3600000000000003,25,0,0,0,0,0,0,0.3140058057995314
20260731_013853,results/To_Use/simulation_llama3.1_8b_Full_scnldf_sh1_ldf1_seed1_26agents_30rounds_20260731_013853.json,29,20,developing,SFI,128246.0,382201.5428571429,0.1,382201.0,0.3355454795951335,1282460.0,0.335545956185358,proportional columns are analyst-derived; stage1_cap uses end-of-round wealth (approx),6.2,0.3600000000000003,25,0,0,0,0,0,0,0.3355454795951335
20260731_013853,results/To_Use/simulation_llama3.1_8b_Full_scnldf_sh1_ldf1_seed1_26agents_30rounds_20260731_013853.json,30,20,developing,SFI,128246.0,435126.7428571429,0.1,435126.0,0.2947325166867636,1282460.0,0.2947330198609138,proportional columns are analyst-derived; stage1_cap uses end-of-round wealth (approx),5.0,-1.2000000000000002,25,0,0,1,0,0,0,0.2947325166867636
20260731_013853,results/To_Use/simulation_llama3.1_8b_Full_scnldf_sh1_ldf1_seed1_26agents_30rounds_20260731_013853.json,1,21,developed,SI,2000000.0,2962962.333333333,1.0,2962962.0,0.6750001434375306,2000000.0,0.6750002193750713,proportional columns are analyst-derived; stage1_cap uses end-of-round wealth (approx),5.0,,0,0,0,0,0,0,0,0.6750001434375306
20260731_013853,results/To_Use/simulation_llama3.1_8b_Full_scnldf_sh1_ldf1_seed1_26agents_30rounds_20260731_013853.json,2,21,developed,SI,2962962.0,3319504.333333333,1.0,3319504.0,0.8925916951657341,2962962.0,0.8925917847967648,proportional columns are analyst-derived; stage1_cap uses end-of-round wealth (approx),5.0,0.0,25,0,0,0,0,0,0,0.8925916951657341
20260731_013853,results/To_Use/simulation_llama3.1_8b_Full_scnldf_sh1_ldf1_seed1_26agents_30rounds_20260731_013853.json,3,21,developed,SI,2000000.0,4151780.8,1.0,4151780.0,0.4817210002994378,2000000.0,0.4817210931215045,proportional columns are analyst-derived; stage1_cap uses end-of-round wealth (approx),5.6,0.5999999999999996,25,0,0,0,0,0,0,0.4817210002994378
20260731_013853,results/To_Use/simulation_llama3.1_8b_Full_scnldf_sh1_ldf1_seed1_26agents_30rounds_20260731_013853.json,4,21,developed,SI,30830.0,6529794.466666667,1.0,6529794.0,0.004721434978908,30830.0,0.0047214353163361,proportional columns are analyst-derived; stage1_cap uses end-of-round wealth (approx),6.08,0.4800000000000004,25,0,0,0,0,0,0,0.004721434978908
20260731_013853,results/To_Use/simulation_llama3.1_8b_Full_scnldf_sh1_ldf1_seed1_26agents_30rounds_20260731_013853.json,5,21,developed,SI,6529794.0,2872554.1333333333,1.0,2872554.0,2.273166560806559,6529794.0,2.2731666663185446,proportional columns are analyst-derived; stage1_cap uses end-of-round wealth (approx),5.0,-1.08,25,0,0,1,0,0,0,2.273166560806559
20260731_013853,results/To_Use/simulation_llama3.1_8b_Full_scnldf_sh1_ldf1_seed1_26agents_30rounds_20260731_013853.json,6,21,developed,SI,1200000.0,3359929.8,1.0,3359929.0,0.3571503190334512,1200000.0,0.3571504040710384,proportional columns are analyst-derived; stage1_cap uses end-of-round wealth (approx),6.68,1.6799999999999995,25,0,0,0,0,1,0,0.3571503190334512
20260731_013853,results/To_Use/simulation_llama3.1_8b_Full_scnldf_sh1_ldf1_seed1_26agents_30rounds_20260731_013853.json,7,21,developed,SI,1200000.0,5702107.6,1.0,5702107.0,0.2104485015330121,1200000.0,0.2104485236773003,proportional columns are analyst-derived; stage1_cap uses end-of-round wealth (approx),6.32,-0.3599999999999994,25,0,0,0,0,0,0,0.2104485015330121
20260731_013853,results/To_Use/simulation_llama3.1_8b_Full_scnldf_sh1_ldf1_seed1_26agents_30rounds_20260731_013853.json,8,21,developed,SI,2305747.0,7167855.533333333,1.0,7167855.0,0.3216787767662691,2305747.0,0.321678800701186,proportional columns are analyst-derived; stage1_cap uses end-of-round wealth (approx),4.04,-2.28,25,0,0,1,0,0,0,0.3216787767662691
20260731_013853,results/To_Use/simulation_llama3.1_8b_Full_scnldf_sh1_ldf1_seed1_26agents_30rounds_20260731_013853.json,9,21,developed,SI,3000000.0,10365461.266666666,1.0,10365461.0,0.289422720592997,3000000.0,0.2894227280388204,proportional columns are analyst-derived; stage1_cap uses end-of-round wealth (approx),5.0,0.96,25,0,0,0,0,1,0,0.289422720592997
20260731_013853,results/To_Use/simulation_llama3.1_8b_Full_scnldf_sh1_ldf1_seed1_26agents_30rounds_20260731_013853.json,10,21,developed,SI,3989560.0,15112220.933333332,1.0,15112220.0,0.2639956110752819,3989560.0,0.2639956273796967,proportional columns are analyst-derived; stage1_cap uses end-of-round wealth (approx),4.6,-0.4000000000000003,25,0,0,0,0,0,0,0.2639956110752819
20260731_013853,results/To_Use/simulation_llama3.1_8b_Full_scnldf_sh1_ldf1_seed1_26agents_30rounds_20260731_013853.json,11,21,developed,SI,8000000.0,17412682.4,1.0,17412682.0,0.459435244738628,8000000.0,0.4594352552926654,proportional columns are analyst-derived; stage1_cap uses end-of-round wealth (approx),6.68,2.08,25,0,0,0,0,0,0,0.459435244738628
20260731_013853,results/To_Use/simulation_llama3.1_8b_Full_scnldf_sh1_ldf1_seed1_26agents_30rounds_20260731_013853.json,12,21,developed,SI,12000000.0,22349804.73333333,1.0,22349804.0,0.5369174425986261,12000000.0,0.5369174602157585,proportional columns are analyst-derived; stage1_cap uses end-of-round wealth (approx),3.0,-3.68,25,1,1,1,0,0,0,0.5369174425986261
20260731_013853,results/To_Use/simulation_llama3.1_8b_Full_scnldf_sh1_ldf1_seed1_26agents_30rounds_20260731_013853.json,13,21,developed,SI,12000000.0,29396878.866666667,1.0,29396878.0,0.4082066009261577,12000000.0,0.4082066129607368,proportional columns are analyst-derived; stage1_cap uses end-of-round wealth (approx),5.72,2.72,25,0,0,0,1,1,1,0.4082066009261577
20260731_013853,results/To_Use/simulation_llama3.1_8b_Full_scnldf_sh1_ldf1_seed1_26agents_30rounds_20260731_013853.json,14,21,developed,SI,12000000.0,37526114.66666667,1.0,37526114.0,0.3197773099238339,12000000.0,0.3197773156048079,proportional columns are analyst-derived; stage1_cap uses end-of-round wealth (approx),5.36,-0.3599999999999994,25,0,0,0,0,0,0,0.3197773099238339
20260731_013853,results/To_Use/simulation_llama3.1_8b_Full_scnldf_sh1_ldf1_seed1_26agents_30rounds_20260731_013853.json,15,21,developed,SI,12000000.0,48462269.53333335,1.0,48462269.0,0.2476153121913977,12000000.0,0.2476153149164353,proportional columns are analyst-derived; stage1_cap uses end-of-round wealth (approx),4.6,-0.7600000000000007,25,0,0,0,0,0,0,0.2476153121913977
20260731_013853,results/To_Use/simulation_llama3.1_8b_Full_scnldf_sh1_ldf1_seed1_26agents_30rounds_20260731_013853.json,16,21,developed,SI,20000000.0,56910155.20000002,1.0,56910155.0,0.3514311273570379,20000000.0,0.3514311285920764,proportional columns are analyst-derived; stage1_cap uses end-of-round wealth (approx),5.84,1.2400000000000002,25,0,0,0,0,0,0,0.3514311273570379
20260731_013853,results/To_Use/simulation_llama3.1_8b_Full_scnldf_sh1_ldf1_seed1_26agents_30rounds_20260731_013853.json,17,21,developed,SI,20000000.0,61397875.06666669,1.0,61397875.0,0.3257441723884371,20000000.0,0.3257441727421348,proportional columns are analyst-derived; stage1_cap uses end-of-round wealth (approx),5.0,-0.8399999999999999,25,0,0,0,0,0,0,0.3257441723884371
20260731_013853,results/To_Use/simulation_llama3.1_8b_Full_scnldf_sh1_ldf1_seed1_26agents_30rounds_20260731_013853.json,18,21,developed,SI,30000000.0,62554962.86666669,1.0,62554962.0,0.4795782560680878,30000000.0,0.4795782627123968,proportional columns are analyst-derived; stage1_cap uses end-of-round wealth (approx),5.36,0.3600000000000003,25,0,0,0,0,0,0,0.4795782560680878
20260731_013853,results/To_Use/simulation_llama3.1_8b_Full_scnldf_sh1_ldf1_seed1_26agents_30rounds_20260731_013853.json,19,21,developed,SI,20000000.0,70752141.33333336,1.0,70752141.0,0.282676956811446,20000000.0,0.2826769581432172,proportional columns are analyst-derived; stage1_cap uses end-of-round wealth (approx),3.48,-1.8800000000000003,25,0,1,1,0,0,0,0.282676956811446
20260731_013853,results/To_Use/simulation_llama3.1_8b_Full_scnldf_sh1_ldf1_seed1_26agents_30rounds_20260731_013853.json,20,21,developed,SI,30000000.0,67626020.2666667,1.0,67626020.0,0.4436162276251408,30000000.0,0.443616229374433,proportional columns are analyst-derived; stage1_cap uses end-of-round wealth (approx),6.8,3.32,25,0,0,0,1,1,0,0.4436162276251408
20260731_013853,results/To_Use/simulation_llama3.1_8b_Full_scnldf_sh1_ldf1_seed1_26agents_30rounds_20260731_013853.json,21,21,developed,SI,30000000.0,64986301.6666667,1.0,64986301.0,0.4616357483132148,30000000.0,0.4616357530489387,proportional columns are analyst-derived; stage1_cap uses end-of-round wealth (approx),6.56,-0.2400000000000002,25,0,0,0,0,0,0,0.4616357483132148
20260731_013853,results/To_Use/simulation_llama3.1_8b_Full_scnldf_sh1_ldf1_seed1_26agents_30rounds_20260731_013853.json,22,21,developed,SI,30000000.0,77061404.53333336,1.0,77061404.0,0.389299937908909,30000000.0,0.3892999406032104,proportional columns are analyst-derived; stage1_cap uses end-of-round wealth (approx),5.0,-1.5599999999999996,25,0,0,1,0,0,0,0.389299937908909
20260731_013853,results/To_Use/simulation_llama3.1_8b_Full_scnldf_sh1_ldf1_seed1_26agents_30rounds_20260731_013853.json,23,21,developed,SI,30000000.0,84159698.4666667,1.0,84159698.0,0.3564651554910473,30000000.0,0.3564651574676515,proportional columns are analyst-derived; stage1_cap uses end-of-round wealth (approx),5.0,0.0,25,0,0,0,0,1,0,0.3564651554910473
20260731_013853,results/To_Use/simulation_llama3.1_8b_Full_scnldf_sh1_ldf1_seed1_26agents_30rounds_20260731_013853.json,24,21,developed,SI,30000000.0,80250407.13333337,1.0,80250407.0,0.3738298791451114,30000000.0,0.3738298797662173,proportional columns are analyst-derived; stage1_cap uses end-of-round wealth (approx),5.72,0.7199999999999998,25,0,0,0,0,0,0,0.3738298791451114
20260731_013853,results/To_Use/simulation_llama3.1_8b_Full_scnldf_sh1_ldf1_seed1_26agents_30rounds_20260731_013853.json,25,21,developed,SI,30000000.0,71519392.6666667,1.0,71519392.0,0.4194666492740256,30000000.0,0.4194666531840763,proportional columns are analyst-derived; stage1_cap uses end-of-round wealth (approx),6.56,0.8399999999999999,25,0,0,0,0,0,0,0.4194666492740256
20260731_013853,results/To_Use/simulation_llama3.1_8b_Full_scnldf_sh1_ldf1_seed1_26agents_30rounds_20260731_013853.json,26,21,developed,SI,30000000.0,82187272.20000005,1.0,82187272.0,0.3650200231368669,30000000.0,0.3650200240251313,proportional columns are analyst-derived; stage1_cap uses end-of-round wealth (approx),5.0,-1.5599999999999996,25,0,0,1,0,0,0,0.3650200231368669
20260731_013853,results/To_Use/simulation_llama3.1_8b_Full_scnldf_sh1_ldf1_seed1_26agents_30rounds_20260731_013853.json,27,21,developed,SI,30000000.0,101323869.5333334,1.0,101323869.0,0.2960802833347244,30000000.0,0.2960802848931874,proportional columns are analyst-derived; stage1_cap uses end-of-round wealth (approx),6.32,1.3200000000000005,25,0,0,0,0,1,0,0.2960802833347244
20260731_013853,results/To_Use/simulation_llama3.1_8b_Full_scnldf_sh1_ldf1_seed1_26agents_30rounds_20260731_013853.json,28,21,developed,SI,30000000.0,102365415.26666673,1.0,102365415.0,0.2930677311458033,30000000.0,0.2930677319092586,proportional columns are analyst-derived; stage1_cap uses end-of-round wealth (approx),6.32,0.0,25,0,0,0,0,0,0,0.2930677311458033
20260731_013853,results/To_Use/simulation_llama3.1_8b_Full_scnldf_sh1_ldf1_seed1_26agents_30rounds_20260731_013853.json,29,21,developed,SI,10000000.0,110372384.66666672,1.0,110372384.0,0.0906023733219209,10000000.0,0.0906023738691736,proportional columns are analyst-derived; stage1_cap uses end-of-round wealth (approx),5.0,-1.3200000000000005,25,0,0,1,0,0,0,0.0906023733219209
20260731_013853,results/To_Use/simulation_llama3.1_8b_Full_scnldf_sh1_ldf1_seed1_26agents_30rounds_20260731_013853.json,30,21,developed,SI,10000000.0,117556630.80000009,1.0,117556630.0,0.0850653845040274,10000000.0,0.085065385082917,proportional columns are analyst-derived; stage1_cap uses end-of-round wealth (approx),5.6,0.5999999999999996,25,0,0,0,0,1,0,0.0850653845040274
20260731_013853,results/To_Use/simulation_llama3.1_8b_Full_scnldf_sh1_ldf1_seed1_26agents_30rounds_20260731_013853.json,1,22,developed,SI,1210000.0,1273171.3333333333,1.0,1273171.0,0.9503826926671824,1210000.0,0.9503829414901848,proportional columns are analyst-derived; stage1_cap uses end-of-round wealth (approx),5.0,,0,0,0,0,0,0,0,0.9503826926671824
20260731_013853,results/To_Use/simulation_llama3.1_8b_Full_scnldf_sh1_ldf1_seed1_26agents_30rounds_20260731_013853.json,2,22,developed,SI,1210000.0,3380071.333333333,1.0,3380071.0,0.3579806106656132,1210000.0,0.3579806459686793,proportional columns are analyst-derived; stage1_cap uses end-of-round wealth (approx),5.0,0.0,25,0,0,0,0,0,0,0.3579806106656132
20260731_013853,results/To_Use/simulation_llama3.1_8b_Full_scnldf_sh1_ldf1_seed1_26agents_30rounds_20260731_013853.json,3,22,developed,SI,1210000.0,4994073.8,1.0,4994073.0,0.242287168443526,1210000.0,0.2422872072554806,proportional columns are analyst-derived; stage1_cap uses end-of-round wealth (approx),5.56,0.5599999999999996,25,0,0,0,0,0,0,0.242287168443526
20260731_013853,results/To_Use/simulation_llama3.1_8b_Full_scnldf_sh1_ldf1_seed1_26agents_30rounds_20260731_013853.json,4,22,developed,SI,1210000.0,6202988.466666667,1.0,6202988.0,0.1950672658029661,1210000.0,0.1950672804783759,proportional columns are analyst-derived; stage1_cap uses end-of-round wealth (approx),6.6,1.04,25,0,0,0,0,0,0,0.1950672658029661
20260731_013853,results/To_Use/simulation_llama3.1_8b_Full_scnldf_sh1_ldf1_seed1_26agents_30rounds_20260731_013853.json,5,22,developed,SI,30830.0,7789063.133333333,1.0,7789063.0,0.0039581140211924,30830.0,0.0039581140889475,proportional columns are analyst-derived; stage1_cap uses end-of-round wealth (approx),5.0,-1.5999999999999996,25,0,0,1,0,0,0,0.0039581140211924
20260731_013853,results/To_Use/simulation_llama3.1_8b_Full_scnldf_sh1_ldf1_seed1_26agents_30rounds_20260731_013853.json,6,22,developed,SI,30830.0,9440793.8,1.0,9440793.0,0.0032656152282448,30830.0,0.0032656155049687,proportional columns are analyst-derived; stage1_cap uses end-of-round wealth (approx),5.0,0.0,25,0,0,0,0,1,0,0.0032656152282448
20260731_013853,results/To_Use/simulation_llama3.1_8b_Full_scnldf_sh1_ldf1_seed1_26agents_30rounds_20260731_013853.json,7,22,developed,SI,1200000.0,11780364.6,1.0,11780364.0,0.1018644193745922,1200000.0,0.1018644245627724,proportional columns are analyst-derived; stage1_cap uses end-of-round wealth (approx),5.0,0.0,25,0,0,0,0,0,0,0.1018644193745922
20260731_013853,results/To_Use/simulation_llama3.1_8b_Full_scnldf_sh1_ldf1_seed1_26agents_30rounds_20260731_013853.json,8,22,developed,SI,1200000.0,14339297.533333331,1.0,14339297.0,0.0836861078592213,1200000.0,0.0836861109718279,proportional columns are analyst-derived; stage1_cap uses end-of-round wealth (approx),5.24,0.2400000000000002,25,0,0,0,0,0,0,0.0836861078592213
20260731_013853,results/To_Use/simulation_llama3.1_8b_Full_scnldf_sh1_ldf1_seed1_26agents_30rounds_20260731_013853.json,9,22,developed,SI,30830.0,20558368.266666666,1.0,20558368.0,0.001499632636214,30830.0,0.001499632655666,proportional columns are analyst-derived; stage1_cap uses end-of-round wealth (approx),5.24,0.0,25,0,0,0,0,0,0,0.001499632636214
20260731_013853,results/To_Use/simulation_llama3.1_8b_Full_scnldf_sh1_ldf1_seed1_26agents_30rounds_20260731_013853.json,10,22,developed,SI,1200000.0,26604661.93333333,1.0,26604661.0,0.0451048768447797,1200000.0,0.0451048784271297,proportional columns are analyst-derived; stage1_cap uses end-of-round wealth (approx),5.12,-0.1200000000000001,25,0,0,0,0,0,0,0.0451048768447797
20260731_013853,results/To_Use/simulation_llama3.1_8b_Full_scnldf_sh1_ldf1_seed1_26agents_30rounds_20260731_013853.json,11,22,developed,SI,1200000.0,34202131.4,1.0,34202131.0,0.0350855327103971,1200000.0,0.0350855331207286,proportional columns are analyst-derived; stage1_cap uses end-of-round wealth (approx),5.0,-0.1200000000000001,25,0,0,0,0,0,0,0.0350855327103971
20260731_013853,results/To_Use/simulation_llama3.1_8b_Full_scnldf_sh1_ldf1_seed1_26agents_30rounds_20260731_013853.json,12,22,developed,SI,20000000.0,31252526.73333333,1.0,31252526.0,0.6399482566850633,20000000.0,0.6399482717013019,proportional columns are analyst-derived; stage1_cap uses end-of-round wealth (approx),5.84,0.8399999999999999,25,0,0,0,0,0,0,0.6399482566850633
20260731_013853,results/To_Use/simulation_llama3.1_8b_Full_scnldf_sh1_ldf1_seed1_26agents_30rounds_20260731_013853.json,13,22,developed,SI,12000000.0,38293825.86666667,1.0,38293825.0,0.3133664429817536,12000000.0,0.3133664500738696,proportional columns are analyst-derived; stage1_cap uses end-of-round wealth (approx),5.72,-0.1200000000000001,25,0,0,0,0,0,0,0.3133664429817536
20260731_013853,results/To_Use/simulation_llama3.1_8b_Full_scnldf_sh1_ldf1_seed1_26agents_30rounds_20260731_013853.json,14,22,developed,SI,20000000.0,38623108.66666667,1.0,38623108.0,0.5178247088448585,20000000.0,0.5178247177829397,proportional columns are analyst-derived; stage1_cap uses end-of-round wealth (approx),4.68,-1.04,25,0,0,1,0,0,0,0.5178247088448585
20260731_013853,results/To_Use/simulation_llama3.1_8b_Full_scnldf_sh1_ldf1_seed1_26agents_30rounds_20260731_013853.json,15,22,developed,SI,20000000.0,41578124.53333335,1.0,41578124.0,0.4810221775146669,20000000.0,0.4810221836848627,proportional columns are analyst-derived; stage1_cap uses end-of-round wealth (approx),3.16,-1.5199999999999996,25,0,1,1,0,1,0,0.4810221775146669
20260731_013853,results/To_Use/simulation_llama3.1_8b_Full_scnldf_sh1_ldf1_seed1_26agents_30rounds_20260731_013853.json,16,22,developed,SI,12000000.0,58012189.20000002,1.0,58012189.0,0.2068530797662087,12000000.0,0.2068530804793454,proportional columns are analyst-derived; stage1_cap uses end-of-round wealth (approx),5.36,2.2,25,0,0,0,1,1,0,0.2068530797662087
20260731_013853,results/To_Use/simulation_llama3.1_8b_Full_scnldf_sh1_ldf1_seed1_26agents_30rounds_20260731_013853.json,17,22,developed,SI,12000000.0,70489989.06666669,1.0,70489989.0,0.1702369394418669,12000000.0,0.1702369396028704,proportional columns are analyst-derived; stage1_cap uses end-of-round wealth (approx),5.24,-0.1200000000000001,25,0,0,0,0,0,0,0.1702369394418669
20260731_013853,results/To_Use/simulation_llama3.1_8b_Full_scnldf_sh1_ldf1_seed1_26agents_30rounds_20260731_013853.json,18,22,developed,SI,15000000.0,86643064.86666669,1.0,86643064.0,0.1731240696884765,15000000.0,0.1731240714201889,proportional columns are analyst-derived; stage1_cap uses end-of-round wealth (approx),4.76,-0.4800000000000004,25,0,0,0,0,0,0,0.1731240696884765
20260731_013853,results/To_Use/simulation_llama3.1_8b_Full_scnldf_sh1_ldf1_seed1_26agents_30rounds_20260731_013853.json,19,22,developed,SI,20000000.0,94839634.33333336,1.0,94839634.0,0.2108822976869132,20000000.0,0.2108822984281023,proportional columns are analyst-derived; stage1_cap uses end-of-round wealth (approx),5.12,0.3600000000000003,25,0,0,0,0,0,0,0.2108822976869132
20260731_013853,results/To_Use/simulation_llama3.1_8b_Full_scnldf_sh1_ldf1_seed1_26agents_30rounds_20260731_013853.json,20,22,developed,SI,19423998.0,102284535.2666667,1.0,102284535.0,0.1899016107308848,19423998.0,0.1899016112259786,proportional columns are analyst-derived; stage1_cap uses end-of-round wealth (approx),5.0,-0.1200000000000001,25,0,0,0,0,0,0,0.1899016107308848
20260731_013853,results/To_Use/simulation_llama3.1_8b_Full_scnldf_sh1_ldf1_seed1_26agents_30rounds_20260731_013853.json,21,22,developed,SI,20000000.0,109657850.6666667,1.0,109657850.0,0.1823854824657758,20000000.0,0.1823854835745913,proportional columns are analyst-derived; stage1_cap uses end-of-round wealth (approx),5.0,0.0,25,0,0,0,0,0,0,0.1823854824657758
20260731_013853,results/To_Use/simulation_llama3.1_8b_Full_scnldf_sh1_ldf1_seed1_26agents_30rounds_20260731_013853.json,22,22,developed,SI,109657850.0,42071064.533333376,1.0,42071064.0,2.606490974648784,109657850.0,2.606491007691177,proportional columns are analyst-derived; stage1_cap uses end-of-round wealth (approx),5.0,0.0,25,0,0,0,0,0,0,2.606490974648784
20260731_013853,results/To_Use/simulation_llama3.1_8b_Full_scnldf_sh1_ldf1_seed1_26agents_30rounds_20260731_013853.json,23,22,developed,SI,20000000.0,59166620.46666671,1.0,59166620.0,0.3380284329619197,20000000.0,0.3380284356280619,proportional columns are analyst-derived; stage1_cap uses end-of-round wealth (approx),5.36,0.3600000000000003,25,0,0,0,0,0,0,0.3380284329619197
20260731_013853,results/To_Use/simulation_llama3.1_8b_Full_scnldf_sh1_ldf1_seed1_26agents_30rounds_20260731_013853.json,24,22,developed,SI,30000000.0,54953032.133333385,1.0,54953032.0,0.5459207405919029,30000000.0,0.5459207419164788,proportional columns are analyst-derived; stage1_cap uses end-of-round wealth (approx),5.72,0.3599999999999994,25,0,0,0,0,0,0,0.5459207405919029
20260731_013853,results/To_Use/simulation_llama3.1_8b_Full_scnldf_sh1_ldf1_seed1_26agents_30rounds_20260731_013853.json,25,22,developed,SI,0.0,76195753.66666672,1.0,76195753.0,0.0,0.0,0.0,proportional columns are analyst-derived; stage1_cap uses end-of-round wealth (approx),5.72,0.0,25,0,0,0,0,0,0,0.0
20260731_013853,results/To_Use/simulation_llama3.1_8b_Full_scnldf_sh1_ldf1_seed1_26agents_30rounds_20260731_013853.json,26,22,developed,SI,20000000.0,96850433.20000003,1.0,96850433.0,0.206503980820604,20000000.0,0.206503981247043,proportional columns are analyst-derived; stage1_cap uses end-of-round wealth (approx),1.0,-4.72,25,1,1,1,0,0,0,0.206503980820604
20260731_013853,results/To_Use/simulation_llama3.1_8b_Full_scnldf_sh1_ldf1_seed1_26agents_30rounds_20260731_013853.json,27,22,developed,SI,30000000.0,115985881.5333334,1.0,115985881.0,0.2586521704486786,30000000.0,0.2586521716380289,proportional columns are analyst-derived; stage1_cap uses end-of-round wealth (approx),4.84,3.84,25,0,0,0,1,1,1,0.2586521704486786
20260731_013853,results/To_Use/simulation_llama3.1_8b_Full_scnldf_sh1_ldf1_seed1_26agents_30rounds_20260731_013853.json,28,22,developed,SI,30773163.0,116248872.26666673,1.0,116248872.0,0.2647179486559536,30773163.0,0.264717949263198,proportional columns are analyst-derived; stage1_cap uses end-of-round wealth (approx),5.12,0.2800000000000002,25,0,0,0,0,0,0,0.2647179486559536
20260731_013853,results/To_Use/simulation_llama3.1_8b_Full_scnldf_sh1_ldf1_seed1_26agents_30rounds_20260731_013853.json,29,22,developed,SI,10626200.0,123638797.66666672,1.0,123638797.0,0.0859455138721786,10626200.0,0.0859455143356013,proportional columns are analyst-derived; stage1_cap uses end-of-round wealth (approx),5.0,-0.1200000000000001,25,0,0,0,0,0,0,0.0859455138721786
20260731_013853,results/To_Use/simulation_llama3.1_8b_Full_scnldf_sh1_ldf1_seed1_26agents_30rounds_20260731_013853.json,30,22,developed,SI,11317707.0,129505787.80000009,1.0,129505787.0,0.0873915150223115,11317707.0,0.0873915155621578,proportional columns are analyst-derived; stage1_cap uses end-of-round wealth (approx),7.04,2.04,25,0,0,0,0,0,0,0.0873915150223115
20260731_013853,results/To_Use/simulation_llama3.1_8b_Full_scnldf_sh1_ldf1_seed1_26agents_30rounds_20260731_013853.json,1,23,developed,SI,4000000.0,1296995.333333333,1.0,1296995.0,3.084051189081637,4000000.0,3.084051981696152,proportional columns are analyst-derived; stage1_cap uses end-of-round wealth (approx),5.0,,0,0,0,0,0,0,0,3.084051189081637
20260731_013853,results/To_Use/simulation_llama3.1_8b_Full_scnldf_sh1_ldf1_seed1_26agents_30rounds_20260731_013853.json,2,23,developed,SI,503863.0,4110007.333333333,1.0,4110007.0,0.1225941851523055,503863.0,0.1225941950950448,proportional columns are analyst-derived; stage1_cap uses end-of-round wealth (approx),5.72,0.7199999999999998,25,0,0,0,0,0,0,0.1225941851523055
20260731_013853,results/To_Use/simulation_llama3.1_8b_Full_scnldf_sh1_ldf1_seed1_26agents_30rounds_20260731_013853.json,3,23,developed,SI,1500000.0,5441269.8,1.0,5441269.0,0.2756709472483794,1500000.0,0.2756709877787699,proportional columns are analyst-derived; stage1_cap uses end-of-round wealth (approx),4.84,-0.8799999999999999,25,0,0,0,0,0,0,0.2756709472483794
20260731_013853,results/To_Use/simulation_llama3.1_8b_Full_scnldf_sh1_ldf1_seed1_26agents_30rounds_20260731_013853.json,4,23,developed,SI,0.0,7831921.466666667,1.0,7831921.0,0.0,0.0,0.0,proportional columns are analyst-derived; stage1_cap uses end-of-round wealth (approx),5.24,0.4000000000000003,25,0,0,0,0,0,0,0.0
20260731_013853,results/To_Use/simulation_llama3.1_8b_Full_scnldf_sh1_ldf1_seed1_26agents_30rounds_20260731_013853.json,5,23,developed,SI,391596.0,10258348.133333333,1.0,10258348.0,0.0381733974037743,391596.0,0.0381733978999347,proportional columns are analyst-derived; stage1_cap uses end-of-round wealth (approx),1.36,-3.88,25,1,1,1,0,0,0,0.0381733974037743
20260731_013853,results/To_Use/simulation_llama3.1_8b_Full_scnldf_sh1_ldf1_seed1_26agents_30rounds_20260731_013853.json,6,23,developed,SI,3000000.0,8945840.799999999,1.0,8945840.0,0.3353513735679267,3000000.0,0.3353514035574076,proportional columns are analyst-derived; stage1_cap uses end-of-round wealth (approx),5.44,4.08,25,0,0,0,1,1,1,0.3353513735679267
20260731_013853,results/To_Use/simulation_llama3.1_8b_Full_scnldf_sh1_ldf1_seed1_26agents_30rounds_20260731_013853.json,7,23,developed,SI,0.0,12470803.6,1.0,12470803.0,0.0,0.0,0.0,proportional columns are analyst-derived; stage1_cap uses end-of-round wealth (approx),5.0,-0.4400000000000004,25,0,0,0,0,0,0,0.0
20260731_013853,results/To_Use/simulation_llama3.1_8b_Full_scnldf_sh1_ldf1_seed1_26agents_30rounds_20260731_013853.json,8,23,developed,SI,6000000.0,10236900.533333331,1.0,10236900.0,0.5861149066031106,6000000.0,0.586114937139173,proportional columns are analyst-derived; stage1_cap uses end-of-round wealth (approx),1.0,-4.0,25,1,1,1,0,0,0,0.5861149066031106
20260731_013853,results/To_Use/simulation_llama3.1_8b_Full_scnldf_sh1_ldf1_seed1_26agents_30rounds_20260731_013853.json,9,23,developed,SI,4000000.0,12509026.266666666,1.0,12509026.0,0.3197690943106395,4000000.0,0.3197691011274579,proportional columns are analyst-derived; stage1_cap uses end-of-round wealth (approx),6.32,5.32,25,0,0,0,1,1,1,0.3197690943106395
20260731_013853,results/To_Use/simulation_llama3.1_8b_Full_scnldf_sh1_ldf1_seed1_26agents_30rounds_20260731_013853.json,10,23,developed,SI,10000000.0,11244131.933333332,1.0,11244131.0,0.8893527805694728,10000000.0,0.8893528543913265,proportional columns are analyst-derived; stage1_cap uses end-of-round wealth (approx),4.28,-2.04,25,0,0,1,0,0,0,0.8893527805694728
20260731_013853,results/To_Use/simulation_llama3.1_8b_Full_scnldf_sh1_ldf1_seed1_26agents_30rounds_20260731_013853.json,11,23,developed,SI,4000000.0,17259555.4,1.0,17259555.0,0.2317556801028606,4000000.0,0.2317556854739302,proportional columns are analyst-derived; stage1_cap uses end-of-round wealth (approx),3.4,-0.8800000000000003,25,0,1,0,0,1,0,0.2317556801028606
20260731_013853,results/To_Use/simulation_llama3.1_8b_Full_scnldf_sh1_ldf1_seed1_26agents_30rounds_20260731_013853.json,12,23,developed,SI,12000000.0,22172888.73333333,1.0,22172888.0,0.5412014710541506,12000000.0,0.5412014889535364,proportional columns are analyst-derived; stage1_cap uses end-of-round wealth (approx),5.0,1.6,25,0,0,0,1,0,0,0.5412014710541506
20260731_013853,results/To_Use/simulation_llama3.1_8b_Full_scnldf_sh1_ldf1_seed1_26agents_30rounds_20260731_013853.json,13,23,developed,SI,10000000.0,31217737.866666667,1.0,31217737.0,0.3203307056619784,10000000.0,0.320330714554998,proportional columns are analyst-derived; stage1_cap uses end-of-round wealth (approx),5.24,0.2400000000000002,25,0,0,0,0,0,0,0.3203307056619784
20260731_013853,results/To_Use/simulation_llama3.1_8b_Full_scnldf_sh1_ldf1_seed1_26agents_30rounds_20260731_013853.json,14,23,developed,SI,12000000.0,39578188.66666667,1.0,39578188.0,0.303197301449689,12000000.0,0.3031973065568338,proportional columns are analyst-derived; stage1_cap uses end-of-round wealth (approx),5.0,-0.2400000000000002,25,0,0,0,0,0,0,0.303197301449689
20260731_013853,results/To_Use/simulation_llama3.1_8b_Full_scnldf_sh1_ldf1_seed1_26agents_30rounds_20260731_013853.json,15,23,developed,SI,12000000.0,50530778.53333335,1.0,50530778.0,0.2374790246321661,12000000.0,0.2374790271386678,proportional columns are analyst-derived; stage1_cap uses end-of-round wealth (approx),5.84,0.8399999999999999,25,0,0,0,0,0,0,0.2374790246321661
20260731_013853,results/To_Use/simulation_llama3.1_8b_Full_scnldf_sh1_ldf1_seed1_26agents_30rounds_20260731_013853.json,16,23,developed,SI,15000000.0,63977746.20000002,1.0,63977746.0,0.2344565241968463,15000000.0,0.2344565249297779,proportional columns are analyst-derived; stage1_cap uses end-of-round wealth (approx),6.8,0.96,25,0,0,0,0,0,0,0.2344565241968463
20260731_013853,results/To_Use/simulation_llama3.1_8b_Full_scnldf_sh1_ldf1_seed1_26agents_30rounds_20260731_013853.json,17,23,developed,SI,30000000.0,58458925.06666669,1.0,58458925.0,0.5131808353606901,30000000.0,0.5131808359459227,proportional columns are analyst-derived; stage1_cap uses end-of-round wealth (approx),5.0,-1.7999999999999998,25,0,0,1,0,0,0,0.5131808353606901
20260731_013853,results/To_Use/simulation_llama3.1_8b_Full_scnldf_sh1_ldf1_seed1_26agents_30rounds_20260731_013853.json,18,23,developed,SI,20000000.0,69614801.86666669,1.0,69614801.0,0.2872952226209883,20000000.0,0.2872952261976587,proportional columns are analyst-derived; stage1_cap uses end-of-round wealth (approx),5.6,0.5999999999999996,25,0,0,0,0,1,0,0.2872952226209883
20260731_013853,results/To_Use/simulation_llama3.1_8b_Full_scnldf_sh1_ldf1_seed1_26agents_30rounds_20260731_013853.json,19,23,developed,SI,19423998.0,78383474.33333336,1.0,78383474.0,0.2478073109823833,19423998.0,0.247807312036208,proportional columns are analyst-derived; stage1_cap uses end-of-round wealth (approx),4.32,-1.2799999999999994,25,0,0,1,0,0,0,0.2478073109823833
20260731_013853,results/To_Use/simulation_llama3.1_8b_Full_scnldf_sh1_ldf1_seed1_26agents_30rounds_20260731_013853.json,20,23,developed,SI,19423998.0,85820447.2666667,1.0,85820447.0,0.226332984954559,19423998.0,0.2263329856578351,proportional columns are analyst-derived; stage1_cap uses end-of-round wealth (approx),5.0,0.6799999999999997,25,0,0,0,0,1,0,0.226332984954559
20260731_013853,results/To_Use/simulation_llama3.1_8b_Full_scnldf_sh1_ldf1_seed1_26agents_30rounds_20260731_013853.json,21,23,developed,SI,19423998.0,93770945.6666667,1.0,93770945.0,0.2071430320117243,19423998.0,0.2071430334844124,proportional columns are analyst-derived; stage1_cap uses end-of-round wealth (approx),5.0,0.0,25,0,0,0,0,0,0,0.2071430320117243
20260731_013853,results/To_Use/simulation_llama3.1_8b_Full_scnldf_sh1_ldf1_seed1_26agents_30rounds_20260731_013853.json,22,23,developed,SI,19423998.0,116431259.53333336,1.0,116431259.0,0.1668280329342229,19423998.0,0.1668280336984074,proportional columns are analyst-derived; stage1_cap uses end-of-round wealth (approx),4.84,-0.1600000000000001,25,0,0,0,0,0,0,0.1668280329342229
20260731_013853,results/To_Use/simulation_llama3.1_8b_Full_scnldf_sh1_ldf1_seed1_26agents_30rounds_20260731_013853.json,23,23,developed,SI,19423998.0,134102817.4666667,1.0,134102817.0,0.1448440708923071,19423998.0,0.1448440713963525,proportional columns are analyst-derived; stage1_cap uses end-of-round wealth (approx),5.0,0.1600000000000001,25,0,0,0,0,0,0,0.1448440708923071
20260731_013853,results/To_Use/simulation_llama3.1_8b_Full_scnldf_sh1_ldf1_seed1_26agents_30rounds_20260731_013853.json,24,23,developed,SI,20000000.0,139894434.13333336,1.0,139894434.0,0.1429649444161445,20000000.0,0.1429649445524044,proportional columns are analyst-derived; stage1_cap uses end-of-round wealth (approx),5.0,0.0,25,0,0,0,0,0,0,0.1429649444161445
20260731_013853,results/To_Use/simulation_llama3.1_8b_Full_scnldf_sh1_ldf1_seed1_26agents_30rounds_20260731_013853.json,25,23,developed,SI,10626200.0,150539733.6666667,1.0,150539733.0,0.0705873442258713,10626200.0,0.0705873445384681,proportional columns are analyst-derived; stage1_cap uses end-of-round wealth (approx),5.0,0.0,25,0,0,0,0,0,0,0.0705873442258713
20260731_013853,results/To_Use/simulation_llama3.1_8b_Full_scnldf_sh1_ldf1_seed1_26agents_30rounds_20260731_013853.json,26,23,developed,SI,150000000.0,41192413.20000002,1.0,41192413.0,3.6414472556320137,150000000.0,3.6414472733122,proportional columns are analyst-derived; stage1_cap uses end-of-round wealth (approx),7.28,2.28,25,0,0,0,0,0,0,3.6414472556320137
20260731_013853,results/To_Use/simulation_llama3.1_8b_Full_scnldf_sh1_ldf1_seed1_26agents_30rounds_20260731_013853.json,27,23,developed,SI,30000000.0,60626507.53333335,1.0,60626507.0,0.4948330560441001,30000000.0,0.4948330603971625,proportional columns are analyst-derived; stage1_cap uses end-of-round wealth (approx),4.84,-2.4400000000000004,25,0,0,1,0,0,0,0.4948330560441001
20260731_013853,results/To_Use/simulation_llama3.1_8b_Full_scnldf_sh1_ldf1_seed1_26agents_30rounds_20260731_013853.json,28,23,developed,SI,20000000.0,71666660.26666668,1.0,71666660.0,0.2790697923634418,20000000.0,0.2790697934018412,proportional columns are analyst-derived; stage1_cap uses end-of-round wealth (approx),6.56,1.7199999999999998,25,0,0,0,0,1,0,0.2790697923634418
20260731_013853,results/To_Use/simulation_llama3.1_8b_Full_scnldf_sh1_ldf1_seed1_26agents_30rounds_20260731_013853.json,29,23,developed,SI,1000000.0,88634357.66666669,1.0,88634357.0,0.0112823066170431,1000000.0,0.0112823067019034,proportional columns are analyst-derived; stage1_cap uses end-of-round wealth (approx),5.84,-0.7199999999999998,25,0,0,0,0,0,0,0.0112823066170431
20260731_013853,results/To_Use/simulation_llama3.1_8b_Full_scnldf_sh1_ldf1_seed1_26agents_30rounds_20260731_013853.json,30,23,developed,SI,12192816.0,93626296.80000004,1.0,93626296.0,0.1302285406635884,12192816.0,0.1302285417763402,proportional columns are analyst-derived; stage1_cap uses end-of-round wealth (approx),5.24,-0.5999999999999996,25,0,0,0,0,0,0,0.1302285406635884
20260731_013853,results/To_Use/simulation_llama3.1_8b_Full_scnldf_sh1_ldf1_seed1_26agents_30rounds_20260731_013853.json,1,24,developing,SFI,0.0,2331588.571428572,0.1,2331588.0,0.0,0.0,0.0,proportional columns are analyst-derived; stage1_cap uses end-of-round wealth (approx),5.0,,0,0,0,0,0,0,0,0.0
20260731_013853,results/To_Use/simulation_llama3.1_8b_Full_scnldf_sh1_ldf1_seed1_26agents_30rounds_20260731_013853.json,2,24,developing,SFI,0.0,2377507.7714285715,0.1,2377507.0,0.0,0.0,0.0,proportional columns are analyst-derived; stage1_cap uses end-of-round wealth (approx),3.12,-1.88,25,0,1,1,0,0,0,0.0
20260731_013853,results/To_Use/simulation_llama3.1_8b_Full_scnldf_sh1_ldf1_seed1_26agents_30rounds_20260731_013853.json,3,24,developing,SFI,100000.0,2344061.0285714287,0.1,2344061.0,0.04266100531561,1000000.0,0.0426610058355989,proportional columns are analyst-derived; stage1_cap uses end-of-round wealth (approx),1.0,-2.12,25,1,1,1,1,1,0,0.04266100531561
20260731_013853,results/To_Use/simulation_llama3.1_8b_Full_scnldf_sh1_ldf1_seed1_26agents_30rounds_20260731_013853.json,4,24,developing,SFI,0.0,2369739.2,0.1,2369739.0,0.0,0.0,0.0,proportional columns are analyst-derived; stage1_cap uses end-of-round wealth (approx),5.36,4.36,25,0,0,0,1,1,1,0.0
20260731_013853,results/To_Use/simulation_llama3.1_8b_Full_scnldf_sh1_ldf1_seed1_26agents_30rounds_20260731_013853.json,5,24,developing,SFI,0.0,2498381.2,0.1,2498381.0,0.0,0.0,0.0,proportional columns are analyst-derived; stage1_cap uses end-of-round wealth (approx),1.0,-4.36,25,0,1,1,0,0,0,0.0
20260731_013853,results/To_Use/simulation_llama3.1_8b_Full_scnldf_sh1_ldf1_seed1_26agents_30rounds_20260731_013853.json,6,24,developing,SFI,100000.0,2490163.8285714285,0.1,2490163.0,0.0401580003904275,1000000.0,0.0401580137525133,proportional columns are analyst-derived; stage1_cap uses end-of-round wealth (approx),1.0,0.0,25,1,1,0,1,1,0,0.0401580003904275
20260731_013853,results/To_Use/simulation_llama3.1_8b_Full_scnldf_sh1_ldf1_seed1_26agents_30rounds_20260731_013853.json,7,24,developing,SFI,0.0,2558671.8285714285,0.1,2558671.0,0.0,0.0,0.0,proportional columns are analyst-derived; stage1_cap uses end-of-round wealth (approx),5.12,4.12,25,0,0,0,1,0,1,0.0
20260731_013853,results/To_Use/simulation_llama3.1_8b_Full_scnldf_sh1_ldf1_seed1_26agents_30rounds_20260731_013853.json,8,24,developing,SFI,128246.0,2554240.0,0.1,2554240.0,0.0502090641443247,1282460.0,0.0502090641443247,proportional columns are analyst-derived; stage1_cap uses end-of-round wealth (approx),1.0,-4.12,25,1,1,1,0,0,0,0.0502090641443247
20260731_013853,results/To_Use/simulation_llama3.1_8b_Full_scnldf_sh1_ldf1_seed1_26agents_30rounds_20260731_013853.json,9,24,developing,SFI,0.0,2667716.1142857145,0.1,2667716.0,0.0,0.0,0.0,proportional columns are analyst-derived; stage1_cap uses end-of-round wealth (approx),5.12,4.12,25,0,0,0,1,1,1,0.0
20260731_013853,results/To_Use/simulation_llama3.1_8b_Full_scnldf_sh1_ldf1_seed1_26agents_30rounds_20260731_013853.json,10,24,developing,SFI,0.0,2808753.485714286,0.1,2808753.0,0.0,0.0,0.0,proportional columns are analyst-derived; stage1_cap uses end-of-round wealth (approx),1.0,-4.12,25,1,1,1,0,0,0,0.0
20260731_013853,results/To_Use/simulation_llama3.1_8b_Full_scnldf_sh1_ldf1_seed1_26agents_30rounds_20260731_013853.json,11,24,developing,SFI,128246.0,2834072.971428572,0.1,2834072.0,0.0452514812754997,1282460.0,0.0452514967862496,proportional columns are analyst-derived; stage1_cap uses end-of-round wealth (approx),1.0,0.0,25,1,1,0,1,1,1,0.0452514812754997
20260731_013853,results/To_Use/simulation_llama3.1_8b_Full_scnldf_sh1_ldf1_seed1_26agents_30rounds_20260731_013853.json,12,24,developing,SFI,128246.0,2851282.8571428573,0.1,2851282.0,0.0449783505970746,1282460.0,0.0449783641183159,proportional columns are analyst-derived; stage1_cap uses end-of-round wealth (approx),5.24,4.24,25,0,0,0,1,0,1,0.0449783505970746
20260731_013853,results/To_Use/simulation_llama3.1_8b_Full_scnldf_sh1_ldf1_seed1_26agents_30rounds_20260731_013853.json,13,24,developing,SFI,128246.0,2864973.314285714,0.1,2864973.0,0.0447634186889359,1282460.0,0.0447634235994545,proportional columns are analyst-derived; stage1_cap uses end-of-round wealth (approx),5.0,-0.2400000000000002,25,0,0,0,0,0,0,0.0447634186889359
20260731_013853,results/To_Use/simulation_llama3.1_8b_Full_scnldf_sh1_ldf1_seed1_26agents_30rounds_20260731_013853.json,14,24,developing,SFI,128246.0,2889055.771428572,0.1,2889055.0,0.0443902818589705,1282460.0,0.0443902937119577,proportional columns are analyst-derived; stage1_cap uses end-of-round wealth (approx),5.88,0.8799999999999999,25,0,0,0,0,0,0,0.0443902818589705
20260731_013853,results/To_Use/simulation_llama3.1_8b_Full_scnldf_sh1_ldf1_seed1_26agents_30rounds_20260731_013853.json,15,24,developing,SFI,128246.0,2908480.6285714293,0.1,2908480.0,0.0440938126732482,1282460.0,0.0440938222026625,proportional columns are analyst-derived; stage1_cap uses end-of-round wealth (approx),5.0,-0.8799999999999999,25,0,0,0,0,0,0,0.0440938126732482
20260731_013853,results/To_Use/simulation_llama3.1_8b_Full_scnldf_sh1_ldf1_seed1_26agents_30rounds_20260731_013853.json,16,24,developing,SFI,128246.0,2905722.6285714293,0.1,2905722.0,0.0441356648218866,1282460.0,0.0441356743693994,proportional columns are analyst-derived; stage1_cap uses end-of-round wealth (approx),5.24,0.2400000000000002,25,0,0,0,0,0,0,0.0441356648218866
20260731_013853,results/To_Use/simulation_llama3.1_8b_Full_scnldf_sh1_ldf1_seed1_26agents_30rounds_20260731_013853.json,17,24,developing,SFI,128246.0,3108215.714285715,0.1,3108215.0,0.0412603280430527,1282460.0,0.0412603375249138,proportional columns are analyst-derived; stage1_cap uses end-of-round wealth (approx),5.12,-0.1200000000000001,25,0,0,0,0,0,0,0.0412603280430527
20260731_013853,results/To_Use/simulation_llama3.1_8b_Full_scnldf_sh1_ldf1_seed1_26agents_30rounds_20260731_013853.json,18,24,developing,SFI,128246.0,3124923.428571429,0.1,3124923.0,0.0410397255905333,1282460.0,0.0410397312189772,proportional columns are analyst-derived; stage1_cap uses end-of-round wealth (approx),5.0,-0.1200000000000001,25,0,0,0,0,0,0,0.0410397255905333
20260731_013853,results/To_Use/simulation_llama3.1_8b_Full_scnldf_sh1_ldf1_seed1_26agents_30rounds_20260731_013853.json,19,24,developing,SFI,128246.0,3125314.6857142863,0.1,3125314.0,0.0410345878404527,1282460.0,0.0410345968437091,proportional columns are analyst-derived; stage1_cap uses end-of-round wealth (approx),5.72,0.7199999999999998,25,0,0,0,0,0,0,0.0410345878404527
20260731_013853,results/To_Use/simulation_llama3.1_8b_Full_scnldf_sh1_ldf1_seed1_26agents_30rounds_20260731_013853.json,20,24,developing,SFI,128246.0,3194519.314285715,0.1,3194519.0,0.0401456329991466,1282460.0,0.0401456369487863,proportional columns are analyst-derived; stage1_cap uses end-of-round wealth (approx),5.0,-0.7199999999999998,25,0,0,0,0,0,0,0.0401456329991466
20260731_013853,results/To_Use/simulation_llama3.1_8b_Full_scnldf_sh1_ldf1_seed1_26agents_30rounds_20260731_013853.json,21,24,developing,SFI,128246.0,3185399.142857144,0.1,3185399.0,0.0402605746559502,1282460.0,0.0402605764615359,proportional columns are analyst-derived; stage1_cap uses end-of-round wealth (approx),6.08,1.08,25,0,0,0,0,0,0,0.0402605746559502
20260731_013853,results/To_Use/simulation_llama3.1_8b_Full_scnldf_sh1_ldf1_seed1_26agents_30rounds_20260731_013853.json,22,24,developing,SFI,128246.0,3180462.057142858,0.1,3180462.0,0.0403230718354202,1282460.0,0.0403230725598985,proportional columns are analyst-derived; stage1_cap uses end-of-round wealth (approx),5.0,-1.08,25,0,0,1,0,0,0,0.0403230718354202
20260731_013853,results/To_Use/simulation_llama3.1_8b_Full_scnldf_sh1_ldf1_seed1_26agents_30rounds_20260731_013853.json,23,24,developing,SFI,128246.0,3162939.9428571435,0.1,3162939.0,0.040546454348467,1282460.0,0.0405464664351731,proportional columns are analyst-derived; stage1_cap uses end-of-round wealth (approx),5.0,0.0,25,0,0,0,0,1,0,0.040546454348467
20260731_013853,results/To_Use/simulation_llama3.1_8b_Full_scnldf_sh1_ldf1_seed1_26agents_30rounds_20260731_013853.json,24,24,developing,SFI,128246.0,3104922.7428571437,0.1,3104922.0,0.0413040872901038,1282460.0,0.0413040971721672,proportional columns are analyst-derived; stage1_cap uses end-of-round wealth (approx),5.12,0.1200000000000001,25,0,0,0,0,0,0,0.0413040872901038
20260731_013853,results/To_Use/simulation_llama3.1_8b_Full_scnldf_sh1_ldf1_seed1_26agents_30rounds_20260731_013853.json,25,24,developing,SFI,128246.0,3145991.485714286,0.1,3145991.0,0.0407648909993417,1282460.0,0.0407648972930946,proportional columns are analyst-derived; stage1_cap uses end-of-round wealth (approx),5.24,0.1200000000000001,25,0,0,0,0,0,0,0.0407648909993417
20260731_013853,results/To_Use/simulation_llama3.1_8b_Full_scnldf_sh1_ldf1_seed1_26agents_30rounds_20260731_013853.json,26,24,developing,SFI,128246.0,3230600.3428571434,0.1,3230600.0,0.0396972656440007,1282460.0,0.0396972698569925,proportional columns are analyst-derived; stage1_cap uses end-of-round wealth (approx),5.0,-0.2400000000000002,25,0,0,0,0,0,0,0.0396972656440007
20260731_013853,results/To_Use/simulation_llama3.1_8b_Full_scnldf_sh1_ldf1_seed1_26agents_30rounds_20260731_013853.json,27,24,developing,SFI,128246.0,3237174.8000000007,0.1,3237174.0,0.0396166435003756,1282460.0,0.0396166532908024,proportional columns are analyst-derived; stage1_cap uses end-of-round wealth (approx),5.0,0.0,25,0,0,0,0,0,0,0.0396166435003756
20260731_013853,results/To_Use/simulation_llama3.1_8b_Full_scnldf_sh1_ldf1_seed1_26agents_30rounds_20260731_013853.json,28,24,developing,SFI,128246.0,3308239.2000000007,0.1,3308239.0,0.0387656370192336,1282460.0,0.038765639362815,proportional columns are analyst-derived; stage1_cap uses end-of-round wealth (approx),5.12,0.1200000000000001,25,0,0,0,0,0,0,0.0387656370192336
20260731_013853,results/To_Use/simulation_llama3.1_8b_Full_scnldf_sh1_ldf1_seed1_26agents_30rounds_20260731_013853.json,29,24,developing,SFI,128246.0,3282021.542857144,0.1,3282021.0,0.0390753071926384,1282460.0,0.0390753136558236,proportional columns are analyst-derived; stage1_cap uses end-of-round wealth (approx),5.0,-0.1200000000000001,25,0,0,0,0,0,0,0.0390753071926384
20260731_013853,results/To_Use/simulation_llama3.1_8b_Full_scnldf_sh1_ldf1_seed1_26agents_30rounds_20260731_013853.json,30,24,developing,SFI,128246.0,3334946.742857144,0.1,3334946.0,0.0384551868106079,1282460.0,0.0384551953764768,proportional columns are analyst-derived; stage1_cap uses end-of-round wealth (approx),5.12,0.1200000000000001,25,0,0,0,0,0,0,0.0384551868106079
20260731_013853,results/To_Use/simulation_llama3.1_8b_Full_scnldf_sh1_ldf1_seed1_26agents_30rounds_20260731_013853.json,1,25,developed,SI,0.0,4427099.333333333,1.0,4427099.0,0.0,0.0,0.0,proportional columns are analyst-derived; stage1_cap uses end-of-round wealth (approx),5.0,,0,0,0,0,0,0,0,0.0
20260731_013853,results/To_Use/simulation_llama3.1_8b_Full_scnldf_sh1_ldf1_seed1_26agents_30rounds_20260731_013853.json,2,25,developed,SI,100000.0,7639167.333333333,1.0,7639167.0,0.0130904319327647,100000.0,0.0130904325039628,proportional columns are analyst-derived; stage1_cap uses end-of-round wealth (approx),1.0,-4.0,25,0,1,1,0,0,0,0.0130904319327647
20260731_013853,results/To_Use/simulation_llama3.1_8b_Full_scnldf_sh1_ldf1_seed1_26agents_30rounds_20260731_013853.json,3,25,developed,SI,1500000.0,8966691.8,1.0,8966691.0,0.1672857764554816,1500000.0,0.1672857913805661,proportional columns are analyst-derived; stage1_cap uses end-of-round wealth (approx),5.24,4.24,25,0,0,0,1,1,0,0.1672857764554816
20260731_013853,results/To_Use/simulation_llama3.1_8b_Full_scnldf_sh1_ldf1_seed1_26agents_30rounds_20260731_013853.json,4,25,developed,SI,0.0,11359278.466666669,1.0,11359278.0,0.0,0.0,0.0,proportional columns are analyst-derived; stage1_cap uses end-of-round wealth (approx),7.16,1.92,25,0,0,0,0,0,0,0.0
20260731_013853,results/To_Use/simulation_llama3.1_8b_Full_scnldf_sh1_ldf1_seed1_26agents_30rounds_20260731_013853.json,5,25,developed,SI,5000000.0,9231796.133333333,1.0,9231796.0,0.5416064141566616,5000000.0,0.5416064219789952,proportional columns are analyst-derived; stage1_cap uses end-of-round wealth (approx),1.0,-6.16,25,0,1,1,0,0,0,0.5416064141566616
20260731_013853,results/To_Use/simulation_llama3.1_8b_Full_scnldf_sh1_ldf1_seed1_26agents_30rounds_20260731_013853.json,6,25,developed,SI,3000000.0,7909282.8,1.0,7909282.0,0.3793011421971155,3000000.0,0.3793011805622811,proportional columns are analyst-derived; stage1_cap uses end-of-round wealth (approx),5.0,4.0,25,0,0,0,1,1,0,0.3793011421971155
20260731_013853,results/To_Use/simulation_llama3.1_8b_Full_scnldf_sh1_ldf1_seed1_26agents_30rounds_20260731_013853.json,7,25,developed,SI,5000000.0,6513239.6,1.0,6513239.0,0.7676671375639245,5000000.0,0.7676672082814711,proportional columns are analyst-derived; stage1_cap uses end-of-round wealth (approx),5.48,0.4800000000000004,25,0,0,0,0,0,0,0.7676671375639245
20260731_013853,results/To_Use/simulation_llama3.1_8b_Full_scnldf_sh1_ldf1_seed1_26agents_30rounds_20260731_013853.json,8,25,developed,SI,4000000.0,6273515.533333333,1.0,6273515.0,0.6376010354555802,4000000.0,0.6376010896602622,proportional columns are analyst-derived; stage1_cap uses end-of-round wealth (approx),6.48,1.0,25,0,0,0,0,0,0,0.6376010354555802
20260731_013853,results/To_Use/simulation_llama3.1_8b_Full_scnldf_sh1_ldf1_seed1_26agents_30rounds_20260731_013853.json,9,25,developed,SI,5000000.0,7523146.266666667,1.0,7523146.0,0.6646155508306214,5000000.0,0.6646155743886932,proportional columns are analyst-derived; stage1_cap uses end-of-round wealth (approx),4.72,-1.760000000000001,25,1,0,1,0,0,0,0.6646155508306214
20260731_013853,results/To_Use/simulation_llama3.1_8b_Full_scnldf_sh1_ldf1_seed1_26agents_30rounds_20260731_013853.json,10,25,developed,SI,4000000.0,11883260.933333334,1.0,11883260.0,0.3366079414093934,4000000.0,0.3366079678472069,proportional columns are analyst-derived; stage1_cap uses end-of-round wealth (approx),6.2,1.4800000000000004,25,0,0,0,0,1,1,0.3366079414093934
20260731_013853,results/To_Use/simulation_llama3.1_8b_Full_scnldf_sh1_ldf1_seed1_26agents_30rounds_20260731_013853.json,11,25,developed,SI,8000000.0,13589646.4,1.0,13589646.0,0.5886834553693759,8000000.0,0.588683472696787,proportional columns are analyst-derived; stage1_cap uses end-of-round wealth (approx),5.24,-0.96,25,0,0,0,0,0,0,0.5886834553693759
20260731_013853,results/To_Use/simulation_llama3.1_8b_Full_scnldf_sh1_ldf1_seed1_26agents_30rounds_20260731_013853.json,12,25,developed,SI,5000000.0,25522906.73333333,1.0,25522906.0,0.1959024515601084,5000000.0,0.1959024571888483,proportional columns are analyst-derived; stage1_cap uses end-of-round wealth (approx),5.64,0.3999999999999994,25,0,0,0,0,0,0,0.1959024515601084
20260731_013853,results/To_Use/simulation_llama3.1_8b_Full_scnldf_sh1_ldf1_seed1_26agents_30rounds_20260731_013853.json,13,25,developed,SI,10000000.0,34543530.866666675,1.0,34543530.0,0.2894898045772633,10000000.0,0.289489811840307,proportional columns are analyst-derived; stage1_cap uses end-of-round wealth (approx),5.12,-0.5199999999999996,25,0,0,0,0,0,0,0.2894898045772633
20260731_013853,results/To_Use/simulation_llama3.1_8b_Full_scnldf_sh1_ldf1_seed1_26agents_30rounds_20260731_013853.json,14,25,developed,SI,15000000.0,38102621.66666667,1.0,38102621.0,0.3936736986558186,15000000.0,0.3936737055437735,proportional columns are analyst-derived; stage1_cap uses end-of-round wealth (approx),5.0,-0.1200000000000001,25,0,0,0,0,0,0,0.3936736986558186
20260731_013853,results/To_Use/simulation_llama3.1_8b_Full_scnldf_sh1_ldf1_seed1_26agents_30rounds_20260731_013853.json,15,25,developed,SI,20000000.0,41056885.53333335,1.0,41056885.0,0.4871290099138757,20000000.0,0.4871290162417339,proportional columns are analyst-derived; stage1_cap uses end-of-round wealth (approx),5.0,0.0,25,0,0,0,0,0,0,0.4871290099138757
20260731_013853,results/To_Use/simulation_llama3.1_8b_Full_scnldf_sh1_ldf1_seed1_26agents_30rounds_20260731_013853.json,16,25,developed,SI,20000000.0,49504714.20000002,1.0,49504714.0,0.4040019283658442,20000000.0,0.40400192999802,proportional columns are analyst-derived; stage1_cap uses end-of-round wealth (approx),5.0,0.0,25,0,0,0,0,0,0,0.4040019283658442
20260731_013853,results/To_Use/simulation_llama3.1_8b_Full_scnldf_sh1_ldf1_seed1_26agents_30rounds_20260731_013853.json,17,25,developed,SI,15000000.0,58985215.06666669,1.0,58985215.0,0.2543010139582706,15000000.0,0.2543010142456885,proportional columns are analyst-derived; stage1_cap uses end-of-round wealth (approx),5.12,0.1200000000000001,25,0,0,0,0,0,0,0.2543010139582706
20260731_013853,results/To_Use/simulation_llama3.1_8b_Full_scnldf_sh1_ldf1_seed1_26agents_30rounds_20260731_013853.json,18,25,developed,SI,15000000.0,75140367.86666669,1.0,75140367.0,0.1996263849362149,15000000.0,0.1996263872386995,proportional columns are analyst-derived; stage1_cap uses end-of-round wealth (approx),5.36,0.2400000000000002,25,0,0,0,0,0,0,0.1996263849362149
20260731_013853,results/To_Use/simulation_llama3.1_8b_Full_scnldf_sh1_ldf1_seed1_26agents_30rounds_20260731_013853.json,19,25,developed,SI,30000000.0,73339421.33333336,1.0,73339421.0,0.4090569499266659,30000000.0,0.4090569517858615,proportional columns are analyst-derived; stage1_cap uses end-of-round wealth (approx),5.0,-0.3600000000000003,25,0,0,0,0,0,0,0.4090569499266659
20260731_013853,results/To_Use/simulation_llama3.1_8b_Full_scnldf_sh1_ldf1_seed1_26agents_30rounds_20260731_013853.json,20,25,developed,SI,20000000.0,80198891.2666667,1.0,80198891.0,0.2493800061836099,20000000.0,0.2493800070128151,proportional columns are analyst-derived; stage1_cap uses end-of-round wealth (approx),4.36,-0.6399999999999997,25,0,0,0,0,0,0,0.2493800061836099
20260731_013853,results/To_Use/simulation_llama3.1_8b_Full_scnldf_sh1_ldf1_seed1_26agents_30rounds_20260731_013853.json,21,25,developed,SI,15000000.0,92561565.6666667,1.0,92561565.0,0.1620543029060041,15000000.0,0.1620543040731863,proportional columns are analyst-derived; stage1_cap uses end-of-round wealth (approx),2.44,-1.9200000000000004,25,1,1,1,0,0,0,0.1620543029060041
20260731_013853,results/To_Use/simulation_llama3.1_8b_Full_scnldf_sh1_ldf1_seed1_26agents_30rounds_20260731_013853.json,22,25,developed,SI,30000000.0,104641839.53333336,1.0,104641839.0,0.2866922077611564,30000000.0,0.2866922092223551,proportional columns are analyst-derived; stage1_cap uses end-of-round wealth (approx),5.0,2.56,25,0,0,0,1,1,1,0.2866922077611564
20260731_013853,results/To_Use/simulation_llama3.1_8b_Full_scnldf_sh1_ldf1_seed1_26agents_30rounds_20260731_013853.json,23,25,developed,SI,104641839.0,37100494.4666667,1.0,37100494.0,2.820497152511444,104641839.0,2.8204971879889253,proportional columns are analyst-derived; stage1_cap uses end-of-round wealth (approx),5.84,0.8399999999999999,25,0,0,0,0,0,0,2.820497152511444
20260731_013853,results/To_Use/simulation_llama3.1_8b_Full_scnldf_sh1_ldf1_seed1_26agents_30rounds_20260731_013853.json,24,25,developed,SI,20000000.0,41044131.13333337,1.0,41044131.0,0.4872803844970981,20000000.0,0.4872803860800463,proportional columns are analyst-derived; stage1_cap uses end-of-round wealth (approx),5.0,-0.8399999999999999,25,0,0,0,0,0,0,0.4872803844970981
20260731_013853,results/To_Use/simulation_llama3.1_8b_Full_scnldf_sh1_ldf1_seed1_26agents_30rounds_20260731_013853.json,25,25,developed,SI,20000000.0,42306651.6666667,1.0,42306651.0,0.4727389006716867,20000000.0,0.4727389081210895,proportional columns are analyst-derived; stage1_cap uses end-of-round wealth (approx),4.92,-0.08,25,0,0,0,0,0,0,0.4727389006716867
20260731_013853,results/To_Use/simulation_llama3.1_8b_Full_scnldf_sh1_ldf1_seed1_26agents_30rounds_20260731_013853.json,26,25,developed,SI,15000000.0,67962996.20000005,1.0,67962996.0,0.2207083389298835,15000000.0,0.2207083395793793,proportional columns are analyst-derived; stage1_cap uses end-of-round wealth (approx),5.6,0.6799999999999997,25,0,0,0,0,0,0,0.2207083389298835
20260731_013853,results/To_Use/simulation_llama3.1_8b_Full_scnldf_sh1_ldf1_seed1_26agents_30rounds_20260731_013853.json,27,25,developed,SI,15000000.0,102096951.5333334,1.0,102096951.0,0.1469191760843387,15000000.0,0.1469191768518141,proportional columns are analyst-derived; stage1_cap uses end-of-round wealth (approx),5.0,-0.5999999999999996,25,0,0,0,0,0,0,0.1469191760843387
20260731_013853,results/To_Use/simulation_llama3.1_8b_Full_scnldf_sh1_ldf1_seed1_26agents_30rounds_20260731_013853.json,28,25,developed,SI,50000000.0,83133166.26666673,1.0,83133166.0,0.6014446729914595,50000000.0,0.601444674920717,proportional columns are analyst-derived; stage1_cap uses end-of-round wealth (approx),5.36,0.3600000000000003,25,0,0,0,0,0,0,0.6014446729914595
20260731_013853,results/To_Use/simulation_llama3.1_8b_Full_scnldf_sh1_ldf1_seed1_26agents_30rounds_20260731_013853.json,29,25,developed,SI,16616178.0,84533446.66666673,1.0,84533446.0,0.1965633563425032,16616178.0,0.1965633578926854,proportional columns are analyst-derived; stage1_cap uses end-of-round wealth (approx),5.0,-0.3600000000000003,25,0,0,0,0,0,0,0.1965633563425032
20260731_013853,results/To_Use/simulation_llama3.1_8b_Full_scnldf_sh1_ldf1_seed1_26agents_30rounds_20260731_013853.json,30,25,developed,SI,0.0,101717449.80000009,1.0,101717449.0,0.0,0.0,0.0,proportional columns are analyst-derived; stage1_cap uses end-of-round wealth (approx),5.0,0.0,25,0,0,0,0,0,0,0.0
