evidence_id,round_number,agent_id,institution_choice,kind,bad_rep_prev,rep_drop_prev,gossip_prev,contribution,prop,motifs,text_excerpt,source_path
RB-01-A0-contribution,1,0,SFI,contribution,0,0,0,,0.0,future_rounds|opportunistic,Contributing nothing allows me to conserve wealth and assess future opportunities.,rounds[1].agents[0].contribution_reasoning
RB-01-A0-belief_strategy,1,0,SFI,belief_strategy,0,0,0,,0.0,conformity,Most peers are contributing highly in the SI institution.,rounds[1].agents[0].belief_state.institutional_strategy
RB-01-A1-belief_strategy,1,1,SFI,belief_strategy,0,0,0,,0.0291642363136405,conformity,Most peers are cooperative in SI.,rounds[1].agents[1].belief_state.institutional_strategy
RB-01-A2-contribution,1,2,SI,contribution,0,0,0,,0.0162540016449049,opportunistic,Optimizing for maximum cumulative payoff with a moderate contribution to balance self-interest and institutional credibility.,rounds[1].agents[2].contribution_reasoning
RB-01-A2-punishment,1,2,SI,punishment,0,0,0,,0.0162540016449049,opportunistic,Punishing free-riders and rewarding cooperative agents to encourage cooperation and discourage opportunistic behavior.,rounds[1].agents[2].punishment_reasoning
RB-01-A3-punishment,1,3,SI,punishment,0,0,0,,0.0,opportunistic,Punished free-riders and rewarded cooperative agents to balance self-interest and institutional credibility.,rounds[1].agents[3].punishment_reasoning
RB-01-A4-belief_strategy,1,4,SFI,belief_strategy,0,0,0,,0.0277117973079968,conformity,Most peers are cooperative in SI institutions.,rounds[1].agents[4].belief_state.institutional_strategy
RB-01-A5-punishment,1,5,SI,punishment,0,0,0,,0.0,opportunistic,Punished free-riders and rewarded cooperative contributors to balance self-interest and institutional credibility.,rounds[1].agents[5].punishment_reasoning
RB-01-A6-contribution,1,6,SI,contribution,0,0,0,,0.0579595345849372,future_rounds,Contribute a moderate amount to support global emissions reduction while preserving some wealth for potential future rounds.,rounds[1].agents[6].contribution_reasoning
RB-01-A6-punishment,1,6,SI,punishment,0,0,0,,0.0579595345849372,opportunistic,"Punishing free-riders to encourage cooperation, while rewarding generous contributors to promote positive behavior.",rounds[1].agents[6].punishment_reasoning
RB-01-A7-contribution,1,7,SFI,contribution,0,0,0,,0.0,future_rounds|opportunistic,Contributing nothing allows me to conserve wealth and assess future opportunities.,rounds[1].agents[7].contribution_reasoning
RB-01-A8-belief_strategy,1,8,SFI,belief_strategy,0,0,0,,0.0,conformity,Most peers are using the SI strategy.,rounds[1].agents[8].belief_state.institutional_strategy
RB-01-A9-belief_strategy,1,9,SFI,belief_strategy,0,0,0,,0.0,conformity,Most peers are contributing highly in SI institutions.,rounds[1].agents[9].belief_state.institutional_strategy
RB-01-A10-contribution,1,10,SI,contribution,0,0,0,,0.0,punishment_avoidance,Maximizing my cumulative payoff requires starting with a low contribution to avoid punishment and assess the group's behavior.,rounds[1].agents[10].contribution_reasoning
RB-01-A10-punishment,1,10,SI,punishment,0,0,0,,0.0,opportunistic,"Punished free-riders below the group average, while rewarding those who contributed significantly above the average or demonstrated a strong commitment to emissions reduction.",rounds[1].agents[10].punishment_reasoning
RB-01-A10-belief_strategy,1,10,SI,belief_strategy,0,0,0,,0.0,conformity,Most peers are using the SI strategy.,rounds[1].agents[10].belief_state.institutional_strategy
RB-01-A11-contribution,1,11,SFI,contribution,0,0,0,,0.0,future_rounds,Contributing nothing allows me to conserve budget for future rounds and avoid immediate financial burden.,rounds[1].agents[11].contribution_reasoning
RB-01-A11-belief_strategy,1,11,SFI,belief_strategy,0,0,0,,0.0,conformity,Most peers are using the SI strategy.,rounds[1].agents[11].belief_state.institutional_strategy
RB-01-A12-contribution,1,12,SFI,contribution,0,0,0,,0.0,future_rounds,Contributing nothing allows me to conserve budget for potential future benefits and avoid immediate costs.,rounds[1].agents[12].contribution_reasoning
RB-01-A12-belief_strategy,1,12,SFI,belief_strategy,0,0,0,,0.0,conformity,Most peers are contributing highly in SI.,rounds[1].agents[12].belief_state.institutional_strategy
RB-01-A13-punishment,1,13,SI,punishment,0,0,0,,0.0007500407938854,opportunistic,Targeted punishments for free-riders and rewards for cooperative agents in the first round.,rounds[1].agents[13].punishment_reasoning
RB-01-A14-punishment,1,14,SI,punishment,0,0,0,,0.4085467358121701,opportunistic,Punishing free-riders who contributed below the group average or had mismatched stated intent. Rewarding generous contributors who demonstrated a willingness to support emissions reduction and maximize cumulative payoff through cooperation.,rounds[1].agents[14].punishment_reasoning
RB-01-A14-belief_observations,1,14,SI,belief_observations,0,0,0,,0.4085467358121701,named_agents,Agent 14 contributed significantly this round.,rounds[1].agents[14].belief_state.observations
RB-01-A15-contribution,1,15,SFI,contribution,0,0,0,,0.1391096979332273,opportunistic,Begin with a moderate contribution to explore potential returns and avoid free-riding.,rounds[1].agents[15].contribution_reasoning
RB-01-A16-contribution,1,16,SI,contribution,0,0,0,,0.5192738589750284,future_rounds,Maximize cumulative payoff by contributing a substantial amount while considering future Stage 2 budget and institutional strategy.,rounds[1].agents[16].contribution_reasoning
RB-01-A16-punishment,1,16,SI,punishment,0,0,0,,0.5192738589750284,opportunistic,Punished free-riders and rewarded generous contributors to maintain group cooperation and credibility.,rounds[1].agents[16].punishment_reasoning
RB-01-A17-contribution,1,17,SFI,contribution,0,0,0,,0.0,future_rounds,"In this first round with no prior contributions, I choose to contribute nothing to observe group behavior and maintain maximum flexibility for future rounds.",rounds[1].agents[17].contribution_reasoning
RB-01-A17-belief_strategy,1,17,SFI,belief_strategy,0,0,0,,0.0,conformity,Most peers are contributing highly in SI.,rounds[1].agents[17].belief_state.institutional_strategy
RB-01-A18-belief_strategy,1,18,SFI,belief_strategy,0,0,0,,0.1086670525706467,conformity,Most peers are cooperative in SI institutions.,rounds[1].agents[18].belief_state.institutional_strategy
RB-01-A19-belief_strategy,1,19,SFI,belief_strategy,0,0,0,,0.0,conformity,Most peers are high-contributors in SI.,rounds[1].agents[19].belief_state.institutional_strategy
RB-01-A20-contribution,1,20,SFI,contribution,0,0,0,,0.0,punishment_avoidance|future_rounds,Choosing a contribution of 0 allows me to conserve resources for future rounds and avoids any potential punishment effect.,rounds[1].agents[20].contribution_reasoning
RB-01-A20-belief_strategy,1,20,SFI,belief_strategy,0,0,0,,0.0,conformity,Most peers are contributing highly in SI.,rounds[1].agents[20].belief_state.institutional_strategy
RB-01-A21-punishment,1,21,SI,punishment,0,0,0,,0.6750001434375306,opportunistic,"Punished free-riders with low contributions or mismatched stated intent, rewarded generous contributors to emissions reduction and institutional credibility.",rounds[1].agents[21].punishment_reasoning
RB-01-A22-contribution,1,22,SI,contribution,0,0,0,,0.9503826926671824,opportunistic,"To maximize my cumulative payoff, I contribute the maximum amount to take advantage of the high MCPR.",rounds[1].agents[22].contribution_reasoning
RB-01-A22-punishment,1,22,SI,punishment,0,0,0,,0.9503826926671824,future_rounds|opportunistic,Punishing free-riders and rewarding cooperative agents to promote group stability and long-term climate goals.,rounds[1].agents[22].punishment_reasoning
RB-01-A23-contribution,1,23,SI,contribution,0,0,0,,3.084051189081637,opportunistic,"To maximize my cumulative payoff, I contribute nearly the entire budget to take advantage of the high MCPR.",rounds[1].agents[23].contribution_reasoning
RB-01-A23-punishment,1,23,SI,punishment,0,0,0,,3.084051189081637,opportunistic,Punishing free-riders and rewarding cooperative agents to maintain institutional credibility and encourage cooperation.,rounds[1].agents[23].punishment_reasoning
RB-01-A23-belief_strategy,1,23,SI,belief_strategy,0,0,0,,3.084051189081637,conformity,Most peers are using the SI strategy.,rounds[1].agents[23].belief_state.institutional_strategy
RB-01-A24-belief_strategy,1,24,SFI,belief_strategy,0,0,0,,0.0,named_agents,"Most peers follow SI, except Agent 24 and low-contributors.",rounds[1].agents[24].belief_state.institutional_strategy
RB-01-A24-belief_observations,1,24,SFI,belief_observations,0,0,0,,0.0,named_agents,"High contributors in SI, while Agent 24 is SFI with moderate contribution.",rounds[1].agents[24].belief_state.observations
RB-01-A25-punishment,1,25,SI,punishment,0,0,0,,0.0,opportunistic,Punished free-riders who undercontribute or mismatch their stated intent with actions. Rewarded contributors who demonstrate a strong commitment to reducing emissions and earning rewards.,rounds[1].agents[25].punishment_reasoning
RB-01-A25-belief_strategy,1,25,SI,belief_strategy,0,0,0,,0.0,conformity,Most peers are cooperative in SI institutions.,rounds[1].agents[25].belief_state.institutional_strategy
RB-02-A2-contribution,2,2,SI,contribution,0,0,0,,0.107237356233132,opportunistic,"Medium contribution to balance self-interest with cooperation, considering previous round's group average and my internal beliefs about SI strategy.",rounds[2].agents[2].contribution_reasoning
RB-02-A2-punishment,2,2,SI,punishment,0,0,0,,0.107237356233132,opportunistic,Punishing free-riders and rewarding generous contributors to maintain SI strategy consistency.,rounds[2].agents[2].punishment_reasoning
RB-02-A3-contribution,2,3,SI,contribution,0,0,0,,0.0196699526196737,opportunistic,"I'm choosing a moderate contribution to balance self-interest and cooperation, while also considering the historical emissions index of 1.50.",rounds[2].agents[3].contribution_reasoning
RB-02-A3-punishment,2,3,SI,punishment,0,0,0,,0.0196699526196737,opportunistic,Punished free-riders who did not contribute significantly to the group average. Rewarded generous contributors.,rounds[2].agents[3].punishment_reasoning
RB-02-A3-belief_observations,2,3,SI,belief_observations,0,0,0,,0.0196699526196737,named_agents,"Agent 3 contributed $100,000 to a total payoff of $3,208,823.",rounds[2].agents[3].belief_state.observations
RB-02-A4-contribution,2,4,SFI,contribution,0,0,0,,0.0,future_rounds,"Given high vulnerability and limited budget, I choose to conserve wealth for potential future cooperation.",rounds[2].agents[4].contribution_reasoning
RB-02-A5-contribution,2,5,SI,contribution,0,0,0,,0.2751490218566919,opportunistic,"This contribution balances self-interest with cooperative behavior, given the high MCPR and peer contributions.",rounds[2].agents[5].contribution_reasoning
RB-02-A5-punishment,2,5,SI,punishment,0,0,0,,0.2751490218566919,fairness|opportunistic,Punishing free-riders and those who did not match their stated intentions to maintain cooperation and fairness within the group.,rounds[2].agents[5].punishment_reasoning
RB-02-A5-belief_strategy,2,5,SI,belief_strategy,0,0,0,,0.2751490218566919,opportunistic,Agents follow a mix of cooperative and self-interested strategies.,rounds[2].agents[5].belief_state.institutional_strategy
RB-02-A5-belief_observations,2,5,SI,belief_observations,0,0,0,,0.2751490218566919,named_agents,"High contributions from Agent 13 and Agent 21, while others contribute little or nothing.",rounds[2].agents[5].belief_state.observations
RB-02-A6-contribution,2,6,SI,contribution,0,0,0,,0.0463861671089501,opportunistic,"I'm choosing a moderate contribution to balance self-interest and cooperation, while also considering the institution's typical strategy.",rounds[2].agents[6].contribution_reasoning
RB-02-A6-punishment,2,6,SI,punishment,0,0,0,,0.0463861671089501,opportunistic,Focused on punishing free-riders and rewarding generous contributors to maintain social norms within SI institution.,rounds[2].agents[6].punishment_reasoning
RB-02-A8-belief_strategy,2,8,SFI,belief_strategy,0,0,0,,0.0026077065027899,conformity,Most peers are using the SI strategy.,rounds[2].agents[8].belief_state.institutional_strategy
RB-02-A10-contribution,2,10,SI,contribution,0,0,0,,0.0222447951968049,opportunistic,"I'm choosing a moderate contribution to balance self-interest and cooperation, given my institution's historical behavior and peer data.",rounds[2].agents[10].contribution_reasoning
RB-02-A10-punishment,2,10,SI,punishment,0,0,0,,0.0222447951968049,named_agents|opportunistic,"Punished free-riders (Agent 3, Agent 5) and rewarded generous contributors (Agent 14, Agent 21)",rounds[2].agents[10].punishment_reasoning
RB-02-A10-belief_observations,2,10,SI,belief_observations,0,0,0,,0.0222447951968049,named_agents,"Agent 10 contributed significantly, while some peers were low contributors.",rounds[2].agents[10].belief_state.observations
RB-02-A12-belief_strategy,2,12,SFI,belief_strategy,0,0,0,,0.0018458442997402,named_agents,Agent 12 follows a Selfish-Investment strategy.,rounds[2].agents[12].belief_state.institutional_strategy
RB-02-A13-contribution,2,13,SI,contribution,0,0,0,,0.8191887948371155,opportunistic,"I've chosen a moderate contribution to balance my self-interest with cooperation, considering my institution's past contributions and the group's average.",rounds[2].agents[13].contribution_reasoning
RB-02-A13-punishment,2,13,SI,punishment,0,0,0,,0.8191887948371155,opportunistic,"Punishing free-riders who contributed below the group average or did not match their stated intent, while rewarding a generous contributor.",rounds[2].agents[13].punishment_reasoning
RB-02-A14-punishment,2,14,SI,punishment,0,0,0,,0.1916828659260399,opportunistic,Punishing free-riders and rewarding cooperative agents within the SI institution.,rounds[2].agents[14].punishment_reasoning
RB-02-A15-belief_strategy,2,15,SFI,belief_strategy,0,0,0,,0.0,conformity,"Most peers are defectors, but some contribute highly.",rounds[2].agents[15].belief_state.institutional_strategy
RB-02-A16-contribution,2,16,SI,contribution,0,0,0,,0.271013461615046,conformity,I have chosen to contribute a moderate amount based on the previous round's group average contribution and my institution's typical behavior.,rounds[2].agents[16].contribution_reasoning
RB-02-A16-punishment,2,16,SI,punishment,0,0,0,,0.271013461615046,opportunistic,Punishing free-riders and rewarding generous contributors to maintain SI strategy consistency.,rounds[2].agents[16].punishment_reasoning
RB-02-A17-contribution,2,17,SFI,contribution,0,0,0,,0.0023573354081477,named_agents,Matching Agent 1's contribution to balance individual and group interests.,rounds[2].agents[17].contribution_reasoning
RB-02-A18-belief_observations,2,18,SFI,belief_observations,0,0,0,,0.0826864569593967,named_agents,Agent 18 contributed significantly to the round.,rounds[2].agents[18].belief_state.observations
RB-02-A19-belief_observations,2,19,SFI,belief_observations,0,0,0,,0.0050871145421318,named_agents,Agent 19 has high contribution in this round.,rounds[2].agents[19].belief_state.observations
RB-02-A20-belief_observations,2,20,SFI,belief_observations,0,0,0,,0.0009243896230489,named_agents,Agent 20 contributed moderately this round.,rounds[2].agents[20].belief_state.observations
RB-02-A21-punishment,2,21,SI,punishment,0,0,0,,0.8925916951657341,opportunistic,Punished free-riders and rewarded high contributors to maintain SI strategy consistency.,rounds[2].agents[21].punishment_reasoning
RB-02-A22-contribution,2,22,SI,contribution,0,0,0,,0.3579806106656132,future_rounds|opportunistic,"I'll contribute a significant amount to maximize my payoff, considering my institution's (SI) history of cooperation and the potential for long-term benefits.",rounds[2].agents[22].contribution_reasoning
RB-02-A22-punishment,2,22,SI,punishment,0,0,0,,0.3579806106656132,opportunistic,Punishing free-riders to maintain cooperation and rewarding generous contributors to encourage high contributions.,rounds[2].agents[22].punishment_reasoning
RB-02-A23-contribution,2,23,SI,contribution,0,0,0,,0.1225941851523055,conformity,"Given my institution's (SI) high average contribution and the MCPR of 0.1333, I will contribute a moderate amount to maintain consistency with past rounds.",rounds[2].agents[23].contribution_reasoning
RB-02-A23-punishment,2,23,SI,punishment,0,0,0,,0.1225941851523055,opportunistic,Punishing free-riders while rewarding cooperative peers who contribute significantly to the climate cause.,rounds[2].agents[23].punishment_reasoning
RB-02-A25-punishment,2,25,SI,punishment,0,0,0,,0.0130904319327647,opportunistic,"Punished free-riders and those who did not match their stated intent, while rewarding no one to maintain a balanced strategy.",rounds[2].agents[25].punishment_reasoning
RB-03-A0-contribution,3,0,SFI,contribution,1,1,0,,0.0,,"Given high peer contributions and no significant marginal return to me per unit contributed, I choose not to contribute.",rounds[3].agents[0].contribution_reasoning
RB-03-A0-belief_strategy,3,0,SFI,belief_strategy,1,1,0,,0.0,,"Most peers follow SI, but some defect or contribute little.",rounds[3].agents[0].belief_state.institutional_strategy
RB-03-A0-belief_observations,3,0,SFI,belief_observations,1,1,0,,0.0,,High contributors in SI are rewarded with high payoffs.,rounds[3].agents[0].belief_state.observations
RB-03-A1-belief_strategy,3,1,SFI,belief_strategy,0,0,0,,0.0073373952609624,conformity,Most peers are using the SI strategy.,rounds[3].agents[1].belief_state.institutional_strategy
RB-03-A2-punishment,3,2,SI,punishment,0,0,0,,0.0715931251584713,opportunistic,Punished free-riders and rewarded cooperative peers to maintain institutional credibility and promote emissions reduction.,rounds[3].agents[2].punishment_reasoning
RB-03-A3-contribution,3,3,SI,contribution,1,1,1,,1.9547718672275176,,Max out contribution to maximize cumulative payoff,rounds[3].agents[3].contribution_reasoning
RB-03-A3-punishment,3,3,SI,punishment,1,1,1,,1.9547718672275176,opportunistic,Punishing free-riders and rewarding cooperative agents to maintain group balance.,rounds[3].agents[3].punishment_reasoning
RB-03-A3-belief_strategy,3,3,SI,belief_strategy,1,1,1,,1.9547718672275176,,Most peers follow the Selfish-Institution (SI) strategy.,rounds[3].agents[3].belief_state.institutional_strategy
RB-03-A3-belief_observations,3,3,SI,belief_observations,1,1,1,,1.9547718672275176,,"High contributions from peers 5, 6, and 21; low contributions from peers 0, 1, and 14.",rounds[3].agents[3].belief_state.observations
RB-03-A5-contribution,3,5,SI,contribution,1,1,1,,0.6529073195774684,opportunistic,"I'll contribute a significant amount to maximize my payoff, considering the high MCPR and previous rounds' contributions.",rounds[3].agents[5].contribution_reasoning
RB-03-A5-punishment,3,5,SI,punishment,1,1,1,,0.6529073195774684,opportunistic,Punished free-riders and rewarded generous contributors.,rounds[3].agents[5].punishment_reasoning
RB-03-A5-belief_strategy,3,5,SI,belief_strategy,1,1,1,,0.6529073195774684,,Most peers follow the SI strategy.,rounds[3].agents[5].belief_state.institutional_strategy
RB-03-A5-belief_observations,3,5,SI,belief_observations,1,1,1,,0.6529073195774684,,"High contributions from some agents, low contributions from others.",rounds[3].agents[5].belief_state.observations
RB-03-A6-contribution,3,6,SI,contribution,0,0,0,,0.7548929139108043,opportunistic,This contribution balances self-interest with cooperative pressure from high contributors.,rounds[3].agents[6].contribution_reasoning
RB-03-A6-punishment,3,6,SI,punishment,0,0,0,,0.7548929139108043,opportunistic,Punishing free-riders and rewarding high contributors to maintain cooperation and long-run climate stability.,rounds[3].agents[6].punishment_reasoning
RB-03-A7-contribution,3,7,SFI,contribution,1,1,1,,0.077838561045225,,"Maximizing my cumulative payoff requires contributing enough to benefit from the MCPR, but not so much that it depletes my budget.",rounds[3].agents[7].contribution_reasoning
RB-03-A7-belief_strategy,3,7,SFI,belief_strategy,1,1,1,,0.077838561045225,,Most contributors are from SI institution.,rounds[3].agents[7].belief_state.institutional_strategy
RB-03-A7-belief_observations,3,7,SFI,belief_observations,1,1,1,,0.077838561045225,,High contributions from peers in SI institution.,rounds[3].agents[7].belief_state.observations
RB-03-A8-contribution,3,8,SFI,contribution,1,1,1,,0.7233481595594436,,"Exploiting the high MCPR for a developing country institution, I contribute a moderate amount to balance immediate resilience needs and long-run cooperation incentives.",rounds[3].agents[8].contribution_reasoning
RB-03-A8-belief_strategy,3,8,SFI,belief_strategy,1,1,1,,0.7233481595594436,,"Contribute to SFI for high rewards, but be cautious of defectors.",rounds[3].agents[8].belief_state.institutional_strategy
RB-03-A8-belief_observations,3,8,SFI,belief_observations,1,1,1,,0.7233481595594436,,"High contributors in SI institutions are often defectors, while low contributors in SFI institutions may be cooperative.",rounds[3].agents[8].belief_state.observations
RB-03-A9-contribution,3,9,SFI,contribution,1,1,1,,0.6899507210253666,,"My institution is SFI, and I have a high budget, so I choose to contribute the maximum amount.",rounds[3].agents[9].contribution_reasoning
RB-03-A9-belief_strategy,3,9,SFI,belief_strategy,1,1,1,,0.6899507210253666,,"Most peers in SI, except for low contributors.",rounds[3].agents[9].belief_state.institutional_strategy
RB-03-A9-belief_observations,3,9,SFI,belief_observations,1,1,1,,0.6899507210253666,,High contributions from some agents in SI.,rounds[3].agents[9].belief_state.observations
RB-03-A10-contribution,3,10,SI,contribution,1,1,0,,0.0123273952024095,,"I choose to contribute a significant amount, considering my institution's history of cooperation and my past contributions.",rounds[3].agents[10].contribution_reasoning
RB-03-A10-punishment,3,10,SI,punishment,1,1,0,,0.0123273952024095,opportunistic,Punish free-riders and reward high contributors to maintain institutional credibility and long-run climate stability.,rounds[3].agents[10].punishment_reasoning
RB-03-A10-belief_strategy,3,10,SI,belief_strategy,1,1,0,,0.0123273952024095,,Most peers follow the SI strategy.,rounds[3].agents[10].belief_state.institutional_strategy
RB-03-A10-belief_observations,3,10,SI,belief_observations,1,1,0,,0.0123273952024095,,High contributors are mostly following the SI strategy.,rounds[3].agents[10].belief_state.observations
RB-03-A11-contribution,3,11,SFI,contribution,1,1,0,,0.0629156672926456,,Contribution is based on the previous round's group average to maintain cooperation incentives.,rounds[3].agents[11].contribution_reasoning
RB-03-A11-belief_strategy,3,11,SFI,belief_strategy,1,1,0,,0.0629156672926456,named_agents,"Most peers follow SI strategy, except Agent 11 (SFI)",rounds[3].agents[11].belief_state.institutional_strategy
RB-03-A11-belief_observations,3,11,SFI,belief_observations,1,1,0,,0.0629156672926456,conformity,High-contributing peers are mostly from SI institution,rounds[3].agents[11].belief_state.observations
RB-03-A12-contribution,3,12,SFI,contribution,1,1,0,,0.0501310827164258,,A moderate contribution is chosen to balance immediate resilience needs with long-run cooperation incentives.,rounds[3].agents[12].contribution_reasoning
RB-03-A12-belief_strategy,3,12,SFI,belief_strategy,1,1,0,,0.0501310827164258,,Most peers contribute significantly to the institution.,rounds[3].agents[12].belief_state.institutional_strategy
RB-03-A12-belief_observations,3,12,SFI,belief_observations,1,1,0,,0.0501310827164258,,"High contributors are mostly from SI, while low contributors are mostly from SFI.",rounds[3].agents[12].belief_state.observations
RB-03-A13-contribution,3,13,SI,contribution,0,0,0,,0.0057126497746088,opportunistic,"I'm choosing a moderate contribution to balance self-interest and cooperation, given my institution's history of high contributions.",rounds[3].agents[13].contribution_reasoning
RB-03-A13-punishment,3,13,SI,punishment,0,0,0,,0.0057126497746088,opportunistic,Punishing free-riders and rewarding cooperative agents with high net payoffs or significant contributions.,rounds[3].agents[13].punishment_reasoning
RB-03-A14-contribution,3,14,SI,contribution,0,0,0,,0.0,opportunistic,"Given a high budget and no punishment or reward effects, I choose to free-ride this round.",rounds[3].agents[14].contribution_reasoning
RB-03-A14-punishment,3,14,SI,punishment,0,0,0,,0.0,opportunistic,Punishing free-riders while rewarding a generous contributor to maintain institutional credibility and cooperation.,rounds[3].agents[14].punishment_reasoning
RB-03-A16-contribution,3,16,SI,contribution,0,0,0,,0.198132050652855,opportunistic,"I've chosen a moderate contribution to balance my self-interest with cooperation, considering past peer behavior and current decision context.",rounds[3].agents[16].contribution_reasoning
RB-03-A16-punishment,3,16,SI,punishment,0,0,0,,0.198132050652855,opportunistic,Punished free-riders and rewarded cooperative agents based on their contributions and stated intent.,rounds[3].agents[16].punishment_reasoning
RB-03-A17-contribution,3,17,SFI,contribution,1,1,0,,0.0670317897354298,,"Contribution is based on the group's previous round average, which was 30830.23 million USD.",rounds[3].agents[17].contribution_reasoning
RB-03-A17-belief_strategy,3,17,SFI,belief_strategy,1,1,0,,0.0670317897354298,,"Most peers in SI, few in SFI.",rounds[3].agents[17].belief_state.institutional_strategy
RB-03-A17-belief_observations,3,17,SFI,belief_observations,1,1,0,,0.0670317897354298,,"High-contributors mostly in SI, low-contributors mostly in SFI.",rounds[3].agents[17].belief_state.observations
RB-03-A18-contribution,3,18,SFI,contribution,0,0,0,,0.0597586272358118,conformity,"I'll contribute a moderate amount, given my past contributions and the group's average contribution.",rounds[3].agents[18].contribution_reasoning
RB-03-A19-contribution,3,19,SFI,contribution,1,1,0,,0.0038784857910483,,"As a member of SFI, I have observed that contributing around this amount has been consistent with past rounds and provides a balance between cooperation incentives and immediate resilience needs.",rounds[3].agents[19].contribution_reasoning
RB-03-A19-belief_strategy,3,19,SFI,belief_strategy,1,1,0,,0.0038784857910483,,Most peers follow the SI strategy.,rounds[3].agents[19].belief_state.institutional_strategy
RB-03-A19-belief_observations,3,19,SFI,belief_observations,1,1,0,,0.0038784857910483,,"High-contributors are mostly from SI, while SFI agents contribute less.",rounds[3].agents[19].belief_state.observations
RB-03-A20-contribution,3,20,SFI,contribution,1,1,0,,0.0890478271045353,,"I choose to contribute a moderate amount based on my institution's typical contribution levels and the MCPR, while also considering the overall budget and the need for cooperation.",rounds[3].agents[20].contribution_reasoning
RB-03-A20-belief_strategy,3,20,SFI,belief_strategy,1,1,0,,0.0890478271045353,,Institutional strategy is SI for high contributors and SFI for low contributors.,rounds[3].agents[20].belief_state.institutional_strategy
RB-03-A20-belief_observations,3,20,SFI,belief_observations,1,1,0,,0.0890478271045353,,"High contributors in SI institutions, while low contributors are mostly in SFI.",rounds[3].agents[20].belief_state.observations
RB-03-A21-contribution,3,21,SI,contribution,0,0,0,,0.4817210002994378,conformity,I have chosen to contribute a moderate amount based on past rounds' group average contribution and my internal belief that most peers follow the SI strategy.,rounds[3].agents[21].contribution_reasoning
RB-03-A21-punishment,3,21,SI,punishment,0,0,0,,0.4817210002994378,opportunistic,Punished free-riders and rewarded generous contributors to promote cooperation within the SI institution.,rounds[3].agents[21].punishment_reasoning
RB-03-A21-belief_strategy,3,21,SI,belief_strategy,0,0,0,,0.4817210002994378,opportunistic,Most peers follow a self-interest (SI) strategy.,rounds[3].agents[21].belief_state.institutional_strategy
RB-03-A22-punishment,3,22,SI,punishment,0,0,0,,0.242287168443526,opportunistic,Punishing free-riders and rewarding cooperative agents to maintain long-run climate stability and institutional credibility.,rounds[3].agents[22].punishment_reasoning
RB-03-A23-contribution,3,23,SI,contribution,0,0,0,,0.2756709472483794,opportunistic,"I balance self-interest with cooperation, choosing a moderate contribution to maintain credibility and long-run climate stability.",rounds[3].agents[23].contribution_reasoning
RB-03-A23-punishment,3,23,SI,punishment,0,0,0,,0.2756709472483794,opportunistic,Punished free-riders and rewarded cooperative agents to maintain long-run climate stability and institutional credibility.,rounds[3].agents[23].punishment_reasoning
RB-03-A24-contribution,3,24,SFI,contribution,1,1,0,,0.04266100531561,,"I'm choosing a moderate contribution to balance immediate resilience needs and long-run cooperation incentives, considering my institution's typical behavior.",rounds[3].agents[24].contribution_reasoning
RB-03-A24-belief_strategy,3,24,SFI,belief_strategy,1,1,0,,0.04266100531561,,"Most peers in SI, few in SFI.",rounds[3].agents[24].belief_state.institutional_strategy
RB-03-A24-belief_observations,3,24,SFI,belief_observations,1,1,0,,0.04266100531561,,High contributions from peers in SI.,rounds[3].agents[24].belief_state.observations
RB-03-A25-contribution,3,25,SI,contribution,1,1,0,,0.1672857764554816,,I'll contribute a moderate amount to support emissions reduction while considering my institution's and group's past behaviors.,rounds[3].agents[25].contribution_reasoning
RB-03-A25-punishment,3,25,SI,punishment,1,1,0,,0.1672857764554816,opportunistic,Punishing free-riders and rewarding cooperative agents to maintain group stability and encourage contributions.,rounds[3].agents[25].punishment_reasoning
RB-03-A25-belief_strategy,3,25,SI,belief_strategy,1,1,0,,0.1672857764554816,,Most peers follow the SI strategy.,rounds[3].agents[25].belief_state.institutional_strategy
RB-03-A25-belief_observations,3,25,SI,belief_observations,1,1,0,,0.1672857764554816,,High contributors are mostly following the SI strategy.,rounds[3].agents[25].belief_state.observations
RB-04-A0-contribution,4,0,SFI,contribution,0,0,0,,0.0,opportunistic,"Given low marginal return to contribution and peer free-riding, I choose not to contribute this round.",rounds[4].agents[0].contribution_reasoning
RB-04-A1-contribution,4,1,SFI,contribution,1,1,1,,0.0062771137255638,,"Balancing immediate resilience needs with long-run cooperation incentives, I choose a moderate contribution.",rounds[4].agents[1].contribution_reasoning
RB-04-A1-belief_strategy,4,1,SFI,belief_strategy,1,1,1,,0.0062771137255638,,"Most peers follow SI, but some deviate.",rounds[4].agents[1].belief_state.institutional_strategy
RB-04-A1-belief_observations,4,1,SFI,belief_observations,1,1,1,,0.0062771137255638,,High contributors in SI are rewarded with high payoffs.,rounds[4].agents[1].belief_state.observations
RB-04-A2-punishment,4,2,SI,punishment,0,0,0,,0.1973981744985299,opportunistic,Punishing free-riders and rewarding generous contributors to maintain social norms.,rounds[4].agents[2].punishment_reasoning
RB-04-A3-punishment,4,3,SI,punishment,0,0,0,,0.4149769530827568,fairness|opportunistic,Punished free-riders and rewarded generous contributors to promote fairness and cooperation within the institution.,rounds[4].agents[3].punishment_reasoning
RB-04-A4-contribution,4,4,SFI,contribution,1,1,1,,0.0894780921839096,,Aiming for a moderate contribution that balances immediate resilience needs with long-run cooperation incentives.,rounds[4].agents[4].contribution_reasoning
RB-04-A4-belief_strategy,4,4,SFI,belief_strategy,1,1,1,,0.0894780921839096,,Most peers follow the SI strategy.,rounds[4].agents[4].belief_state.institutional_strategy
RB-04-A4-belief_observations,4,4,SFI,belief_observations,1,1,1,,0.0894780921839096,,High-contributors are mostly from SI institutions.,rounds[4].agents[4].belief_state.observations
RB-04-A5-contribution,4,5,SI,contribution,0,0,0,,0.5609080118997916,future_rounds,"Maximizing my cumulative payoff over the game requires contributing a significant amount, but not exhausting my budget to avoid potential future costs.",rounds[4].agents[5].contribution_reasoning
RB-04-A5-punishment,4,5,SI,punishment,0,0,0,,0.5609080118997916,fairness|opportunistic,Punished free-riders and rewarded generous contributors to encourage cooperation and fairness.,rounds[4].agents[5].punishment_reasoning
RB-04-A6-contribution,4,6,SI,contribution,0,0,0,,1.8365827297751105,future_rounds,Optimizing for maximum cumulative payoff requires a high contribution to maximize MCPR and potential future earnings.,rounds[4].agents[6].contribution_reasoning
RB-04-A6-punishment,4,6,SI,punishment,0,0,0,,1.8365827297751105,opportunistic,Punishing free-riders and rewarding consistent contributors to maintain social norms and encourage cooperation within the SI institution.,rounds[4].agents[6].punishment_reasoning
RB-04-A7-belief_strategy,4,7,SFI,belief_strategy,0,0,0,,0.0,conformity,Most peers are using the SI strategy.,rounds[4].agents[7].belief_state.institutional_strategy
RB-04-A10-punishment,4,10,SI,punishment,0,0,0,,0.0,fairness|opportunistic,Punishing free-riders and rewarding high contributors to maintain a fair environment.,rounds[4].agents[10].punishment_reasoning
RB-04-A11-contribution,4,11,SFI,contribution,0,0,1,,0.0635841583668337,,"I'll contribute a moderate amount, leveraging past cooperation and MCPR to balance my own interests with collective action.",rounds[4].agents[11].contribution_reasoning
RB-04-A11-belief_strategy,4,11,SFI,belief_strategy,0,0,1,,0.0635841583668337,,Most peers follow the SI strategy.,rounds[4].agents[11].belief_state.institutional_strategy
RB-04-A11-belief_observations,4,11,SFI,belief_observations,0,0,1,,0.0635841583668337,,High contributors are mostly in the SI institution.,rounds[4].agents[11].belief_state.observations
RB-04-A13-contribution,4,13,SI,contribution,0,0,0,,0.0540420395187097,opportunistic,"I choose to contribute 1,200,000 million USD as it balances self-interest with cooperative action, given my internal beliefs about peers' behavior and the marginal return per unit contributed.",rounds[4].agents[13].contribution_reasoning
RB-04-A13-punishment,4,13,SI,punishment,0,0,0,,0.0540420395187097,opportunistic,Punished free-riders and rewarded generous contributors based on current-round contributions and stated intent.,rounds[4].agents[13].punishment_reasoning
RB-04-A14-punishment,4,14,SI,punishment,0,0,0,,0.6648611877569607,opportunistic,Punished free-riders and rewarded high contributors to promote consistency within the SI institution.,rounds[4].agents[14].punishment_reasoning
RB-04-A15-contribution,4,15,SFI,contribution,1,1,1,,0.4455254504983877,,"Contribution is set to the group average from the previous round, balancing immediate resilience needs with long-run cooperation incentives.",rounds[4].agents[15].contribution_reasoning
RB-04-A15-belief_strategy,4,15,SFI,belief_strategy,1,1,1,,0.4455254504983877,,Most peers follow the SI strategy.,rounds[4].agents[15].belief_state.institutional_strategy
RB-04-A15-belief_observations,4,15,SFI,belief_observations,1,1,1,,0.4455254504983877,named_agents,Agent 15 contributed significantly to the SFI institution.,rounds[4].agents[15].belief_state.observations
RB-04-A16-contribution,4,16,SI,contribution,0,0,0,,0.1654171362522204,opportunistic,"I maintain my previous contribution level as it balances self-interest with cooperation, considering the high marginal return to me per unit contributed.",rounds[4].agents[16].contribution_reasoning
RB-04-A16-punishment,4,16,SI,punishment,0,0,0,,0.1654171362522204,opportunistic,"Punished free-riders and defectors, rewarded cooperative agents who contributed more than expected.",rounds[4].agents[16].punishment_reasoning
RB-04-A17-contribution,4,17,SFI,contribution,0,0,0,,0.0677911390846371,future_rounds,I contribute a moderate amount to balance my long-term interests with immediate needs.,rounds[4].agents[17].contribution_reasoning
RB-04-A18-contribution,4,18,SFI,contribution,0,0,0,,0.0,opportunistic,"Given SFI's history of low contributions and lack of cooperation, I choose to free-ride this round.",rounds[4].agents[18].contribution_reasoning
RB-04-A19-belief_strategy,4,19,SFI,belief_strategy,0,0,0,,0.0035605774463898,conformity,Most peers are using the SI strategy.,rounds[4].agents[19].belief_state.institutional_strategy
RB-04-A21-contribution,4,21,SI,contribution,0,0,0,,0.004721434978908,opportunistic,Follows historical contribution patterns within my institution and maintains a balance between self-interest and cooperation.,rounds[4].agents[21].contribution_reasoning
RB-04-A21-punishment,4,21,SI,punishment,0,0,0,,0.004721434978908,opportunistic,Punishing free-riders and rewarding generous contributors to maintain a balanced contribution level within the group.,rounds[4].agents[21].punishment_reasoning
RB-04-A21-belief_strategy,4,21,SI,belief_strategy,0,0,0,,0.004721434978908,opportunistic,Most peers follow a self-interested strategy (SI).,rounds[4].agents[21].belief_state.institutional_strategy
RB-04-A22-contribution,4,22,SI,contribution,0,0,0,,0.1950672658029661,opportunistic,I follow my recent contributions to maximize my cumulative payoff.,rounds[4].agents[22].contribution_reasoning
RB-04-A22-punishment,4,22,SI,punishment,0,0,0,,0.1950672658029661,opportunistic,Punishing free-riders and rewarding generous contributors based on their actions and stated intent.,rounds[4].agents[22].punishment_reasoning
RB-04-A23-contribution,4,23,SI,contribution,0,0,0,,0.0,opportunistic,"Given a high budget and low MCPR, I choose to contribute nothing to maximize my cumulative payoff.",rounds[4].agents[23].contribution_reasoning
RB-04-A23-punishment,4,23,SI,punishment,0,0,0,,0.0,opportunistic,Punishing free-riders and rewarding cooperative agents to maintain a balanced contribution level within our institution.,rounds[4].agents[23].punishment_reasoning
RB-04-A23-belief_strategy,4,23,SI,belief_strategy,0,0,0,,0.0,opportunistic,Agents follow a self-interested strategy.,rounds[4].agents[23].belief_state.institutional_strategy
RB-04-A24-contribution,4,24,SFI,contribution,1,1,1,,0.0,,"Given a high budget and low MCPR, I choose to conserve wealth.",rounds[4].agents[24].contribution_reasoning
RB-04-A24-belief_strategy,4,24,SFI,belief_strategy,1,1,1,,0.0,,Most peers follow the SI strategy.,rounds[4].agents[24].belief_state.institutional_strategy
RB-04-A24-belief_observations,4,24,SFI,belief_observations,1,1,1,,0.0,,High contributors are mostly from the SI institution.,rounds[4].agents[24].belief_state.observations
RB-04-A25-punishment,4,25,SI,punishment,0,0,0,,0.0,opportunistic,Focused punishments on free-riders below the group average and rewarded generous contributors. Used internal beliefs about institutional strategy and observations from previous rounds to inform decisions.,rounds[4].agents[25].punishment_reasoning
RB-05-A0-contribution,5,0,SFI,contribution,1,1,1,,0.0,opportunistic,"Given high contributions from SI members, I choose to free ride and contribute nothing.",rounds[5].agents[0].contribution_reasoning
RB-05-A0-belief_strategy,5,0,SFI,belief_strategy,1,1,1,,0.0,conformity,"Most peers are cooperative, but some are high contributors.",rounds[5].agents[0].belief_state.institutional_strategy
RB-05-A0-belief_observations,5,0,SFI,belief_observations,1,1,1,,0.0,,"High contributions from Agents 21 and 25; low contributions from Agents 4, 5, 7, 8, 24.",rounds[5].agents[0].belief_state.observations
RB-05-A2-punishment,5,2,SI,punishment,0,0,0,,0.5739957051718322,opportunistic,Focused on punishing free-riders and rewarding a generous contributor while staying within budget.,rounds[5].agents[2].punishment_reasoning
RB-05-A3-contribution,5,3,SI,contribution,0,1,1,,0.0528519052501109,opportunistic,"I'm choosing a moderate contribution to balance self-interest and cooperation, given my institution's historical strategy and previous round data.",rounds[5].agents[3].contribution_reasoning
RB-05-A3-punishment,5,3,SI,punishment,0,1,1,,0.0528519052501109,opportunistic,Punished free-riders and rewarded generous contributors to maintain group cohesion and encourage cooperation.,rounds[5].agents[3].punishment_reasoning
RB-05-A3-belief_strategy,5,3,SI,belief_strategy,0,1,1,,0.0528519052501109,,Most peers follow the SI strategy.,rounds[5].agents[3].belief_state.institutional_strategy
RB-05-A3-belief_observations,5,3,SI,belief_observations,0,1,1,,0.0528519052501109,,High-contributors are mostly following the SI strategy.,rounds[5].agents[3].belief_state.observations
RB-05-A5-punishment,5,5,SI,punishment,0,0,0,,0.0,opportunistic,"Punishing free-riders who contributed below the group average or stated intent did not match their action, while rewarding generous contributors.",rounds[5].agents[5].punishment_reasoning
RB-05-A6-contribution,5,6,SI,contribution,0,0,0,,0.3220238452853053,opportunistic,Higher contribution to maximize cumulative payoff and balance self-interest with cooperation.,rounds[5].agents[6].contribution_reasoning
RB-05-A6-punishment,5,6,SI,punishment,0,0,0,,0.3220238452853053,future_rounds|opportunistic,Punishing free-riders and rewarding cooperative agents to promote long-term climate stability and institutional credibility.,rounds[5].agents[6].punishment_reasoning
RB-05-A7-belief_strategy,5,7,SFI,belief_strategy,0,0,0,,0.0,conformity,Most peers are using the SI strategy.,rounds[5].agents[7].belief_state.institutional_strategy
RB-05-A8-contribution,5,8,SFI,contribution,0,0,0,,0.0,opportunistic,"Given low MCPR and no immediate need for resilience, I choose to free-ride this round.",rounds[5].agents[8].contribution_reasoning
RB-05-A10-contribution,5,10,SI,contribution,0,0,0,,0.0406669836450188,opportunistic,"I'm choosing a moderate contribution to balance self-interest and cooperation, given my high budget and relatively low MCPR.",rounds[5].agents[10].contribution_reasoning
RB-05-A10-punishment,5,10,SI,punishment,0,0,0,,0.0406669836450188,opportunistic,Punished free-riders and rewarded generous contributors while considering internal beliefs and previous-round data.,rounds[5].agents[10].punishment_reasoning
RB-05-A12-belief_observations,5,12,SFI,belief_observations,0,0,0,,0.0206122809495914,named_agents,Agent 0 and Agent 4 contributed nothing.,rounds[5].agents[12].belief_state.observations
RB-05-A13-contribution,5,13,SI,contribution,0,1,0,,0.0503708149684723,conformity,Follows previous round's group average contribution and is within my budget to maximize cumulative payoff.,rounds[5].agents[13].contribution_reasoning
RB-05-A13-punishment,5,13,SI,punishment,0,1,0,,0.0503708149684723,opportunistic,"Punished free-riders and rewarded generous contributors based on current-round data, internal beliefs, and previous-round peer data.",rounds[5].agents[13].punishment_reasoning
RB-05-A13-belief_strategy,5,13,SI,belief_strategy,0,1,0,,0.0503708149684723,,Most peers follow the SI strategy.,rounds[5].agents[13].belief_state.institutional_strategy
RB-05-A13-belief_observations,5,13,SI,belief_observations,0,1,0,,0.0503708149684723,,High-contributors are mostly following the SI strategy.,rounds[5].agents[13].belief_state.observations
RB-05-A14-contribution,5,14,SI,contribution,1,1,1,,0.1269105420664605,,"I contributed a significant amount, given my past contributions and the marginal return to me per unit contributed.",rounds[5].agents[14].contribution_reasoning
RB-05-A14-punishment,5,14,SI,punishment,1,1,1,,0.1269105420664605,opportunistic,Punished free-riders and rewarded consistently generous contributors.,rounds[5].agents[14].punishment_reasoning
RB-05-A14-belief_strategy,5,14,SI,belief_strategy,1,1,1,,0.1269105420664605,,Most contributors follow the SI strategy.,rounds[5].agents[14].belief_state.institutional_strategy
RB-05-A14-belief_observations,5,14,SI,belief_observations,1,1,1,,0.1269105420664605,,High contributors in SI are more successful.,rounds[5].agents[14].belief_state.observations
RB-05-A15-contribution,5,15,SFI,contribution,1,0,1,,0.2429345869000256,,"I've chosen to contribute a significant amount based on my previous contributions and the current decision card, taking into account the MCPR of 0.1143.",rounds[5].agents[15].contribution_reasoning
RB-05-A15-belief_strategy,5,15,SFI,belief_strategy,1,0,1,,0.2429345869000256,conformity,Most peers are cooperative in SI institutions.,rounds[5].agents[15].belief_state.institutional_strategy
RB-05-A15-belief_observations,5,15,SFI,belief_observations,1,0,1,,0.2429345869000256,named_agents,Agent 21 and Agent 25 have high contributions in SI.,rounds[5].agents[15].belief_state.observations
RB-05-A16-contribution,5,16,SI,contribution,0,0,0,,0.1352237594876558,opportunistic,"I contributed a moderate amount to maintain a balance between cooperation and self-interest, considering my previous contributions and the current decision card.",rounds[5].agents[16].contribution_reasoning
RB-05-A16-punishment,5,16,SI,punishment,0,0,0,,0.1352237594876558,opportunistic,Punished free-riders and rewarded generous contributors based on current-round contributions and stated intent.,rounds[5].agents[16].punishment_reasoning
RB-05-A16-belief_strategy,5,16,SI,belief_strategy,0,0,0,,0.1352237594876558,conformity,Most peers are using the SI strategy.,rounds[5].agents[16].belief_state.institutional_strategy
RB-05-A17-contribution,5,17,SFI,contribution,0,1,0,,0.0557916955608413,,"I'll contribute a moderate amount, given my recent contributions and the MCPR.",rounds[5].agents[17].contribution_reasoning
RB-05-A17-belief_strategy,5,17,SFI,belief_strategy,0,1,0,,0.0557916955608413,,Most peers contribute significantly to the institution.,rounds[5].agents[17].belief_state.institutional_strategy
RB-05-A17-belief_observations,5,17,SFI,belief_observations,0,1,0,,0.0557916955608413,,"High contributors are mostly from SI, while low contributors are from SFI.",rounds[5].agents[17].belief_state.observations
RB-05-A18-contribution,5,18,SFI,contribution,0,0,0,,0.0347078014902,opportunistic,"I contribute a moderate amount to balance cooperation and free-riding, considering my recent contributions and peers' actions.",rounds[5].agents[18].contribution_reasoning
RB-05-A21-punishment,5,21,SI,punishment,0,0,0,,2.273166560806559,opportunistic,Punished free-riders and rewarded cooperative peers with high contributions.,rounds[5].agents[21].punishment_reasoning
RB-05-A22-punishment,5,22,SI,punishment,0,0,0,,0.0039581140211924,opportunistic,Focused on punishing free-riders and rewarding high contributors while considering internal beliefs and peer data from previous rounds.,rounds[5].agents[22].punishment_reasoning
RB-05-A23-punishment,5,23,SI,punishment,0,0,0,,0.0381733974037743,opportunistic,Focused on punishing free-riders (below group average) while rewarding generous contributors.,rounds[5].agents[23].punishment_reasoning
RB-05-A25-punishment,5,25,SI,punishment,0,0,0,,0.5416064141566616,opportunistic,Punishing free-riders and rewarding generous contributors to maintain cooperation within SI.,rounds[5].agents[25].punishment_reasoning
RB-06-A0-contribution,6,0,SFI,contribution,1,0,0,,0.0026578431341905,,"The contribution is moderate, based on the previous round's group average of 88100.38 million USD and my institutional strategy.",rounds[6].agents[0].contribution_reasoning
RB-06-A0-belief_strategy,6,0,SFI,belief_strategy,1,0,0,,0.0026578431341905,,"Most peers follow SI, but some deviate.",rounds[6].agents[0].belief_state.institutional_strategy
RB-06-A0-belief_observations,6,0,SFI,belief_observations,1,0,0,,0.0026578431341905,,"High contributors are mostly SI agents, while low contributors are mostly SFI or SI.",rounds[6].agents[0].belief_state.observations
RB-06-A1-contribution,6,1,SFI,contribution,0,0,0,,0.0027509868333498,opportunistic,I follow my recent institution choices and previous contributions to maximize my payoff.,rounds[6].agents[1].contribution_reasoning
RB-06-A2-contribution,6,2,SI,contribution,0,1,0,,0.0,opportunistic,"Given a high budget and low marginal return, I choose to contribute nothing to maximize my payoff.",rounds[6].agents[2].contribution_reasoning
RB-06-A2-punishment,6,2,SI,punishment,0,1,0,,0.0,future_rounds|opportunistic,Punishing free-riders and rewarding high contributors to maintain cooperation and long-term climate stability.,rounds[6].agents[2].punishment_reasoning
RB-06-A2-belief_strategy,6,2,SI,belief_strategy,0,1,0,,0.0,,Most peers follow the Selfish-Institution (SI) strategy.,rounds[6].agents[2].belief_state.institutional_strategy
RB-06-A2-belief_observations,6,2,SI,belief_observations,0,1,0,,0.0,,"High contributors are mostly following SI, while low contributors are mostly in SFI or SI.",rounds[6].agents[2].belief_state.observations
RB-06-A3-contribution,6,3,SI,contribution,0,0,0,,0.0,opportunistic,"Given a high budget and low marginal return, I choose to contribute nothing to maximize my payoff.",rounds[6].agents[3].contribution_reasoning
RB-06-A3-punishment,6,3,SI,punishment,0,0,0,,0.0,opportunistic,Punish free-riders and reward generous contributors to maintain cooperation within the institution.,rounds[6].agents[3].punishment_reasoning
RB-06-A4-contribution,6,4,SFI,contribution,0,0,0,,0.0,opportunistic,"Given a low MCPR of 0.1143, it is optimal to contribute nothing to maximize my payoff.",rounds[6].agents[4].contribution_reasoning
RB-06-A5-punishment,6,5,SI,punishment,0,0,0,,0.0,opportunistic,Targeted free-riders and rewarded contributors who balanced cooperation and self-interest.,rounds[6].agents[5].punishment_reasoning
RB-06-A6-punishment,6,6,SI,punishment,0,0,0,,0.0,opportunistic,Punished free-riders and rewarded generous contributors to promote cooperation within the SI institution.,rounds[6].agents[6].punishment_reasoning
RB-06-A7-contribution,6,7,SFI,contribution,1,1,1,,0.0,opportunistic,"Given a low MCPR and no personal gain from contributing, I choose to free-ride.",rounds[6].agents[7].contribution_reasoning
RB-06-A7-belief_strategy,6,7,SFI,belief_strategy,1,1,1,,0.0,,Most peers contribute highly in SI institutions.,rounds[6].agents[7].belief_state.institutional_strategy
RB-06-A7-belief_observations,6,7,SFI,belief_observations,1,1,1,,0.0,,"High contributions from most peers, except for low contributors.",rounds[6].agents[7].belief_state.observations
RB-06-A8-contribution,6,8,SFI,contribution,1,1,1,,4.693819167544251,,Maximum contribution to maximize cumulative payoff,rounds[6].agents[8].contribution_reasoning
RB-06-A8-belief_strategy,6,8,SFI,belief_strategy,1,1,1,,4.693819167544251,,Most peers follow the SI strategy.,rounds[6].agents[8].belief_state.institutional_strategy
RB-06-A8-belief_observations,6,8,SFI,belief_observations,1,1,1,,4.693819167544251,,High contributors are mostly from the SI institution.,rounds[6].agents[8].belief_state.observations
RB-06-A10-contribution,6,10,SI,contribution,1,1,1,,0.2733044220983461,opportunistic,"Choose a contribution that balances cooperation and self-interest, considering past contributions from Agents 21 and 25.",rounds[6].agents[10].contribution_reasoning
RB-06-A10-punishment,6,10,SI,punishment,1,1,1,,0.2733044220983461,opportunistic,Targeted free-riders for punishment while rewarding high contributors to encourage cooperation.,rounds[6].agents[10].punishment_reasoning
RB-06-A10-belief_strategy,6,10,SI,belief_strategy,1,1,1,,0.2733044220983461,,"Most agents in SI, some in SFI.",rounds[6].agents[10].belief_state.institutional_strategy
RB-06-A10-belief_observations,6,10,SI,belief_observations,1,1,1,,0.2733044220983461,,"High contributions from a few agents, low or no contribution from others.",rounds[6].agents[10].belief_state.observations
RB-06-A12-contribution,6,12,SFI,contribution,0,0,0,,0.0392957349353995,reputation_management,"I'll contribute a moderate amount to maintain my reputation as a consistent contributor, given the high MCPR and my institution's history of contributing around this value.",rounds[6].agents[12].contribution_reasoning
RB-06-A13-contribution,6,13,SI,contribution,0,1,0,,0.0493662955599279,opportunistic,Free-riding is optimal due to low MCPR and no significant reward effect.,rounds[6].agents[13].contribution_reasoning
RB-06-A13-punishment,6,13,SI,punishment,0,1,0,,0.0493662955599279,future_rounds|opportunistic,Punishing free-riders while rewarding high contributors to maintain cooperation and long-term climate stability.,rounds[6].agents[13].punishment_reasoning
RB-06-A13-belief_strategy,6,13,SI,belief_strategy,0,1,0,,0.0493662955599279,,Most peers follow a Strict Institution (SI) strategy.,rounds[6].agents[13].belief_state.institutional_strategy
RB-06-A13-belief_observations,6,13,SI,belief_observations,0,1,0,,0.0493662955599279,,"High contributions from some peers, low contributions from others.",rounds[6].agents[13].belief_state.observations
RB-06-A14-punishment,6,14,SI,punishment,0,0,0,,0.0,future_rounds|opportunistic,Punish free-riders and reward high contributors to maintain cooperation and long-term climate stability.,rounds[6].agents[14].punishment_reasoning
RB-06-A16-contribution,6,16,SI,contribution,0,0,0,,0.1282053364018283,opportunistic,"I'll contribute a moderate amount to maximize my payoff, considering my recent contributions and internal beliefs.",rounds[6].agents[16].contribution_reasoning
RB-06-A16-punishment,6,16,SI,punishment,0,0,0,,0.1282053364018283,opportunistic,Punishing free-riders while rewarding cooperative agents to maintain a balanced strategy.,rounds[6].agents[16].punishment_reasoning
RB-06-A18-contribution,6,18,SFI,contribution,1,1,1,,0.0280976579343499,,"I'll contribute a moderate amount, given my past contributions and the current group average.",rounds[6].agents[18].contribution_reasoning
RB-06-A18-belief_strategy,6,18,SFI,belief_strategy,1,1,1,,0.0280976579343499,,Most peers contribute highly in SI institutions.,rounds[6].agents[18].belief_state.institutional_strategy
RB-06-A18-belief_observations,6,18,SFI,belief_observations,1,1,1,,0.0280976579343499,,High contributors are mostly found in SI institutions.,rounds[6].agents[18].belief_state.observations
RB-06-A19-contribution,6,19,SFI,contribution,0,0,0,,0.0020616416243653,conformity,"I'll contribute a moderate amount, given my past behavior and the current group average contribution.",rounds[6].agents[19].contribution_reasoning
RB-06-A21-contribution,6,21,SI,contribution,0,1,0,,0.3571503190334512,,I've chosen to contribute a significant amount based on my institution's historical strategy and the benefits of contributing to emissions reduction.,rounds[6].agents[21].contribution_reasoning
RB-06-A21-punishment,6,21,SI,punishment,0,1,0,,0.3571503190334512,opportunistic,Punished free-riders who contributed below the group average or had inconsistent stated intent. Rewarded generous contributors who significantly exceeded the group average.,rounds[6].agents[21].punishment_reasoning
RB-06-A21-belief_strategy,6,21,SI,belief_strategy,0,1,0,,0.3571503190334512,,Most contributors follow the SI strategy.,rounds[6].agents[21].belief_state.institutional_strategy
RB-06-A21-belief_observations,6,21,SI,belief_observations,0,1,0,,0.3571503190334512,,High contributions from peers with SI strategy.,rounds[6].agents[21].belief_state.observations
RB-06-A22-contribution,6,22,SI,contribution,0,1,0,,0.0032656152282448,,"I follow my institution's strategy, which is to contribute a small amount.",rounds[6].agents[22].contribution_reasoning
RB-06-A22-punishment,6,22,SI,punishment,0,1,0,,0.0032656152282448,opportunistic,"Punish free-riders who contributed below average or mismatched their stated intent, while rewarding high contributors to the emissions reduction fund.",rounds[6].agents[22].punishment_reasoning
RB-06-A22-belief_strategy,6,22,SI,belief_strategy,0,1,0,,0.0032656152282448,,Most contributors follow the SI strategy.,rounds[6].agents[22].belief_state.institutional_strategy
RB-06-A22-belief_observations,6,22,SI,belief_observations,0,1,0,,0.0032656152282448,,High contributions from peers with SI strategy.,rounds[6].agents[22].belief_state.observations
RB-06-A23-contribution,6,23,SI,contribution,1,1,1,,0.3353513735679267,opportunistic,"This contribution balances self-interest and cooperative actions, considering past rounds' trends and my institution's typical behavior.",rounds[6].agents[23].contribution_reasoning
RB-06-A23-punishment,6,23,SI,punishment,1,1,1,,0.3353513735679267,opportunistic,Punish free-riders and reward cooperative contributors who balance self-interest with cooperation.,rounds[6].agents[23].punishment_reasoning
RB-06-A23-belief_strategy,6,23,SI,belief_strategy,1,1,1,,0.3353513735679267,,Most contributors follow the SI strategy.,rounds[6].agents[23].belief_state.institutional_strategy
RB-06-A23-belief_observations,6,23,SI,belief_observations,1,1,1,,0.3353513735679267,,High contributions from peers with SI strategy.,rounds[6].agents[23].belief_state.observations
RB-06-A24-contribution,6,24,SFI,contribution,1,1,0,,0.0401580003904275,,Contribute a moderate amount to maximize payoff while being consistent with previous rounds.,rounds[6].agents[24].contribution_reasoning
RB-06-A24-belief_strategy,6,24,SFI,belief_strategy,1,1,0,,0.0401580003904275,,Most peers follow the SI strategy.,rounds[6].agents[24].belief_state.institutional_strategy
RB-06-A24-belief_observations,6,24,SFI,belief_observations,1,1,0,,0.0401580003904275,,High contributors are mostly from SI institutions.,rounds[6].agents[24].belief_state.observations
RB-06-A25-contribution,6,25,SI,contribution,1,1,0,,0.3793011421971155,opportunistic,"Considering my institution's historical high contributions and the current MCPR, I choose a moderate contribution to balance self-interest with cooperative behavior.",rounds[6].agents[25].contribution_reasoning
RB-06-A25-punishment,6,25,SI,punishment,1,1,0,,0.3793011421971155,opportunistic,"Punished free-riders, rewarded high contributors for promoting cooperation.",rounds[6].agents[25].punishment_reasoning
RB-06-A25-belief_strategy,6,25,SI,belief_strategy,1,1,0,,0.3793011421971155,,Most peers follow the SI strategy.,rounds[6].agents[25].belief_state.institutional_strategy
RB-06-A25-belief_observations,6,25,SI,belief_observations,1,1,0,,0.3793011421971155,,High contributors are mostly following the SI strategy.,rounds[6].agents[25].belief_state.observations
RB-07-A0-contribution,7,0,SFI,contribution,1,0,0,,0.2697498509439395,,"The marginal return to me per unit contributed is relatively low at 0.1143, so I choose a moderate contribution to balance immediate needs with long-run cooperation incentives.",rounds[7].agents[0].contribution_reasoning
RB-07-A0-belief_strategy,7,0,SFI,belief_strategy,1,0,0,,0.2697498509439395,,Most contributors are using the SI strategy.,rounds[7].agents[0].belief_state.institutional_strategy
RB-07-A0-belief_observations,7,0,SFI,belief_observations,1,0,0,,0.2697498509439395,,High contributions from peers using the SI strategy.,rounds[7].agents[0].belief_state.observations
RB-07-A2-punishment,7,2,SI,punishment,0,0,0,,0.1452603213123445,fairness|opportunistic,Punished free-riders and rewarded a generous contributor to maintain fairness in contributions.,rounds[7].agents[2].punishment_reasoning
RB-07-A3-punishment,7,3,SI,punishment,0,0,0,,0.1239026023945045,opportunistic,Punishing free-riders and rewarding generous contributors.,rounds[7].agents[3].punishment_reasoning
RB-07-A3-belief_observations,7,3,SI,belief_observations,0,0,0,,0.1239026023945045,opportunistic,"High contributions are rewarded, but some agents defect or free-ride.",rounds[7].agents[3].belief_state.observations
RB-07-A4-contribution,7,4,SFI,contribution,1,1,1,,0.0,opportunistic,"Given high MCPR and no free endowment, I choose to contribute nothing to maximize my payoff.",rounds[7].agents[4].contribution_reasoning
RB-07-A4-belief_strategy,7,4,SFI,belief_strategy,1,1,1,,0.0,,Most contributors chose Strategy Incentivize (SI).,rounds[7].agents[4].belief_state.institutional_strategy
RB-07-A4-belief_observations,7,4,SFI,belief_observations,1,1,1,,0.0,,"High contributions were rewarded, but some agents still chose to contribute little.",rounds[7].agents[4].belief_state.observations
RB-07-A5-contribution,7,5,SI,contribution,1,1,1,,0.2940175366551891,,"I have chosen to contribute the same amount as my previous round, considering that I have a relatively high budget and MCPR is low.",rounds[7].agents[5].contribution_reasoning
RB-07-A5-punishment,7,5,SI,punishment,1,1,1,,0.2940175366551891,opportunistic,Punished free-riders and rewarded contributors who met or exceeded their stated intentions.,rounds[7].agents[5].punishment_reasoning
RB-07-A5-belief_strategy,7,5,SI,belief_strategy,1,1,1,,0.2940175366551891,,Most contributors follow the SI strategy.,rounds[7].agents[5].belief_state.institutional_strategy
RB-07-A5-belief_observations,7,5,SI,belief_observations,1,1,1,,0.2940175366551891,,High contributions from peers with SI strategy.,rounds[7].agents[5].belief_state.observations
RB-07-A6-punishment,7,6,SI,punishment,0,0,0,,0.2701340132138213,opportunistic,Punished free-riders with low contributions and rewarded generous contributors.,rounds[7].agents[6].punishment_reasoning
RB-07-A7-contribution,7,7,SFI,contribution,1,0,1,,0.0,,"Given that most peers contribute highly and I have a low MCPR, contributing nothing maximizes my payoff.",rounds[7].agents[7].contribution_reasoning
RB-07-A7-belief_strategy,7,7,SFI,belief_strategy,1,0,1,,0.0,conformity,Most peers are using the SI strategy.,rounds[7].agents[7].belief_state.institutional_strategy
RB-07-A7-belief_observations,7,7,SFI,belief_observations,1,0,1,,0.0,,High-contributors are mostly using the SI strategy.,rounds[7].agents[7].belief_state.observations
RB-07-A8-contribution,7,8,SFI,contribution,1,0,1,,1.339710544084202,,"Maximize cumulative payoff by contributing maximum budget, given high MCPR and no risk of punishment.",rounds[7].agents[8].contribution_reasoning
RB-07-A8-belief_strategy,7,8,SFI,belief_strategy,1,0,1,,1.339710544084202,,Most peers follow SI strategy.,rounds[7].agents[8].belief_state.institutional_strategy
RB-07-A8-belief_observations,7,8,SFI,belief_observations,1,0,1,,1.339710544084202,,High contributors are mostly from SI institution.,rounds[7].agents[8].belief_state.observations
RB-07-A10-punishment,7,10,SI,punishment,0,0,0,,0.5220663016685364,opportunistic,"Punished free-riders (Agents 23, 25) and rewarded generous contributors (Agents 13, 16, 21, 22).",rounds[7].agents[10].punishment_reasoning
RB-07-A10-belief_observations,7,10,SI,belief_observations,0,0,0,,0.5220663016685364,named_agents,"High contributors in SI, low contributors in SFI; Agent 10 contributed 5M in SI",rounds[7].agents[10].belief_state.observations
RB-07-A11-contribution,7,11,SFI,contribution,0,1,0,,0.0452509390078316,,"I've chosen to contribute a consistent amount with my recent history, as it balances short-term resilience needs against long-run cooperation incentives.",rounds[7].agents[11].contribution_reasoning
RB-07-A11-belief_strategy,7,11,SFI,belief_strategy,0,1,0,,0.0452509390078316,,Most peers contribute highly in SI institutions.,rounds[7].agents[11].belief_state.institutional_strategy
RB-07-A11-belief_observations,7,11,SFI,belief_observations,0,1,0,,0.0452509390078316,,Low contributors are mostly from SFI institutions.,rounds[7].agents[11].belief_state.observations
RB-07-A12-contribution,7,12,SFI,contribution,0,1,0,,0.0374944579733745,conformity,I'll contribute a moderate amount based on previous rounds' group average contribution and my institution's strategy.,rounds[7].agents[12].contribution_reasoning
RB-07-A12-belief_strategy,7,12,SFI,belief_strategy,0,1,0,,0.0374944579733745,,"Most peers follow SI, except for SFI defectors.",rounds[7].agents[12].belief_state.institutional_strategy
RB-07-A12-belief_observations,7,12,SFI,belief_observations,0,1,0,,0.0374944579733745,,"High contributors in SI, low contributors in SFI.",rounds[7].agents[12].belief_state.observations
RB-07-A13-contribution,7,13,SI,contribution,0,0,0,,0.0473375832331795,opportunistic,"Focusing on a moderate contribution that balances self-interest with cooperation, considering the high MCPR and previous contributions from peers.",rounds[7].agents[13].contribution_reasoning
RB-07-A13-punishment,7,13,SI,punishment,0,0,0,,0.0473375832331795,opportunistic,Punishing free-riders and rewarding generous contributors.,rounds[7].agents[13].punishment_reasoning
RB-07-A14-contribution,7,14,SI,contribution,0,0,0,,0.5175226305530405,opportunistic,"I'll contribute a significant amount to maximize my payoff, considering the high MCPR and historical emissions index.",rounds[7].agents[14].contribution_reasoning
RB-07-A14-punishment,7,14,SI,punishment,0,0,0,,0.5175226305530405,fairness|opportunistic,Punished free-riders and rewarded a generous contributor to maintain fairness in contributions.,rounds[7].agents[14].punishment_reasoning
RB-07-A16-punishment,7,16,SI,punishment,0,0,0,,0.1026158788529248,opportunistic,Punished free-riders and rewarded generous contributors within budget constraints.,rounds[7].agents[16].punishment_reasoning
RB-07-A21-punishment,7,21,SI,punishment,0,0,0,,0.2104485015330121,opportunistic,Punished free-riders and rewarded generous contributors based on their actions and stated intents.,rounds[7].agents[21].punishment_reasoning
RB-07-A22-contribution,7,22,SI,contribution,0,0,0,,0.1018644193745922,opportunistic,"I have chosen to contribute maximally to emissions reduction, as it aligns with my self-interested goal of maximizing payoff.",rounds[7].agents[22].contribution_reasoning
RB-07-A22-punishment,7,22,SI,punishment,0,0,0,,0.1018644193745922,opportunistic,Punished free-riders and rewarded generous contributors.,rounds[7].agents[22].punishment_reasoning
RB-07-A23-punishment,7,23,SI,punishment,0,0,0,,0.0,opportunistic,Punished free-riders and rewarded generous contributors based on their contributions and stated intent.,rounds[7].agents[23].punishment_reasoning
RB-07-A24-contribution,7,24,SFI,contribution,1,0,1,,0.0,,"Given that most peers follow the SI strategy, I choose to contribute nothing this round.",rounds[7].agents[24].contribution_reasoning
RB-07-A24-belief_strategy,7,24,SFI,belief_strategy,1,0,1,,0.0,opportunistic,"Most peers cooperate in SI, but some defect or free-ride.",rounds[7].agents[24].belief_state.institutional_strategy
RB-07-A24-belief_observations,7,24,SFI,belief_observations,1,0,1,,0.0,,"High-contributors mostly use SI, while low-contributors use SFI.",rounds[7].agents[24].belief_state.observations
RB-07-A25-punishment,7,25,SI,punishment,0,0,0,,0.7676671375639245,opportunistic,Punishing free-riders who took advantage of economic aid packages and rewarding generous contributors within the SI community.,rounds[7].agents[25].punishment_reasoning
RB-08-A0-contribution,8,0,SFI,contribution,1,0,0,,0.2534674345040149,,Focusing on a moderate contribution to balance immediate resilience needs and long-run cooperation incentives.,rounds[8].agents[0].contribution_reasoning
RB-08-A0-belief_strategy,8,0,SFI,belief_strategy,1,0,0,,0.2534674345040149,,"Most peers contribute moderately, except for a few high and low contributors.",rounds[8].agents[0].belief_state.institutional_strategy
RB-08-A0-belief_observations,8,0,SFI,belief_observations,1,0,0,,0.2534674345040149,,"High contributions from SI agents, while SFI agents have varying levels of contribution.",rounds[8].agents[0].belief_state.observations
RB-08-A2-contribution,8,2,SI,contribution,1,1,1,,0.3957081285334922,opportunistic,I have chosen to contribute a significant amount to maximize my payoff while also following the SI strategy.,rounds[8].agents[2].contribution_reasoning
RB-08-A2-punishment,8,2,SI,punishment,1,1,1,,0.3957081285334922,reputation_management|opportunistic,Targeted free-riders and rewarded high contributors to maintain SI's cooperative reputation.,rounds[8].agents[2].punishment_reasoning
RB-08-A2-belief_strategy,8,2,SI,belief_strategy,1,1,1,,0.3957081285334922,,Most contributors are using the Strategy Incentivizing (SI) approach.,rounds[8].agents[2].belief_state.institutional_strategy
RB-08-A2-belief_observations,8,2,SI,belief_observations,1,1,1,,0.3957081285334922,,"High contributions from peers in the same institution, but low contributions from those in a different institution.",rounds[8].agents[2].belief_state.observations
RB-08-A3-contribution,8,3,SI,contribution,1,1,1,,0.1746063135442938,opportunistic,"I'll contribute a moderate amount to maintain credibility and avoid being seen as a free-rider, while also considering my institution's strategy.",rounds[8].agents[3].contribution_reasoning
RB-08-A3-punishment,8,3,SI,punishment,1,1,1,,0.1746063135442938,opportunistic,"Targeted punishments for free-riders, rewarding generous contributors.",rounds[8].agents[3].punishment_reasoning
RB-08-A3-belief_strategy,8,3,SI,belief_strategy,1,1,1,,0.1746063135442938,,Most contributors follow the SI strategy.,rounds[8].agents[3].belief_state.institutional_strategy
RB-08-A3-belief_observations,8,3,SI,belief_observations,1,1,1,,0.1746063135442938,,High contributions are rewarded with higher payoffs.,rounds[8].agents[3].belief_state.observations
RB-08-A4-contribution,8,4,SFI,contribution,1,0,1,,0.2355679307241829,,"Since most contributors chose Strategy Incentivize (SI), I will contribute a moderate amount to maintain cooperation and balance my immediate needs with long-run incentives.",rounds[8].agents[4].contribution_reasoning
RB-08-A4-belief_strategy,8,4,SFI,belief_strategy,1,0,1,,0.2355679307241829,,Most contributors are using the Strategy of Iterated Prisoner's Dilemma (SI).,rounds[8].agents[4].belief_state.institutional_strategy
RB-08-A4-belief_observations,8,4,SFI,belief_observations,1,0,1,,0.2355679307241829,,"Low contributors in SFI were observed, while high contributors in SI dominated this round.",rounds[8].agents[4].belief_state.observations
RB-08-A5-contribution,8,5,SI,contribution,1,0,1,,0.075914416475639,,"Optimizing for cumulative payoff, I contribute a significant amount to align with my institution's strategy and historical peer behavior.",rounds[8].agents[5].contribution_reasoning
RB-08-A5-punishment,8,5,SI,punishment,1,0,1,,0.075914416475639,reputation_management|opportunistic,Punished free-riders and rewarded generous contributors to maintain SI's reputation for cooperation.,rounds[8].agents[5].punishment_reasoning
RB-08-A5-belief_strategy,8,5,SI,belief_strategy,1,0,1,,0.075914416475639,,"Most peers in SI, few in SFI.",rounds[8].agents[5].belief_state.institutional_strategy
RB-08-A5-belief_observations,8,5,SI,belief_observations,1,0,1,,0.075914416475639,,"High contributions from some agents, low from others.",rounds[8].agents[5].belief_state.observations
RB-08-A6-contribution,8,6,SI,contribution,1,1,1,,0.1550449208892938,conformity|opportunistic,I'll contribute a moderate amount to maximize my payoff while considering the group's average contribution and the marginal return per unit contributed.,rounds[8].agents[6].contribution_reasoning
RB-08-A6-punishment,8,6,SI,punishment,1,1,1,,0.1550449208892938,opportunistic,Punishing free-riders and rewarding high contributors to maintain the balance of contributions within our institution.,rounds[8].agents[6].punishment_reasoning
RB-08-A6-belief_strategy,8,6,SI,belief_strategy,1,1,1,,0.1550449208892938,,Most contributors follow the SI strategy.,rounds[8].agents[6].belief_state.institutional_strategy
RB-08-A6-belief_observations,8,6,SI,belief_observations,1,1,1,,0.1550449208892938,,"High contributions are rewarded, but some peers deviate.",rounds[8].agents[6].belief_state.observations
RB-08-A7-contribution,8,7,SFI,contribution,1,0,0,,3.578572870815328,opportunistic,Maximum contribution to maximize payoff given high MCPR and no free-rider risk.,rounds[8].agents[7].contribution_reasoning
RB-08-A7-belief_strategy,8,7,SFI,belief_strategy,1,0,0,,3.578572870815328,,Most contributors follow the SI strategy.,rounds[8].agents[7].belief_state.institutional_strategy
RB-08-A7-belief_observations,8,7,SFI,belief_observations,1,0,0,,3.578572870815328,,"High contributions from SI agents, low contributions from SFI agents.",rounds[8].agents[7].belief_state.observations
RB-08-A9-contribution,8,9,SFI,contribution,1,1,0,,0.0313903738279619,,"Follows my recent contributions pattern, balancing immediate resilience needs and cooperation incentives.",rounds[8].agents[9].contribution_reasoning
RB-08-A9-belief_strategy,8,9,SFI,belief_strategy,1,1,0,,0.0313903738279619,,Most peers contribute high amounts to SI.,rounds[8].agents[9].belief_state.institutional_strategy
RB-08-A9-belief_observations,8,9,SFI,belief_observations,1,1,0,,0.0313903738279619,,Low contributors are mostly from SFI.,rounds[8].agents[9].belief_state.observations
RB-08-A10-contribution,8,10,SI,contribution,0,1,0,,0.2896286714569361,,"I've chosen to contribute $3 billion based on my past contributions and the fact that our institution, SI, typically follows a cooperative strategy.",rounds[8].agents[10].contribution_reasoning
RB-08-A10-punishment,8,10,SI,punishment,0,1,0,,0.2896286714569361,opportunistic,Punished free-riders and rewarded cooperative agents to maintain institutional norms.,rounds[8].agents[10].punishment_reasoning
RB-08-A10-belief_strategy,8,10,SI,belief_strategy,0,1,0,,0.2896286714569361,,Most contributors are using the SI strategy.,rounds[8].agents[10].belief_state.institutional_strategy
RB-08-A10-belief_observations,8,10,SI,belief_observations,0,1,0,,0.2896286714569361,,"High contributions from peers 1, 23, and 25.",rounds[8].agents[10].belief_state.observations
RB-08-A13-contribution,8,13,SI,contribution,1,1,0,,0.0430025890807711,opportunistic,Optimizing for cumulative payoff by choosing a moderate contribution that balances self-interest and cooperation.,rounds[8].agents[13].contribution_reasoning
RB-08-A13-punishment,8,13,SI,punishment,1,1,0,,0.0430025890807711,opportunistic,Focused on punishing free-riders and rewarding generous contributors while considering internal beliefs and previous-round data.,rounds[8].agents[13].punishment_reasoning
RB-08-A13-belief_strategy,8,13,SI,belief_strategy,1,1,0,,0.0430025890807711,,Most contributors follow the SI strategy.,rounds[8].agents[13].belief_state.institutional_strategy
RB-08-A13-belief_observations,8,13,SI,belief_observations,1,1,0,,0.0430025890807711,,High contributions from peers with SI strategy.,rounds[8].agents[13].belief_state.observations
RB-08-A14-contribution,8,14,SI,contribution,1,1,0,,0.0829624571061313,,"I'll contribute a significant amount, given my high MCPR and previous contributions to maintain credibility and cooperation within the SI institution.",rounds[8].agents[14].contribution_reasoning
RB-08-A14-punishment,8,14,SI,punishment,1,1,0,,0.0829624571061313,opportunistic,Punished free-riders and rewarded high contributors within the SI institution based on their contributions and stated intent.,rounds[8].agents[14].punishment_reasoning
RB-08-A14-belief_strategy,8,14,SI,belief_strategy,1,1,0,,0.0829624571061313,,Most contributors follow the SI strategy.,rounds[8].agents[14].belief_state.institutional_strategy
RB-08-A14-belief_observations,8,14,SI,belief_observations,1,1,0,,0.0829624571061313,,High contributions from peers with SI strategy.,rounds[8].agents[14].belief_state.observations
RB-08-A16-contribution,8,16,SI,contribution,0,1,0,,0.084164029184195,opportunistic,"I'll contribute a moderate amount, $1.2 billion, to balance self-interest and cooperation.",rounds[8].agents[16].contribution_reasoning
RB-08-A16-punishment,8,16,SI,punishment,0,1,0,,0.084164029184195,opportunistic,Punished free-riders and rewarded high contributors to maintain SI strategy consistency.,rounds[8].agents[16].punishment_reasoning
RB-08-A16-belief_strategy,8,16,SI,belief_strategy,0,1,0,,0.084164029184195,,Most contributors follow the SI strategy.,rounds[8].agents[16].belief_state.institutional_strategy
RB-08-A16-belief_observations,8,16,SI,belief_observations,0,1,0,,0.084164029184195,,High contributions from peers with SI strategy.,rounds[8].agents[16].belief_state.observations
RB-08-A17-belief_strategy,8,17,SFI,belief_strategy,0,0,0,,0.0414267017465594,named_agents,"Most peers follow SI strategy, except Agent 1 and 19 who use SFI.",rounds[8].agents[17].belief_state.institutional_strategy
RB-08-A21-contribution,8,21,SI,contribution,0,0,0,,0.3216787767662691,opportunistic,I contribute at the previous round's group average to maintain consistency and avoid being seen as a free-rider.,rounds[8].agents[21].contribution_reasoning
RB-08-A21-punishment,8,21,SI,punishment,0,0,0,,0.3216787767662691,opportunistic,Punish free-riders and reward high contributors based on current-round contributions and stated intent.,rounds[8].agents[21].punishment_reasoning
RB-08-A22-punishment,8,22,SI,punishment,0,0,0,,0.0836861078592213,opportunistic,Punished free-riders and rewarded high contributors based on current contributions and stated intent.,rounds[8].agents[22].punishment_reasoning
RB-08-A23-contribution,8,23,SI,contribution,0,0,0,,0.5861149066031106,future_rounds,"Considering my high MCPR and past contributions, I choose to contribute a substantial amount while still keeping room for future rounds.",rounds[8].agents[23].contribution_reasoning
RB-08-A23-punishment,8,23,SI,punishment,0,0,0,,0.5861149066031106,opportunistic,"Punished free-riders, rewarded high contributors based on their actions and stated intent.",rounds[8].agents[23].punishment_reasoning
RB-08-A25-punishment,8,25,SI,punishment,0,0,0,,0.6376010354555802,opportunistic,Punished free-riders and rewarded high contributors to maintain SI's cooperative spirit.,rounds[8].agents[25].punishment_reasoning
RB-09-A1-belief_observations,9,1,SFI,belief_observations,0,0,0,,0.001546632382121,named_agents,"Agent 1 contributed moderately, while Agent 8 and 24 contributed nothing.",rounds[9].agents[1].belief_state.observations
RB-09-A2-contribution,9,2,SI,contribution,0,0,0,,0.4402788869707471,conformity|opportunistic,I contributed $5 billion to maximize my cumulative payoff by matching the previous round's group average contribution while considering my MCPR and the current decision card.,rounds[9].agents[2].contribution_reasoning
RB-09-A2-punishment,9,2,SI,punishment,0,0,0,,0.4402788869707471,opportunistic,Targeted punishments for free-riders and rewards for generous contributors based on current-round contributions and internal beliefs.,rounds[9].agents[2].punishment_reasoning
RB-09-A3-punishment,9,3,SI,punishment,0,0,0,,1.830981960505752,opportunistic,Punishing free-riders who contributed below the group average or mismatched their stated intent. Rewarding generous contributors with consistent high contributions.,rounds[9].agents[3].punishment_reasoning
RB-09-A4-contribution,9,4,SFI,contribution,1,0,1,,0.2453805296436214,,Choose a moderate contribution to balance immediate resilience needs and long-run cooperation incentives.,rounds[9].agents[4].contribution_reasoning
RB-09-A4-belief_strategy,9,4,SFI,belief_strategy,1,0,1,,0.2453805296436214,,Agents with high contributions in SI are trusted.,rounds[9].agents[4].belief_state.institutional_strategy
RB-09-A4-belief_observations,9,4,SFI,belief_observations,1,0,1,,0.2453805296436214,named_agents,Agent 4 has a cumulative payoff of 431982.1.,rounds[9].agents[4].belief_state.observations
RB-09-A5-contribution,9,5,SI,contribution,0,0,0,,0.114896739963561,opportunistic,"I'll contribute a moderate amount to emissions reduction, balancing self-interest and cooperation.",rounds[9].agents[5].contribution_reasoning
RB-09-A5-punishment,9,5,SI,punishment,0,0,0,,0.114896739963561,fairness,Punishing undercontributors while rewarding those who exceeded their stated intentions to maintain fairness and encourage cooperation.,rounds[9].agents[5].punishment_reasoning
RB-09-A6-punishment,9,6,SI,punishment,0,0,0,,0.4568474980128504,opportunistic,"Punishing free-riders, rewarding high-quality contributors.",rounds[9].agents[6].punishment_reasoning
RB-09-A7-contribution,9,7,SFI,contribution,1,0,1,,0.2619309398368172,conformity,Contribution is based on the group's previous round average contribution.,rounds[9].agents[7].contribution_reasoning
RB-09-A7-belief_strategy,9,7,SFI,belief_strategy,1,0,1,,0.2619309398368172,,Most contributors are from institution SI.,rounds[9].agents[7].belief_state.institutional_strategy
RB-09-A7-belief_observations,9,7,SFI,belief_observations,1,0,1,,0.2619309398368172,,"High contributions from institution SI, low contributions from institution SFI.",rounds[9].agents[7].belief_state.observations
RB-09-A10-contribution,9,10,SI,contribution,0,0,0,,0.3174093992826622,opportunistic,"I've chosen to contribute a moderate amount based on previous round data and internal beliefs, aiming for a balance between self-interest and cooperation.",rounds[9].agents[10].contribution_reasoning
RB-09-A10-punishment,9,10,SI,punishment,0,0,0,,0.3174093992826622,opportunistic,Punishing free-riders and rewarding consistent contributors to maintain cooperation.,rounds[9].agents[10].punishment_reasoning
RB-09-A11-belief_observations,9,11,SFI,belief_observations,0,0,0,,0.0359767590903122,named_agents,"High contributions from peers in SI, while Agent 8 and 24 have zero contribution in SFI.",rounds[9].agents[11].belief_state.observations
RB-09-A12-contribution,9,12,SFI,contribution,0,1,0,,0.0308939093862084,,I contributed a moderate amount based on my historical contributions and MCPR.,rounds[9].agents[12].contribution_reasoning
RB-09-A12-belief_strategy,9,12,SFI,belief_strategy,0,1,0,,0.0308939093862084,,Most peers contribute highly in SI institutions.,rounds[9].agents[12].belief_state.institutional_strategy
RB-09-A12-belief_observations,9,12,SFI,belief_observations,0,1,0,,0.0308939093862084,,High contributors are rewarded with higher payoffs.,rounds[9].agents[12].belief_state.observations
RB-09-A13-punishment,9,13,SI,punishment,0,0,0,,0.0364656714377284,opportunistic,Punished free-riders and rewarded a generous contributor to maintain cooperation within the SI peer group.,rounds[9].agents[13].punishment_reasoning
RB-09-A14-punishment,9,14,SI,punishment,0,0,0,,0.4219532747059452,fairness|opportunistic,Punished free-riders and rewarded generous contributors to promote cooperation and fairness within the group.,rounds[9].agents[14].punishment_reasoning
RB-09-A16-punishment,9,16,SI,punishment,0,0,0,,0.0621807463440294,opportunistic,Punishing free-riders and rewarding high contributors.,rounds[9].agents[16].punishment_reasoning
RB-09-A17-belief_observations,9,17,SFI,belief_observations,0,0,0,,0.0372859904054703,named_agents,"Agent 17's contribution was moderate, but still higher than some SFI agents.",rounds[9].agents[17].belief_state.observations
RB-09-A19-contribution,9,19,SFI,contribution,0,1,0,,0.0013018960324583,,I'll contribute a moderate amount to maintain consistency with my previous contributions and historical behavior.,rounds[9].agents[19].contribution_reasoning
RB-09-A19-belief_strategy,9,19,SFI,belief_strategy,0,1,0,,0.0013018960324583,,"Most peers in SI, but some in SFI.",rounds[9].agents[19].belief_state.institutional_strategy
RB-09-A19-belief_observations,9,19,SFI,belief_observations,0,1,0,,0.0013018960324583,,"High contributors in SI, low contributors in SFI.",rounds[9].agents[19].belief_state.observations
RB-09-A21-contribution,9,21,SI,contribution,0,1,0,,0.289422720592997,opportunistic,"I've chosen to contribute $3 billion, balancing my self-interest with cooperation and credibility.",rounds[9].agents[21].contribution_reasoning
RB-09-A21-punishment,9,21,SI,punishment,0,1,0,,0.289422720592997,opportunistic,Punishing free-riders while rewarding consistently high contributors.,rounds[9].agents[21].punishment_reasoning
RB-09-A21-belief_strategy,9,21,SI,belief_strategy,0,1,0,,0.289422720592997,opportunistic,Most peers follow a self-interested strategy (SI).,rounds[9].agents[21].belief_state.institutional_strategy
RB-09-A21-belief_observations,9,21,SI,belief_observations,0,1,0,,0.289422720592997,,High contributors are rewarded with higher payoffs.,rounds[9].agents[21].belief_state.observations
RB-09-A22-punishment,9,22,SI,punishment,0,0,0,,0.001499632636214,opportunistic,Punished free-riders and rewarded generous contributors based on observed contributions and stated intents.,rounds[9].agents[22].punishment_reasoning
RB-09-A22-belief_strategy,9,22,SI,belief_strategy,0,0,0,,0.001499632636214,opportunistic,Most peers follow a self-interest (SI) strategy.,rounds[9].agents[22].belief_state.institutional_strategy
RB-09-A23-contribution,9,23,SI,contribution,1,1,1,,0.3197690943106395,,I have chosen to contribute a moderate amount based on my internal beliefs that most peers follow a strategy of high contribution in SI institutions.,rounds[9].agents[23].contribution_reasoning
RB-09-A23-punishment,9,23,SI,punishment,1,1,1,,0.3197690943106395,opportunistic,Punishing free-riders and rewarding agents who contributed significantly or were consistent with their stated intent.,rounds[9].agents[23].punishment_reasoning
RB-09-A23-belief_strategy,9,23,SI,belief_strategy,1,1,1,,0.3197690943106395,,Most contributors are from institution SI.,rounds[9].agents[23].belief_state.institutional_strategy
RB-09-A23-belief_observations,9,23,SI,belief_observations,1,1,1,,0.3197690943106395,,"High contributions from peers in SI, low contributions from SFI.",rounds[9].agents[23].belief_state.observations
RB-09-A24-contribution,9,24,SFI,contribution,1,1,1,,0.0,,"Given high peer contributions to SI, I choose not to contribute significantly to emissions reduction this round.",rounds[9].agents[24].contribution_reasoning
RB-09-A24-belief_strategy,9,24,SFI,belief_strategy,1,1,1,,0.0,,"Most peers contribute highly in SI, except for low contributors.",rounds[9].agents[24].belief_state.institutional_strategy
RB-09-A24-belief_observations,9,24,SFI,belief_observations,1,1,1,,0.0,,"High contributions in SI are common, while SFI has low contributors.",rounds[9].agents[24].belief_state.observations
RB-09-A25-punishment,9,25,SI,punishment,0,0,0,,0.6646155508306214,opportunistic,"Punishing free-riders, rewarding those who contributed generously or showed consistency in their actions.",rounds[9].agents[25].punishment_reasoning
RB-10-A2-contribution,10,2,SI,contribution,0,1,1,,0.3307822319697817,,I have chosen to contribute $5 billion based on my institution's (SI) historical high contributions and the current stage's MCPR.,rounds[10].agents[2].contribution_reasoning
RB-10-A2-punishment,10,2,SI,punishment,0,1,1,,0.3307822319697817,opportunistic,Punishing free-riders and those who contributed significantly below the group average to maintain institutional credibility and balance self-interest with cooperation.,rounds[10].agents[2].punishment_reasoning
RB-10-A2-belief_strategy,10,2,SI,belief_strategy,0,1,1,,0.3307822319697817,,Most peers follow the SI strategy.,rounds[10].agents[2].belief_state.institutional_strategy
RB-10-A2-belief_observations,10,2,SI,belief_observations,0,1,1,,0.3307822319697817,,"High contributors in SI, low contributors in SFI.",rounds[10].agents[2].belief_state.observations
RB-10-A3-contribution,10,3,SI,contribution,0,1,0,,0.0870793039784129,opportunistic,"I contributed a moderate amount to balance between self-interest and cooperation, considering my past contributions and the high MCPR.",rounds[10].agents[3].contribution_reasoning
RB-10-A3-punishment,10,3,SI,punishment,0,1,0,,0.0870793039784129,opportunistic,Punishing free-riders and rewarding high contributors to maintain institutional credibility and balance self-interest with cooperation.,rounds[10].agents[3].punishment_reasoning
RB-10-A3-belief_strategy,10,3,SI,belief_strategy,0,1,0,,0.0870793039784129,,Most peers follow the SI strategy.,rounds[10].agents[3].belief_state.institutional_strategy
RB-10-A3-belief_observations,10,3,SI,belief_observations,0,1,0,,0.0870793039784129,,High contributors are mostly following the SI strategy.,rounds[10].agents[3].belief_state.observations
RB-10-A5-contribution,10,5,SI,contribution,0,1,0,,0.2974402598591457,opportunistic,I'll contribute a moderate amount to maintain institutional credibility and balance self-interest with cooperation.,rounds[10].agents[5].contribution_reasoning
RB-10-A5-punishment,10,5,SI,punishment,0,1,0,,0.2974402598591457,opportunistic,Punishing free-riders who contributed below the group average and rewarding a generous contributor to maintain cooperation within our institution.,rounds[10].agents[5].punishment_reasoning
RB-10-A5-belief_strategy,10,5,SI,belief_strategy,0,1,0,,0.2974402598591457,,Most contributors used the SI strategy.,rounds[10].agents[5].belief_state.institutional_strategy
RB-10-A5-belief_observations,10,5,SI,belief_observations,0,1,0,,0.2974402598591457,,"High contributions were rewarded, while low contributions were penalized.",rounds[10].agents[5].belief_state.observations
RB-10-A6-contribution,10,6,SI,contribution,0,0,0,,0.1901033473190394,opportunistic,"I'll contribute a moderate amount, slightly above the previous round's group average, to balance self-interest with cooperation and maintain institutional credibility.",rounds[10].agents[6].contribution_reasoning
RB-10-A6-punishment,10,6,SI,punishment,0,0,0,,0.1901033473190394,opportunistic,Punishing free-riders to maintain cooperation and balance self-interest with climate goals.,rounds[10].agents[6].punishment_reasoning
RB-10-A9-contribution,10,9,SFI,contribution,0,1,0,,0.022997150258846,,"Following previous rounds' trends, I'm choosing a moderate contribution to balance cooperation with limited budget constraints.",rounds[10].agents[9].contribution_reasoning
RB-10-A9-belief_strategy,10,9,SFI,belief_strategy,0,1,0,,0.022997150258846,,Most contributors are in SI.,rounds[10].agents[9].belief_state.institutional_strategy
RB-10-A9-belief_observations,10,9,SFI,belief_observations,0,1,0,,0.022997150258846,,"High contributions from peers in SI, low contributions from SFI.",rounds[10].agents[9].belief_state.observations
RB-10-A10-contribution,10,10,SI,contribution,0,1,0,,0.8663654710526678,opportunistic,"I've chosen a moderate contribution to balance my self-interest with cooperation, considering past contributions and current MCPR.",rounds[10].agents[10].contribution_reasoning
RB-10-A10-punishment,10,10,SI,punishment,0,1,0,,0.8663654710526678,fairness|opportunistic,Punishing free-riders and rewarding high contributors to maintain a fair balance in emissions reduction efforts.,rounds[10].agents[10].punishment_reasoning
RB-10-A10-belief_strategy,10,10,SI,belief_strategy,0,1,0,,0.8663654710526678,,Most peers follow SI strategy.,rounds[10].agents[10].belief_state.institutional_strategy
RB-10-A10-belief_observations,10,10,SI,belief_observations,0,1,0,,0.8663654710526678,,"High contributions from most agents, except a few.",rounds[10].agents[10].belief_state.observations
RB-10-A11-belief_strategy,10,11,SFI,belief_strategy,0,0,0,,0.0318771818166563,opportunistic,"Most peers contribute highly in SI, but some defect or free-ride in SFI.",rounds[10].agents[11].belief_state.institutional_strategy
RB-10-A12-contribution,10,12,SFI,contribution,0,0,0,,0.0278207378375108,conformity,I contributed a moderate amount based on my historical contributions and the group's average contribution from the previous round.,rounds[10].agents[12].contribution_reasoning
RB-10-A13-contribution,10,13,SI,contribution,0,1,0,,0.3139970502782166,opportunistic,"Balancing self-interest with cooperation to maximize cumulative payoff, considering previous round data and internal beliefs.",rounds[10].agents[13].contribution_reasoning
RB-10-A13-punishment,10,13,SI,punishment,0,1,0,,0.3139970502782166,opportunistic,Punish free-riders and reward cooperative contributors based on their contributions and stated intent.,rounds[10].agents[13].punishment_reasoning
RB-10-A13-belief_strategy,10,13,SI,belief_strategy,0,1,0,,0.3139970502782166,,Most peers follow the SI strategy.,rounds[10].agents[13].belief_state.institutional_strategy
RB-10-A13-belief_observations,10,13,SI,belief_observations,0,1,0,,0.3139970502782166,,"High contributors in SI, low contributors in SFI.",rounds[10].agents[13].belief_state.observations
RB-10-A14-contribution,10,14,SI,contribution,0,0,1,,0.9446370933834036,opportunistic,"Aiming for a balance between self-interest and cooperation, I choose to contribute 10 billion USD to support global emissions reduction.",rounds[10].agents[14].contribution_reasoning
RB-10-A14-punishment,10,14,SI,punishment,0,0,1,,0.9446370933834036,opportunistic,Punishing free-riders and rewarding high contributors within the SI institution.,rounds[10].agents[14].punishment_reasoning
RB-10-A14-belief_strategy,10,14,SI,belief_strategy,0,0,1,,0.9446370933834036,,Most peers contribute highly in SI institutions.,rounds[10].agents[14].belief_state.institutional_strategy
RB-10-A14-belief_observations,10,14,SI,belief_observations,0,0,1,,0.9446370933834036,,"High contributors in SI, low contributors in SFI.",rounds[10].agents[14].belief_state.observations
RB-10-A15-contribution,10,15,SFI,contribution,0,0,0,,2.781070918897614,future_rounds,"Focusing on long-term cooperation, I choose to contribute a significant amount to demonstrate SFI's commitment to emissions reduction.",rounds[10].agents[15].contribution_reasoning
RB-10-A16-contribution,10,16,SI,contribution,0,0,1,,0.0497506436931755,,This contribution is consistent with my previous choices and allows for a balance between contributing to emissions reduction and preserving wealth.,rounds[10].agents[16].contribution_reasoning
RB-10-A16-punishment,10,16,SI,punishment,0,0,1,,0.0497506436931755,opportunistic,Punishing free-riders and rewarding high contributors to maintain institutional credibility and balance self-interest with cooperation.,rounds[10].agents[16].punishment_reasoning
RB-10-A16-belief_strategy,10,16,SI,belief_strategy,0,0,1,,0.0497506436931755,,Most contributors follow the SI strategy.,rounds[10].agents[16].belief_state.institutional_strategy
RB-10-A16-belief_observations,10,16,SI,belief_observations,0,0,1,,0.0497506436931755,,High contributions from peers with SI strategy.,rounds[10].agents[16].belief_state.observations
RB-10-A20-contribution,10,20,SFI,contribution,0,0,0,,0.6710377854986178,reputation_management,"I contribute a significant amount to maintain a consistent high-contribution reputation, as most peers from SI institution follow this strategy.",rounds[10].agents[20].contribution_reasoning
RB-10-A20-belief_strategy,10,20,SFI,belief_strategy,0,0,0,,0.6710377854986178,opportunistic,"Most peers contribute highly in SI, but some defect or free-ride in SFI.",rounds[10].agents[20].belief_state.institutional_strategy
RB-10-A21-punishment,10,21,SI,punishment,0,0,0,,0.2639956110752819,opportunistic,Punished free-riders and rewarded high contributors to maintain the balance of self-interest in SI institution.,rounds[10].agents[21].punishment_reasoning
RB-10-A22-contribution,10,22,SI,contribution,0,0,0,,0.0451048768447797,opportunistic,"Choose a contribution that balances individual self-interest with cooperation, considering past patterns and current climate damage.",rounds[10].agents[22].contribution_reasoning
RB-10-A22-punishment,10,22,SI,punishment,0,0,0,,0.0451048768447797,opportunistic,"Punished free-riders and rewarded generous contributors, while considering previous-round peer data and internal beliefs.",rounds[10].agents[22].punishment_reasoning
RB-10-A23-contribution,10,23,SI,contribution,0,0,0,,0.8893527805694728,opportunistic,"I'll contribute a significant amount to set an example for cooperation and maximize my payoff, given that most contributors are from institution SI.",rounds[10].agents[23].contribution_reasoning
RB-10-A23-punishment,10,23,SI,punishment,0,0,0,,0.8893527805694728,opportunistic,Punished free-riders and rewarded high contributors to maintain balance within SI institution.,rounds[10].agents[23].punishment_reasoning
RB-10-A25-contribution,10,25,SI,contribution,0,1,1,,0.3366079414093934,reputation_management,"I contributed a moderate amount to maintain my credibility and reputation, while also taking into account the institutional strategy of most contributors using the SI framework.",rounds[10].agents[25].contribution_reasoning
RB-10-A25-punishment,10,25,SI,punishment,0,1,1,,0.3366079414093934,opportunistic,Punishing free-riders and rewarding high contributors to maintain Strategy Incentives (SI) framework.,rounds[10].agents[25].punishment_reasoning
RB-10-A25-belief_strategy,10,25,SI,belief_strategy,0,1,1,,0.3366079414093934,,Most peers follow the SI strategy.,rounds[10].agents[25].belief_state.institutional_strategy
RB-10-A25-belief_observations,10,25,SI,belief_observations,0,1,1,,0.3366079414093934,,"High contributors in SI, low contributors in SFI.",rounds[10].agents[25].belief_state.observations
RB-11-A1-contribution,11,1,SFI,contribution,0,0,0,,0.0010867753283207,opportunistic,I follow my recent institution choices and past contributions to maximize my cumulative payoff.,rounds[11].agents[1].contribution_reasoning
RB-11-A2-contribution,11,2,SI,contribution,0,0,0,,0.4593084202302761,opportunistic,"I've chosen to contribute 8 billion USD as it balances my self-interest with cooperation, given my institution's history and peer contributions.",rounds[11].agents[2].contribution_reasoning
RB-11-A2-punishment,11,2,SI,punishment,0,0,0,,0.4593084202302761,opportunistic,"Punish free-riders (below-average contributors) and reward cooperative, high-contributing peers.",rounds[11].agents[2].punishment_reasoning
RB-11-A3-punishment,11,3,SI,punishment,0,0,0,,0.3211424392228905,opportunistic,Punished free-riders and rewarded generous contributors.,rounds[11].agents[3].punishment_reasoning
RB-11-A5-punishment,11,5,SI,punishment,0,0,0,,0.6423614096158634,opportunistic,Punishing free-riders and rewarding generous contributors to maintain social order within the SI institution.,rounds[11].agents[5].punishment_reasoning
RB-11-A6-punishment,11,6,SI,punishment,0,0,0,,0.4436957227022419,opportunistic,Punishing free-riders and rewarding high contributors to the SI strategy.,rounds[11].agents[6].punishment_reasoning
RB-11-A7-contribution,11,7,SFI,contribution,0,1,0,,0.6447703475398141,conformity,Optimizing for maximum cumulative payoff with consideration of MCPR and previous round's group average contribution.,rounds[11].agents[7].contribution_reasoning
RB-11-A7-belief_strategy,11,7,SFI,belief_strategy,0,1,0,,0.6447703475398141,,Most peers cooperate in SI institutions.,rounds[11].agents[7].belief_state.institutional_strategy
RB-11-A7-belief_observations,11,7,SFI,belief_observations,0,1,0,,0.6447703475398141,,"High contributions in SI, low in SFI.",rounds[11].agents[7].belief_state.observations
RB-11-A8-contribution,11,8,SFI,contribution,1,1,1,,0.0606994946649641,,I've chosen to contribute a moderate amount based on my institution's historical tendencies and the MCPR.,rounds[11].agents[8].contribution_reasoning
RB-11-A8-belief_strategy,11,8,SFI,belief_strategy,1,1,1,,0.0606994946649641,,Most peers contribute highly in SI institutions.,rounds[11].agents[8].belief_state.institutional_strategy
RB-11-A8-belief_observations,11,8,SFI,belief_observations,1,1,1,,0.0606994946649641,,Low contributors are mostly found in SFI institutions.,rounds[11].agents[8].belief_state.observations
RB-11-A10-contribution,11,10,SI,contribution,0,0,0,,0.2246545015954513,opportunistic,"I'll contribute a moderate amount to balance between cooperation and self-interest, considering our institution's history and my previous contributions.",rounds[11].agents[10].contribution_reasoning
RB-11-A10-punishment,11,10,SI,punishment,0,0,0,,0.2246545015954513,fairness|opportunistic,Punish free-riders and reward cooperative agents to maintain a fair balance in emissions reduction efforts.,rounds[11].agents[10].punishment_reasoning
RB-11-A11-belief_strategy,11,11,SFI,belief_strategy,0,0,0,,0.0282873888604862,opportunistic,"Most peers contribute highly in SI, but some defect or free-ride in SFI.",rounds[11].agents[11].belief_state.institutional_strategy
RB-11-A13-punishment,11,13,SI,punishment,0,0,0,,0.3958082272724507,opportunistic,Punished free-riders and rewarded high contributors to maintain institutional credibility and promote cooperation.,rounds[11].agents[13].punishment_reasoning
RB-11-A14-contribution,11,14,SI,contribution,0,0,0,,0.3255806630194947,opportunistic,"I'll contribute a moderate amount, $5 billion, to balance self-interest and cooperation within my institution's tendencies.",rounds[11].agents[14].contribution_reasoning
RB-11-A14-punishment,11,14,SI,punishment,0,0,0,,0.3255806630194947,opportunistic,Targeted punishments for free-riders and rewards for cooperative peers.,rounds[11].agents[14].punishment_reasoning
RB-11-A15-belief_observations,11,15,SFI,belief_observations,0,0,0,,0.5065985180690663,named_agents,Agent 15 contributed significantly to the SFI institution.,rounds[11].agents[15].belief_state.observations
RB-11-A16-punishment,11,16,SI,punishment,0,0,0,,0.0379367798990606,fairness|opportunistic,Punished free-riders and rewarded generous contributors to maintain a fair balance in the group's contributions.,rounds[11].agents[16].punishment_reasoning
RB-11-A17-belief_strategy,11,17,SFI,belief_strategy,0,0,0,,0.0290905324436877,opportunistic,"Most peers contribute highly in SI, but some defect or free-ride in SFI.",rounds[11].agents[17].belief_state.institutional_strategy
RB-11-A21-contribution,11,21,SI,contribution,0,0,0,,0.459435244738628,opportunistic,"I've chosen to contribute 8 billion USD to balance between cooperation and self-interest, considering my past contributions and institution's tendencies.",rounds[11].agents[21].contribution_reasoning
RB-11-A21-punishment,11,21,SI,punishment,0,0,0,,0.459435244738628,opportunistic,Punishing free-riders and rewarding high contributors to maintain a balanced and cooperative environment.,rounds[11].agents[21].punishment_reasoning
RB-11-A21-belief_strategy,11,21,SI,belief_strategy,0,0,0,,0.459435244738628,opportunistic,Most peers follow a self-interested strategy (SI).,rounds[11].agents[21].belief_state.institutional_strategy
RB-11-A22-contribution,11,22,SI,contribution,0,0,0,,0.0350855327103971,conformity|opportunistic,"Aiming for a moderate contribution that balances self-interest with cooperation, considering the previous round's average contribution and my institution's strategy.",rounds[11].agents[22].contribution_reasoning
RB-11-A22-punishment,11,22,SI,punishment,0,0,0,,0.0350855327103971,opportunistic,Punishing free-riders and rewarding high contributors to maintain cooperation and institutional credibility.,rounds[11].agents[22].punishment_reasoning
RB-11-A23-contribution,11,23,SI,contribution,0,1,0,,0.2317556801028606,,"I contributed a moderate amount to maintain a consistent level of contribution, as seen in my past actions.",rounds[11].agents[23].contribution_reasoning
RB-11-A23-punishment,11,23,SI,punishment,0,1,0,,0.2317556801028606,fairness|opportunistic,Punishing free-riders and rewarding cooperative agents to maintain a fair contribution balance within our institution.,rounds[11].agents[23].punishment_reasoning
RB-11-A23-belief_strategy,11,23,SI,belief_strategy,0,1,0,,0.2317556801028606,,Most peers follow the SI strategy.,rounds[11].agents[23].belief_state.institutional_strategy
RB-11-A23-belief_observations,11,23,SI,belief_observations,0,1,0,,0.2317556801028606,,"High contributors are rewarded, while low contributors are penalized.",rounds[11].agents[23].belief_state.observations
RB-11-A24-contribution,11,24,SFI,contribution,1,1,1,,0.0452514812754997,,I've chosen to contribute a moderate amount based on my institution's historical tendencies and peer data from the previous round.,rounds[11].agents[24].contribution_reasoning
RB-11-A24-belief_strategy,11,24,SFI,belief_strategy,1,1,1,,0.0452514812754997,,Agents with high contributions are rewarded.,rounds[11].agents[24].belief_state.institutional_strategy
RB-11-A24-belief_observations,11,24,SFI,belief_observations,1,1,1,,0.0452514812754997,,"High contributors in SI, low contributors in SFI.",rounds[11].agents[24].belief_state.observations
RB-11-A25-punishment,11,25,SI,punishment,0,0,0,,0.5886834553693759,fairness|opportunistic,Punishing free-riders while rewarding high contributors to maintain a fair balance in the institution's efforts towards global cooperation.,rounds[11].agents[25].punishment_reasoning
RB-12-A2-contribution,12,2,SI,contribution,0,0,0,,0.398078669585843,opportunistic,"This contribution balances self-interest with cooperation, considering my past contributions and the need to maintain institutional credibility.",rounds[12].agents[2].contribution_reasoning
RB-12-A2-punishment,12,2,SI,punishment,0,0,0,,0.398078669585843,opportunistic,Punishing free-riders and those whose contributions do not match their stated intent.,rounds[12].agents[2].punishment_reasoning
RB-12-A3-contribution,12,3,SI,contribution,0,0,0,,0.4123681286930332,opportunistic,I'll contribute a significant amount to demonstrate cooperation and maximize my cumulative payoff.,rounds[12].agents[3].contribution_reasoning
RB-12-A3-punishment,12,3,SI,punishment,0,0,0,,0.4123681286930332,opportunistic,Punished free-riders and rewarded cooperative agents based on their contributions and stated intent.,rounds[12].agents[3].punishment_reasoning
RB-12-A5-punishment,12,5,SI,punishment,0,0,0,,0.5114750333010029,opportunistic,Punished free-riders (below group average) and rewarded those matching their stated intent.,rounds[12].agents[5].punishment_reasoning
RB-12-A6-contribution,12,6,SI,contribution,0,0,0,,0.41557250351343,opportunistic,I'll contribute a moderate amount to maintain cooperation incentives and balance self-interest.,rounds[12].agents[6].contribution_reasoning
RB-12-A6-punishment,12,6,SI,punishment,0,0,0,,0.41557250351343,opportunistic,Punishing free-riders and rewarding generous contributors.,rounds[12].agents[6].punishment_reasoning
RB-12-A7-contribution,12,7,SFI,contribution,0,0,0,,0.4649417328378381,opportunistic,"I aim to contribute a moderate amount, balancing self-interest and cooperation incentives.",rounds[12].agents[7].contribution_reasoning
RB-12-A9-contribution,12,9,SFI,contribution,0,1,0,,0.3161791198693472,,"I'll contribute a moderate amount, balancing my past contributions and current budget constraints.",rounds[12].agents[9].contribution_reasoning
RB-12-A9-belief_strategy,12,9,SFI,belief_strategy,0,1,0,,0.3161791198693472,,Most peers contribute significantly to the institution.,rounds[12].agents[9].belief_state.institutional_strategy
RB-12-A9-belief_observations,12,9,SFI,belief_observations,0,1,0,,0.3161791198693472,,"High contributors are rewarded, while low contributors are penalized.",rounds[12].agents[9].belief_state.observations
RB-12-A10-punishment,12,10,SI,punishment,0,0,0,,0.1301395028665785,opportunistic,Punished free-riders and rewarded cooperative agents.,rounds[12].agents[10].punishment_reasoning
RB-12-A10-belief_observations,12,10,SI,belief_observations,0,0,0,,0.1301395028665785,opportunistic,"High contributions from peers, but some defectors and free-riders detected.",rounds[12].agents[10].belief_state.observations
RB-12-A11-contribution,12,11,SFI,contribution,0,1,0,,0.0255954521432292,,I maintain my recent contribution level based on observed peer behavior and internal beliefs.,rounds[12].agents[11].contribution_reasoning
RB-12-A11-belief_strategy,12,11,SFI,belief_strategy,0,1,0,,0.0255954521432292,,"Most peers contribute significantly to SFI, except for a few.",rounds[12].agents[11].belief_state.institutional_strategy
RB-12-A11-belief_observations,12,11,SFI,belief_observations,0,1,0,,0.0255954521432292,,High contributors are mostly from SI institution.,rounds[12].agents[11].belief_state.observations
RB-12-A13-punishment,12,13,SI,punishment,0,0,0,,0.3407184460325339,named_agents|opportunistic,"Punishing free-riders (Agent 5, Agent 3) and rewarding cooperative agents (Agent 14, Agent 16).",rounds[12].agents[13].punishment_reasoning
RB-12-A14-contribution,12,14,SI,contribution,1,1,0,,0.4423013290517287,,"Maximize cumulative payoff by contributing a significant amount, aligning with previous rounds' trends and my institution's high-contribution behavior.",rounds[12].agents[14].contribution_reasoning
RB-12-A14-punishment,12,14,SI,punishment,1,1,0,,0.4423013290517287,opportunistic,Punished free-riders and rewarded consistent contributors with high contributions or generous aid packages.,rounds[12].agents[14].punishment_reasoning
RB-12-A14-belief_strategy,12,14,SI,belief_strategy,1,1,0,,0.4423013290517287,,Most contributors follow the Selfish-Institution strategy.,rounds[12].agents[14].belief_state.institutional_strategy
RB-12-A14-belief_observations,12,14,SI,belief_observations,1,1,0,,0.4423013290517287,,High contributions from peers with institutional strategy SI.,rounds[12].agents[14].belief_state.observations
RB-12-A15-contribution,12,15,SFI,contribution,0,1,0,,0.1502906214606945,,"I'll contribute a moderate amount based on past rounds, considering my institution's high-contributor strategy and previous contributions.",rounds[12].agents[15].contribution_reasoning
RB-12-A15-belief_strategy,12,15,SFI,belief_strategy,0,1,0,,0.1502906214606945,,Most peers contribute highly in the SI institution.,rounds[12].agents[15].belief_state.institutional_strategy
RB-12-A15-belief_observations,12,15,SFI,belief_observations,0,1,0,,0.1502906214606945,,"High contributors in SI are common, while SFI has low contributors.",rounds[12].agents[15].belief_state.observations
RB-12-A16-punishment,12,16,SI,punishment,0,0,0,,0.3284583838054499,opportunistic,Punished free-riders and rewarded those who met or exceeded their claimed contribution levels.,rounds[12].agents[16].punishment_reasoning
RB-12-A20-contribution,12,20,SFI,contribution,0,1,0,,0.5045220794478126,,I maintain my previous contribution level as it balances immediate resilience needs with long-run cooperation incentives.,rounds[12].agents[20].contribution_reasoning
RB-12-A20-belief_strategy,12,20,SFI,belief_strategy,0,1,0,,0.5045220794478126,,Players with high contributions are likely cooperative.,rounds[12].agents[20].belief_state.institutional_strategy
RB-12-A20-belief_observations,12,20,SFI,belief_observations,0,1,0,,0.5045220794478126,,"High contributors in SI institutions, low contributors in SFI.",rounds[12].agents[20].belief_state.observations
RB-12-A21-punishment,12,21,SI,punishment,0,0,0,,0.5369174425986261,fairness|opportunistic,Punishing free-riders and rewarding generous contributors to promote cooperation and fairness in our coalition.,rounds[12].agents[21].punishment_reasoning
RB-12-A22-punishment,12,22,SI,punishment,0,0,0,,0.6399482566850633,opportunistic,Punishing free-riders and rewarding cooperative agents to maintain balance in contributions.,rounds[12].agents[22].punishment_reasoning
RB-12-A23-contribution,12,23,SI,contribution,1,0,0,,0.5412014710541506,,"Maximize cumulative payoff by contributing a significant amount, considering the high MCPR and previous contributions from peers.",rounds[12].agents[23].contribution_reasoning
RB-12-A23-punishment,12,23,SI,punishment,1,0,0,,0.5412014710541506,opportunistic,Punished free-riders and rewarded generous contributors to maintain cooperation in the group.,rounds[12].agents[23].punishment_reasoning
RB-12-A23-belief_strategy,12,23,SI,belief_strategy,1,0,0,,0.5412014710541506,,Most contributors follow the SI strategy.,rounds[12].agents[23].belief_state.institutional_strategy
RB-12-A23-belief_observations,12,23,SI,belief_observations,1,0,0,,0.5412014710541506,,High contributions from peers with SI strategy.,rounds[12].agents[23].belief_state.observations
RB-12-A24-contribution,12,24,SFI,contribution,1,0,1,,0.0449783505970746,opportunistic,"Choose a contribution that balances self-interest with cooperation incentives, considering past round data and internal beliefs.",rounds[12].agents[24].contribution_reasoning
RB-12-A24-belief_strategy,12,24,SFI,belief_strategy,1,0,1,,0.0449783505970746,,Most peers contribute highly in the SI institution.,rounds[12].agents[24].belief_state.institutional_strategy
RB-12-A24-belief_observations,12,24,SFI,belief_observations,1,0,1,,0.0449783505970746,,"High contributors in SI, low contributors in SFI.",rounds[12].agents[24].belief_state.observations
RB-12-A25-contribution,12,25,SI,contribution,0,0,0,,0.1959024515601084,conformity|opportunistic,"I contribute a moderate amount to balance self-interest and cooperation, considering my previous contributions and the group's average contribution.",rounds[12].agents[25].contribution_reasoning
RB-12-A25-punishment,12,25,SI,punishment,0,0,0,,0.1959024515601084,fairness|opportunistic,Punishing free-riders and rewarding generous contributors to promote fairness and cooperation.,rounds[12].agents[25].punishment_reasoning
RB-13-A2-contribution,13,2,SI,contribution,1,1,1,,0.2926589841836315,opportunistic,I follow the SI strategy and contribute a substantial amount to maximize my cumulative payoff.,rounds[13].agents[2].contribution_reasoning
RB-13-A2-punishment,13,2,SI,punishment,1,1,1,,0.2926589841836315,opportunistic,Punished free-riders and rewarded high contributors to maintain consistency within the SI institution.,rounds[13].agents[2].punishment_reasoning
RB-13-A2-belief_strategy,13,2,SI,belief_strategy,1,1,1,,0.2926589841836315,,Most contributors follow the Selfish-Institutional (SI) strategy.,rounds[13].agents[2].belief_state.institutional_strategy
RB-13-A2-belief_observations,13,2,SI,belief_observations,1,1,1,,0.2926589841836315,,High contributors in SI are rewarded with higher payoffs.,rounds[13].agents[2].belief_state.observations
RB-13-A3-punishment,13,3,SI,punishment,0,0,0,,0.3837684756511257,opportunistic,Punishing free-riders and rewarding generous contributors to maintain group cohesion and encourage cooperation.,rounds[13].agents[3].punishment_reasoning
RB-13-A4-contribution,13,4,SFI,contribution,0,0,0,,0.6493984807415312,future_rounds,"I contributed a moderate amount to balance my long-term interests with immediate resilience needs, considering my historical contributions and recent observations.",rounds[13].agents[4].contribution_reasoning
RB-13-A5-punishment,13,5,SI,punishment,0,0,0,,0.394037168624209,opportunistic,Punished free-riders who deviated from their stated intent and rewarded consistent contributors.,rounds[13].agents[5].punishment_reasoning
RB-13-A6-contribution,13,6,SI,contribution,0,1,0,,0.3020373427573709,,"Maximize cumulative payoff by contributing a substantial amount, consistent with previous rounds and internal beliefs.",rounds[13].agents[6].contribution_reasoning
RB-13-A6-punishment,13,6,SI,punishment,0,1,0,,0.3020373427573709,retaliation|named_agents,"Punishing Agent 14 for inconsistent behavior, rewarding Agents 21 and 23 for their contributions.",rounds[13].agents[6].punishment_reasoning
RB-13-A6-belief_strategy,13,6,SI,belief_strategy,0,1,0,,0.3020373427573709,,Most contributors are using the Strategy of Institutions (SI).,rounds[13].agents[6].belief_state.institutional_strategy
RB-13-A6-belief_observations,13,6,SI,belief_observations,0,1,0,,0.3020373427573709,,High contributions from peers with institutional strategy SI.,rounds[13].agents[6].belief_state.observations
RB-13-A8-contribution,13,8,SFI,contribution,0,1,0,,0.0420230885725823,,I maintain my previous contribution level as it balances immediate resilience needs with long-run cooperation incentives.,rounds[13].agents[8].contribution_reasoning
RB-13-A8-belief_strategy,13,8,SFI,belief_strategy,0,1,0,,0.0420230885725823,,Most peers contribute highly in SI institutions.,rounds[13].agents[8].belief_state.institutional_strategy
RB-13-A8-belief_observations,13,8,SFI,belief_observations,0,1,0,,0.0420230885725823,,"High contributors are mostly found in SI, while SFI has low contributors.",rounds[13].agents[8].belief_state.observations
RB-13-A9-contribution,13,9,SFI,contribution,0,1,1,,0.3058556932090115,,I contribute a significant amount to maintain consistency with my previous contributions and maximize cumulative payoff.,rounds[13].agents[9].contribution_reasoning
RB-13-A9-belief_strategy,13,9,SFI,belief_strategy,0,1,1,,0.3058556932090115,,Most contributors are in the SI institution.,rounds[13].agents[9].belief_state.institutional_strategy
RB-13-A9-belief_observations,13,9,SFI,belief_observations,0,1,1,,0.3058556932090115,,High contributions from peers in the SI institution.,rounds[13].agents[9].belief_state.observations
RB-13-A10-punishment,13,10,SI,punishment,0,0,0,,0.671505899297958,opportunistic,Punished free-riders and rewarded generous contributors.,rounds[13].agents[10].punishment_reasoning
RB-13-A11-belief_observations,13,11,SFI,belief_observations,0,0,0,,0.0234338661138238,named_agents,Agent 11 contributed significantly to SFI this round.,rounds[13].agents[11].belief_state.observations
RB-13-A12-contribution,13,12,SFI,contribution,0,1,0,,0.0211639875342693,,"I'll contribute a moderate amount based on past rounds' averages and my institution's history of consistent, high contributions.",rounds[13].agents[12].contribution_reasoning
RB-13-A12-belief_strategy,13,12,SFI,belief_strategy,0,1,0,,0.0211639875342693,,Most peers contribute highly in SI institutions.,rounds[13].agents[12].belief_state.institutional_strategy
RB-13-A12-belief_observations,13,12,SFI,belief_observations,0,1,0,,0.0211639875342693,,High contributors are mostly found in SI institutions.,rounds[13].agents[12].belief_state.observations
RB-13-A13-contribution,13,13,SI,contribution,0,0,0,,0.2840442417337815,opportunistic,"I contributed a substantial amount to maximize my cumulative payoff, following the SI strategy observed among peers.",rounds[13].agents[13].contribution_reasoning
RB-13-A13-punishment,13,13,SI,punishment,0,0,0,,0.2840442417337815,opportunistic,Punishing free-riders and rewarding generous contributors to maintain social cohesion and encourage cooperation.,rounds[13].agents[13].punishment_reasoning
RB-13-A13-belief_observations,13,13,SI,belief_observations,0,0,0,,0.2840442417337815,named_agents,"High contributions from most peers, except Agent 1 and 12.",rounds[13].agents[13].belief_state.observations
RB-13-A14-contribution,13,14,SI,contribution,1,0,1,,0.4124722165452921,,This contribution is based on the previous round's group average and my institution's strategy to follow the Selfish-Institution approach.,rounds[13].agents[14].contribution_reasoning
RB-13-A14-punishment,13,14,SI,punishment,1,0,1,,0.4124722165452921,opportunistic,Punishing free-riders and rewarding contributors who consistently exceed expectations.,rounds[13].agents[14].punishment_reasoning
RB-13-A14-belief_strategy,13,14,SI,belief_strategy,1,0,1,,0.4124722165452921,,Most contributors follow the SI strategy.,rounds[13].agents[14].belief_state.institutional_strategy
RB-13-A14-belief_observations,13,14,SI,belief_observations,1,0,1,,0.4124722165452921,,High contributions from peers with SI strategy.,rounds[13].agents[14].belief_state.observations
RB-13-A16-contribution,13,16,SI,contribution,0,1,0,,0.2753873084206417,opportunistic,"I'll contribute a substantial amount to maximize my cumulative payoff, following the SI strategy and observing peers' high contributions.",rounds[13].agents[16].contribution_reasoning
RB-13-A16-punishment,13,16,SI,punishment,0,1,0,,0.2753873084206417,fairness|opportunistic,Punishing free-riders and rewarding a generous contributor to maintain fairness and encourage cooperation.,rounds[13].agents[16].punishment_reasoning
RB-13-A16-belief_strategy,13,16,SI,belief_strategy,0,1,0,,0.2753873084206417,,Most contributors are using the SI strategy.,rounds[13].agents[16].belief_state.institutional_strategy
RB-13-A16-belief_observations,13,16,SI,belief_observations,0,1,0,,0.2753873084206417,,High contributions were observed from peers with SI strategy.,rounds[13].agents[16].belief_state.observations
RB-13-A19-contribution,13,19,SFI,contribution,0,0,0,,0.000764210464481,conformity,I contributed a moderate amount based on past performance and group average contribution.,rounds[13].agents[19].contribution_reasoning
RB-13-A21-contribution,13,21,SI,contribution,1,1,1,,0.4082066009261577,,"Optimizing cumulative payoff by contributing a substantial amount, consistent with previous rounds and institution strategy.",rounds[13].agents[21].contribution_reasoning
RB-13-A21-punishment,13,21,SI,punishment,1,1,1,,0.4082066009261577,named_agents|opportunistic,Punished Agent 14 for free-riding and rewarded Agents 23 and 16 for their consistent contributions.,rounds[13].agents[21].punishment_reasoning
RB-13-A21-belief_strategy,13,21,SI,belief_strategy,1,1,1,,0.4082066009261577,,Most peers contribute significantly to the institution.,rounds[13].agents[21].belief_state.institutional_strategy
RB-13-A21-belief_observations,13,21,SI,belief_observations,1,1,1,,0.4082066009261577,,"High contributions from most peers, with some exceptions.",rounds[13].agents[21].belief_state.observations
RB-13-A22-punishment,13,22,SI,punishment,0,0,0,,0.3133664429817536,opportunistic,Punishing free-riders and rewarding generous contributors to maintain social cohesion and encourage cooperation.,rounds[13].agents[22].punishment_reasoning
RB-13-A23-punishment,13,23,SI,punishment,0,0,0,,0.3203307056619784,opportunistic,Punishing free-riders and rewarding generous contributors to maintain social norms and encourage cooperation.,rounds[13].agents[23].punishment_reasoning
RB-13-A24-contribution,13,24,SFI,contribution,0,0,0,,0.0447634186889359,reputation_management,"I'll contribute a moderate amount to maintain my reputation as a high contributor within SFI, balancing immediate resilience needs and long-run cooperation incentives.",rounds[13].agents[24].contribution_reasoning
RB-13-A25-punishment,13,25,SI,punishment,0,0,0,,0.2894898045772633,fairness|opportunistic,Punishing free-riders and rewarding generous contributors to maintain a fair balance within the group.,rounds[13].agents[25].punishment_reasoning
RB-14-A0-contribution,14,0,SFI,contribution,0,0,0,,1.1605790427278777,opportunistic,"I contributed a high amount to maximize my cumulative payoff, consistent with my institution's strategy and past behavior.",rounds[14].agents[0].contribution_reasoning
RB-14-A2-punishment,14,2,SI,punishment,0,0,0,,0.2258529200012093,opportunistic,Punished free-riders and rewarded generous contributors to maintain social cohesion within the SI institution.,rounds[14].agents[2].punishment_reasoning
RB-14-A3-contribution,14,3,SI,contribution,0,1,1,,0.2416767513675742,,"Optimizing cumulative payoff by contributing a substantial amount, consistent with the Selfish Individualism institution strategy.",rounds[14].agents[3].contribution_reasoning
RB-14-A3-punishment,14,3,SI,punishment,0,1,1,,0.2416767513675742,named_agents|opportunistic,"Punished Agent 10 for free-riding, rewarded Agents 21 and 23 for their generous contributions.",rounds[14].agents[3].punishment_reasoning
RB-14-A3-belief_strategy,14,3,SI,belief_strategy,0,1,1,,0.2416767513675742,,Most contributors use the SI strategy.,rounds[14].agents[3].belief_state.institutional_strategy
RB-14-A3-belief_observations,14,3,SI,belief_observations,0,1,1,,0.2416767513675742,,High contributions from peers using SI.,rounds[14].agents[3].belief_state.observations
RB-14-A5-punishment,14,5,SI,punishment,0,0,0,,0.3111821705201881,opportunistic,Punished free-riders and rewarded high contributors within institution SI.,rounds[14].agents[5].punishment_reasoning
RB-14-A5-belief_observations,14,5,SI,belief_observations,0,0,0,,0.3111821705201881,fairness,"High contributors are mostly found in the SI institution, while low contributors are in the Simple Fair Institution (SFI).",rounds[14].agents[5].belief_state.observations
RB-14-A6-punishment,14,6,SI,punishment,0,0,0,,0.2314950943218659,opportunistic,Punishing free-riders and rewarding generous contributors to promote self-interest and cooperation.,rounds[14].agents[6].punishment_reasoning
RB-14-A7-contribution,14,7,SFI,contribution,0,1,0,,0.4249867090466109,,"I have chosen to contribute 12% of my budget, as per the MCPR, while also considering my institution's strategy and peer data.",rounds[14].agents[7].contribution_reasoning
RB-14-A7-belief_strategy,14,7,SFI,belief_strategy,0,1,0,,0.4249867090466109,opportunistic,"Most peers follow SI, but some defect or free-ride.",rounds[14].agents[7].belief_state.institutional_strategy
RB-14-A7-belief_observations,14,7,SFI,belief_observations,0,1,0,,0.4249867090466109,,"High contributors in SI are rewarded, while low contributors in SFI are penalized.",rounds[14].agents[7].belief_state.observations
RB-14-A9-contribution,14,9,SFI,contribution,0,0,0,,0.5381685677727592,opportunistic,"I've chosen to contribute a significant amount, similar to my past contributions and the group average, to maximize my cumulative payoff while considering the institution's strategy.",rounds[14].agents[9].contribution_reasoning
RB-14-A10-punishment,14,10,SI,punishment,0,0,0,,0.4765698156776218,named_agents,"Punished Agent 13 for low contribution, rewarded generous contributors Agent 21 and Agent 22.",rounds[14].agents[10].punishment_reasoning
RB-14-A13-punishment,14,13,SI,punishment,0,0,0,,0.2383456870771921,opportunistic,Punished free-riders and rewarded generous contributors to maintain social cohesion within SI institution.,rounds[14].agents[13].punishment_reasoning
RB-14-A14-contribution,14,14,SI,contribution,1,0,1,,0.3124427296590372,opportunistic,"Following recent contributions and internal beliefs, I will contribute a substantial amount to maximize my cumulative payoff.",rounds[14].agents[14].contribution_reasoning
RB-14-A14-punishment,14,14,SI,punishment,1,0,1,,0.3124427296590372,fairness|opportunistic,Punishing free-riders and rewarding generous contributors to maintain fairness in contributions.,rounds[14].agents[14].punishment_reasoning
RB-14-A14-belief_strategy,14,14,SI,belief_strategy,1,0,1,,0.3124427296590372,,Most contributors follow the SI strategy.,rounds[14].agents[14].belief_state.institutional_strategy
RB-14-A14-belief_observations,14,14,SI,belief_observations,1,0,1,,0.3124427296590372,named_agents,"High contributions from peers following SI, except for Agent 12 and 1.",rounds[14].agents[14].belief_state.observations
RB-14-A15-belief_observations,14,15,SFI,belief_observations,0,0,0,,0.7344280017672433,named_agents,"Agent 15 contributed significantly to SFI, while Agent 22 was a high contributor to SI.",rounds[14].agents[15].belief_state.observations
RB-14-A16-punishment,14,16,SI,punishment,0,0,0,,0.2321670834785962,opportunistic,Punishing free-riders and rewarding cooperative agents to promote Selfish Individualism.,rounds[14].agents[16].punishment_reasoning
RB-14-A17-belief_observations,14,17,SFI,belief_observations,0,0,0,,0.0219114678821397,named_agents,Agent 17 contributed significantly this round.,rounds[14].agents[17].belief_state.observations
RB-14-A18-contribution,14,18,SFI,contribution,0,0,0,,0.3746654104075984,conformity,I've chosen to contribute a moderate amount based on the group's average contribution and my institution's strategy of Selfish Individualism.,rounds[14].agents[18].contribution_reasoning
RB-14-A20-contribution,14,20,SFI,contribution,0,1,0,,0.4107988453031314,conformity|opportunistic,"I'll contribute a moderate amount to maximize my cumulative payoff, considering the high marginal return and previous rounds' group average contribution.",rounds[14].agents[20].contribution_reasoning
RB-14-A20-belief_strategy,14,20,SFI,belief_strategy,0,1,0,,0.4107988453031314,named_agents,"Most contributors follow SI, except for Agent 12 and Agent 1-19.",rounds[14].agents[20].belief_state.institutional_strategy
RB-14-A20-belief_observations,14,20,SFI,belief_observations,0,1,0,,0.4107988453031314,named_agents,Agent 20 contributed significantly to SFI.,rounds[14].agents[20].belief_state.observations
RB-14-A21-contribution,14,21,SI,contribution,0,0,0,,0.3197773099238339,reputation_management,"I'll contribute a significant amount to maintain my institution's reputation and maximize cumulative payoff, as most peers have done.",rounds[14].agents[21].contribution_reasoning
RB-14-A21-punishment,14,21,SI,punishment,0,0,0,,0.3197773099238339,opportunistic,Punishing free-riders and rewarding peers who consistently follow the institution's strategy of Selfish Individualism.,rounds[14].agents[21].punishment_reasoning
RB-14-A22-punishment,14,22,SI,punishment,0,0,0,,0.5178247088448585,named_agents|opportunistic,"Punished Agent 10 for free-riding, rewarded Agents 21 and 23 for generous contributions.",rounds[14].agents[22].punishment_reasoning
RB-14-A23-punishment,14,23,SI,punishment,0,0,0,,0.303197301449689,fairness|opportunistic,Punishing free-riders and rewarding generous contributors to maintain fairness and encourage cooperation.,rounds[14].agents[23].punishment_reasoning
RB-14-A25-punishment,14,25,SI,punishment,0,0,0,,0.3936736986558186,opportunistic,Punishing free-riders and rewarding cooperative agents.,rounds[14].agents[25].punishment_reasoning
RB-15-A0-contribution,15,0,SFI,contribution,0,1,0,,1.1476615700393784,,"Balance immediate resilience needs against long-run cooperation incentives by contributing a substantial amount, but not exhausting my budget.",rounds[15].agents[0].contribution_reasoning
RB-15-A0-belief_strategy,15,0,SFI,belief_strategy,0,1,0,,1.1476615700393784,opportunistic,"Most peers contribute highly in SI, but some defect or free-ride in SFI.",rounds[15].agents[0].belief_state.institutional_strategy
RB-15-A0-belief_observations,15,0,SFI,belief_observations,0,1,0,,1.1476615700393784,,"High contributors in SI are rewarded with high contributions, while low contributors in SFI are penalized.",rounds[15].agents[0].belief_state.observations
RB-15-A2-punishment,15,2,SI,punishment,0,0,0,,0.2871822820407286,opportunistic,Punishing free-riders and rewarding high contributors to maintain cooperation within the institution.,rounds[15].agents[2].punishment_reasoning
RB-15-A3-punishment,15,3,SI,punishment,0,0,0,,0.4510924186298593,fairness|opportunistic,Punishing free-riders and rewarding generous contributors to maintain a fair balance in contributions.,rounds[15].agents[3].punishment_reasoning
RB-15-A4-belief_observations,15,4,SFI,belief_observations,0,0,0,,0.279347845693358,named_agents,"Agent 12 and Agent 1 have low contributions in SFI, while Agents 3, 22, and 25 have high contributions in SI.",rounds[15].agents[4].belief_state.observations
RB-15-A5-punishment,15,5,SI,punishment,0,0,0,,0.242493347966262,opportunistic,Punished free-riders (below group average) and rewarded contributors.,rounds[15].agents[5].punishment_reasoning
RB-15-A6-punishment,15,6,SI,punishment,0,0,0,,0.2400298849642848,fairness|opportunistic,Punished free-riders and rewarded high contributors to promote cooperation and fairness within the SI institution.,rounds[15].agents[6].punishment_reasoning
RB-15-A7-belief_observations,15,7,SFI,belief_observations,0,0,0,,0.5356518658744049,opportunistic,"High contributions to SI are common, but some agents defect or free-ride in SFI.",rounds[15].agents[7].belief_state.observations
RB-15-A8-contribution,15,8,SFI,contribution,0,1,0,,0.0317186412340219,,I contributed a moderate amount to balance my recent contributions and maintain consistency with SFI.,rounds[15].agents[8].contribution_reasoning
RB-15-A8-belief_strategy,15,8,SFI,belief_strategy,0,1,0,,0.0317186412340219,,Most peers contribute significantly to the institution.,rounds[15].agents[8].belief_state.institutional_strategy
RB-15-A8-belief_observations,15,8,SFI,belief_observations,0,1,0,,0.0317186412340219,,"High contributors are mostly from SI, while SFI has low contributors.",rounds[15].agents[8].belief_state.observations
RB-15-A9-contribution,15,9,SFI,contribution,0,0,0,,0.3279482268763076,future_rounds,"I contribute a moderate amount, as I've done previously, to balance my immediate needs and long-term cooperation incentives.",rounds[15].agents[9].contribution_reasoning
RB-15-A10-contribution,15,10,SI,contribution,1,1,1,,0.2934199300848017,conformity,Matching the previous round's group average contribution to maintain cooperation and credibility.,rounds[15].agents[10].contribution_reasoning
RB-15-A10-punishment,15,10,SI,punishment,1,1,1,,0.2934199300848017,opportunistic,Punished free-riders and rewarded contributors who matched their stated intent or received aid packages.,rounds[15].agents[10].punishment_reasoning
RB-15-A10-belief_strategy,15,10,SI,belief_strategy,1,1,1,,0.2934199300848017,,Most peers use the SI strategy.,rounds[15].agents[10].belief_state.institutional_strategy
RB-15-A10-belief_observations,15,10,SI,belief_observations,1,1,1,,0.2934199300848017,,High contributors are mostly using the SI strategy.,rounds[15].agents[10].belief_state.observations
RB-15-A13-contribution,15,13,SI,contribution,0,0,0,,0.1958364117003952,opportunistic,"Following a consistent Selfish Individualism strategy, I contribute a moderate amount to maximize my cumulative payoff.",rounds[15].agents[13].contribution_reasoning
RB-15-A13-punishment,15,13,SI,punishment,0,0,0,,0.1958364117003952,opportunistic,Focused on punishing free-riders and rewarding generous contributors.,rounds[15].agents[13].punishment_reasoning
RB-15-A14-contribution,15,14,SI,contribution,0,0,1,,0.2634038103055724,opportunistic,"Following a Selfish Individualism strategy, I'm contributing at the maximum MCPR level to maximize my cumulative payoff.",rounds[15].agents[14].contribution_reasoning
RB-15-A14-punishment,15,14,SI,punishment,0,0,1,,0.2634038103055724,opportunistic,Targeted free-riders and rewarded generous contributors based on current-round contributions and internal beliefs.,rounds[15].agents[14].punishment_reasoning
RB-15-A14-belief_strategy,15,14,SI,belief_strategy,0,0,1,,0.2634038103055724,,Most agents contribute highly in SI institutions.,rounds[15].agents[14].belief_state.institutional_strategy
RB-15-A14-belief_observations,15,14,SI,belief_observations,0,0,1,,0.2634038103055724,,Low contributors are mostly found in SFI institutions.,rounds[15].agents[14].belief_state.observations
RB-15-A15-belief_observations,15,15,SFI,belief_observations,0,0,0,,0.9091255030873248,named_agents,Agent 15 contributed significantly and was not penalized.,rounds[15].agents[15].belief_state.observations
RB-15-A16-contribution,15,16,SI,contribution,0,1,0,,0.1916152135551607,,"Following a consistent strategy of contributing significantly, as seen in previous rounds.",rounds[15].agents[16].contribution_reasoning
RB-15-A16-punishment,15,16,SI,punishment,0,1,0,,0.1916152135551607,opportunistic,Punished free-riders and rewarded high contributors to encourage cooperation and consistency in contributions.,rounds[15].agents[16].punishment_reasoning
RB-15-A16-belief_strategy,15,16,SI,belief_strategy,0,1,0,,0.1916152135551607,,Most contributors used the SI strategy.,rounds[15].agents[16].belief_state.institutional_strategy
RB-15-A16-belief_observations,15,16,SI,belief_observations,0,1,0,,0.1916152135551607,,Low contributions were observed from some peers.,rounds[15].agents[16].belief_state.observations
RB-15-A19-belief_observations,15,19,SFI,belief_observations,0,0,0,,0.0006300500409435,named_agents,Agent 19 contributed moderately in SFI.,rounds[15].agents[19].belief_state.observations
RB-15-A20-belief_observations,15,20,SFI,belief_observations,0,0,0,,0.3752525583736625,named_agents,"Low contributors in SFI were Agent 12, Agent 1, and others.",rounds[15].agents[20].belief_state.observations
RB-15-A21-punishment,15,21,SI,punishment,0,0,0,,0.2476153121913977,opportunistic,Punishing free-riders and rewarding high contributors to maintain consistency with Selfish Individualism strategy.,rounds[15].agents[21].punishment_reasoning
RB-15-A22-contribution,15,22,SI,contribution,0,1,0,,0.4810221775146669,,I contributed a moderate amount to maintain a consistent strategy while considering my past contributions and the institution's overall behavior.,rounds[15].agents[22].contribution_reasoning
RB-15-A22-punishment,15,22,SI,punishment,0,1,0,,0.4810221775146669,opportunistic,Targeted free-riders and rewarded peers who demonstrated cooperation or generosity.,rounds[15].agents[22].punishment_reasoning
RB-15-A22-belief_strategy,15,22,SI,belief_strategy,0,1,0,,0.4810221775146669,,Most peers follow the SI strategy.,rounds[15].agents[22].belief_state.institutional_strategy
RB-15-A22-belief_observations,15,22,SI,belief_observations,0,1,0,,0.4810221775146669,,"High contributions from top peers, but some SFI instances.",rounds[15].agents[22].belief_state.observations
RB-15-A23-punishment,15,23,SI,punishment,0,0,0,,0.2374790246321661,opportunistic,Punished free-riders and low contributors to encourage cooperation. Rewarded generous contributors to promote Selfish Individualism strategy.,rounds[15].agents[23].punishment_reasoning
RB-15-A25-contribution,15,25,SI,contribution,0,0,0,,0.4871290099138757,opportunistic,"I contributed a substantial amount to maximize my cumulative payoff, given the high MCPR and peer contributions.",rounds[15].agents[25].contribution_reasoning
RB-15-A25-punishment,15,25,SI,punishment,0,0,0,,0.4871290099138757,opportunistic,Punished free-riders and rewarded consistent contributors to Selfish Individualism strategy.,rounds[15].agents[25].punishment_reasoning
RB-15-A25-belief_observations,15,25,SI,belief_observations,0,0,0,,0.4871290099138757,named_agents,"Agent 12 and Agent 1 were low contributors in SFI, while Agent 3 was a high contributor in SI.",rounds[15].agents[25].belief_state.observations
RB-16-A2-punishment,16,2,SI,punishment,0,0,0,,0.1415417344537161,fairness|opportunistic,Focused on punishing free-riders and rewarding high contributors to maintain a fair balance in contributions.,rounds[16].agents[2].punishment_reasoning
RB-16-A2-belief_observations,16,2,SI,belief_observations,0,0,0,,0.1415417344537161,opportunistic,Low contributors and free-riders were identified in this round.,rounds[16].agents[2].belief_state.observations
RB-16-A3-contribution,16,3,SI,contribution,1,1,1,,0.3789063071023644,,Max out contribution to maximize cumulative payoff given high MCPR and significant peer contributions.,rounds[16].agents[3].contribution_reasoning
RB-16-A3-punishment,16,3,SI,punishment,1,1,1,,0.3789063071023644,opportunistic,"Punishing free-riders who contributed below the group average or had inconsistent stated intent, while rewarding generous contributors who followed the SI strategy.",rounds[16].agents[3].punishment_reasoning
RB-16-A3-belief_strategy,16,3,SI,belief_strategy,1,1,1,,0.3789063071023644,,Most contributors follow the SI strategy.,rounds[16].agents[3].belief_state.institutional_strategy
RB-16-A3-belief_observations,16,3,SI,belief_observations,1,1,1,,0.3789063071023644,,High contributions from peers with SI strategy.,rounds[16].agents[3].belief_state.observations
RB-16-A4-belief_observations,16,4,SFI,belief_observations,0,0,0,,0.2607802455536595,named_agents,Agent 12 and Agent 1 were low contributors in this round.,rounds[16].agents[4].belief_state.observations
RB-16-A5-contribution,16,5,SI,contribution,0,1,0,,0.1820800344262362,,"I have chosen to contribute at the maximum MCPR level, as it is optimal for my interests given the current decision card and previous-round peer data.",rounds[16].agents[5].contribution_reasoning
RB-16-A5-punishment,16,5,SI,punishment,0,1,0,,0.1820800344262362,opportunistic,Focused on punishing free-riders and rewarding those who contributed generously. Used internal beliefs about SI peer behavior and previous-round data to inform decisions.,rounds[16].agents[5].punishment_reasoning
RB-16-A5-belief_strategy,16,5,SI,belief_strategy,0,1,0,,0.1820800344262362,,Most peers follow the SI strategy.,rounds[16].agents[5].belief_state.institutional_strategy
RB-16-A5-belief_observations,16,5,SI,belief_observations,0,1,0,,0.1820800344262362,,High contributors are mostly following the SI strategy.,rounds[16].agents[5].belief_state.observations
RB-16-A6-punishment,16,6,SI,punishment,0,0,0,,1.874572498356317,fairness|opportunistic,Punished free-riders and rewarded high contributors to promote fairness and cooperation within the SI institution.,rounds[16].agents[6].punishment_reasoning
RB-16-A8-belief_observations,16,8,SFI,belief_observations,0,0,0,,0.0289038034651724,named_agents,"Agent 8's contribution was moderate, but not notable.",rounds[16].agents[8].belief_state.observations
RB-16-A9-contribution,16,9,SFI,contribution,0,0,0,,0.3302775772075278,conformity,I contribute at my recent average contribution to maintain consistency and balance between short-term resilience needs and long-run cooperation incentives.,rounds[16].agents[9].contribution_reasoning
RB-16-A10-punishment,16,10,SI,punishment,0,0,0,,0.2701828128239829,opportunistic,"Punishing free-riders and rewarding high contributors based on current-round contributions and stated intent, internal beliefs, and previous round data.",rounds[16].agents[10].punishment_reasoning
RB-16-A11-contribution,16,11,SFI,contribution,0,0,0,,0.0187005498226805,future_rounds,"I've chosen to contribute at my recent average level, balancing immediate needs with long-term cooperation incentives.",rounds[16].agents[11].contribution_reasoning
RB-16-A12-contribution,16,12,SFI,contribution,1,1,1,,0.0,,"Given a low MCPR and high peer contributions, contributing nothing maximizes my cumulative payoff.",rounds[16].agents[12].contribution_reasoning
RB-16-A12-belief_strategy,16,12,SFI,belief_strategy,1,1,1,,0.0,,Agents contribute based on institutional strategy (SFI or SI).,rounds[16].agents[12].belief_state.institutional_strategy
RB-16-A12-belief_observations,16,12,SFI,belief_observations,1,1,1,,0.0,,"High contributors in SI, low contributors in SFI.",rounds[16].agents[12].belief_state.observations
RB-16-A13-contribution,16,13,SI,contribution,0,0,0,,0.1544625719888262,opportunistic,"I've chosen to contribute at a level consistent with my recent history and institution, as it aligns with my self-interested goal of maximizing cumulative payoff.",rounds[16].agents[13].contribution_reasoning
RB-16-A13-punishment,16,13,SI,punishment,0,0,0,,0.1544625719888262,opportunistic,Punished free-riders and rewarded high contributors to maintain cooperation within SI institution.,rounds[16].agents[13].punishment_reasoning
RB-16-A14-punishment,16,14,SI,punishment,0,0,0,,0.1936179077925757,opportunistic,Focused on punishing free-riders and rewarding consistent contributors within the SI institution.,rounds[16].agents[14].punishment_reasoning
RB-16-A15-belief_observations,16,15,SFI,belief_observations,0,0,0,,0.4073657785045181,named_agents,Agent 15 contributed significantly to the SFI institution.,rounds[16].agents[15].belief_state.observations
RB-16-A16-contribution,16,16,SI,contribution,1,1,1,,0.1517835262539054,opportunistic,"I'll contribute at a moderate level to balance self-interest and cooperation, considering the MCPR of 0.1333 and my previous contributions.",rounds[16].agents[16].contribution_reasoning
RB-16-A16-punishment,16,16,SI,punishment,1,1,1,,0.1517835262539054,fairness|opportunistic,Punished free-riders and rewarded consistent contributors to encourage cooperation and fairness in the group.,rounds[16].agents[16].punishment_reasoning
RB-16-A16-belief_strategy,16,16,SI,belief_strategy,1,1,1,,0.1517835262539054,,Most contributors follow the SI strategy.,rounds[16].agents[16].belief_state.institutional_strategy
RB-16-A16-belief_observations,16,16,SI,belief_observations,1,1,1,,0.1517835262539054,,High contributions from peers with SI strategy.,rounds[16].agents[16].belief_state.observations
RB-16-A17-contribution,16,17,SFI,contribution,0,1,0,,0.0190482118441482,,"I contributed at my recent average level, balancing immediate resilience needs with long-run cooperation incentives.",rounds[16].agents[17].contribution_reasoning
RB-16-A17-belief_strategy,16,17,SFI,belief_strategy,0,1,0,,0.0190482118441482,,Most contributors are from the SI institution.,rounds[16].agents[17].belief_state.institutional_strategy
RB-16-A17-belief_observations,16,17,SFI,belief_observations,0,1,0,,0.0190482118441482,,High contributions from peers in the SI institution.,rounds[16].agents[17].belief_state.observations
RB-16-A18-belief_strategy,16,18,SFI,belief_strategy,0,0,0,,1.0338875856982028,opportunistic,"Most peers contribute to SI, but some defect or free-ride.",rounds[16].agents[18].belief_state.institutional_strategy
RB-16-A18-belief_observations,16,18,SFI,belief_observations,0,0,0,,1.0338875856982028,named_agents,Agent 18 contributed significantly to SFI.,rounds[16].agents[18].belief_state.observations
RB-16-A21-punishment,16,21,SI,punishment,0,0,0,,0.3514311273570379,opportunistic,"Punished free-riders and rewarded a generous contributor. Punishment amounts are based on their deviation from the group average, with higher deviations resulting in higher punishment amounts.",rounds[16].agents[21].punishment_reasoning
RB-16-A22-contribution,16,22,SI,contribution,1,1,0,,0.2068530797662087,,"I've chosen to contribute at a level consistent with my recent history and peer behavior, balancing MCPR with the desire for cooperation.",rounds[16].agents[22].contribution_reasoning
RB-16-A22-punishment,16,22,SI,punishment,1,1,0,,0.2068530797662087,opportunistic,Punishing free-riders and rewarding high contributors to maintain a cooperative environment within the SI institution.,rounds[16].agents[22].punishment_reasoning
RB-16-A22-belief_strategy,16,22,SI,belief_strategy,1,1,0,,0.2068530797662087,,Most contributors are using the SI strategy.,rounds[16].agents[22].belief_state.institutional_strategy
RB-16-A22-belief_observations,16,22,SI,belief_observations,1,1,0,,0.2068530797662087,,"High contributions from peers 3, 6, 21, and 25.",rounds[16].agents[22].belief_state.observations
RB-16-A23-punishment,16,23,SI,punishment,0,0,0,,0.2344565241968463,opportunistic,"Focused on punishing free-riders and rewarding cooperative peers, with emphasis on consistency between stated intent and action.",rounds[16].agents[23].punishment_reasoning
RB-16-A25-punishment,16,25,SI,punishment,0,0,0,,0.4040019283658442,opportunistic,Focused on punishing free-riders and rewarding high contributors.,rounds[16].agents[25].punishment_reasoning
RB-17-A0-belief_strategy,17,0,SFI,belief_strategy,0,0,0,,0.0,conformity,Most peers are contributing highly in the SI institution.,rounds[17].agents[0].belief_state.institutional_strategy
RB-17-A0-belief_observations,17,0,SFI,belief_observations,0,0,0,,0.0,named_agents,Agent 8 and Agent 1 contributed very little in SFI.,rounds[17].agents[0].belief_state.observations
RB-17-A2-punishment,17,2,SI,punishment,0,0,0,,0.1174948724611018,opportunistic,Targeted punishments towards free-riders and generous rewards for high contributors to maintain institutional credibility and promote cooperation.,rounds[17].agents[2].punishment_reasoning
RB-17-A3-punishment,17,3,SI,punishment,0,0,0,,0.2944401225944181,future_rounds|opportunistic,Punishing free-riders and rewarding cooperative agents to maintain institutional credibility and promote long-term climate stability.,rounds[17].agents[3].punishment_reasoning
RB-17-A5-punishment,17,5,SI,punishment,0,0,0,,0.1531123978820689,opportunistic,Punishing free-riders and rewarding a generous contributor to promote cooperation within the SI institution.,rounds[17].agents[5].punishment_reasoning
RB-17-A6-punishment,17,6,SI,punishment,0,0,0,,0.3955953249078994,fairness|opportunistic,Punished free-riders and rewarded high contributors to promote a fair distribution of resources.,rounds[17].agents[6].punishment_reasoning
RB-17-A9-contribution,17,9,SFI,contribution,0,1,0,,0.385329196365685,,"I'll contribute a moderate amount to balance my immediate needs with long-run cooperation incentives, considering our group's past contributions and MCPR.",rounds[17].agents[9].contribution_reasoning
RB-17-A9-belief_strategy,17,9,SFI,belief_strategy,0,1,0,,0.385329196365685,,Most contributors are using the SI strategy.,rounds[17].agents[9].belief_state.institutional_strategy
RB-17-A9-belief_observations,17,9,SFI,belief_observations,0,1,0,,0.385329196365685,,High contributors are mostly from the SI institution.,rounds[17].agents[9].belief_state.observations
RB-17-A10-punishment,17,10,SI,punishment,0,0,0,,0.2909433310149258,fairness|opportunistic,Punishing free-riders and rewarding high contributors to maintain a fair and cooperative environment within our institution.,rounds[17].agents[10].punishment_reasoning
RB-17-A12-contribution,17,12,SFI,contribution,1,0,1,,5.690042407106494,opportunistic,"My institution is SFI, and I am a developing country with a high vulnerability index, so I will contribute my maximum budget to maximize my cumulative payoff.",rounds[17].agents[12].contribution_reasoning
RB-17-A12-belief_strategy,17,12,SFI,belief_strategy,1,0,1,,5.690042407106494,,Most peers contribute highly in SI institutions.,rounds[17].agents[12].belief_state.institutional_strategy
RB-17-A12-belief_observations,17,12,SFI,belief_observations,1,0,1,,5.690042407106494,,High contributors are mostly found in SI institutions.,rounds[17].agents[12].belief_state.observations
RB-17-A13-punishment,17,13,SI,punishment,0,0,0,,0.1330915620606977,opportunistic,"Focused on punishing free-riders and rewarding high contributors within the SI institution, considering their contributions and stated intentions.",rounds[17].agents[13].punishment_reasoning
RB-17-A14-contribution,17,14,SI,contribution,1,1,1,,0.1308247973808868,,"Follows my institution's SI strategy to contribute a significant amount, considering past rounds' behavior and internal beliefs.",rounds[17].agents[14].contribution_reasoning
RB-17-A14-punishment,17,14,SI,punishment,1,1,1,,0.1308247973808868,opportunistic,Punished free-riders and rewarded high contributors to maintain cooperation within our institution.,rounds[17].agents[14].punishment_reasoning
RB-17-A14-belief_strategy,17,14,SI,belief_strategy,1,1,1,,0.1308247973808868,,Most contributors are using the Strategy Incentivization (SI) framework.,rounds[17].agents[14].belief_state.institutional_strategy
RB-17-A14-belief_observations,17,14,SI,belief_observations,1,1,1,,0.1308247973808868,,"High contributions from peers in the SI framework, while some peers in SFI framework show low or no contribution.",rounds[17].agents[14].belief_state.observations
RB-17-A15-contribution,17,15,SFI,contribution,0,1,0,,0.209987547738419,,I balance immediate resilience needs with long-run cooperation incentives by contributing a moderate amount.,rounds[17].agents[15].contribution_reasoning
RB-17-A15-belief_strategy,17,15,SFI,belief_strategy,0,1,0,,0.209987547738419,,Most peers contribute highly in the SI institution.,rounds[17].agents[15].belief_state.institutional_strategy
RB-17-A15-belief_observations,17,15,SFI,belief_observations,0,1,0,,0.209987547738419,,"High contributors in SI are rewarded, while low contributors in SFI are penalized.",rounds[17].agents[15].belief_state.observations
RB-17-A16-contribution,17,16,SI,contribution,0,0,0,,0.1310943824741796,opportunistic,"I contributed a moderate amount to maintain a balance between cooperation and self-interest, considering the high MCPR.",rounds[17].agents[16].contribution_reasoning
RB-17-A16-punishment,17,16,SI,punishment,0,0,0,,0.1310943824741796,opportunistic,"Punished free-riders, rewarded high contributors for their generosity and commitment to cooperation.",rounds[17].agents[16].punishment_reasoning
RB-17-A17-contribution,17,17,SFI,contribution,0,0,0,,0.016070401479302,opportunistic,I'll contribute a moderate amount to maintain consistency with my recent contributions and maximize my payoff.,rounds[17].agents[17].contribution_reasoning
RB-17-A21-contribution,17,21,SI,contribution,0,0,0,,0.3257441723884371,opportunistic,"I maximize my payoff by contributing the maximum allowed, given the high MCPR and previous contributions from peers.",rounds[17].agents[21].contribution_reasoning
RB-17-A21-punishment,17,21,SI,punishment,0,0,0,,0.3257441723884371,opportunistic,Punished free-riders and rewarded high contributors to maintain strict institutional strategy.,rounds[17].agents[21].punishment_reasoning
RB-17-A22-punishment,17,22,SI,punishment,0,0,0,,0.1702369394418669,opportunistic,Punishing free-riders while rewarding high contributors to maintain cooperation within SI peers.,rounds[17].agents[22].punishment_reasoning
RB-17-A23-contribution,17,23,SI,contribution,0,0,0,,0.5131808353606901,opportunistic,"I've chosen to contribute a significant amount to maximize my payoff while also supporting emissions reduction, as my MCPR is relatively high.",rounds[17].agents[23].contribution_reasoning
RB-17-A23-punishment,17,23,SI,punishment,0,0,0,,0.5131808353606901,opportunistic,Focused on punishing free-riders and rewarding high contributors.,rounds[17].agents[23].punishment_reasoning
RB-17-A25-punishment,17,25,SI,punishment,0,0,0,,0.2543010139582706,opportunistic,Punished free-riders and rewarded high contributors consistent with the SI institutional strategy.,rounds[17].agents[25].punishment_reasoning
RB-18-A0-contribution,18,0,SFI,contribution,0,1,0,,0.0,,"Given a low MCPR of 0.1143, it is rational to contribute minimally.",rounds[18].agents[0].contribution_reasoning
RB-18-A0-belief_strategy,18,0,SFI,belief_strategy,0,1,0,,0.0,,Most peers contribute highly to SI institutions.,rounds[18].agents[0].belief_state.institutional_strategy
RB-18-A0-belief_observations,18,0,SFI,belief_observations,0,1,0,,0.0,,"High contributors in SI, low contributors in SFI.",rounds[18].agents[0].belief_state.observations
RB-18-A2-punishment,18,2,SI,punishment,0,0,0,,0.0941069761101121,opportunistic,Punishing free-riders while rewarding cooperative peers to maintain a stable environment.,rounds[18].agents[2].punishment_reasoning
RB-18-A3-punishment,18,3,SI,punishment,0,0,0,,1.9159255903452943,future_rounds|opportunistic,Focused on punishing free-riders and rewarding high contributors to maintain credibility and long-term climate stability.,rounds[18].agents[3].punishment_reasoning
RB-18-A5-contribution,18,5,SI,contribution,0,0,0,,0.22338846422626,reputation_management|future_rounds,"I'll contribute a significant amount to take advantage of the high MCPR and potential reward, while also considering the long-term benefits for my institution's reputation.",rounds[18].agents[5].contribution_reasoning
RB-18-A5-punishment,18,5,SI,punishment,0,0,0,,0.22338846422626,fairness|opportunistic,Punishing free-riders and rewarding cooperative agents to promote fairness and cooperation within the SI institution.,rounds[18].agents[5].punishment_reasoning
RB-18-A6-contribution,18,6,SI,contribution,0,0,1,,0.3516919603216439,opportunistic,I'm choosing a contribution level that balances my self-interest with the need to demonstrate cooperation and set a positive example for other agents.,rounds[18].agents[6].contribution_reasoning
RB-18-A6-punishment,18,6,SI,punishment,0,0,1,,0.3516919603216439,opportunistic,"Punished free-riders who contributed below the group average or whose stated intent does not match their action, while rewarding high contributors who followed the SI strategy.",rounds[18].agents[6].punishment_reasoning
RB-18-A6-belief_strategy,18,6,SI,belief_strategy,0,0,1,,0.3516919603216439,,Most peers follow SI strategy.,rounds[18].agents[6].belief_state.institutional_strategy
RB-18-A6-belief_observations,18,6,SI,belief_observations,0,0,1,,0.3516919603216439,,High contributors are mostly following SI.,rounds[18].agents[6].belief_state.observations
RB-18-A9-contribution,18,9,SFI,contribution,0,0,0,,0.2393790642713169,opportunistic,"I contribute a moderate amount to balance cooperation and self-interest, considering my recent contributions and institution's strategy.",rounds[18].agents[9].contribution_reasoning
RB-18-A10-punishment,18,10,SI,punishment,0,0,0,,0.1203025495555715,opportunistic,Punished free-riders and rewarded high contributors who followed the SI strategy.,rounds[18].agents[10].punishment_reasoning
RB-18-A12-contribution,18,12,SFI,contribution,1,0,1,,0.1956769893185096,,"Based on previous round data, most agents contribute significantly to emissions reduction, so I will match this group average.",rounds[18].agents[12].contribution_reasoning
RB-18-A12-belief_strategy,18,12,SFI,belief_strategy,1,0,1,,0.1956769893185096,,SI: high contributions observed.,rounds[18].agents[12].belief_state.institutional_strategy
RB-18-A12-belief_observations,18,12,SFI,belief_observations,1,0,1,,0.1956769893185096,,"High contributors in SI, low contributors in SFI.",rounds[18].agents[12].belief_state.observations
RB-18-A13-contribution,18,13,SI,contribution,0,0,0,,0.1097727466729811,opportunistic,"I follow my institution's (SI) strategy, contributing a moderate amount to maximize my cumulative payoff.",rounds[18].agents[13].contribution_reasoning
RB-18-A13-punishment,18,13,SI,punishment,0,0,0,,0.1097727466729811,opportunistic,Punished free-riders and rewarded high contributors to maintain cooperation and credibility within SI.,rounds[18].agents[13].punishment_reasoning
RB-18-A13-belief_observations,18,13,SI,belief_observations,0,0,0,,0.1097727466729811,named_agents,"Agent 13 contributed $12,000,000 and received a payoff of $19,153,258.80.",rounds[18].agents[13].belief_state.observations
RB-18-A14-contribution,18,14,SI,contribution,0,0,0,,0.12553703978449,opportunistic,"I've chosen to contribute a moderate amount based on previous round data and internal beliefs, considering both self-interest and institutional credibility.",rounds[18].agents[14].contribution_reasoning
RB-18-A14-punishment,18,14,SI,punishment,0,0,0,,0.12553703978449,fairness|opportunistic,Punishing free-riders and rewarding generous contributors to maintain a fair and cooperative environment within our institution.,rounds[18].agents[14].punishment_reasoning
RB-18-A15-belief_observations,18,15,SFI,belief_observations,0,0,0,,0.1918750772639819,named_agents,Agent 15 contributed significantly to the SFI institution.,rounds[18].agents[15].belief_state.observations
RB-18-A16-contribution,18,16,SI,contribution,0,0,0,,0.1084092584149463,opportunistic,"I'll contribute a moderate amount to avoid free-riding and maintain credibility, as per my institutional strategy.",rounds[18].agents[16].contribution_reasoning
RB-18-A16-punishment,18,16,SI,punishment,0,0,0,,0.1084092584149463,fairness|opportunistic,Punished free-riders and rewarded generous contributors to maintain a fair balance in contributions within our institution (SI).,rounds[18].agents[16].punishment_reasoning
RB-18-A17-contribution,18,17,SFI,contribution,0,1,0,,0.0151680831088097,,I contributed a moderate amount based on my previous contributions and the MCPR.,rounds[18].agents[17].contribution_reasoning
RB-18-A17-belief_strategy,18,17,SFI,belief_strategy,0,1,0,,0.0151680831088097,,Most peers contribute high amounts to the institution.,rounds[18].agents[17].belief_state.institutional_strategy
RB-18-A17-belief_observations,18,17,SFI,belief_observations,0,1,0,,0.0151680831088097,named_agents,"Agent 17 contributed significantly, but Agent 0 and others did not.",rounds[18].agents[17].belief_state.observations
RB-18-A18-contribution,18,18,SFI,contribution,0,0,0,,0.6067459776521439,conformity,Matching the group average contribution to maximize cumulative payoff.,rounds[18].agents[18].contribution_reasoning
RB-18-A20-contribution,18,20,SFI,contribution,0,0,0,,0.4563506466684019,conformity,Contribution is based on the group's average contribution from the previous round.,rounds[18].agents[20].contribution_reasoning
RB-18-A21-punishment,18,21,SI,punishment,0,0,0,,0.4795782560680878,opportunistic,Punished free-riders who contributed below the group average or had mismatched stated intent. Rewarded a generous contributor.,rounds[18].agents[21].punishment_reasoning
RB-18-A22-punishment,18,22,SI,punishment,0,0,0,,0.1731240696884765,opportunistic,Focused on punishing free-riders and rewarding high contributors.,rounds[18].agents[22].punishment_reasoning
RB-18-A23-contribution,18,23,SI,contribution,0,1,0,,0.2872952226209883,reputation_management,I'll contribute a significant amount to take advantage of the high MCPR and maintain my institution's reputation for cooperation.,rounds[18].agents[23].contribution_reasoning
RB-18-A23-punishment,18,23,SI,punishment,0,1,0,,0.2872952226209883,opportunistic,Punished free-riders and rewarded high contributors who demonstrated cooperation and selflessness.,rounds[18].agents[23].punishment_reasoning
RB-18-A23-belief_strategy,18,23,SI,belief_strategy,0,1,0,,0.2872952226209883,,Most contributors follow the SI strategy.,rounds[18].agents[23].belief_state.institutional_strategy
RB-18-A23-belief_observations,18,23,SI,belief_observations,0,1,0,,0.2872952226209883,,High contributions from peers with SI strategy.,rounds[18].agents[23].belief_state.observations
RB-18-A25-punishment,18,25,SI,punishment,0,0,0,,0.1996263849362149,reputation_management|opportunistic,"Punish free-riders, reward high contributors for maintaining institutional reputation.",rounds[18].agents[25].punishment_reasoning
RB-19-A0-contribution,19,0,SFI,contribution,1,1,1,,0.0,,"Given low MCPR and previous rounds' behavior, I choose to contribute minimally.",rounds[19].agents[0].contribution_reasoning
RB-19-A0-belief_strategy,19,0,SFI,belief_strategy,1,1,1,,0.0,,Most peers contribute highly in the SI institution.,rounds[19].agents[0].belief_state.institutional_strategy
RB-19-A0-belief_observations,19,0,SFI,belief_observations,1,1,1,,0.0,,"High contributors in SI, low contributor in SFI.",rounds[19].agents[0].belief_state.observations
RB-19-A2-contribution,19,2,SI,contribution,0,0,0,,0.0858184427130061,opportunistic,"I'm choosing a contribution amount that balances self-interest with cooperation, considering my high wealth and MCPR of 0.1333.",rounds[19].agents[2].contribution_reasoning
RB-19-A2-punishment,19,2,SI,punishment,0,0,0,,0.0858184427130061,opportunistic,"Punish free-riders, reward high contributors for maintaining credibility and cooperation within the institution.",rounds[19].agents[2].punishment_reasoning
RB-19-A3-punishment,19,3,SI,punishment,0,0,0,,0.3382073878081916,opportunistic,Punished free-riders and rewarded high contributors to promote cooperation and credibility within the SI institution.,rounds[19].agents[3].punishment_reasoning
RB-19-A3-belief_observations,19,3,SI,belief_observations,0,0,0,,0.3382073878081916,opportunistic,"High contributors in SI, defectors and free-riders in SFI.",rounds[19].agents[3].belief_state.observations
RB-19-A4-contribution,19,4,SFI,contribution,0,1,0,,0.5078207219125801,,I contribute based on my recent contributions pattern and institution strategy.,rounds[19].agents[4].contribution_reasoning
RB-19-A4-belief_strategy,19,4,SFI,belief_strategy,0,1,0,,0.5078207219125801,,Most peers contribute highly in the SI institution.,rounds[19].agents[4].belief_state.institutional_strategy
RB-19-A4-belief_observations,19,4,SFI,belief_observations,0,1,0,,0.5078207219125801,,"High contributors in SI are rewarded, while low contributors in SFI are penalized.",rounds[19].agents[4].belief_state.observations
RB-19-A5-punishment,19,5,SI,punishment,0,0,0,,0.1975901278628865,opportunistic,Targeted free-riders with low contributions and rewarded a high-contributor to maintain cooperation within SI.,rounds[19].agents[5].punishment_reasoning
RB-19-A6-contribution,19,6,SI,contribution,0,0,0,,0.2332936099983336,opportunistic,Balancing self-interest and cooperation by choosing a moderate contribution.,rounds[19].agents[6].contribution_reasoning
RB-19-A6-punishment,19,6,SI,punishment,0,0,0,,0.2332936099983336,opportunistic,Punished free-riders and rewarded cooperative agents based on current-round contributions and stated intent.,rounds[19].agents[6].punishment_reasoning
RB-19-A7-contribution,19,7,SFI,contribution,0,1,0,,0.3062157599744387,,I've chosen a moderate contribution based on past SFI institution behavior and my internal belief that most contributors are from SI.,rounds[19].agents[7].contribution_reasoning
RB-19-A7-belief_strategy,19,7,SFI,belief_strategy,0,1,0,,0.3062157599744387,,Most peers contribute highly in institution SI.,rounds[19].agents[7].belief_state.institutional_strategy
RB-19-A7-belief_observations,19,7,SFI,belief_observations,0,1,0,,0.3062157599744387,,"High contributors in SI, low contributors in SFI.",rounds[19].agents[7].belief_state.observations
RB-19-A8-contribution,19,8,SFI,contribution,1,1,1,,0.0191572585184555,,"I followed my institution's strategy and contributed a moderate amount, balancing immediate resilience needs against long-run cooperation incentives.",rounds[19].agents[8].contribution_reasoning
RB-19-A8-belief_strategy,19,8,SFI,belief_strategy,1,1,1,,0.0191572585184555,,Most peers follow SI strategy.,rounds[19].agents[8].belief_state.institutional_strategy
RB-19-A8-belief_observations,19,8,SFI,belief_observations,1,1,1,,0.0191572585184555,,"High contributors in SI, low contributors in SFI.",rounds[19].agents[8].belief_state.observations
RB-19-A10-punishment,19,10,SI,punishment,0,0,0,,0.098711563045843,opportunistic,Punished free-riders and rewarded high contributors to maintain institutional credibility and cooperation within the SI institution.,rounds[19].agents[10].punishment_reasoning
RB-19-A10-belief_observations,19,10,SI,belief_observations,0,0,0,,0.098711563045843,opportunistic,"High contributors in SI, defectors and free-riders in SFI.",rounds[19].agents[10].belief_state.observations
RB-19-A11-contribution,19,11,SFI,contribution,0,0,0,,0.0142701442450328,conformity,"I'll contribute a moderate amount to maintain consistency with my past behavior and institution's average contribution, while also considering the low MCPR.",rounds[19].agents[11].contribution_reasoning
RB-19-A12-contribution,19,12,SFI,contribution,0,0,0,,0.2344766571453511,punishment_avoidance|future_rounds,Low contribution to maintain budget for potential future cooperation and avoid punishment,rounds[19].agents[12].contribution_reasoning
RB-19-A13-punishment,19,13,SI,punishment,0,0,0,,0.0956115095297306,opportunistic,Punishing free-riders and rewarding cooperative agents to maintain institutional stability and credibility within SI.,rounds[19].agents[13].punishment_reasoning
RB-19-A14-punishment,19,14,SI,punishment,0,0,0,,0.3198692260872474,opportunistic,Punished free-riders and rewarded high contributors to maintain cooperation within SI.,rounds[19].agents[14].punishment_reasoning
RB-19-A15-belief_observations,19,15,SFI,belief_observations,0,0,0,,0.1818811174089901,named_agents,Agent 15 contributed significantly to the SFI institution.,rounds[19].agents[15].belief_state.observations
RB-19-A16-punishment,19,16,SI,punishment,0,0,0,,0.0775958012829156,opportunistic,Punished free-riders and rewarded generous contributors to maintain cooperation within SI institution.,rounds[19].agents[16].punishment_reasoning
RB-19-A16-belief_observations,19,16,SI,belief_observations,0,0,0,,0.0775958012829156,opportunistic,"High contributors in SI, defectors and free-riders in SFI.",rounds[19].agents[16].belief_state.observations
RB-19-A21-punishment,19,21,SI,punishment,0,0,0,,0.282676956811446,future_rounds|opportunistic,"I focused on punishing free-riders and rewarding high contributors to promote cooperation and long-term climate stability within our institution, SI.",rounds[19].agents[21].punishment_reasoning
RB-19-A22-punishment,19,22,SI,punishment,0,0,0,,0.2108822976869132,opportunistic,Punishing free-riders and rewarding high contributors to maintain cooperation within the SI institution.,rounds[19].agents[22].punishment_reasoning
RB-19-A23-punishment,19,23,SI,punishment,0,0,0,,0.2478073109823833,opportunistic,Punishing free-riders and rewarding high contributors to maintain cooperation and institutional stability.,rounds[19].agents[23].punishment_reasoning
RB-19-A25-contribution,19,25,SI,contribution,0,0,0,,0.4090569499266659,conformity|opportunistic,"I'll contribute a significant amount to maximize my cumulative payoff, considering the high MCPR and previous rounds' group average contribution.",rounds[19].agents[25].contribution_reasoning
RB-19-A25-punishment,19,25,SI,punishment,0,0,0,,0.4090569499266659,opportunistic,Punished free-riders and rewarded contributors who demonstrated cooperative behavior.,rounds[19].agents[25].punishment_reasoning
RB-20-A0-contribution,20,0,SFI,contribution,1,0,1,,0.0,,"Given low MCPR and no apparent pressure from peers, I choose to contribute minimally.",rounds[20].agents[0].contribution_reasoning
RB-20-A0-belief_strategy,20,0,SFI,belief_strategy,1,0,1,,0.0,,Most peers contribute highly in institution SI.,rounds[20].agents[0].belief_state.institutional_strategy
RB-20-A0-belief_observations,20,0,SFI,belief_observations,1,0,1,,0.0,,"High contributors in SI, defectors in SFI.",rounds[20].agents[0].belief_state.observations
RB-20-A2-contribution,20,2,SI,contribution,0,0,0,,0.0758814298760486,opportunistic,"I'll contribute a moderate amount to avoid free-riding and maintain credibility, based on my institution's typical strategy and high MCPR.",rounds[20].agents[2].contribution_reasoning
RB-20-A2-punishment,20,2,SI,punishment,0,0,0,,0.0758814298760486,opportunistic,Punishing free-riders and rewarding high contributors to maintain cooperation within the institution.,rounds[20].agents[2].punishment_reasoning
RB-20-A3-punishment,20,3,SI,punishment,0,0,0,,0.2668579871598941,opportunistic,Punished free-riders and rewarded high contributors to maintain group stability and credibility.,rounds[20].agents[3].punishment_reasoning
RB-20-A4-belief_observations,20,4,SFI,belief_observations,0,0,0,,0.4841474226135299,named_agents,"Agent 0 and Agent 18 have not contributed at all, indicating defector behavior.",rounds[20].agents[4].belief_state.observations
RB-20-A5-contribution,20,5,SI,contribution,0,0,0,,0.1060491061776577,opportunistic,"I'll contribute a moderate amount to avoid free-riding and maintain credibility, as most contributors are using the Strategy Incentive (SI) approach.",rounds[20].agents[5].contribution_reasoning
RB-20-A5-punishment,20,5,SI,punishment,0,0,0,,0.1060491061776577,opportunistic,Punishing free-riders and rewarding high contributors to maintain cooperation within the institution.,rounds[20].agents[5].punishment_reasoning
RB-20-A6-punishment,20,6,SI,punishment,0,0,0,,0.24556855328005,named_agents|opportunistic,"I punished free-riders who contributed below the group average, while rewarding Agent 21 for their generosity.",rounds[20].agents[6].punishment_reasoning
RB-20-A10-punishment,20,10,SI,punishment,0,0,0,,0.1325577617103251,opportunistic,Targeting free-riders and rewarding cooperative agents to maintain group stability.,rounds[20].agents[10].punishment_reasoning
RB-20-A10-belief_observations,20,10,SI,belief_observations,0,0,0,,0.1325577617103251,opportunistic,"High contributions from top peers, with some defectors and free-riders.",rounds[20].agents[10].belief_state.observations
RB-20-A12-contribution,20,12,SFI,contribution,0,0,0,,0.5197462834031616,conformity,"I'll contribute a moderate amount, slightly above the previous round's group average contribution.",rounds[20].agents[12].contribution_reasoning
RB-20-A13-contribution,20,13,SI,contribution,0,1,0,,0.0702563042107039,conformity,"I have chosen to contribute $10 billion based on the high MCPR of 0.1333 and the previous round's group average contribution of $18,134,018.82.",rounds[20].agents[13].contribution_reasoning
RB-20-A13-punishment,20,13,SI,punishment,0,1,0,,0.0702563042107039,future_rounds|opportunistic,"Punished free-riders and rewarded generous contributors, focusing on cooperation and long-term climate stability.",rounds[20].agents[13].punishment_reasoning
RB-20-A13-belief_strategy,20,13,SI,belief_strategy,0,1,0,,0.0702563042107039,,Most peers follow a Selfish-Institutional (SI) strategy.,rounds[20].agents[13].belief_state.institutional_strategy
RB-20-A13-belief_observations,20,13,SI,belief_observations,0,1,0,,0.0702563042107039,,High contributors in this round were mostly from the SI group.,rounds[20].agents[13].belief_state.observations
RB-20-A14-punishment,20,14,SI,punishment,0,0,0,,0.1987077157631102,opportunistic,"Punished free-riders in SI institution, rewarded high contributors for their generosity.",rounds[20].agents[14].punishment_reasoning
RB-20-A15-contribution,20,15,SFI,contribution,0,0,0,,2.784529452178877,opportunistic,"My institution is SFI, and contributing at maximum will maximize my cumulative payoff.",rounds[20].agents[15].contribution_reasoning
RB-20-A15-belief_observations,20,15,SFI,belief_observations,0,0,0,,2.784529452178877,named_agents,Agent 15 contributed significantly to the SFI institution.,rounds[20].agents[15].belief_state.observations
RB-20-A16-contribution,20,16,SI,contribution,0,1,0,,0.0834937606416102,,I contributed a moderate amount to balance individual gain and group stability.,rounds[20].agents[16].contribution_reasoning
RB-20-A16-punishment,20,16,SI,punishment,0,1,0,,0.0834937606416102,future_rounds|opportunistic,Punishing free-riders and rewarding high contributors to promote cooperation and long-term climate stability.,rounds[20].agents[16].punishment_reasoning
RB-20-A16-belief_strategy,20,16,SI,belief_strategy,0,1,0,,0.0834937606416102,,Most contributors follow the SI strategy.,rounds[20].agents[16].belief_state.institutional_strategy
RB-20-A16-belief_observations,20,16,SI,belief_observations,0,1,0,,0.0834937606416102,,High contributions from peers with SI strategy.,rounds[20].agents[16].belief_state.observations
RB-20-A21-contribution,20,21,SI,contribution,1,1,0,,0.4436162276251408,opportunistic,"I've chosen to contribute $30 billion as it balances my self-interest with cooperation, given the high MCPR and previous contributions from peers.",rounds[20].agents[21].contribution_reasoning
RB-20-A21-punishment,20,21,SI,punishment,1,1,0,,0.4436162276251408,opportunistic,Punish free-riders and reward cooperative agents to maintain institutional credibility and long-run climate stability.,rounds[20].agents[21].punishment_reasoning
RB-20-A21-belief_strategy,20,21,SI,belief_strategy,1,1,0,,0.4436162276251408,,Most peers follow the SI strategy.,rounds[20].agents[21].belief_state.institutional_strategy
RB-20-A21-belief_observations,20,21,SI,belief_observations,1,1,0,,0.4436162276251408,,High contributors are mostly following the SI strategy.,rounds[20].agents[21].belief_state.observations
RB-20-A22-punishment,20,22,SI,punishment,0,0,0,,0.1899016107308848,opportunistic,Punishing free-riders who contributed below the group average and rewarding a generous contributor to promote cooperation and high contributions within our SI institution.,rounds[20].agents[22].punishment_reasoning
RB-20-A23-contribution,20,23,SI,contribution,0,1,0,,0.226332984954559,,"I follow my institution's (SI) typical strategy and contribute a moderate amount, as observed from previous rounds.",rounds[20].agents[23].contribution_reasoning
RB-20-A23-punishment,20,23,SI,punishment,0,1,0,,0.226332984954559,opportunistic,"Punished free-riders, rewarded high contributors who demonstrated generosity.",rounds[20].agents[23].punishment_reasoning
RB-20-A23-belief_strategy,20,23,SI,belief_strategy,0,1,0,,0.226332984954559,,Most contributors follow the SI strategy.,rounds[20].agents[23].belief_state.institutional_strategy
RB-20-A23-belief_observations,20,23,SI,belief_observations,0,1,0,,0.226332984954559,,"High contributions are rewarded, while low contributions are penalized.",rounds[20].agents[23].belief_state.observations
RB-20-A24-contribution,20,24,SFI,contribution,0,0,0,,0.0401456329991466,future_rounds,"I contributed a moderate amount to balance my long-term interests with immediate needs, considering the MCPR and past contributions from peers.",rounds[20].agents[24].contribution_reasoning
RB-20-A25-punishment,20,25,SI,punishment,0,0,0,,0.2493800061836099,opportunistic,Punished free-riders (below group average) and rewarded high contributors who maintained credibility.,rounds[20].agents[25].punishment_reasoning
RB-21-A0-contribution,21,0,SFI,contribution,1,0,1,,0.0,,"Given that I have no past contributions and my institution is SFI, which typically faces higher vulnerability and tighter budget constraints, I choose to contribute minimally this round.",rounds[21].agents[0].contribution_reasoning
RB-21-A0-belief_strategy,21,0,SFI,belief_strategy,1,0,1,,0.0,,Most peers contribute highly to SI.,rounds[21].agents[0].belief_state.institutional_strategy
RB-21-A0-belief_observations,21,0,SFI,belief_observations,1,0,1,,0.0,named_agents,Agent 18 and 19 are defectors in SFI.,rounds[21].agents[0].belief_state.observations
RB-21-A1-belief_strategy,21,1,SFI,belief_strategy,0,0,0,,0.0004100907422357,conformity,Most peers are contributing highly to SI institutions.,rounds[21].agents[1].belief_state.institutional_strategy
RB-21-A2-contribution,21,2,SI,contribution,0,0,0,,0.0677818289216158,opportunistic,I contribute a moderate amount to align with past behavior and maximize my payoff.,rounds[21].agents[2].contribution_reasoning
RB-21-A2-punishment,21,2,SI,punishment,0,0,0,,0.0677818289216158,opportunistic,Punishing free-riders who contributed below the group average and rewarding generous contributors from SI.,rounds[21].agents[2].punishment_reasoning
RB-21-A3-contribution,21,3,SI,contribution,0,1,0,,0.5483174293080825,opportunistic,"Maintaining a balance between cooperation and self-interest, I choose to contribute moderately to the Global Emissions Reduction Fund.",rounds[21].agents[3].contribution_reasoning
RB-21-A3-punishment,21,3,SI,punishment,0,1,0,,0.5483174293080825,fairness|opportunistic,Punishing free-riders and rewarding high contributors to maintain a fair distribution of contributions within our institution.,rounds[21].agents[3].punishment_reasoning
RB-21-A3-belief_strategy,21,3,SI,belief_strategy,0,1,0,,0.5483174293080825,,Most peers follow the SI strategy.,rounds[21].agents[3].belief_state.institutional_strategy
RB-21-A3-belief_observations,21,3,SI,belief_observations,0,1,0,,0.5483174293080825,,"High contributors are rewarded, while low contributors are penalized.",rounds[21].agents[3].belief_state.observations
RB-21-A4-contribution,21,4,SFI,contribution,0,1,0,,0.6020050207218725,,"I'll contribute a moderate amount to align with my institution's typical behavior and historical contributions, considering our developing country type and relatively high MCPR.",rounds[21].agents[4].contribution_reasoning
RB-21-A4-belief_strategy,21,4,SFI,belief_strategy,0,1,0,,0.6020050207218725,,Most contributors are using the Strategy of Iterated Prisoner's Dilemma (SI).,rounds[21].agents[4].belief_state.institutional_strategy
RB-21-A4-belief_observations,21,4,SFI,belief_observations,0,1,0,,0.6020050207218725,,"High contributions from peers in SI, low contributions from SFI.",rounds[21].agents[4].belief_state.observations
RB-21-A5-punishment,21,5,SI,punishment,0,0,0,,0.0818072715877622,opportunistic,Punishing free-riders who contributed below the group average and did not match their stated intent.,rounds[21].agents[5].punishment_reasoning
RB-21-A5-belief_observations,21,5,SI,belief_observations,0,0,0,,0.0818072715877622,named_agents,"Agent 5's contribution was moderate, but notable peers had significantly higher contributions.",rounds[21].agents[5].belief_state.observations
RB-21-A6-punishment,21,6,SI,punishment,0,0,0,,0.1753267264196773,opportunistic,"Punished free-riders who contributed below the group average, focusing on those with inconsistent behavior.",rounds[21].agents[6].punishment_reasoning
RB-21-A8-contribution,21,8,SFI,contribution,0,0,0,,0.0165376754546519,opportunistic,"I contributed a moderate amount to balance cooperation and self-interest, considering my previous contributions and MCPR.",rounds[21].agents[8].contribution_reasoning
RB-21-A10-punishment,21,10,SI,punishment,0,0,0,,0.1195067767300355,opportunistic,Targeted punishments for free-riders and rewards for cooperative peers.,rounds[21].agents[10].punishment_reasoning
RB-21-A12-contribution,21,12,SFI,contribution,0,1,0,,0.1722981924187188,,"I contributed a moderate amount, consistent with my recent history and institution's strategy.",rounds[21].agents[12].contribution_reasoning
RB-21-A12-belief_strategy,21,12,SFI,belief_strategy,0,1,0,,0.1722981924187188,,Most peers contribute highly in SI institutions.,rounds[21].agents[12].belief_state.institutional_strategy
RB-21-A12-belief_observations,21,12,SFI,belief_observations,0,1,0,,0.1722981924187188,,"High contributors are mostly found in SI, while SFI has low contributors.",rounds[21].agents[12].belief_state.observations
RB-21-A13-contribution,21,13,SI,contribution,0,0,0,,0.0626203148897183,opportunistic,I'll contribute a moderate amount to maximize my payoff while maintaining consistency with my SI strategy.,rounds[21].agents[13].contribution_reasoning
RB-21-A13-punishment,21,13,SI,punishment,0,0,0,,0.0626203148897183,opportunistic,Punished free-riders and rewarded high contributors in the SI group.,rounds[21].agents[13].punishment_reasoning
RB-21-A14-contribution,21,14,SI,contribution,0,1,0,,0.185141540352745,,"Following previous rounds' high contributions from SI members, I choose to contribute a significant amount while considering my MCPR and the potential benefits of cooperation.",rounds[21].agents[14].contribution_reasoning
RB-21-A14-punishment,21,14,SI,punishment,0,1,0,,0.185141540352745,opportunistic,"Punished free-riders who contributed below the group average or were inconsistent with their stated intent, while rewarding a generous contributor.",rounds[21].agents[14].punishment_reasoning
RB-21-A14-belief_strategy,21,14,SI,belief_strategy,0,1,0,,0.185141540352745,,Most contributors follow the strategy of institutional investment (SI).,rounds[21].agents[14].belief_state.institutional_strategy
RB-21-A14-belief_observations,21,14,SI,belief_observations,0,1,0,,0.185141540352745,,High contributions were observed from agents with institutional strategies.,rounds[21].agents[14].belief_state.observations
RB-21-A16-punishment,21,16,SI,punishment,0,0,0,,0.0620830738743713,opportunistic,Focused on punishing free-riders while rewarding high contributors who follow their stated intent.,rounds[21].agents[16].punishment_reasoning
RB-21-A17-belief_strategy,21,17,SFI,belief_strategy,0,0,0,,0.0129251011321336,opportunistic,"Most peers contribute to SI, but some defect or free-ride in SFI.",rounds[21].agents[17].belief_state.institutional_strategy
RB-21-A18-contribution,21,18,SFI,contribution,1,1,1,,0.0,,"Given low contributions from SFI members and high MCPR, contributing minimally aligns with my interests.",rounds[21].agents[18].contribution_reasoning
RB-21-A18-belief_strategy,21,18,SFI,belief_strategy,1,1,1,,0.0,,Most peers follow SI strategy.,rounds[21].agents[18].belief_state.institutional_strategy
RB-21-A18-belief_observations,21,18,SFI,belief_observations,1,1,1,,0.0,,"High contributors in SI, low contributors in SFI.",rounds[21].agents[18].belief_state.observations
RB-21-A19-belief_observations,21,19,SFI,belief_observations,0,0,0,,0.0003906205547532,named_agents,Agent 19 contributed significantly in this round.,rounds[21].agents[19].belief_state.observations
RB-21-A21-punishment,21,21,SI,punishment,0,0,0,,0.4616357483132148,opportunistic,Punished free-riders and rewarded high contributors who followed the SI strategy.,rounds[21].agents[21].punishment_reasoning
RB-21-A22-punishment,21,22,SI,punishment,0,0,0,,0.1823854824657758,opportunistic,Punishing free-riders and rewarding high contributors to maintain SI strategy integrity.,rounds[21].agents[22].punishment_reasoning
RB-21-A23-punishment,21,23,SI,punishment,0,0,0,,0.2071430320117243,opportunistic,"Punishing free-riders and those with inconsistent behavior, while rewarding no one in this round.",rounds[21].agents[23].punishment_reasoning
RB-21-A25-punishment,21,25,SI,punishment,0,0,0,,0.1620543029060041,opportunistic,Punishing free-riders and rewarding high contributors to maintain institutional strategy consistency.,rounds[21].agents[25].punishment_reasoning
RB-21-A25-belief_observations,21,25,SI,belief_observations,0,0,0,,0.1620543029060041,named_agents,"Agent 25 contributed significantly, but Agent 0 and others did not contribute at all.",rounds[21].agents[25].belief_state.observations
RB-22-A0-contribution,22,0,SFI,contribution,1,0,1,,0.00088293616309,,Focusing on minimal contribution to protect SFI's interests and balance immediate resilience needs.,rounds[22].agents[0].contribution_reasoning
RB-22-A0-belief_strategy,22,0,SFI,belief_strategy,1,0,1,,0.00088293616309,,Most contributors are using the SI strategy.,rounds[22].agents[0].belief_state.institutional_strategy
RB-22-A0-belief_observations,22,0,SFI,belief_observations,1,0,1,,0.00088293616309,,High contributions from peers in the SI institution.,rounds[22].agents[0].belief_state.observations
RB-22-A2-contribution,22,2,SI,contribution,0,0,0,,0.0564577729939595,opportunistic,I contributed a moderate amount to align with past contributions from SI members and maximize my cumulative payoff.,rounds[22].agents[2].contribution_reasoning
RB-22-A2-punishment,22,2,SI,punishment,0,0,0,,0.0564577729939595,opportunistic,Punishing free-riders to encourage cooperation and maintain credibility within our institution.,rounds[22].agents[2].punishment_reasoning
RB-22-A3-contribution,22,3,SI,contribution,0,0,0,,0.1994013818256069,reputation_management,Contribute at the average level of previous round to maintain credibility and avoid negative social reputation.,rounds[22].agents[3].contribution_reasoning
RB-22-A3-punishment,22,3,SI,punishment,0,0,0,,0.1994013818256069,opportunistic,"Punishing free-riders to maintain cooperation and institutional credibility, while rewarding high contributors to encourage continued cooperation.",rounds[22].agents[3].punishment_reasoning
RB-22-A5-punishment,22,5,SI,punishment,0,0,0,,0.1316019885100821,opportunistic,Punish free-riders and reward generous contributors based on their actions and stated intents.,rounds[22].agents[5].punishment_reasoning
RB-22-A5-belief_observations,22,5,SI,belief_observations,0,0,0,,0.1316019885100821,conformity,"High contributors are emerging, but some peers are not contributing.",rounds[22].agents[5].belief_state.observations
RB-22-A6-punishment,22,6,SI,punishment,0,0,0,,0.1567729051461696,opportunistic,"Punishing free-riders to maintain cooperation within SI, while rewarding high contributors to encourage continued generosity.",rounds[22].agents[6].punishment_reasoning
RB-22-A7-contribution,22,7,SFI,contribution,0,1,0,,0.1887732553818445,,"I'll contribute a moderate amount to balance my institution's interests and the group average, considering the high MCPR and SFI members' low contributions.",rounds[22].agents[7].contribution_reasoning
RB-22-A7-belief_strategy,22,7,SFI,belief_strategy,0,1,0,,0.1887732553818445,,Agents contribute based on institutional strategy (SFI or SI).,rounds[22].agents[7].belief_state.institutional_strategy
RB-22-A7-belief_observations,22,7,SFI,belief_observations,0,1,0,,0.1887732553818445,,"High contributors in SI, low contributors in SFI.",rounds[22].agents[7].belief_state.observations
RB-22-A8-belief_observations,22,8,SFI,belief_observations,0,0,0,,0.0157560631712635,opportunistic,"High contributors in SI, free riders and defectors in SFI",rounds[22].agents[8].belief_state.observations
RB-22-A9-contribution,22,9,SFI,contribution,0,1,0,,0.2168944272134201,,I contributed a moderate amount to balance resilience needs and long-run cooperation incentives.,rounds[22].agents[9].contribution_reasoning
RB-22-A9-belief_strategy,22,9,SFI,belief_strategy,0,1,0,,0.2168944272134201,named_agents,"Most peers follow SI, except Agent 9 (SFI)",rounds[22].agents[9].belief_state.institutional_strategy
RB-22-A9-belief_observations,22,9,SFI,belief_observations,0,1,0,,0.2168944272134201,,"High contributers are mostly from SI, while SFI agents contribute less",rounds[22].agents[9].belief_state.observations
RB-22-A10-contribution,22,10,SI,contribution,0,1,0,,0.2180204172176977,,"High contributors are mostly using the SI strategy, and I have a high budget.",rounds[22].agents[10].contribution_reasoning
RB-22-A10-punishment,22,10,SI,punishment,0,1,0,,0.2180204172176977,opportunistic,Punishing free-riders and rewarding high contributors to maintain cooperation within our institution.,rounds[22].agents[10].punishment_reasoning
RB-22-A10-belief_strategy,22,10,SI,belief_strategy,0,1,0,,0.2180204172176977,,Most contributors follow the SI strategy.,rounds[22].agents[10].belief_state.institutional_strategy
RB-22-A10-belief_observations,22,10,SI,belief_observations,0,1,0,,0.2180204172176977,,High contributions from peers with SI strategy.,rounds[22].agents[10].belief_state.observations
RB-22-A11-contribution,22,11,SFI,contribution,0,1,0,,0.0122933984478816,,I contributed a moderate amount to balance my immediate needs with long-run cooperation incentives.,rounds[22].agents[11].contribution_reasoning
RB-22-A11-belief_strategy,22,11,SFI,belief_strategy,0,1,0,,0.0122933984478816,,"Most peers in SI, some in SFI.",rounds[22].agents[11].belief_state.institutional_strategy
RB-22-A11-belief_observations,22,11,SFI,belief_observations,0,1,0,,0.0122933984478816,,"High contributors in SI, defectors/low contributors in SFI.",rounds[22].agents[11].belief_state.observations
RB-22-A12-contribution,22,12,SFI,contribution,0,0,0,,0.5898537854289637,opportunistic,"I've chosen to contribute a high amount due to my institution's history of cooperation and minimal free-riding, which aligns with our internal beliefs.",rounds[22].agents[12].contribution_reasoning
RB-22-A13-contribution,22,13,SI,contribution,0,1,0,,0.0632335298484364,,"I contributed a moderate amount to balance individual and institutional interests, considering my past contributions and SI strategy.",rounds[22].agents[13].contribution_reasoning
RB-22-A13-punishment,22,13,SI,punishment,0,1,0,,0.0632335298484364,opportunistic,"Punished free-riders and rewarded high contributors following the SI strategy, aligning with institutional strategy.",rounds[22].agents[13].punishment_reasoning
RB-22-A13-belief_strategy,22,13,SI,belief_strategy,0,1,0,,0.0632335298484364,,Most contributors follow the SI strategy.,rounds[22].agents[13].belief_state.institutional_strategy
RB-22-A13-belief_observations,22,13,SI,belief_observations,0,1,0,,0.0632335298484364,,High contributions from peers with SI institutional strategy.,rounds[22].agents[13].belief_state.observations
RB-22-A14-contribution,22,14,SI,contribution,0,0,0,,0.0713810808137132,opportunistic,I contributed a significant amount to maximize my payoff while also contributing to emissions reduction.,rounds[22].agents[14].contribution_reasoning
RB-22-A14-punishment,22,14,SI,punishment,0,0,0,,0.0713810808137132,opportunistic,"Punishing free-riders who contributed below the group average, while rewarding a generous contributor to maintain cooperation within our institution.",rounds[22].agents[14].punishment_reasoning
RB-22-A16-contribution,22,16,SI,contribution,0,0,0,,0.055194724244939,opportunistic,I'll contribute at a level consistent with previous rounds to maintain credibility and avoid being seen as a free-rider.,rounds[22].agents[16].contribution_reasoning
RB-22-A16-punishment,22,16,SI,punishment,0,0,0,,0.055194724244939,future_rounds|opportunistic,Punishing free-riders and rewarding cooperative agents to maintain institutional credibility and promote long-term climate stability.,rounds[22].agents[16].punishment_reasoning
RB-22-A17-belief_strategy,22,17,SFI,belief_strategy,0,0,0,,0.0124426898848109,named_agents,"Most peers follow SI, except Agent 17 (SFI)",rounds[22].agents[17].belief_state.institutional_strategy
RB-22-A18-contribution,22,18,SFI,contribution,1,0,1,,0.0,,"Given SFI's low contribution history and my institution's constraints, I choose to contribute minimally.",rounds[22].agents[18].contribution_reasoning
RB-22-A18-belief_strategy,22,18,SFI,belief_strategy,1,0,1,,0.0,,Most peers follow SI strategy.,rounds[22].agents[18].belief_state.institutional_strategy
RB-22-A18-belief_observations,22,18,SFI,belief_observations,1,0,1,,0.0,,"High contributors in SI, low contributors in SFI.",rounds[22].agents[18].belief_state.observations
RB-22-A19-contribution,22,19,SFI,contribution,0,0,0,,0.0003739185930003,opportunistic,I follow my recent contributions to maximize my cumulative payoff.,rounds[22].agents[19].contribution_reasoning
RB-22-A19-belief_observations,22,19,SFI,belief_observations,0,0,0,,0.0003739185930003,named_agents,"Agent 19 contributed moderately, while Agent 15 and Agent 18 were low contributors.",rounds[22].agents[19].belief_state.observations
RB-22-A20-belief_strategy,22,20,SFI,belief_strategy,0,0,0,,1.1687165661590997,named_agents,"Most peers follow SI, except Agent 15 and 18.",rounds[22].agents[20].belief_state.institutional_strategy
RB-22-A20-belief_observations,22,20,SFI,belief_observations,0,0,0,,1.1687165661590997,named_agents,"Agent 20 contributed SFI, while others mostly followed SI.",rounds[22].agents[20].belief_state.observations
RB-22-A21-contribution,22,21,SI,contribution,0,0,0,,0.389299937908909,opportunistic,I'll contribute a moderate amount to maximize my payoff while maintaining cooperation within our institution.,rounds[22].agents[21].contribution_reasoning
RB-22-A21-punishment,22,21,SI,punishment,0,0,0,,0.389299937908909,future_rounds|opportunistic,Punishing free-riders and rewarding cooperative agents to maintain credibility and long-term climate stability.,rounds[22].agents[21].punishment_reasoning
RB-22-A22-punishment,22,22,SI,punishment,0,0,0,,2.606490974648784,opportunistic,"Punishing free-riders to maintain cooperation within our institution, while rewarding high contributors to encourage continued generosity.",rounds[22].agents[22].punishment_reasoning
RB-22-A23-contribution,22,23,SI,contribution,0,0,0,,0.1668280329342229,opportunistic,"I contribute at my recent average level, balancing self-interest and cooperation.",rounds[22].agents[23].contribution_reasoning
RB-22-A23-punishment,22,23,SI,punishment,0,0,0,,0.1668280329342229,opportunistic,Punish free-riders and reward high contributors to maintain cooperation within our institution.,rounds[22].agents[23].punishment_reasoning
RB-22-A25-contribution,22,25,SI,contribution,1,1,1,,0.2866922077611564,,"I'll contribute a significant amount, following my past behavior and institution's strategy.",rounds[22].agents[25].contribution_reasoning
RB-22-A25-punishment,22,25,SI,punishment,1,1,1,,0.2866922077611564,future_rounds|opportunistic,Punishing free-riders and rewarding high contributors to promote cooperation and long-term climate stability.,rounds[22].agents[25].punishment_reasoning
RB-22-A25-belief_strategy,22,25,SI,belief_strategy,1,1,1,,0.2866922077611564,,Most contributors are using the Strategy of Inclusion (SI).,rounds[22].agents[25].belief_state.institutional_strategy
RB-22-A25-belief_observations,22,25,SI,belief_observations,1,1,1,,0.2866922077611564,,High contributions from peers with SI strategy.,rounds[22].agents[25].belief_state.observations
RB-23-A0-contribution,23,0,SFI,contribution,1,0,1,,0.0,,"Given low MCPR and high budget, contributing minimally maximizes my cumulative payoff.",rounds[23].agents[0].contribution_reasoning
RB-23-A0-belief_strategy,23,0,SFI,belief_strategy,1,0,1,,0.0,conformity,Most peers are cooperative within their institution.,rounds[23].agents[0].belief_state.institutional_strategy
RB-23-A0-belief_observations,23,0,SFI,belief_observations,1,0,1,,0.0,,"High contributors in SI institutions, low contributors in SFI.",rounds[23].agents[0].belief_state.observations
RB-23-A1-contribution,23,1,SFI,contribution,0,1,0,,0.0003765894599056,,"I have chosen to contribute minimally, following my internal beliefs and past contributions.",rounds[23].agents[1].contribution_reasoning
RB-23-A1-belief_strategy,23,1,SFI,belief_strategy,0,1,0,,0.0003765894599056,conformity,"Most peers are cooperative in SFI, but some defect in SI.",rounds[23].agents[1].belief_state.institutional_strategy
RB-23-A1-belief_observations,23,1,SFI,belief_observations,0,1,0,,0.0003765894599056,,"High contributors in SI, low contributors in SFI.",rounds[23].agents[1].belief_state.observations
RB-23-A2-contribution,23,2,SI,contribution,0,0,0,,0.0494968228719679,opportunistic,"I contributed a moderate amount, similar to my past contributions, as it balances between self-interest and cooperation.",rounds[23].agents[2].contribution_reasoning
RB-23-A2-punishment,23,2,SI,punishment,0,0,0,,0.0494968228719679,opportunistic,"Punishing free-riders who contributed below the group average, while rewarding high contributors in line with institutional strategy.",rounds[23].agents[2].punishment_reasoning
RB-23-A2-belief_observations,23,2,SI,belief_observations,0,0,0,,0.0494968228719679,opportunistic,"High contributors in SI, while SFI agents are mostly free-riders or defectors.",rounds[23].agents[2].belief_state.observations
RB-23-A3-punishment,23,3,SI,punishment,0,0,0,,0.2057860356143862,opportunistic,"Punishing free-riders below the group average, rewarding generous contributors above the average.",rounds[23].agents[3].punishment_reasoning
RB-23-A5-contribution,23,5,SI,contribution,0,0,0,,0.0558482392783498,opportunistic,"I contributed a moderate amount to balance individual self-interest with cooperation, considering my past contributions and the overall group dynamics.",rounds[23].agents[5].contribution_reasoning
RB-23-A5-punishment,23,5,SI,punishment,0,0,0,,0.0558482392783498,future_rounds|opportunistic,Punishing free-riders and rewarding high contributors to maintain cooperation and long-term climate stability.,rounds[23].agents[5].punishment_reasoning
RB-23-A5-belief_observations,23,5,SI,belief_observations,0,0,0,,0.0558482392783498,opportunistic,"High contributors are rewarded, while low contributors and free-riders are penalized.",rounds[23].agents[5].belief_state.observations
RB-23-A6-contribution,23,6,SI,contribution,0,1,0,,0.2334359976856133,,Higher contribution to maximize cumulative payoff considering MCPR and peer contributions.,rounds[23].agents[6].contribution_reasoning
RB-23-A6-punishment,23,6,SI,punishment,0,1,0,,0.2334359976856133,opportunistic,Punishing free-riders and rewarding a generous contributor to maintain balance within the group.,rounds[23].agents[6].punishment_reasoning
RB-23-A6-belief_strategy,23,6,SI,belief_strategy,0,1,0,,0.2334359976856133,opportunistic,"Most peers follow SI, except for defectors and free-riders.",rounds[23].agents[6].belief_state.institutional_strategy
RB-23-A6-belief_observations,23,6,SI,belief_observations,0,1,0,,0.2334359976856133,,High contributors are rewarded with higher payoffs.,rounds[23].agents[6].belief_state.observations
RB-23-A8-contribution,23,8,SFI,contribution,0,0,0,,0.0151379680482464,conformity,"I maintain my recent contribution pattern, given the high MCPR and previous group average contribution.",rounds[23].agents[8].contribution_reasoning
RB-23-A10-contribution,23,10,SI,contribution,0,0,0,,0.0939276433167059,opportunistic,This contribution aligns with my past contributions and maintains a balance between cooperation and self-interest.,rounds[23].agents[10].contribution_reasoning
RB-23-A10-punishment,23,10,SI,punishment,0,0,0,,0.0939276433167059,future_rounds|opportunistic,Punishing free-riders and rewarding high contributors to maintain cooperation and long-term climate stability.,rounds[23].agents[10].punishment_reasoning
RB-23-A11-belief_strategy,23,11,SFI,belief_strategy,0,0,0,,0.0119138526379702,named_agents,"Most peers follow institutional strategy SFI, except Agent 6 and 21 who use SI.",rounds[23].agents[11].belief_state.institutional_strategy
RB-23-A11-belief_observations,23,11,SFI,belief_observations,0,0,0,,0.0119138526379702,named_agents,"Agent 8 contributed low in SFI, while Agents 21 and 25 made high contributions in SI.",rounds[23].agents[11].belief_state.observations
RB-23-A13-punishment,23,13,SI,punishment,0,0,0,,0.0491402501461167,opportunistic,Punish free-riders and reward peers with high contributions and cooperative actions.,rounds[23].agents[13].punishment_reasoning
RB-23-A14-contribution,23,14,SI,contribution,0,0,0,,0.0,opportunistic,"Given low contributions from SFI members and high MCPR, I choose to contribute nothing to avoid being taken advantage of by free-riders.",rounds[23].agents[14].contribution_reasoning
RB-23-A14-punishment,23,14,SI,punishment,0,0,0,,0.0,future_rounds|opportunistic,Punished free-riders and rewarded high contributors to maintain group stability and long-term credibility.,rounds[23].agents[14].punishment_reasoning
RB-23-A16-punishment,23,16,SI,punishment,0,0,0,,0.0455356026633157,future_rounds|opportunistic,Punished free-riders and rewarded cooperative agents to maintain long-term climate stability and institutional credibility.,rounds[23].agents[16].punishment_reasoning
RB-23-A17-contribution,23,17,SFI,contribution,0,1,0,,0.0120540153941076,future_rounds,I contributed a moderate amount to balance my long-term interests with immediate needs.,rounds[23].agents[17].contribution_reasoning
RB-23-A17-belief_strategy,23,17,SFI,belief_strategy,0,1,0,,0.0120540153941076,,Most contributors are from the SI institution.,rounds[23].agents[17].belief_state.institutional_strategy
RB-23-A17-belief_observations,23,17,SFI,belief_observations,0,1,0,,0.0120540153941076,named_agents,"High contributions from Agents 21 and 25, while Agent 8's contribution is low.",rounds[23].agents[17].belief_state.observations
RB-23-A18-contribution,23,18,SFI,contribution,1,0,1,,0.0508407047997518,,The high MCPR and low budget for SFI members make it rational to contribute minimally.,rounds[23].agents[18].contribution_reasoning
RB-23-A18-belief_strategy,23,18,SFI,belief_strategy,1,0,1,,0.0508407047997518,,"SI: high contributions, SFI: low or no contributions",rounds[23].agents[18].belief_state.institutional_strategy
RB-23-A18-belief_observations,23,18,SFI,belief_observations,1,0,1,,0.0508407047997518,opportunistic,"High contributors in SI, defectors and free-riders in SFI",rounds[23].agents[18].belief_state.observations
RB-23-A20-contribution,23,20,SFI,contribution,0,1,0,,1.6489477821031338,,Max out contribution to maximize cumulative payoff given high MCPR and large budget.,rounds[23].agents[20].contribution_reasoning
RB-23-A20-belief_strategy,23,20,SFI,belief_strategy,0,1,0,,1.6489477821031338,named_agents,"Most peers follow SI, except Agent 20 who uses SFI.",rounds[23].agents[20].belief_state.institutional_strategy
RB-23-A20-belief_observations,23,20,SFI,belief_observations,0,1,0,,1.6489477821031338,named_agents,Agent 25 made a high contribution in SI.,rounds[23].agents[20].belief_state.observations
RB-23-A21-contribution,23,21,SI,contribution,0,1,0,,0.3564651554910473,opportunistic,"I contributed a moderate amount to maintain a balance between cooperation and self-interest, considering the high MCPR and recent contributions.",rounds[23].agents[21].contribution_reasoning
RB-23-A21-punishment,23,21,SI,punishment,0,1,0,,0.3564651554910473,opportunistic,"Targeted punishments for free-riders, rewarding high contributors to the LDF and climate goals.",rounds[23].agents[21].punishment_reasoning
RB-23-A21-belief_strategy,23,21,SI,belief_strategy,0,1,0,,0.3564651554910473,,Most contributors follow the SI strategy.,rounds[23].agents[21].belief_state.institutional_strategy
RB-23-A21-belief_observations,23,21,SI,belief_observations,0,1,0,,0.3564651554910473,,"High contributions from peers 3, 6, and 25.",rounds[23].agents[21].belief_state.observations
RB-23-A22-punishment,23,22,SI,punishment,0,0,0,,0.3380284329619197,opportunistic,Punished free-riders and rewarded cooperative agents to maintain group stability.,rounds[23].agents[22].punishment_reasoning
RB-23-A23-contribution,23,23,SI,contribution,0,0,0,,0.1448440708923071,opportunistic,I contribute my previous round's amount to maintain consistency and avoid being perceived as a free-rider.,rounds[23].agents[23].contribution_reasoning
RB-23-A23-punishment,23,23,SI,punishment,0,0,0,,0.1448440708923071,opportunistic,Punish free-riders and reward high contributors to maintain institutional balance and encourage cooperation.,rounds[23].agents[23].punishment_reasoning
RB-23-A24-contribution,23,24,SFI,contribution,0,1,0,,0.040546454348467,,"I follow my recent institutional strategy, SFI, and contribute a moderate amount based on past behavior.",rounds[23].agents[24].contribution_reasoning
RB-23-A24-belief_strategy,23,24,SFI,belief_strategy,0,1,0,,0.040546454348467,,Most peers follow institutional strategy (SI) except for low contributors.,rounds[23].agents[24].belief_state.institutional_strategy
RB-23-A24-belief_observations,23,24,SFI,belief_observations,0,1,0,,0.040546454348467,,"High contributors in SI, low contributors in SFI.",rounds[23].agents[24].belief_state.observations
RB-23-A25-punishment,23,25,SI,punishment,0,0,0,,2.820497152511444,future_rounds|opportunistic,Targeted free-riders and rewarded a generous contributor to maintain cooperation and long-term climate stability.,rounds[23].agents[25].punishment_reasoning
RB-24-A0-contribution,24,0,SFI,contribution,1,0,0,,0.0,,"Given a low MCPR and high budget, contributing minimally maximizes my payoff.",rounds[24].agents[0].contribution_reasoning
RB-24-A0-belief_strategy,24,0,SFI,belief_strategy,1,0,0,,0.0,,Most peers follow the SI strategy.,rounds[24].agents[0].belief_state.institutional_strategy
RB-24-A0-belief_observations,24,0,SFI,belief_observations,1,0,0,,0.0,,High contributors are mostly following the SI strategy.,rounds[24].agents[0].belief_state.observations
RB-24-A1-contribution,24,1,SFI,contribution,1,1,1,,0.0003676325513091,,I contributed a moderate amount to balance short-term resilience needs with long-run cooperation incentives.,rounds[24].agents[1].contribution_reasoning
RB-24-A1-belief_strategy,24,1,SFI,belief_strategy,1,1,1,,0.0003676325513091,conformity,Most peers are contributing high amounts to SI institutions.,rounds[24].agents[1].belief_state.institutional_strategy
RB-24-A1-belief_observations,24,1,SFI,belief_observations,1,1,1,,0.0003676325513091,,"High contributors are mostly in SI, while low contributors are mostly in SFI.",rounds[24].agents[1].belief_state.observations
RB-24-A2-punishment,24,2,SI,punishment,0,0,0,,0.0462359994497697,reputation_management|future_rounds|opportunistic,Punishing free-riders and rewarding high contributors to maintain SI's reputation and long-term climate stability.,rounds[24].agents[2].punishment_reasoning
RB-24-A3-contribution,24,3,SI,contribution,0,1,0,,0.0,,"Given a high MCPR and my previous contributions, I choose to contribute minimally this round.",rounds[24].agents[3].contribution_reasoning
RB-24-A3-punishment,24,3,SI,punishment,0,1,0,,0.0,punishment_avoidance|opportunistic,Punishing free-riders and rewarding high contributors to maintain a balanced sanction strategy.,rounds[24].agents[3].punishment_reasoning
RB-24-A3-belief_strategy,24,3,SI,belief_strategy,0,1,0,,0.0,,Most peers follow the SI strategy.,rounds[24].agents[3].belief_state.institutional_strategy
RB-24-A3-belief_observations,24,3,SI,belief_observations,0,1,0,,0.0,,High contributors are mostly in the SI institution.,rounds[24].agents[3].belief_state.observations
RB-24-A5-contribution,24,5,SI,contribution,0,0,0,,0.0513284777234442,conformity,I've chosen to contribute a moderate amount based on the high MCPR and previous round's group average contribution.,rounds[24].agents[5].contribution_reasoning
RB-24-A5-punishment,24,5,SI,punishment,0,0,0,,0.0513284777234442,opportunistic,Punishing free-riders and rewarding high contributors to promote cooperation and accountability within our institution.,rounds[24].agents[5].punishment_reasoning
RB-24-A6-punishment,24,6,SI,punishment,0,0,0,,0.0,future_rounds|opportunistic,Punishing free-riders and rewarding high contributors to promote cooperation and long-term climate stability within our institution.,rounds[24].agents[6].punishment_reasoning
RB-24-A8-contribution,24,8,SFI,contribution,0,1,0,,0.0148506762132684,,"Contribution is consistent with previous rounds, considering MCPR and budget.",rounds[24].agents[8].contribution_reasoning
RB-24-A8-belief_strategy,24,8,SFI,belief_strategy,0,1,0,,0.0148506762132684,,Most peers follow the SI strategy.,rounds[24].agents[8].belief_state.institutional_strategy
RB-24-A8-belief_observations,24,8,SFI,belief_observations,0,1,0,,0.0148506762132684,,High contributors are mostly in the SI institution.,rounds[24].agents[8].belief_state.observations
RB-24-A9-contribution,24,9,SFI,contribution,0,0,0,,0.1991429233500213,future_rounds,I contributed a moderate amount to balance my long-term interests with immediate needs.,rounds[24].agents[9].contribution_reasoning
RB-24-A10-contribution,24,10,SI,contribution,0,1,0,,0.3680691769744558,,High marginal return to me per unit contributed and historical high contributions from SI members justify a moderate contribution.,rounds[24].agents[10].contribution_reasoning
RB-24-A10-punishment,24,10,SI,punishment,0,1,0,,0.3680691769744558,opportunistic,"Punish free-riders, reward high contributors for maintaining group stability and credibility.",rounds[24].agents[10].punishment_reasoning
RB-24-A10-belief_strategy,24,10,SI,belief_strategy,0,1,0,,0.3680691769744558,,Most peers follow the Selfish-Institution (SI) strategy.,rounds[24].agents[10].belief_state.institutional_strategy
RB-24-A10-belief_observations,24,10,SI,belief_observations,0,1,0,,0.3680691769744558,,High-contributors are mostly following the SI strategy.,rounds[24].agents[10].belief_state.observations
RB-24-A11-belief_strategy,24,11,SFI,belief_strategy,0,0,0,,0.0117351826747224,named_agents,"Most peers use strategy SI, except Agent 11 using SFI.",rounds[24].agents[11].belief_state.institutional_strategy
RB-24-A12-contribution,24,12,SFI,contribution,0,0,0,,1.840408418342452,conformity,I contribute my previous round's average contribution to maintain consistency and maximize cumulative payoff.,rounds[24].agents[12].contribution_reasoning
RB-24-A13-contribution,24,13,SI,contribution,0,0,0,,0.0521718120770447,opportunistic,"I'll contribute a moderate amount, similar to my recent contributions, as it balances self-interest with institutional credibility.",rounds[24].agents[13].contribution_reasoning
RB-24-A13-punishment,24,13,SI,punishment,0,0,0,,0.0521718120770447,opportunistic,Punishing free-riders and rewarding high contributors to maintain group stability and credibility.,rounds[24].agents[13].punishment_reasoning
RB-24-A14-punishment,24,14,SI,punishment,0,0,0,,0.0,fairness|opportunistic,Punishing free-riders while rewarding high contributors to maintain a fair and incentivized environment within the SI framework.,rounds[24].agents[14].punishment_reasoning
RB-24-A15-contribution,24,15,SFI,contribution,1,1,1,,0.0,,"Given SFI's historical low contributions and my own past behavior, I choose to contribute nothing this round.",rounds[24].agents[15].contribution_reasoning
RB-24-A15-belief_strategy,24,15,SFI,belief_strategy,1,1,1,,0.0,,Most peers contribute highly in SI.,rounds[24].agents[15].belief_state.institutional_strategy
RB-24-A15-belief_observations,24,15,SFI,belief_observations,1,1,1,,0.0,named_agents,"High contribution from most peers, except Agent 15.",rounds[24].agents[15].belief_state.observations
RB-24-A16-contribution,24,16,SI,contribution,0,0,0,,0.0452662006293779,opportunistic,"I'll contribute a moderate amount to align with past behavior and maximize my payoff, considering the MCPR and group multiplier.",rounds[24].agents[16].contribution_reasoning
RB-24-A16-punishment,24,16,SI,punishment,0,0,0,,0.0452662006293779,opportunistic,Punishing free-riders and rewarding high contributors to maintain group stability and institutional credibility.,rounds[24].agents[16].punishment_reasoning
RB-24-A18-contribution,24,18,SFI,contribution,1,0,1,,0.0498160421661199,,I have chosen to contribute a moderate amount based on the high MCPR and my institution's tendency to contribute minimally.,rounds[24].agents[18].contribution_reasoning
RB-24-A18-belief_strategy,24,18,SFI,belief_strategy,1,0,1,,0.0498160421661199,,Most contributors are in the SI institution.,rounds[24].agents[18].belief_state.institutional_strategy
RB-24-A18-belief_observations,24,18,SFI,belief_observations,1,0,1,,0.0498160421661199,,High contributions from peers in the SI institution.,rounds[24].agents[18].belief_state.observations
RB-24-A20-belief_strategy,24,20,SFI,belief_strategy,0,0,0,,0.0,named_agents,"Most peers follow SI, except Agent 20 who follows SFI.",rounds[24].agents[20].belief_state.institutional_strategy
RB-24-A21-punishment,24,21,SI,punishment,0,0,0,,0.3738298791451114,opportunistic,Focused on punishing free-riders and rewarding generous contributors based on their actions and stated intents.,rounds[24].agents[21].punishment_reasoning
RB-24-A22-punishment,24,22,SI,punishment,0,0,0,,0.5459207405919029,opportunistic,"Punished free-riders who contributed below the group average or did not match their stated intent, while rewarding generous contributors.",rounds[24].agents[22].punishment_reasoning
RB-24-A23-contribution,24,23,SI,contribution,0,0,0,,0.1429649444161445,opportunistic,I'll contribute a significant amount to align with other high contributors and maximize my payoff.,rounds[24].agents[23].contribution_reasoning
RB-24-A23-punishment,24,23,SI,punishment,0,0,0,,0.1429649444161445,opportunistic,Punishing free-riders and rewarding high contributors to maintain cooperation within SI.,rounds[24].agents[23].punishment_reasoning
RB-24-A25-contribution,24,25,SI,contribution,0,0,0,,0.4872803844970981,opportunistic,"I have chosen to contribute $20 billion to maximize my payoff, given high MCPR and sufficient budget.",rounds[24].agents[25].contribution_reasoning
RB-24-A25-punishment,24,25,SI,punishment,0,0,0,,0.4872803844970981,reputation_management|fairness|opportunistic,Punish free-riders and reward generous contributors to maintain SI's reputation and fairness.,rounds[24].agents[25].punishment_reasoning
RB-25-A0-contribution,25,0,SFI,contribution,1,1,1,,0.0,opportunistic,"Given high peer contributions and institutional strategy, I choose to free ride.",rounds[25].agents[0].contribution_reasoning
RB-25-A0-belief_strategy,25,0,SFI,belief_strategy,1,1,1,,0.0,conformity,Most peers are using the Strategy of Iterated Prisoner's Dilemma (SI).,rounds[25].agents[0].belief_state.institutional_strategy
RB-25-A0-belief_observations,25,0,SFI,belief_observations,1,1,1,,0.0,named_agents,"Agent 21 and Agent 6 have high contributions in SI, while Agent 4 has a low contribution in SFI.",rounds[25].agents[0].belief_state.observations
RB-25-A2-punishment,25,2,SI,punishment,0,0,0,,0.0441921878945375,opportunistic,Punished free-riders and rewarded high contributors who were consistent with their stated intentions.,rounds[25].agents[2].punishment_reasoning
RB-25-A3-punishment,25,3,SI,punishment,0,0,0,,0.1387680660960756,opportunistic,Punishing free-riders and rewarding generous contributors to maintain the SI institution's integrity.,rounds[25].agents[3].punishment_reasoning
RB-25-A5-contribution,25,5,SI,contribution,0,1,0,,0.0835340018164769,,Contribution is based on previous round's group average to maximize cumulative payoff.,rounds[25].agents[5].contribution_reasoning
RB-25-A5-punishment,25,5,SI,punishment,0,1,0,,0.0835340018164769,opportunistic,Punish free-riders and reward cooperative contributors.,rounds[25].agents[5].punishment_reasoning
RB-25-A5-belief_strategy,25,5,SI,belief_strategy,0,1,0,,0.0835340018164769,,Most contributors follow the SI strategy.,rounds[25].agents[5].belief_state.institutional_strategy
RB-25-A5-belief_observations,25,5,SI,belief_observations,0,1,0,,0.0835340018164769,,High contributions from peers with SI strategy.,rounds[25].agents[5].belief_state.observations
RB-25-A6-contribution,25,6,SI,contribution,0,0,0,,0.141904833037375,punishment_avoidance,Maximize payoff by contributing a moderate amount to maintain credibility and avoid punishment.,rounds[25].agents[6].contribution_reasoning
RB-25-A6-punishment,25,6,SI,punishment,0,0,0,,0.141904833037375,fairness|opportunistic,Punished free-riders and rewarded generous contributors to promote fairness and cooperation within our institution.,rounds[25].agents[6].punishment_reasoning
RB-25-A7-contribution,25,7,SFI,contribution,1,1,1,,0.0012162453713842,named_agents,Balancing immediate resilience needs with cooperation incentives and following Agent 1's contribution strategy.,rounds[25].agents[7].contribution_reasoning
RB-25-A7-belief_strategy,25,7,SFI,belief_strategy,1,1,1,,0.0012162453713842,,Most contributors are using the SI strategy.,rounds[25].agents[7].belief_state.institutional_strategy
RB-25-A7-belief_observations,25,7,SFI,belief_observations,1,1,1,,0.0012162453713842,,"High contributors in SI, low contributors in SFI.",rounds[25].agents[7].belief_state.observations
RB-25-A9-contribution,25,9,SFI,contribution,1,1,1,,0.1872044543266732,opportunistic,"I'll contribute a moderate amount to maximize my payoff, considering my previous contributions and MCPR.",rounds[25].agents[9].contribution_reasoning
RB-25-A9-belief_strategy,25,9,SFI,belief_strategy,1,1,1,,0.1872044543266732,,"Most peers follow SI, but some deviate.",rounds[25].agents[9].belief_state.institutional_strategy
RB-25-A9-belief_observations,25,9,SFI,belief_observations,1,1,1,,0.1872044543266732,,High contributors are mostly in SI.,rounds[25].agents[9].belief_state.observations
RB-25-A10-punishment,25,10,SI,punishment,0,0,0,,0.0,opportunistic,Punished free-riders and rewarded a generous contributor based on current-round contributions and stated intent.,rounds[25].agents[10].punishment_reasoning
RB-25-A12-belief_strategy,25,12,SFI,belief_strategy,0,0,0,,0.0,named_agents,"Most peers follow SI, except Agent 12 (SFI)",rounds[25].agents[12].belief_state.institutional_strategy
RB-25-A12-belief_observations,25,12,SFI,belief_observations,0,0,0,,0.0,named_agents,Agent 21 and 6 have high contributions in SI,rounds[25].agents[12].belief_state.observations
RB-25-A13-punishment,25,13,SI,punishment,0,0,0,,0.0501526354362202,opportunistic,"Punish free-riders who consistently contributed below the group average, reward generous contributors with high MCPR but inconsistent stated intent or behavior.",rounds[25].agents[13].punishment_reasoning
RB-25-A14-contribution,25,14,SI,contribution,1,1,1,,0.0565789176479457,reputation_management,"I'll contribute a significant amount to maintain my reputation as a high contributor and take advantage of the MCPR, while also contributing to emissions reduction.",rounds[25].agents[14].contribution_reasoning
RB-25-A14-punishment,25,14,SI,punishment,1,1,1,,0.0565789176479457,opportunistic,Punishing free-riders and rewarding generous contributors within the SI framework to maintain consistency and encourage cooperation.,rounds[25].agents[14].punishment_reasoning
RB-25-A14-belief_strategy,25,14,SI,belief_strategy,1,1,1,,0.0565789176479457,,Most contributors follow the Selfish-Institutional (SI) strategy.,rounds[25].agents[14].belief_state.institutional_strategy
RB-25-A14-belief_observations,25,14,SI,belief_observations,1,1,1,,0.0565789176479457,,High contributions from peers with SI institutional strategy.,rounds[25].agents[14].belief_state.observations
RB-25-A15-contribution,25,15,SFI,contribution,0,0,0,,0.0018146802808833,opportunistic,"Free-riding is a common behavior among SFI members, and I have observed that contributing minimally maximizes my payoff.",rounds[25].agents[15].contribution_reasoning
RB-25-A15-belief_observations,25,15,SFI,belief_observations,0,0,0,,0.0018146802808833,conformity,High-contributing peers are mostly from SI institution.,rounds[25].agents[15].belief_state.observations
RB-25-A16-contribution,25,16,SI,contribution,0,1,0,,0.0406483075532462,opportunistic,"I'll contribute a moderate amount to maximize my payoff, considering my high MCPR and recent contributions.",rounds[25].agents[16].contribution_reasoning
RB-25-A16-punishment,25,16,SI,punishment,0,1,0,,0.0406483075532462,opportunistic,Punishing free-riders and rewarding those who contributed generously.,rounds[25].agents[16].punishment_reasoning
RB-25-A16-belief_strategy,25,16,SI,belief_strategy,0,1,0,,0.0406483075532462,,Most peers follow the SI strategy.,rounds[25].agents[16].belief_state.institutional_strategy
RB-25-A16-belief_observations,25,16,SI,belief_observations,0,1,0,,0.0406483075532462,,High contributors are mostly following the SI strategy.,rounds[25].agents[16].belief_state.observations
RB-25-A19-contribution,25,19,SFI,contribution,0,0,0,,0.0003334402706834,conformity,"I'll contribute a moderate amount, following my recent contributions and considering the group's average contribution from previous rounds.",rounds[25].agents[19].contribution_reasoning
RB-25-A21-contribution,25,21,SI,contribution,0,0,0,,0.4194666492740256,opportunistic,"I'll contribute a moderate amount to maximize my payoff, considering my recent contributions and MCPR.",rounds[25].agents[21].contribution_reasoning
RB-25-A21-punishment,25,21,SI,punishment,0,0,0,,0.4194666492740256,fairness|opportunistic,Punished free-riders and rewarded consistent contributors from SI institution to maintain cooperation and fairness within the group.,rounds[25].agents[21].punishment_reasoning
RB-25-A22-punishment,25,22,SI,punishment,0,0,0,,0.0,opportunistic,Punishing free-riders and rewarding high contributors based on past behavior and current contributions.,rounds[25].agents[22].punishment_reasoning
RB-25-A23-punishment,25,23,SI,punishment,0,0,0,,0.0705873442258713,fairness|opportunistic,Punishing free-riders while rewarding consistent high contributors to maintain cooperation and fairness in our institution.,rounds[25].agents[23].punishment_reasoning
RB-25-A25-punishment,25,25,SI,punishment,0,0,0,,0.4727389006716867,fairness|opportunistic,Punished free-riders and rewarded consistent contributors to promote fairness and cooperation within SI peers.,rounds[25].agents[25].punishment_reasoning
RB-26-A0-contribution,26,0,SFI,contribution,1,0,0,,0.0006030055479089,opportunistic,"As a developing country with limited resources, I choose to contribute a moderate amount to avoid free-riding accusations and maintain cooperation incentives.",rounds[26].agents[0].contribution_reasoning
RB-26-A0-belief_strategy,26,0,SFI,belief_strategy,1,0,0,,0.0006030055479089,,"Most peers contribute moderately, except for a few high and low contributors.",rounds[26].agents[0].belief_state.institutional_strategy
RB-26-A0-belief_observations,26,0,SFI,belief_observations,1,0,0,,0.0006030055479089,named_agents,"High contributions from Agent 23 (SI) and Agent 21 (SI), while others contribute little or nothing.",rounds[26].agents[0].belief_state.observations
RB-26-A2-contribution,26,2,SI,contribution,0,0,0,,0.039288059746447,opportunistic,"I'll contribute a moderate amount to balance between self-interest and cooperation, considering my previous contributions and institutional strategy.",rounds[26].agents[2].contribution_reasoning
RB-26-A2-punishment,26,2,SI,punishment,0,0,0,,0.039288059746447,opportunistic,Punished free-riders and rewarded cooperative peers.,rounds[26].agents[2].punishment_reasoning
RB-26-A3-contribution,26,3,SI,contribution,1,1,1,,0.0,,"Given a high MCPR and large wealth, contributing nothing maximizes my payoff.",rounds[26].agents[3].contribution_reasoning
RB-26-A3-punishment,26,3,SI,punishment,1,1,1,,0.0,opportunistic,Punishing free-riders and rewarding generous contributors to promote cooperation within the Same Institution (SI) group.,rounds[26].agents[3].punishment_reasoning
RB-26-A3-belief_strategy,26,3,SI,belief_strategy,1,1,1,,0.0,,Most peers follow a cooperative strategy in SI institutions.,rounds[26].agents[3].belief_state.institutional_strategy
RB-26-A3-belief_observations,26,3,SI,belief_observations,1,1,1,,0.0,named_agents,"Agent 23 contributed highly, while Agent 21 and others had moderate contributions.",rounds[26].agents[3].belief_state.observations
RB-26-A4-contribution,26,4,SFI,contribution,1,1,1,,0.4777210684955101,reputation_management|opportunistic,Maximize personal payoff by contributing at the minimum level to avoid free-rider reputation while being consistent with previous actions.,rounds[26].agents[4].contribution_reasoning
RB-26-A4-belief_strategy,26,4,SFI,belief_strategy,1,1,1,,0.4777210684955101,,Most peers follow institutional strategy (SI) with varying contributions.,rounds[26].agents[4].belief_state.institutional_strategy
RB-26-A4-belief_observations,26,4,SFI,belief_observations,1,1,1,,0.4777210684955101,,Low contributors and defectors were observed in both institutions.,rounds[26].agents[4].belief_state.observations
RB-26-A5-punishment,26,5,SI,punishment,0,0,0,,0.0745626356822677,fairness|opportunistic,Punishing free-riders and rewarding generous contributors to maintain fairness and encourage cooperation.,rounds[26].agents[5].punishment_reasoning
RB-26-A6-contribution,26,6,SI,contribution,1,1,1,,0.1237658776784626,,I have chosen to contribute a significant amount based on my institution's (SI) high MCPR and the need for cooperation from developed countries.,rounds[26].agents[6].contribution_reasoning
RB-26-A6-punishment,26,6,SI,punishment,1,1,1,,0.1237658776784626,opportunistic,Punishing free-riders who contributed below the group average and rewarding generous contributors to public goods.,rounds[26].agents[6].punishment_reasoning
RB-26-A6-belief_strategy,26,6,SI,belief_strategy,1,1,1,,0.1237658776784626,,Most contributors follow the Standard Institutional (SI) strategy.,rounds[26].agents[6].belief_state.institutional_strategy
RB-26-A6-belief_observations,26,6,SI,belief_observations,1,1,1,,0.1237658776784626,,Low contributors in SFI and high contributors in SI are notable this round.,rounds[26].agents[6].belief_state.observations
RB-26-A7-contribution,26,7,SFI,contribution,1,0,1,,4.129255052760843,opportunistic,"Since I am from SFI, contributing the maximum amount will maximize my cumulative payoff.",rounds[26].agents[7].contribution_reasoning
RB-26-A7-belief_strategy,26,7,SFI,belief_strategy,1,0,1,,4.129255052760843,,Most contributors follow the Selfish-Institutional strategy.,rounds[26].agents[7].belief_state.institutional_strategy
RB-26-A7-belief_observations,26,7,SFI,belief_observations,1,0,1,,4.129255052760843,named_agents,Agent 7's contribution was significantly lower than average.,rounds[26].agents[7].belief_state.observations
RB-26-A10-punishment,26,10,SI,punishment,0,0,0,,0.0646103683956031,opportunistic,Punishing free-riders and rewarding generous contributors to maintain cooperation within the SI group.,rounds[26].agents[10].punishment_reasoning
RB-26-A11-contribution,26,11,SFI,contribution,0,0,0,,0.0104591710330793,future_rounds,I contributed a moderate amount to balance my long-term interests with immediate needs.,rounds[26].agents[11].contribution_reasoning
RB-26-A12-contribution,26,12,SFI,contribution,0,1,0,,0.7494178451752143,,I maintain my previous contribution level as it balances immediate resilience needs with long-run cooperation incentives.,rounds[26].agents[12].contribution_reasoning
RB-26-A12-belief_strategy,26,12,SFI,belief_strategy,0,1,0,,0.7494178451752143,,Most peers follow the SI strategy.,rounds[26].agents[12].belief_state.institutional_strategy
RB-26-A12-belief_observations,26,12,SFI,belief_observations,0,1,0,,0.7494178451752143,named_agents,"Agent 12 contributed significantly, but Agent 3 and others did not.",rounds[26].agents[12].belief_state.observations
RB-26-A13-punishment,26,13,SI,punishment,0,0,0,,0.0394599481975123,opportunistic,Punishing free-riders and rewarding cooperative peers to maintain social identity framework.,rounds[26].agents[13].punishment_reasoning
RB-26-A14-contribution,26,14,SI,contribution,1,0,1,,0.0411998330408077,,I have chosen to contribute a significant amount based on my institution's typical high MCPR and past contributions from peers with SI institutional strategy.,rounds[26].agents[14].contribution_reasoning
RB-26-A14-punishment,26,14,SI,punishment,1,0,1,,0.0411998330408077,opportunistic,Targeted punishments for free-riders and rewards for high contributors with similar institutional strategy.,rounds[26].agents[14].punishment_reasoning
RB-26-A14-belief_strategy,26,14,SI,belief_strategy,1,0,1,,0.0411998330408077,,Most contributors are from Strategy Incentivized (SI).,rounds[26].agents[14].belief_state.institutional_strategy
RB-26-A14-belief_observations,26,14,SI,belief_observations,1,0,1,,0.0411998330408077,,"Low contributions observed in some peers, while high contributors stand out.",rounds[26].agents[14].belief_state.observations
RB-26-A15-contribution,26,15,SFI,contribution,1,1,0,,0.1655072860719192,conformity,"Aiming to contribute a significant amount, but not exceeding the average contribution of the previous round.",rounds[26].agents[15].contribution_reasoning
RB-26-A15-belief_strategy,26,15,SFI,belief_strategy,1,1,0,,0.1655072860719192,,Peer institutions vary between SFI and SI.,rounds[26].agents[15].belief_state.institutional_strategy
RB-26-A15-belief_observations,26,15,SFI,belief_observations,1,1,0,,0.1655072860719192,,High contributors are rewarded with higher payoffs.,rounds[26].agents[15].belief_state.observations
RB-26-A16-contribution,26,16,SI,contribution,0,0,0,,0.0361471179923428,opportunistic,"I'll contribute a moderate amount, balancing between cooperation and self-interest.",rounds[26].agents[16].contribution_reasoning
RB-26-A16-punishment,26,16,SI,punishment,0,0,0,,0.0361471179923428,opportunistic,Punished free-riders and rewarded cooperative contributors to maintain social equilibrium.,rounds[26].agents[16].punishment_reasoning
RB-26-A20-contribution,26,20,SFI,contribution,1,1,0,,0.3146982650204122,,"Contribution is based on the previous round's group average, considering our institution's typical behavior and MCPR.",rounds[26].agents[20].contribution_reasoning
RB-26-A20-belief_strategy,26,20,SFI,belief_strategy,1,1,0,,0.3146982650204122,,Most peers follow the SI strategy.,rounds[26].agents[20].belief_state.institutional_strategy
RB-26-A20-belief_observations,26,20,SFI,belief_observations,1,1,0,,0.3146982650204122,,Some agents contribute significantly more than others.,rounds[26].agents[20].belief_state.observations
RB-26-A21-punishment,26,21,SI,punishment,0,0,0,,0.3650200231368669,opportunistic,Focused on punishing free-riders within the SI institution while rewarding a generous cooperator.,rounds[26].agents[21].punishment_reasoning
RB-26-A22-contribution,26,22,SI,contribution,0,0,0,,0.206503980820604,opportunistic,I have chosen to contribute a significant amount to demonstrate commitment to emissions reduction and maximize my payoff.,rounds[26].agents[22].contribution_reasoning
RB-26-A22-punishment,26,22,SI,punishment,0,0,0,,0.206503980820604,opportunistic,"Punished free-riders with high wealth, rewarded generous contributors.",rounds[26].agents[22].punishment_reasoning
RB-26-A22-belief_observations,26,22,SI,belief_observations,0,0,0,,0.206503980820604,named_agents,"Agent 22 contributed significantly, while Agent 3 and others did not.",rounds[26].agents[22].belief_state.observations
RB-26-A23-punishment,26,23,SI,punishment,0,0,0,,3.6414472556320137,opportunistic,Punishing free-riders and rewarding a generous contributor.,rounds[26].agents[23].punishment_reasoning
RB-26-A25-punishment,26,25,SI,punishment,0,0,0,,0.2207083389298835,fairness|opportunistic,Punishing free-riders and rewarding generous contributors to promote cooperation and fairness in the public goods experiment.,rounds[26].agents[25].punishment_reasoning
RB-26-A25-belief_observations,26,25,SI,belief_observations,0,0,0,,0.2207083389298835,named_agents,Agent 3 and Agent 18 have not contributed this round.,rounds[26].agents[25].belief_state.observations
RB-27-A0-contribution,27,0,SFI,contribution,1,0,0,,0.0,,"Given a high MCPR and my developing country's vulnerability, I choose to conserve resources for immediate resilience needs.",rounds[27].agents[0].contribution_reasoning
RB-27-A0-belief_strategy,27,0,SFI,belief_strategy,1,0,0,,0.0,,"Most peers in SI, some in SFI.",rounds[27].agents[0].belief_state.institutional_strategy
RB-27-A0-belief_observations,27,0,SFI,belief_observations,1,0,0,,0.0,,High contributions from a few agents in SI.,rounds[27].agents[0].belief_state.observations
RB-27-A2-contribution,27,2,SI,contribution,0,1,0,,0.0346172060979992,,I'll contribute a moderate amount based on past rounds and my institution's typical behavior.,rounds[27].agents[2].contribution_reasoning
RB-27-A2-punishment,27,2,SI,punishment,0,1,0,,0.0346172060979992,opportunistic,Punished free-riders and rewarded cooperative peers to maintain institutional strategy.,rounds[27].agents[2].punishment_reasoning
RB-27-A2-belief_strategy,27,2,SI,belief_strategy,0,1,0,,0.0346172060979992,,Most contributors follow the Selfish-Institutional (SI) strategy.,rounds[27].agents[2].belief_state.institutional_strategy
RB-27-A2-belief_observations,27,2,SI,belief_observations,0,1,0,,0.0346172060979992,,"High contributions from peers in SI, low contributions from those in SFI.",rounds[27].agents[2].belief_state.observations
RB-27-A3-punishment,27,3,SI,punishment,0,0,0,,3.2772846885063207,opportunistic,Punishing free-riders and rewarding generous contributors to maintain a cooperative environment within our institution.,rounds[27].agents[3].punishment_reasoning
RB-27-A4-contribution,27,4,SFI,contribution,1,0,1,,0.2205194202632648,,Choose a moderate contribution to balance individual and collective interests.,rounds[27].agents[4].contribution_reasoning
RB-27-A4-belief_strategy,27,4,SFI,belief_strategy,1,0,1,,0.2205194202632648,,High contributors are rewarded in the SI institution.,rounds[27].agents[4].belief_state.institutional_strategy
RB-27-A4-belief_observations,27,4,SFI,belief_observations,1,0,1,,0.2205194202632648,named_agents,Agent 4 contributed 100000 to the SFI institution.,rounds[27].agents[4].belief_state.observations
RB-27-A5-punishment,27,5,SI,punishment,0,0,0,,0.0582386327630623,opportunistic,Punished free-riders and rewarded generous contributors to maintain consistency within the institution.,rounds[27].agents[5].punishment_reasoning
RB-27-A6-punishment,27,6,SI,punishment,0,0,0,,0.1655374396564347,opportunistic,"Punished free-riders who did not contribute in line with their stated intent, while rewarding high contributors for their efforts.",rounds[27].agents[6].punishment_reasoning
RB-27-A9-belief_strategy,27,9,SFI,belief_strategy,0,0,0,,0.1652139835808893,named_agents,"Most peers follow SI, except Agent 9 (SFI)",rounds[27].agents[9].belief_state.institutional_strategy
RB-27-A10-contribution,27,10,SI,contribution,1,1,1,,0.0480342579267961,named_agents,"I've chosen to contribute a significant amount based on my high MCPR and wealth, aligning with Agent 2's contribution.",rounds[27].agents[10].contribution_reasoning
RB-27-A10-punishment,27,10,SI,punishment,1,1,1,,0.0480342579267961,opportunistic,Punishing free-riders and rewarding cooperative agents to maintain institutional trust.,rounds[27].agents[10].punishment_reasoning
RB-27-A10-belief_strategy,27,10,SI,belief_strategy,1,1,1,,0.0480342579267961,,Most contributors are using the Strategy Incentives (SI) framework.,rounds[27].agents[10].belief_state.institutional_strategy
RB-27-A10-belief_observations,27,10,SI,belief_observations,1,1,1,,0.0480342579267961,fairness,"High contributions were observed from peers using SI, while those using Simple Fair Institutions (SFI) contributed less.",rounds[27].agents[10].belief_state.observations
RB-27-A12-contribution,27,12,SFI,contribution,1,1,1,,1.034986865131872,,I contribute a significant amount to maintain cooperation and balance my past contributions.,rounds[27].agents[12].contribution_reasoning
RB-27-A12-belief_strategy,27,12,SFI,belief_strategy,1,1,1,,1.034986865131872,named_agents,Agent 3 uses a Selfish-Institutional strategy.,rounds[27].agents[12].belief_state.institutional_strategy
RB-27-A12-belief_observations,27,12,SFI,belief_observations,1,1,1,,1.034986865131872,,High contributors in SI institutions are notable this round.,rounds[27].agents[12].belief_state.observations
RB-27-A13-contribution,27,13,SI,contribution,0,0,0,,0.0345253555456173,opportunistic,"I followed my institution's typical behavior, contributing a significant amount to maximize my payoff.",rounds[27].agents[13].contribution_reasoning
RB-27-A13-punishment,27,13,SI,punishment,0,0,0,,0.0345253555456173,opportunistic,Focused on punishing free-riders and rewarding generous contributors.,rounds[27].agents[13].punishment_reasoning
RB-27-A14-punishment,27,14,SI,punishment,0,0,0,,0.0356719821153485,opportunistic,Punished free-riders and rewarded a generous contributor in the SI institution.,rounds[27].agents[14].punishment_reasoning
RB-27-A15-contribution,27,15,SFI,contribution,1,0,1,,0.0,opportunistic,"Given that I have a high wealth and MCPR, contributing nothing allows me to maximize my payoff by minimizing immediate costs.",rounds[27].agents[15].contribution_reasoning
RB-27-A15-belief_strategy,27,15,SFI,belief_strategy,1,0,1,,0.0,,"Most peers in SI, few in SFI.",rounds[27].agents[15].belief_state.institutional_strategy
RB-27-A15-belief_observations,27,15,SFI,belief_observations,1,0,1,,0.0,,"High contributions from some peers, low from others.",rounds[27].agents[15].belief_state.observations
RB-27-A16-punishment,27,16,SI,punishment,0,0,0,,0.0337173866283727,opportunistic,Punished free-riders who contributed below the group average or had inconsistent statements. Rewarded generous contributors who showed high commitment to the cause.,rounds[27].agents[16].punishment_reasoning
RB-27-A19-contribution,27,19,SFI,contribution,0,0,0,,0.0003009988318204,future_rounds,I'll contribute a moderate amount to maintain consistency with my past behavior and keep my options open for future rounds.,rounds[27].agents[19].contribution_reasoning
RB-27-A19-belief_observations,27,19,SFI,belief_observations,0,0,0,,0.0003009988318204,named_agents,Agent 19 has high contribution.,rounds[27].agents[19].belief_state.observations
RB-27-A21-contribution,27,21,SI,contribution,0,1,0,,0.2960802833347244,,I contributed a moderate amount to maintain my past trend while considering the high MCPR.,rounds[27].agents[21].contribution_reasoning
RB-27-A21-punishment,27,21,SI,punishment,0,1,0,,0.2960802833347244,opportunistic,Punishing free-riders who contributed below the group average or whose stated intent did not match their action. Rewarding high contributors with generous amounts.,rounds[27].agents[21].punishment_reasoning
RB-27-A21-belief_strategy,27,21,SI,belief_strategy,0,1,0,,0.2960802833347244,,Institutional strategy is SI.,rounds[27].agents[21].belief_state.institutional_strategy
RB-27-A21-belief_observations,27,21,SI,belief_observations,0,1,0,,0.2960802833347244,,"High contributors are rewarded, low contributors are penalized.",rounds[27].agents[21].belief_state.observations
RB-27-A22-contribution,27,22,SI,contribution,1,1,1,,0.2586521704486786,opportunistic,"I'll contribute a significant amount, but not the maximum, to balance cooperation with self-interest.",rounds[27].agents[22].contribution_reasoning
RB-27-A22-punishment,27,22,SI,punishment,1,1,1,,0.2586521704486786,opportunistic,Punished free-riders and rewarded high contributors to maintain cooperation within the SI institution.,rounds[27].agents[22].punishment_reasoning
RB-27-A22-belief_strategy,27,22,SI,belief_strategy,1,1,1,,0.2586521704486786,,Most contributors are in the SI institution.,rounds[27].agents[22].belief_state.institutional_strategy
RB-27-A22-belief_observations,27,22,SI,belief_observations,1,1,1,,0.2586521704486786,,"High contributions from peers in SI, low contributions from SFI.",rounds[27].agents[22].belief_state.observations
RB-27-A23-punishment,27,23,SI,punishment,0,0,0,,0.4948330560441001,opportunistic,"Punished free-riders who did not follow the institutional strategy (SI), while rewarding generous contributors who adhered to the SI approach.",rounds[27].agents[23].punishment_reasoning
RB-27-A25-contribution,27,25,SI,contribution,0,0,0,,0.1469191760843387,opportunistic,I'll contribute a moderate amount to avoid free-riding while also considering my MCPR and previous contributions.,rounds[27].agents[25].contribution_reasoning
RB-27-A25-punishment,27,25,SI,punishment,0,0,0,,0.1469191760843387,opportunistic,Punished free-riders and rewarded generous contributors to promote cooperation within the institution.,rounds[27].agents[25].punishment_reasoning
RB-28-A0-belief_observations,28,0,SFI,belief_observations,0,0,0,,0.0498276660342539,named_agents,Agent 7 and Agent 1 contributed very little to the public good.,rounds[28].agents[0].belief_state.observations
RB-28-A2-contribution,28,2,SI,contribution,0,1,0,,0.0324619430711984,opportunistic,"I'll contribute a moderate amount to maximize my payoff, considering the MCPR and previous round contributions from peers in SI.",rounds[28].agents[2].contribution_reasoning
RB-28-A2-punishment,28,2,SI,punishment,0,1,0,,0.0324619430711984,opportunistic,Punished free-riders and rewarded generous contributors to maintain cooperation within our institution (SI).,rounds[28].agents[2].punishment_reasoning
RB-28-A2-belief_strategy,28,2,SI,belief_strategy,0,1,0,,0.0324619430711984,,Most peers follow SI strategy.,rounds[28].agents[2].belief_state.institutional_strategy
RB-28-A2-belief_observations,28,2,SI,belief_observations,0,1,0,,0.0324619430711984,,"High contributors in SI, low contributors in SFI.",rounds[28].agents[2].belief_state.observations
RB-28-A3-contribution,28,3,SI,contribution,1,1,1,,0.5074515920182836,future_rounds,"Maintaining a balance between immediate payoff and long-term credibility, I choose to contribute a significant amount while avoiding overexertion.",rounds[28].agents[3].contribution_reasoning
RB-28-A3-punishment,28,3,SI,punishment,1,1,1,,0.5074515920182836,opportunistic,Punished free-riders and rewarded high contributors in SI who received aid packages or were generous with their contributions.,rounds[28].agents[3].punishment_reasoning
RB-28-A3-belief_strategy,28,3,SI,belief_strategy,1,1,1,,0.5074515920182836,,Most contributors follow the SI strategy.,rounds[28].agents[3].belief_state.institutional_strategy
RB-28-A3-belief_observations,28,3,SI,belief_observations,1,1,1,,0.5074515920182836,,High contributions from peers with SI strategy.,rounds[28].agents[3].belief_state.observations
RB-28-A5-contribution,28,5,SI,contribution,0,0,0,,0.0358994185971647,opportunistic,"This contribution balances self-interest and cooperation, considering my MCPR and previous round's group average.",rounds[28].agents[5].contribution_reasoning
RB-28-A5-punishment,28,5,SI,punishment,0,0,0,,0.0358994185971647,opportunistic,Punishing free-riders and rewarding cooperative agents to maintain credibility and long-run climate stability.,rounds[28].agents[5].punishment_reasoning
RB-28-A6-punishment,28,6,SI,punishment,0,0,0,,0.0527048726019603,opportunistic,"Punishing free-riders who contributed below the group average or mismatched their stated intent, while rewarding a generous contributor.",rounds[28].agents[6].punishment_reasoning
RB-28-A6-belief_observations,28,6,SI,belief_observations,0,0,0,,0.0527048726019603,named_agents,"High contributors in SI are Agent 25, 22, and 21; low contributors in SFI are Agents 7, 1, and 19.",rounds[28].agents[6].belief_state.observations
RB-28-A8-belief_observations,28,8,SFI,belief_observations,0,0,0,,0.0115512284429835,named_agents,"Agent 8's contribution is moderate, but below average.",rounds[28].agents[8].belief_state.observations
RB-28-A9-belief_strategy,28,9,SFI,belief_strategy,0,0,0,,0.1513573251322839,named_agents,"Most peers follow SI, except Agent 9 (SFI)",rounds[28].agents[9].belief_state.institutional_strategy
RB-28-A10-punishment,28,10,SI,punishment,0,0,0,,0.0439767721770649,future_rounds|opportunistic,Punishing free-riders and rewarding cooperative agents to maintain institutional credibility and long-term climate stability.,rounds[28].agents[10].punishment_reasoning
RB-28-A10-belief_observations,28,10,SI,belief_observations,0,0,0,,0.0439767721770649,named_agents,Agent 7 and Agent 1 have low contributions in a Selfless-Framework-Institutional (SFI) environment.,rounds[28].agents[10].belief_state.observations
RB-28-A11-belief_observations,28,11,SFI,belief_observations,0,0,0,,0.0095741678455035,opportunistic,"High contributions from top peers, with some free-riders.",rounds[28].agents[11].belief_state.observations
RB-28-A13-punishment,28,13,SI,punishment,0,0,0,,0.0367178413325524,opportunistic,Punished free-riders and rewarded generous contributors to balance self-interest and cooperation.,rounds[28].agents[13].punishment_reasoning
RB-28-A14-contribution,28,14,SI,contribution,0,1,0,,0.0331849446116748,,"I'll contribute a moderate amount to support the Global Emissions Reduction Fund, aligning with my institution's cooperative strategy.",rounds[28].agents[14].contribution_reasoning
RB-28-A14-punishment,28,14,SI,punishment,0,1,0,,0.0331849446116748,opportunistic,Punishing free-riders and rewarding cooperative agents in SI group.,rounds[28].agents[14].punishment_reasoning
RB-28-A14-belief_strategy,28,14,SI,belief_strategy,0,1,0,,0.0331849446116748,,Most contributors follow the Selfish-Institutional (SI) strategy.,rounds[28].agents[14].belief_state.institutional_strategy
RB-28-A14-belief_observations,28,14,SI,belief_observations,0,1,0,,0.0331849446116748,,"High contributions from peers in the SI group, while those in SFI contribute little.",rounds[28].agents[14].belief_state.observations
RB-28-A16-punishment,28,16,SI,punishment,0,0,0,,0.031666521930664,opportunistic,Punishing free-riders and rewarding high contributors to maintain institutional cooperation and credibility.,rounds[28].agents[16].punishment_reasoning
RB-28-A17-contribution,28,17,SFI,contribution,0,0,0,,0.0096644762192443,conformity,"I'll contribute a moderate amount, given my recent contributions and the group's average contribution from last round.",rounds[28].agents[17].contribution_reasoning
RB-28-A18-contribution,28,18,SFI,contribution,1,1,1,,0.6764296236237592,,"Since I am from a developing country with high vulnerability and tight budget constraints, contributing the maximum amount will balance my immediate resilience needs against long-run cooperation incentives.",rounds[28].agents[18].contribution_reasoning
RB-28-A18-belief_strategy,28,18,SFI,belief_strategy,1,1,1,,0.6764296236237592,,Most peers follow SI strategy.,rounds[28].agents[18].belief_state.institutional_strategy
RB-28-A18-belief_observations,28,18,SFI,belief_observations,1,1,1,,0.6764296236237592,,High contributors are mostly from SI institution.,rounds[28].agents[18].belief_state.observations
RB-28-A19-belief_observations,28,19,SFI,belief_observations,0,0,0,,0.0002850856571725,named_agents,Agent 7 and Agent 19 have low contributions.,rounds[28].agents[19].belief_state.observations
RB-28-A20-contribution,28,20,SFI,contribution,0,0,0,,0.3140058057995314,future_rounds,I'll contribute a moderate amount to maintain my recent trend and balance immediate needs with long-term cooperation incentives.,rounds[28].agents[20].contribution_reasoning
RB-28-A20-belief_strategy,28,20,SFI,belief_strategy,0,0,0,,0.3140058057995314,named_agents,"Most peers follow SI, except Agent 20 who follows SFI.",rounds[28].agents[20].belief_state.institutional_strategy
RB-28-A21-punishment,28,21,SI,punishment,0,0,0,,0.2930677311458033,future_rounds|opportunistic,Punishing free-riders and rewarding high contributors to maintain institutional credibility and long-term climate stability.,rounds[28].agents[21].punishment_reasoning
RB-28-A22-contribution,28,22,SI,contribution,0,0,0,,0.2647179486559536,conformity,"Given my institution's (SI) typical behavior and the previous round's group average contribution, I'm choosing a contribution close to the group average.",rounds[28].agents[22].contribution_reasoning
RB-28-A22-punishment,28,22,SI,punishment,0,0,0,,0.2647179486559536,future_rounds|opportunistic,Punishing free-riders and rewarding high contributors to encourage cooperation and long-term stability.,rounds[28].agents[22].punishment_reasoning
RB-28-A23-contribution,28,23,SI,contribution,0,1,0,,0.2790697923634418,future_rounds,"I've chosen a moderate contribution to balance immediate costs and long-term payoff, considering my high wealth and MCPR.",rounds[28].agents[23].contribution_reasoning
RB-28-A23-punishment,28,23,SI,punishment,0,1,0,,0.2790697923634418,opportunistic,Punishing free-riders and rewarding high contributors to maintain cooperation within SI institution.,rounds[28].agents[23].punishment_reasoning
RB-28-A23-belief_strategy,28,23,SI,belief_strategy,0,1,0,,0.2790697923634418,,Most contributors are in the SI institution.,rounds[28].agents[23].belief_state.institutional_strategy
RB-28-A23-belief_observations,28,23,SI,belief_observations,0,1,0,,0.2790697923634418,,"High contributions from peers in SI, low contributions from SFI.",rounds[28].agents[23].belief_state.observations
RB-28-A25-contribution,28,25,SI,contribution,0,0,0,,0.6014446729914595,future_rounds,"I have chosen to contribute a moderate amount based on my institution's strategy and previous round data, balancing short-term costs with long-term benefits.",rounds[28].agents[25].contribution_reasoning
RB-28-A25-punishment,28,25,SI,punishment,0,0,0,,0.6014446729914595,opportunistic,Punish free-riders and reward cooperative agents within SI institution.,rounds[28].agents[25].punishment_reasoning
RB-29-A0-contribution,29,0,SFI,contribution,1,1,1,,0.0497773572586636,,"I'm choosing a moderate contribution to balance immediate resilience needs and long-run cooperation incentives, considering my group type as developing.",rounds[29].agents[0].contribution_reasoning
RB-29-A0-belief_strategy,29,0,SFI,belief_strategy,1,1,1,,0.0497773572586636,,Most peers contribute highly in SI.,rounds[29].agents[0].belief_state.institutional_strategy
RB-29-A0-belief_observations,29,0,SFI,belief_observations,1,1,1,,0.0497773572586636,,"High contributors dominate, while some agents defect or contribute little.",rounds[29].agents[0].belief_state.observations
RB-29-A1-contribution,29,1,SFI,contribution,0,0,0,,0.0002873054624689,opportunistic,I follow my recent institution choices and past contributions to maximize my payoff.,rounds[29].agents[1].contribution_reasoning
RB-29-A2-contribution,29,2,SI,contribution,0,0,0,,0.0317459043104497,opportunistic,"I'll contribute a moderate amount to maximize my payoff, considering past contributions and internal beliefs.",rounds[29].agents[2].contribution_reasoning
RB-29-A2-punishment,29,2,SI,punishment,0,0,0,,0.0317459043104497,future_rounds|opportunistic,Punishing free-riders and rewarding cooperative agents to maintain long-term climate stability and institutional credibility.,rounds[29].agents[2].punishment_reasoning
RB-29-A3-contribution,29,3,SI,contribution,0,0,0,,0.0140518974042866,opportunistic,"I choose to contribute a significant amount, but not the maximum, as it balances self-interest with cooperation.",rounds[29].agents[3].contribution_reasoning
RB-29-A3-punishment,29,3,SI,punishment,0,0,0,,0.0140518974042866,reputation_management|opportunistic,Punishing free-riders while rewarding cooperative agents to maintain credibility and reputation within our institution.,rounds[29].agents[3].punishment_reasoning
RB-29-A4-belief_observations,29,4,SFI,belief_observations,0,0,0,,0.0,named_agents,"Agent 4 contributed significantly to SFI, while Agent 7 and others did not.",rounds[29].agents[4].belief_state.observations
RB-29-A5-punishment,29,5,SI,punishment,0,0,0,,0.0421682061349464,opportunistic,Punished free-riders and rewarded high contributors to promote cooperation and deter under-contribution.,rounds[29].agents[5].punishment_reasoning
RB-29-A6-punishment,29,6,SI,punishment,0,0,0,,0.1001791239468515,reputation_management|opportunistic,Punishing free-riders and rewarding high contributors to maintain credibility and reputation within our institution.,rounds[29].agents[6].punishment_reasoning
RB-29-A8-contribution,29,8,SFI,contribution,0,1,0,,0.0112510916780824,,"I follow my recent contribution pattern, as it maximizes my payoff.",rounds[29].agents[8].contribution_reasoning
RB-29-A8-belief_strategy,29,8,SFI,belief_strategy,0,1,0,,0.0112510916780824,,Most peers follow SI strategy.,rounds[29].agents[8].belief_state.institutional_strategy
RB-29-A8-belief_observations,29,8,SFI,belief_observations,0,1,0,,0.0112510916780824,,High contributors are mostly from SI institution.,rounds[29].agents[8].belief_state.observations
RB-29-A10-contribution,29,10,SI,contribution,0,0,0,,0.0484548306356958,reputation_management,"I'll contribute a significant amount, like my recent history, to maintain credibility and reputation within our institution.",rounds[29].agents[10].contribution_reasoning
RB-29-A10-punishment,29,10,SI,punishment,0,0,0,,0.0484548306356958,opportunistic,Targeted punishments for free-riders and rewards for generous contributors within the SI institution.,rounds[29].agents[10].punishment_reasoning
RB-29-A12-contribution,29,12,SFI,contribution,0,0,0,,1.139705601830275,opportunistic,"I contribute a moderate amount, as seen in my recent contributions, to maintain cooperation and avoid free-riding.",rounds[29].agents[12].contribution_reasoning
RB-29-A13-punishment,29,13,SI,punishment,0,0,0,,0.0317974497919807,opportunistic,Punished free-riders and rewarded high contributors in accordance with our institution's (SI) cooperative strategy.,rounds[29].agents[13].punishment_reasoning
RB-29-A14-contribution,29,14,SI,contribution,0,0,0,,0.0668083427394562,opportunistic,"I've chosen to contribute a significant amount to maximize my payoff while also following the Selfish-Institutional (SI) strategy, which emphasizes cooperation and high contributions.",rounds[29].agents[14].contribution_reasoning
RB-29-A14-punishment,29,14,SI,punishment,0,0,0,,0.0668083427394562,opportunistic,Punishing free-riders and rewarding high contributors to maintain cooperation within the SI group.,rounds[29].agents[14].punishment_reasoning
RB-29-A15-contribution,29,15,SFI,contribution,1,1,1,,0.0,named_agents,"Given Agent 7's past behavior of contributing $0 despite stating it would maximize their payoff, I decide to follow their lead and contribute nothing.",rounds[29].agents[15].contribution_reasoning
RB-29-A15-belief_strategy,29,15,SFI,belief_strategy,1,1,1,,0.0,,Most peers cooperate in SI institutions.,rounds[29].agents[15].belief_state.institutional_strategy
RB-29-A15-belief_observations,29,15,SFI,belief_observations,1,1,1,,0.0,,High contributors are mostly from SI institutions.,rounds[29].agents[15].belief_state.observations
RB-29-A16-punishment,29,16,SI,punishment,0,0,0,,0.0309846395456806,opportunistic,Punishing free-riders and rewarding cooperative peers to maintain institutional credibility and maximize payoff.,rounds[29].agents[16].punishment_reasoning
RB-29-A17-contribution,29,17,SFI,contribution,0,0,0,,0.0094534839353939,conformity,I contributed a moderate amount based on my recent contributions and the group's average contribution from the previous round.,rounds[29].agents[17].contribution_reasoning
RB-29-A21-punishment,29,21,SI,punishment,0,0,0,,0.0906023733219209,fairness|opportunistic,"Punished free-riders and rewarded cooperative agents to maintain credibility within our institution, SI. We aim to promote cooperation through fair contributions and follow the institutional strategy.",rounds[29].agents[21].punishment_reasoning
RB-29-A22-contribution,29,22,SI,contribution,0,0,0,,0.0859455138721786,opportunistic,"I'll contribute a significant amount to set an example for others and maximize my payoff, considering the group's historical emissions index and MCPR.",rounds[29].agents[22].contribution_reasoning
RB-29-A22-punishment,29,22,SI,punishment,0,0,0,,0.0859455138721786,opportunistic,"Punishing free-riders who contributed below the group average, while rewarding a generous and high contributor to maintain cooperation within our institution.",rounds[29].agents[22].punishment_reasoning
RB-29-A23-contribution,29,23,SI,contribution,0,0,0,,0.0112823066170431,conformity|opportunistic,"I'm choosing a moderate contribution to balance self-interest and cooperation, while also considering the group's previous average contribution.",rounds[29].agents[23].contribution_reasoning
RB-29-A23-punishment,29,23,SI,punishment,0,0,0,,0.0112823066170431,future_rounds|opportunistic,Punished free-riders and rewarded high contributors to promote cooperation and long-term climate stability within the SI institution.,rounds[29].agents[23].punishment_reasoning
RB-29-A23-belief_strategy,29,23,SI,belief_strategy,0,0,0,,0.0112823066170431,opportunistic,"Most peers contribute significantly to the public good, but some defect or free-ride.",rounds[29].agents[23].belief_state.institutional_strategy
RB-29-A24-contribution,29,24,SFI,contribution,0,0,0,,0.0390753071926384,future_rounds,"I contributed a moderate amount to balance my long-term interests with immediate needs, considering past behavior and MCPR.",rounds[29].agents[24].contribution_reasoning
RB-29-A25-contribution,29,25,SI,contribution,0,0,0,,0.1965633563425032,conformity,"Contribution is based on previous round's group average contribution, considering my institution and budget.",rounds[29].agents[25].contribution_reasoning
RB-29-A25-punishment,29,25,SI,punishment,0,0,0,,0.1965633563425032,opportunistic,"Punished free-riders who contributed below the group average, while rewarding high contributors with generous contributions.",rounds[29].agents[25].punishment_reasoning
RB-30-A0-contribution,30,0,SFI,contribution,0,0,0,,0.0478442174781597,conformity,"Considering my institution's strategy and the group's average contribution, I choose to contribute a moderate amount.",rounds[30].agents[0].contribution_reasoning
RB-30-A1-belief_strategy,30,1,SFI,belief_strategy,0,0,0,,0.0002740406770848,named_agents,"Most peers follow strategy SFI, except Agent 5 who uses SI.",rounds[30].agents[1].belief_state.institutional_strategy
RB-30-A2-punishment,30,2,SI,punishment,0,0,0,,0.0311358611499263,future_rounds|opportunistic,Punishing free-riders and rewarding high contributors to maintain institutional credibility and long-term climate stability.,rounds[30].agents[2].punishment_reasoning
RB-30-A2-belief_observations,30,2,SI,belief_observations,0,0,0,,0.0311358611499263,opportunistic,"High contributions from top peers, but some free-riding.",rounds[30].agents[2].belief_state.observations
RB-30-A3-contribution,30,3,SI,contribution,0,0,0,,0.136719613799501,opportunistic,"I've chosen to contribute at the previous round's group average level, balancing between cooperation and self-interest.",rounds[30].agents[3].contribution_reasoning
RB-30-A3-punishment,30,3,SI,punishment,0,0,0,,0.136719613799501,future_rounds|opportunistic,Punished free-riders and rewarded cooperative agents to maintain institutional credibility and encourage long-term climate stability.,rounds[30].agents[3].punishment_reasoning
RB-30-A5-contribution,30,5,SI,contribution,0,1,0,,0.058273143045695,,"This contribution maximizes my payoff, as it is close to the previous round's group average and will likely be rewarded by the SI institution.",rounds[30].agents[5].contribution_reasoning
RB-30-A5-punishment,30,5,SI,punishment,0,1,0,,0.058273143045695,future_rounds|opportunistic,Punishing free-riders and rewarding cooperative agents to maintain institutional credibility and encourage long-term climate stability.,rounds[30].agents[5].punishment_reasoning
RB-30-A5-belief_strategy,30,5,SI,belief_strategy,0,1,0,,0.058273143045695,,Most peers follow the SI strategy.,rounds[30].agents[5].belief_state.institutional_strategy
RB-30-A5-belief_observations,30,5,SI,belief_observations,0,1,0,,0.058273143045695,,"High contributions from some agents, but others are low contributors.",rounds[30].agents[5].belief_state.observations
RB-30-A6-punishment,30,6,SI,punishment,0,0,0,,0.0515332880142499,opportunistic,Punishing free-riders (below-average contributors) while rewarding cooperative peers to maintain institutional credibility and encourage collective action.,rounds[30].agents[6].punishment_reasoning
RB-30-A7-contribution,30,7,SFI,contribution,1,1,1,,0.0012909883629553,conformity,This contribution aligns with my past actions and takes into account the group's average contribution from the previous round.,rounds[30].agents[7].contribution_reasoning
RB-30-A7-belief_strategy,30,7,SFI,belief_strategy,1,1,1,,0.0012909883629553,,Most contributors are using the SI strategy.,rounds[30].agents[7].belief_state.institutional_strategy
RB-30-A7-belief_observations,30,7,SFI,belief_observations,1,1,1,,0.0012909883629553,,High contributions from peers with SI strategy.,rounds[30].agents[7].belief_state.observations
RB-30-A9-contribution,30,9,SFI,contribution,0,1,0,,0.1467322465442762,,I maintain my previous contribution level as it balances immediate resilience needs with long-run cooperation incentives.,rounds[30].agents[9].contribution_reasoning
RB-30-A9-belief_strategy,30,9,SFI,belief_strategy,0,1,0,,0.1467322465442762,,Most contributors followed the SFI strategy.,rounds[30].agents[9].belief_state.institutional_strategy
RB-30-A9-belief_observations,30,9,SFI,belief_observations,0,1,0,,0.1467322465442762,,High contributions were observed from peers with institutional strategy SI.,rounds[30].agents[9].belief_state.observations
RB-30-A10-punishment,30,10,SI,punishment,0,0,0,,0.0418006056291025,future_rounds|opportunistic,Punishing free-riders and rewarding cooperative agents to maintain institutional credibility and long-term climate stability.,rounds[30].agents[10].punishment_reasoning
RB-30-A11-contribution,30,11,SFI,contribution,0,0,0,,0.0089578794621828,conformity,I contributed a moderate amount based on my previous contributions and the group's average contribution.,rounds[30].agents[11].contribution_reasoning
RB-30-A12-contribution,30,12,SFI,contribution,0,1,0,,0.1570367823217143,,I'll contribute a moderate amount to balance my institution's strategy and the developing country vulnerability index.,rounds[30].agents[12].contribution_reasoning
RB-30-A12-belief_strategy,30,12,SFI,belief_strategy,0,1,0,,0.1570367823217143,,Most contributors are from SI institution.,rounds[30].agents[12].belief_state.institutional_strategy
RB-30-A12-belief_observations,30,12,SFI,belief_observations,0,1,0,,0.1570367823217143,,High contributions from peers in the same institution.,rounds[30].agents[12].belief_state.observations
RB-30-A13-contribution,30,13,SI,contribution,0,0,0,,0.0311854426201241,opportunistic,I followed my institution's strategy and historical contributions to maximize my payoff.,rounds[30].agents[13].contribution_reasoning
RB-30-A13-punishment,30,13,SI,punishment,0,0,0,,0.0311854426201241,fairness|opportunistic,Punishing free-riders and rewarding high contributors to promote cooperation and fairness within our institution.,rounds[30].agents[13].punishment_reasoning
RB-30-A14-punishment,30,14,SI,punishment,0,0,0,,0.0497432619591321,opportunistic,Punishing free-riders and rewarding high contributors to maintain cooperation within SI institution.,rounds[30].agents[14].punishment_reasoning
RB-30-A15-contribution,30,15,SFI,contribution,0,0,0,,1.6437388577987395,conformity,Follows previous round's group average contribution and maximizes cumulative payoff.,rounds[30].agents[15].contribution_reasoning
RB-30-A15-belief_observations,30,15,SFI,belief_observations,0,0,0,,1.6437388577987395,named_agents,"High contributions from most peers, except for Agent 15.",rounds[30].agents[15].belief_state.observations
RB-30-A16-punishment,30,16,SI,punishment,0,0,0,,0.0304032394390398,opportunistic,Punish free-riders and reward cooperative agents to maintain institutional credibility and encourage cooperation.,rounds[30].agents[16].punishment_reasoning
RB-30-A18-contribution,30,18,SFI,contribution,0,1,0,,0.0,,"Given that most peers from SFI institution contributed little to nothing, and considering my own recent contributions, I choose not to contribute.",rounds[30].agents[18].contribution_reasoning
RB-30-A18-belief_strategy,30,18,SFI,belief_strategy,0,1,0,,0.0,,Most peers follow the SI strategy.,rounds[30].agents[18].belief_state.institutional_strategy
RB-30-A18-belief_observations,30,18,SFI,belief_observations,0,1,0,,0.0,,High contributions from a few agents.,rounds[30].agents[18].belief_state.observations
RB-30-A19-contribution,30,19,SFI,contribution,0,0,0,,0.0002652071265531,opportunistic,I follow my recent contributions to maximize my cumulative payoff.,rounds[30].agents[19].contribution_reasoning
RB-30-A21-contribution,30,21,SI,contribution,0,1,0,,0.0850653845040274,,"As a developed country following the Selfish-Institution (SI) strategy, I will contribute a moderate amount to balance my interests and institutional credibility.",rounds[30].agents[21].contribution_reasoning
RB-30-A21-punishment,30,21,SI,punishment,0,1,0,,0.0850653845040274,opportunistic,Punishing free-riders and rewarding cooperative agents to maintain institutional credibility and long-run climate stability.,rounds[30].agents[21].punishment_reasoning
RB-30-A21-belief_strategy,30,21,SI,belief_strategy,0,1,0,,0.0850653845040274,,We are playing a standard institution.,rounds[30].agents[21].belief_state.institutional_strategy
RB-30-A21-belief_observations,30,21,SI,belief_observations,0,1,0,,0.0850653845040274,,High contributors are emerging in the group.,rounds[30].agents[21].belief_state.observations
RB-30-A22-punishment,30,22,SI,punishment,0,0,0,,0.0873915150223115,opportunistic,Punishing free-riders and rewarding high contributors to maintain institutional credibility and balance self-interest with cooperation.,rounds[30].agents[22].punishment_reasoning
RB-30-A23-punishment,30,23,SI,punishment,0,0,0,,0.1302285406635884,named_agents|opportunistic,Punished Agent 25 for free-riding and rewarded Agents 22 and 5 for their significant contributions.,rounds[30].agents[23].punishment_reasoning
RB-30-A23-belief_observations,30,23,SI,belief_observations,0,0,0,,0.1302285406635884,opportunistic,"High contributions from top peers, but some free-riding detected.",rounds[30].agents[23].belief_state.observations
RB-30-A25-punishment,30,25,SI,punishment,0,0,0,,0.0,opportunistic,Punishing free-riders and rewarding cooperative agents to maintain institutional credibility and long-run climate stability.,rounds[30].agents[25].punishment_reasoning
