run,source_file,round_number,agent_id,agent_group,institution_choice,contribution,wealth_end_of_round,contribution_capacity,stage1_cap_from_end_wealth,prop_of_wealth,prop_of_capacity,prop_of_stage1_cap,note
20260804_024555,results/simulation_llama3.1_8b_Full_scnldf_sh1_ldf1_seed2_26agents_30rounds_20260804_024555.json,1,0,developed,SI,1000.0,7750663.0,1.0,7750663.0,0.00012902122050720047,1000.0,0.00012902122050720047,proportional columns are analyst-derived; stage1_cap uses end-of-round wealth (approx)
20260804_024555,results/simulation_llama3.1_8b_Full_scnldf_sh1_ldf1_seed2_26agents_30rounds_20260804_024555.json,1,1,developing,SFI,10000.0,469441.14285714284,0.1,469441.0,0.021301924963665002,100000.0,0.02130193144612422,proportional columns are analyst-derived; stage1_cap uses end-of-round wealth (approx)
20260804_024555,results/simulation_llama3.1_8b_Full_scnldf_sh1_ldf1_seed2_26agents_30rounds_20260804_024555.json,1,2,developing,SFI,20000.0,748431.1428571428,0.1,748431.0,0.026722565183017122,200000.0,0.02672257028370017,proportional columns are analyst-derived; stage1_cap uses end-of-round wealth (approx)
20260804_024555,results/simulation_llama3.1_8b_Full_scnldf_sh1_ldf1_seed2_26agents_30rounds_20260804_024555.json,1,3,developing,SFI,500000.0,970641.1428571428,0.1,970641.0,0.5151234353493597,5000000.0,0.5151235111642719,proportional columns are analyst-derived; stage1_cap uses end-of-round wealth (approx)
20260804_024555,results/simulation_llama3.1_8b_Full_scnldf_sh1_ldf1_seed2_26agents_30rounds_20260804_024555.json,1,4,developed,SI,20000000.0,12858133.0,1.0,12858133.0,1.5554357697186676,20000000.0,1.5554357697186676,proportional columns are analyst-derived; stage1_cap uses end-of-round wealth (approx)
20260804_024555,results/simulation_llama3.1_8b_Full_scnldf_sh1_ldf1_seed2_26agents_30rounds_20260804_024555.json,1,5,developing,SFI,2000.0,402821.14285714284,0.1,402821.0,0.00496498268639609,20000.0,0.004964984447186219,proportional columns are analyst-derived; stage1_cap uses end-of-round wealth (approx)
20260804_024555,results/simulation_llama3.1_8b_Full_scnldf_sh1_ldf1_seed2_26agents_30rounds_20260804_024555.json,1,6,developed,SI,1580000.0,5669396.0,1.0,5669396.0,0.27868929953032034,1580000.0,0.27868929953032034,proportional columns are analyst-derived; stage1_cap uses end-of-round wealth (approx)
20260804_024555,results/simulation_llama3.1_8b_Full_scnldf_sh1_ldf1_seed2_26agents_30rounds_20260804_024555.json,1,7,developed,SI,1750000.0,4099152.0,1.0,4099152.0,0.4269175673407573,1750000.0,0.4269175673407573,proportional columns are analyst-derived; stage1_cap uses end-of-round wealth (approx)
20260804_024555,results/simulation_llama3.1_8b_Full_scnldf_sh1_ldf1_seed2_26agents_30rounds_20260804_024555.json,1,8,developing,SFI,10000.0,514341.14285714284,0.1,514341.0,0.019442348991275386,100000.0,0.019442354391347373,proportional columns are analyst-derived; stage1_cap uses end-of-round wealth (approx)
20260804_024555,results/simulation_llama3.1_8b_Full_scnldf_sh1_ldf1_seed2_26agents_30rounds_20260804_024555.json,1,9,developing,SFI,532700.0,360641.14285714284,0.1,360641.0,1.4770915924337926,5327000.0,1.4770921775394368,proportional columns are analyst-derived; stage1_cap uses end-of-round wealth (approx)
20260804_024555,results/simulation_llama3.1_8b_Full_scnldf_sh1_ldf1_seed2_26agents_30rounds_20260804_024555.json,1,10,developing,SFI,500.0,723641.1428571428,0.1,723641.0,0.0006909502105226584,5000.0,0.0006909503469261692,proportional columns are analyst-derived; stage1_cap uses end-of-round wealth (approx)
20260804_024555,results/simulation_llama3.1_8b_Full_scnldf_sh1_ldf1_seed2_26agents_30rounds_20260804_024555.json,1,11,developing,SFI,1000.0,361761.14285714284,0.1,361761.0,0.0027642548674579282,10000.0,0.002764255959044784,proportional columns are analyst-derived; stage1_cap uses end-of-round wealth (approx)
20260804_024555,results/simulation_llama3.1_8b_Full_scnldf_sh1_ldf1_seed2_26agents_30rounds_20260804_024555.json,1,12,developing,SFI,10000.0,728341.1428571428,0.1,728341.0,0.013729829899175976,100000.0,0.013729832592151204,proportional columns are analyst-derived; stage1_cap uses end-of-round wealth (approx)
20260804_024555,results/simulation_llama3.1_8b_Full_scnldf_sh1_ldf1_seed2_26agents_30rounds_20260804_024555.json,1,13,developing,SFI,2000000.0,690641.1428571427,0.1,690641.0,2.895859913190394,20000000.0,2.8958605121908487,proportional columns are analyst-derived; stage1_cap uses end-of-round wealth (approx)
20260804_024555,results/simulation_llama3.1_8b_Full_scnldf_sh1_ldf1_seed2_26agents_30rounds_20260804_024555.json,1,14,developed,SI,0.0,4689206.0,1.0,4689206.0,0.0,0.0,0.0,proportional columns are analyst-derived; stage1_cap uses end-of-round wealth (approx)
20260804_024555,results/simulation_llama3.1_8b_Full_scnldf_sh1_ldf1_seed2_26agents_30rounds_20260804_024555.json,1,15,developing,SFI,10000.0,730701.1428571428,0.1,730701.0,0.013685485643143532,100000.0,0.013685488318751446,proportional columns are analyst-derived; stage1_cap uses end-of-round wealth (approx)
20260804_024555,results/simulation_llama3.1_8b_Full_scnldf_sh1_ldf1_seed2_26agents_30rounds_20260804_024555.json,1,16,developing,SFI,300.0,366941.14285714284,0.1,366941.0,0.0008175698087821014,3000.0,0.00081757012707765,proportional columns are analyst-derived; stage1_cap uses end-of-round wealth (approx)
20260804_024555,results/simulation_llama3.1_8b_Full_scnldf_sh1_ldf1_seed2_26agents_30rounds_20260804_024555.json,1,17,developing,SFI,25410.0,360641.14285714284,0.1,360641.0,0.07045785125538327,254100.0,0.07045787916515316,proportional columns are analyst-derived; stage1_cap uses end-of-round wealth (approx)
20260804_024555,results/simulation_llama3.1_8b_Full_scnldf_sh1_ldf1_seed2_26agents_30rounds_20260804_024555.json,1,18,developed,SI,1200000.0,5129394.0,1.0,5129394.0,0.23394576435344994,1200000.0,0.23394576435344994,proportional columns are analyst-derived; stage1_cap uses end-of-round wealth (approx)
20260804_024555,results/simulation_llama3.1_8b_Full_scnldf_sh1_ldf1_seed2_26agents_30rounds_20260804_024555.json,1,19,developed,SI,0.0,5290943.0,1.0,5290943.0,0.0,0.0,0.0,proportional columns are analyst-derived; stage1_cap uses end-of-round wealth (approx)
20260804_024555,results/simulation_llama3.1_8b_Full_scnldf_sh1_ldf1_seed2_26agents_30rounds_20260804_024555.json,1,20,developed,SI,936560.0,4089405.0,1.0,4089405.0,0.22902109231049506,936560.0,0.22902109231049506,proportional columns are analyst-derived; stage1_cap uses end-of-round wealth (approx)
20260804_024555,results/simulation_llama3.1_8b_Full_scnldf_sh1_ldf1_seed2_26agents_30rounds_20260804_024555.json,1,21,developed,SI,1200000.0,5269398.0,1.0,5269398.0,0.2277299987588715,1200000.0,0.2277299987588715,proportional columns are analyst-derived; stage1_cap uses end-of-round wealth (approx)
20260804_024555,results/simulation_llama3.1_8b_Full_scnldf_sh1_ldf1_seed2_26agents_30rounds_20260804_024555.json,1,22,developed,SI,3000.0,4690125.0,1.0,4690125.0,0.0006396418005916686,3000.0,0.0006396418005916686,proportional columns are analyst-derived; stage1_cap uses end-of-round wealth (approx)
20260804_024555,results/simulation_llama3.1_8b_Full_scnldf_sh1_ldf1_seed2_26agents_30rounds_20260804_024555.json,1,23,developing,SFI,33700.0,360641.14285714284,0.1,360641.0,0.09344469056695853,337000.0,0.0934447275822771,proportional columns are analyst-derived; stage1_cap uses end-of-round wealth (approx)
20260804_024555,results/simulation_llama3.1_8b_Full_scnldf_sh1_ldf1_seed2_26agents_30rounds_20260804_024555.json,1,24,developed,SI,4000000.0,4126440.0,1.0,4126440.0,0.9693585754306375,4000000.0,0.9693585754306375,proportional columns are analyst-derived; stage1_cap uses end-of-round wealth (approx)
20260804_024555,results/simulation_llama3.1_8b_Full_scnldf_sh1_ldf1_seed2_26agents_30rounds_20260804_024555.json,1,25,developed,SI,0.0,8771939.0,1.0,8771939.0,0.0,0.0,0.0,proportional columns are analyst-derived; stage1_cap uses end-of-round wealth (approx)
20260804_024555,results/simulation_llama3.1_8b_Full_scnldf_sh1_ldf1_seed2_26agents_30rounds_20260804_024555.json,2,0,developed,SI,1000.0,10592194.066666666,1.0,10592194.0,9.440914636817046e-05,1000.0,9.440914696237625e-05,proportional columns are analyst-derived; stage1_cap uses end-of-round wealth (approx)
20260804_024555,results/simulation_llama3.1_8b_Full_scnldf_sh1_ldf1_seed2_26agents_30rounds_20260804_024555.json,2,1,developing,SFI,200000.0,521374.17142857146,0.1,521374.0,0.3836016645243427,2000000.0,0.38360179065315875,proportional columns are analyst-derived; stage1_cap uses end-of-round wealth (approx)
20260804_024555,results/simulation_llama3.1_8b_Full_scnldf_sh1_ldf1_seed2_26agents_30rounds_20260804_024555.json,2,2,developing,SFI,0.0,1000364.1714285715,0.1,1000364.0,0.0,0.0,0.0,proportional columns are analyst-derived; stage1_cap uses end-of-round wealth (approx)
20260804_024555,results/simulation_llama3.1_8b_Full_scnldf_sh1_ldf1_seed2_26agents_30rounds_20260804_024555.json,2,3,developing,SFI,0.0,1222574.1714285715,0.1,1222574.0,0.0,0.0,0.0,proportional columns are analyst-derived; stage1_cap uses end-of-round wealth (approx)
20260804_024555,results/simulation_llama3.1_8b_Full_scnldf_sh1_ldf1_seed2_26agents_30rounds_20260804_024555.json,2,4,developed,SI,0.0,15700531.066666666,1.0,15700531.0,0.0,0.0,0.0,proportional columns are analyst-derived; stage1_cap uses end-of-round wealth (approx)
20260804_024555,results/simulation_llama3.1_8b_Full_scnldf_sh1_ldf1_seed2_26agents_30rounds_20260804_024555.json,2,5,developing,SFI,1000.0,653754.1714285715,0.1,653754.0,0.0015296269510828796,10000.0,0.0015296273521844608,proportional columns are analyst-derived; stage1_cap uses end-of-round wealth (approx)
20260804_024555,results/simulation_llama3.1_8b_Full_scnldf_sh1_ldf1_seed2_26agents_30rounds_20260804_024555.json,2,6,developed,SI,2834690.0,5678052.066666666,1.0,5678052.0,0.4992363519597173,2834690.0,0.49923635782130915,proportional columns are analyst-derived; stage1_cap uses end-of-round wealth (approx)
20260804_024555,results/simulation_llama3.1_8b_Full_scnldf_sh1_ldf1_seed2_26agents_30rounds_20260804_024555.json,2,7,developed,SI,2629141.0,4313174.066666666,1.0,4313174.0,0.6095606064959648,2629141.0,0.6095606159176513,proportional columns are analyst-derived; stage1_cap uses end-of-round wealth (approx)
20260804_024555,results/simulation_llama3.1_8b_Full_scnldf_sh1_ldf1_seed2_26agents_30rounds_20260804_024555.json,2,8,developing,SFI,514341.0,251933.17142857146,0.1,251933.0,2.0415771257252913,5143410.0,2.041578514922618,proportional columns are analyst-derived; stage1_cap uses end-of-round wealth (approx)
20260804_024555,results/simulation_llama3.1_8b_Full_scnldf_sh1_ldf1_seed2_26agents_30rounds_20260804_024555.json,2,9,developing,SFI,200000.0,412574.17142857146,0.1,412574.0,0.48476132014634804,2000000.0,0.4847615215694639,proportional columns are analyst-derived; stage1_cap uses end-of-round wealth (approx)
20260804_024555,results/simulation_llama3.1_8b_Full_scnldf_sh1_ldf1_seed2_26agents_30rounds_20260804_024555.json,2,10,developing,SFI,0.0,975574.1714285715,0.1,975574.0,0.0,0.0,0.0,proportional columns are analyst-derived; stage1_cap uses end-of-round wealth (approx)
20260804_024555,results/simulation_llama3.1_8b_Full_scnldf_sh1_ldf1_seed2_26agents_30rounds_20260804_024555.json,2,11,developing,SFI,0.0,613694.1714285715,0.1,613694.0,0.0,0.0,0.0,proportional columns are analyst-derived; stage1_cap uses end-of-round wealth (approx)
20260804_024555,results/simulation_llama3.1_8b_Full_scnldf_sh1_ldf1_seed2_26agents_30rounds_20260804_024555.json,2,12,developing,SFI,500000.0,480274.17142857146,0.1,480274.0,1.0410720162459586,5000000.0,1.0410723878452717,proportional columns are analyst-derived; stage1_cap uses end-of-round wealth (approx)
20260804_024555,results/simulation_llama3.1_8b_Full_scnldf_sh1_ldf1_seed2_26agents_30rounds_20260804_024555.json,2,13,developing,SFI,88893.0,853681.1714285713,0.1,853681.0,0.10412903900790531,888930.0,0.10412905991816615,proportional columns are analyst-derived; stage1_cap uses end-of-round wealth (approx)
20260804_024555,results/simulation_llama3.1_8b_Full_scnldf_sh1_ldf1_seed2_26agents_30rounds_20260804_024555.json,2,14,developed,SI,3000000.0,4528525.066666666,1.0,4528525.0,0.6624673499286214,3000000.0,0.6624673596811324,proportional columns are analyst-derived; stage1_cap uses end-of-round wealth (approx)
20260804_024555,results/simulation_llama3.1_8b_Full_scnldf_sh1_ldf1_seed2_26agents_30rounds_20260804_024555.json,2,15,developing,SFI,500000.0,482634.17142857146,0.1,482634.0,1.0359813490205771,5000000.0,1.0359817169946586,proportional columns are analyst-derived; stage1_cap uses end-of-round wealth (approx)
20260804_024555,results/simulation_llama3.1_8b_Full_scnldf_sh1_ldf1_seed2_26agents_30rounds_20260804_024555.json,2,16,developing,SFI,0.0,618874.1714285715,0.1,618874.0,0.0,0.0,0.0,proportional columns are analyst-derived; stage1_cap uses end-of-round wealth (approx)
20260804_024555,results/simulation_llama3.1_8b_Full_scnldf_sh1_ldf1_seed2_26agents_30rounds_20260804_024555.json,2,17,developing,SFI,200000.0,412574.17142857146,0.1,412574.0,0.48476132014634804,2000000.0,0.4847615215694639,proportional columns are analyst-derived; stage1_cap uses end-of-round wealth (approx)
20260804_024555,results/simulation_llama3.1_8b_Full_scnldf_sh1_ldf1_seed2_26agents_30rounds_20260804_024555.json,2,18,developed,SI,4000000.0,3971854.066666667,1.0,3971854.0,1.0070863462909034,4000000.0,1.007086363194619,proportional columns are analyst-derived; stage1_cap uses end-of-round wealth (approx)
20260804_024555,results/simulation_llama3.1_8b_Full_scnldf_sh1_ldf1_seed2_26agents_30rounds_20260804_024555.json,2,19,developed,SI,2000000.0,6130388.066666666,1.0,6130388.0,0.32624362083614045,2000000.0,0.3262436243839705,proportional columns are analyst-derived; stage1_cap uses end-of-round wealth (approx)
20260804_024555,results/simulation_llama3.1_8b_Full_scnldf_sh1_ldf1_seed2_26agents_30rounds_20260804_024555.json,2,20,developed,SI,1200000.0,5732544.066666666,1.0,5732544.0,0.2093311426906781,1200000.0,0.2093311451250963,proportional columns are analyst-derived; stage1_cap uses end-of-round wealth (approx)
20260804_024555,results/simulation_llama3.1_8b_Full_scnldf_sh1_ldf1_seed2_26agents_30rounds_20260804_024555.json,2,21,developed,SI,2000000.0,6112881.066666666,1.0,6112881.0,0.32717796701557506,2000000.0,0.32717797058375586,proportional columns are analyst-derived; stage1_cap uses end-of-round wealth (approx)
20260804_024555,results/simulation_llama3.1_8b_Full_scnldf_sh1_ldf1_seed2_26agents_30rounds_20260804_024555.json,2,22,developed,SI,234506.0,7297913.066666666,1.0,7297913.0,0.032133295896755724,234506.0,0.032133296190294404,proportional columns are analyst-derived; stage1_cap uses end-of-round wealth (approx)
20260804_024555,results/simulation_llama3.1_8b_Full_scnldf_sh1_ldf1_seed2_26agents_30rounds_20260804_024555.json,2,23,developing,SFI,180.0,612394.1714285715,0.1,612394.0,0.00029392833635255274,1800.0,0.00029392841863244907,proportional columns are analyst-derived; stage1_cap uses end-of-round wealth (approx)
20260804_024555,results/simulation_llama3.1_8b_Full_scnldf_sh1_ldf1_seed2_26agents_30rounds_20260804_024555.json,2,24,developed,SI,2424596.0,4546004.066666666,1.0,4546004.0,0.5333466412355901,2424596.0,0.533346649057062,proportional columns are analyst-derived; stage1_cap uses end-of-round wealth (approx)
20260804_024555,results/simulation_llama3.1_8b_Full_scnldf_sh1_ldf1_seed2_26agents_30rounds_20260804_024555.json,2,25,developed,SI,1000000.0,10608737.066666666,1.0,10608737.0,0.09426192709988677,1000000.0,0.09426192769224084,proportional columns are analyst-derived; stage1_cap uses end-of-round wealth (approx)
20260804_024555,results/simulation_llama3.1_8b_Full_scnldf_sh1_ldf1_seed2_26agents_30rounds_20260804_024555.json,3,0,developed,SI,2000000.0,13627851.133333333,1.0,13627851.0,0.14675828055591666,2000000.0,0.14675828199178287,proportional columns are analyst-derived; stage1_cap uses end-of-round wealth (approx)
20260804_024555,results/simulation_llama3.1_8b_Full_scnldf_sh1_ldf1_seed2_26agents_30rounds_20260804_024555.json,3,1,developing,SFI,100000.0,657936.4571428571,0.1,657936.0,0.15199036155293502,1000000.0,0.15199046715789985,proportional columns are analyst-derived; stage1_cap uses end-of-round wealth (approx)
20260804_024555,results/simulation_llama3.1_8b_Full_scnldf_sh1_ldf1_seed2_26agents_30rounds_20260804_024555.json,3,2,developing,SFI,1000364.0,236562.45714285714,0.1,236562.0,4.228752153161364,10003640.0,4.228760324988798,proportional columns are analyst-derived; stage1_cap uses end-of-round wealth (approx)
20260804_024555,results/simulation_llama3.1_8b_Full_scnldf_sh1_ldf1_seed2_26agents_30rounds_20260804_024555.json,3,3,developing,SFI,0.0,1459136.4571428571,0.1,1459136.0,0.0,0.0,0.0,proportional columns are analyst-derived; stage1_cap uses end-of-round wealth (approx)
20260804_024555,results/simulation_llama3.1_8b_Full_scnldf_sh1_ldf1_seed2_26agents_30rounds_20260804_024555.json,3,4,developed,SI,12000000.0,8741802.133333333,1.0,8741802.0,1.3727146664922607,12000000.0,1.3727146874294338,proportional columns are analyst-derived; stage1_cap uses end-of-round wealth (approx)
20260804_024555,results/simulation_llama3.1_8b_Full_scnldf_sh1_ldf1_seed2_26agents_30rounds_20260804_024555.json,3,5,developing,SFI,100000.0,790316.4571428571,0.1,790316.0,0.1265315926249579,1000000.0,0.12653166581468678,proportional columns are analyst-derived; stage1_cap uses end-of-round wealth (approx)
20260804_024555,results/simulation_llama3.1_8b_Full_scnldf_sh1_ldf1_seed2_26agents_30rounds_20260804_024555.json,3,6,developed,SI,2834690.0,7884919.133333334,1.0,7884919.0,0.35950780877592087,2834690.0,0.3595078148551685,proportional columns are analyst-derived; stage1_cap uses end-of-round wealth (approx)
20260804_024555,results/simulation_llama3.1_8b_Full_scnldf_sh1_ldf1_seed2_26agents_30rounds_20260804_024555.json,3,7,developed,SI,0.0,9347060.133333333,1.0,9347060.0,0.0,0.0,0.0,proportional columns are analyst-derived; stage1_cap uses end-of-round wealth (approx)
20260804_024555,results/simulation_llama3.1_8b_Full_scnldf_sh1_ldf1_seed2_26agents_30rounds_20260804_024555.json,3,8,developing,SFI,0.0,488495.45714285714,0.1,488495.0,0.0,0.0,0.0,proportional columns are analyst-derived; stage1_cap uses end-of-round wealth (approx)
20260804_024555,results/simulation_llama3.1_8b_Full_scnldf_sh1_ldf1_seed2_26agents_30rounds_20260804_024555.json,3,9,developing,SFI,200000.0,449136.45714285714,0.1,449136.0,0.4452989660921377,2000000.0,0.4452994193295572,proportional columns are analyst-derived; stage1_cap uses end-of-round wealth (approx)
20260804_024555,results/simulation_llama3.1_8b_Full_scnldf_sh1_ldf1_seed2_26agents_30rounds_20260804_024555.json,3,10,developing,SFI,0.0,1212136.4571428571,0.1,1212136.0,0.0,0.0,0.0,proportional columns are analyst-derived; stage1_cap uses end-of-round wealth (approx)
20260804_024555,results/simulation_llama3.1_8b_Full_scnldf_sh1_ldf1_seed2_26agents_30rounds_20260804_024555.json,3,11,developing,SFI,100000.0,750256.4571428571,0.1,750256.0,0.1332877565370409,1000000.0,0.13328783775138087,proportional columns are analyst-derived; stage1_cap uses end-of-round wealth (approx)
20260804_024555,results/simulation_llama3.1_8b_Full_scnldf_sh1_ldf1_seed2_26agents_30rounds_20260804_024555.json,3,12,developing,SFI,0.0,716836.4571428571,0.1,716836.0,0.0,0.0,0.0,proportional columns are analyst-derived; stage1_cap uses end-of-round wealth (approx)
20260804_024555,results/simulation_llama3.1_8b_Full_scnldf_sh1_ldf1_seed2_26agents_30rounds_20260804_024555.json,3,13,developing,SFI,200000.0,890243.457142857,0.1,890243.0,0.224657646619363,2000000.0,0.22465776198184093,proportional columns are analyst-derived; stage1_cap uses end-of-round wealth (approx)
20260804_024555,results/simulation_llama3.1_8b_Full_scnldf_sh1_ldf1_seed2_26agents_30rounds_20260804_024555.json,3,14,developed,SI,4000000.0,5568773.133333334,1.0,5568773.0,0.7182910677500873,4000000.0,0.7182910849481564,proportional columns are analyst-derived; stage1_cap uses end-of-round wealth (approx)
20260804_024555,results/simulation_llama3.1_8b_Full_scnldf_sh1_ldf1_seed2_26agents_30rounds_20260804_024555.json,3,15,developing,SFI,0.0,719196.4571428571,0.1,719196.0,0.0,0.0,0.0,proportional columns are analyst-derived; stage1_cap uses end-of-round wealth (approx)
20260804_024555,results/simulation_llama3.1_8b_Full_scnldf_sh1_ldf1_seed2_26agents_30rounds_20260804_024555.json,3,16,developing,SFI,0.0,855436.4571428571,0.1,855436.0,0.0,0.0,0.0,proportional columns are analyst-derived; stage1_cap uses end-of-round wealth (approx)
20260804_024555,results/simulation_llama3.1_8b_Full_scnldf_sh1_ldf1_seed2_26agents_30rounds_20260804_024555.json,3,17,developing,SFI,200000.0,449136.45714285714,0.1,449136.0,0.4452989660921377,2000000.0,0.4452994193295572,proportional columns are analyst-derived; stage1_cap uses end-of-round wealth (approx)
20260804_024555,results/simulation_llama3.1_8b_Full_scnldf_sh1_ldf1_seed2_26agents_30rounds_20260804_024555.json,3,18,developed,SI,3000000.0,6013498.133333335,1.0,6013498.0,0.4988776804254321,3000000.0,0.49887769148671873,proportional columns are analyst-derived; stage1_cap uses end-of-round wealth (approx)
20260804_024555,results/simulation_llama3.1_8b_Full_scnldf_sh1_ldf1_seed2_26agents_30rounds_20260804_024555.json,3,19,developed,SI,0.0,11163146.133333333,1.0,11163146.0,0.0,0.0,0.0,proportional columns are analyst-derived; stage1_cap uses end-of-round wealth (approx)
20260804_024555,results/simulation_llama3.1_8b_Full_scnldf_sh1_ldf1_seed2_26agents_30rounds_20260804_024555.json,3,20,developed,SI,936560.0,9836477.133333333,1.0,9836477.0,0.09521294944368193,936560.0,0.09521295073429237,proportional columns are analyst-derived; stage1_cap uses end-of-round wealth (approx)
20260804_024555,results/simulation_llama3.1_8b_Full_scnldf_sh1_ldf1_seed2_26agents_30rounds_20260804_024555.json,3,21,developed,SI,0.0,11147917.133333333,1.0,11147917.0,0.0,0.0,0.0,proportional columns are analyst-derived; stage1_cap uses end-of-round wealth (approx)
20260804_024555,results/simulation_llama3.1_8b_Full_scnldf_sh1_ldf1_seed2_26agents_30rounds_20260804_024555.json,3,22,developed,SI,0.0,12337230.133333333,1.0,12337230.0,0.0,0.0,0.0,proportional columns are analyst-derived; stage1_cap uses end-of-round wealth (approx)
20260804_024555,results/simulation_llama3.1_8b_Full_scnldf_sh1_ldf1_seed2_26agents_30rounds_20260804_024555.json,3,23,developing,SFI,169556.0,679400.4571428571,0.1,679400.0,0.2495670973096616,1695560.0,0.24956726523403003,proportional columns are analyst-derived; stage1_cap uses end-of-round wealth (approx)
20260804_024555,results/simulation_llama3.1_8b_Full_scnldf_sh1_ldf1_seed2_26agents_30rounds_20260804_024555.json,3,24,developed,SI,2424596.0,7162395.133333334,1.0,7162395.0,0.3385174867993646,2424596.0,0.3385174931011205,proportional columns are analyst-derived; stage1_cap uses end-of-round wealth (approx)
20260804_024555,results/simulation_llama3.1_8b_Full_scnldf_sh1_ldf1_seed2_26agents_30rounds_20260804_024555.json,3,25,developed,SI,10608737.0,5038884.133333334,1.0,5038884.0,2.105374269239663,10608737.0,2.105374324949731,proportional columns are analyst-derived; stage1_cap uses end-of-round wealth (approx)
20260804_024555,results/simulation_llama3.1_8b_Full_scnldf_sh1_ldf1_seed2_26agents_30rounds_20260804_024555.json,4,0,developed,SI,0.0,19775739.2,1.0,19775739.0,0.0,0.0,0.0,proportional columns are analyst-derived; stage1_cap uses end-of-round wealth (approx)
20260804_024555,results/simulation_llama3.1_8b_Full_scnldf_sh1_ldf1_seed2_26agents_30rounds_20260804_024555.json,4,1,developing,SFI,0.0,1083126.6285714286,0.1,1083126.0,0.0,0.0,0.0,proportional columns are analyst-derived; stage1_cap uses end-of-round wealth (approx)
20260804_024555,results/simulation_llama3.1_8b_Full_scnldf_sh1_ldf1_seed2_26agents_30rounds_20260804_024555.json,4,2,developing,SFI,0.0,661752.6285714286,0.1,661752.0,0.0,0.0,0.0,proportional columns are analyst-derived; stage1_cap uses end-of-round wealth (approx)
20260804_024555,results/simulation_llama3.1_8b_Full_scnldf_sh1_ldf1_seed2_26agents_30rounds_20260804_024555.json,4,3,developing,SFI,100000.0,1784326.6285714286,0.1,1784326.0,0.05604355077078137,1000000.0,0.056043570513459984,proportional columns are analyst-derived; stage1_cap uses end-of-round wealth (approx)
20260804_024555,results/simulation_llama3.1_8b_Full_scnldf_sh1_ldf1_seed2_26agents_30rounds_20260804_024555.json,4,4,developed,SI,3000000.0,11897887.2,1.0,11897887.0,0.2521456078353138,3000000.0,0.2521456120738077,proportional columns are analyst-derived; stage1_cap uses end-of-round wealth (approx)
20260804_024555,results/simulation_llama3.1_8b_Full_scnldf_sh1_ldf1_seed2_26agents_30rounds_20260804_024555.json,4,5,developing,SFI,0.0,1215506.6285714286,0.1,1215506.0,0.0,0.0,0.0,proportional columns are analyst-derived; stage1_cap uses end-of-round wealth (approx)
20260804_024555,results/simulation_llama3.1_8b_Full_scnldf_sh1_ldf1_seed2_26agents_30rounds_20260804_024555.json,4,6,developed,SI,0.0,14029548.2,1.0,14029548.0,0.0,0.0,0.0,proportional columns are analyst-derived; stage1_cap uses end-of-round wealth (approx)
20260804_024555,results/simulation_llama3.1_8b_Full_scnldf_sh1_ldf1_seed2_26agents_30rounds_20260804_024555.json,4,7,developed,SI,5000000.0,10501635.2,1.0,10501635.0,0.47611632900750545,5000000.0,0.47611633807497594,proportional columns are analyst-derived; stage1_cap uses end-of-round wealth (approx)
20260804_024555,results/simulation_llama3.1_8b_Full_scnldf_sh1_ldf1_seed2_26agents_30rounds_20260804_024555.json,4,8,developing,SFI,24500.0,889185.6285714286,0.1,889185.0,0.027553301822209903,245000.0,0.02755332129984199,proportional columns are analyst-derived; stage1_cap uses end-of-round wealth (approx)
20260804_024555,results/simulation_llama3.1_8b_Full_scnldf_sh1_ldf1_seed2_26agents_30rounds_20260804_024555.json,4,9,developing,SFI,200000.0,674326.6285714286,0.1,674326.0,0.29659217288171325,2000000.0,0.29659244934942447,proportional columns are analyst-derived; stage1_cap uses end-of-round wealth (approx)
20260804_024555,results/simulation_llama3.1_8b_Full_scnldf_sh1_ldf1_seed2_26agents_30rounds_20260804_024555.json,4,10,developing,SFI,1212136.0,425190.6285714286,0.1,425190.0,2.8508060115825695,12121360.0,2.850810226016604,proportional columns are analyst-derived; stage1_cap uses end-of-round wealth (approx)
20260804_024555,results/simulation_llama3.1_8b_Full_scnldf_sh1_ldf1_seed2_26agents_30rounds_20260804_024555.json,4,11,developing,SFI,151532.0,1023914.6285714286,0.1,1023914.0,0.14799280698960057,1515320.0,0.14799289784102962,proportional columns are analyst-derived; stage1_cap uses end-of-round wealth (approx)
20260804_024555,results/simulation_llama3.1_8b_Full_scnldf_sh1_ldf1_seed2_26agents_30rounds_20260804_024555.json,4,12,developing,SFI,716836.0,425190.6285714286,0.1,425190.0,1.6859167437637383,7168360.0,1.6859192361062114,proportional columns are analyst-derived; stage1_cap uses end-of-round wealth (approx)
20260804_024555,results/simulation_llama3.1_8b_Full_scnldf_sh1_ldf1_seed2_26agents_30rounds_20260804_024555.json,4,13,developing,SFI,890000.0,425433.6285714285,0.1,425433.0,2.0919831913347977,8900000.0,2.0919862822113,proportional columns are analyst-derived; stage1_cap uses end-of-round wealth (approx)
20260804_024555,results/simulation_llama3.1_8b_Full_scnldf_sh1_ldf1_seed2_26agents_30rounds_20260804_024555.json,4,14,developed,SI,3000000.0,8722833.2,1.0,8722833.0,0.34392495319066746,3000000.0,0.34392496107629256,proportional columns are analyst-derived; stage1_cap uses end-of-round wealth (approx)
20260804_024555,results/simulation_llama3.1_8b_Full_scnldf_sh1_ldf1_seed2_26agents_30rounds_20260804_024555.json,4,15,developing,SFI,200000.0,944386.6285714286,0.1,944386.0,0.2117776702350599,2000000.0,0.2117778111916102,proportional columns are analyst-derived; stage1_cap uses end-of-round wealth (approx)
20260804_024555,results/simulation_llama3.1_8b_Full_scnldf_sh1_ldf1_seed2_26agents_30rounds_20260804_024555.json,4,16,developing,SFI,0.0,1280626.6285714286,0.1,1280626.0,0.0,0.0,0.0,proportional columns are analyst-derived; stage1_cap uses end-of-round wealth (approx)
20260804_024555,results/simulation_llama3.1_8b_Full_scnldf_sh1_ldf1_seed2_26agents_30rounds_20260804_024555.json,4,17,developing,SFI,25410.0,848916.6285714286,0.1,848916.0,0.029932267957526505,254100.0,0.029932290120577302,proportional columns are analyst-derived; stage1_cap uses end-of-round wealth (approx)
20260804_024555,results/simulation_llama3.1_8b_Full_scnldf_sh1_ldf1_seed2_26agents_30rounds_20260804_024555.json,4,18,developed,SI,3164053.0,9004744.200000001,1.0,9004744.0,0.35137622232511606,3164053.0,0.3513762301293629,proportional columns are analyst-derived; stage1_cap uses end-of-round wealth (approx)
20260804_024555,results/simulation_llama3.1_8b_Full_scnldf_sh1_ldf1_seed2_26agents_30rounds_20260804_024555.json,4,19,developed,SI,10000000.0,7318908.199999999,1.0,7318908.0,1.3663240099117517,10000000.0,1.3663240472485787,proportional columns are analyst-derived; stage1_cap uses end-of-round wealth (approx)
20260804_024555,results/simulation_llama3.1_8b_Full_scnldf_sh1_ldf1_seed2_26agents_30rounds_20260804_024555.json,4,20,developed,SI,1000000.0,14990107.2,1.0,14990107.0,0.06671066368357927,1000000.0,0.0667106645736418,proportional columns are analyst-derived; stage1_cap uses end-of-round wealth (approx)
20260804_024555,results/simulation_llama3.1_8b_Full_scnldf_sh1_ldf1_seed2_26agents_30rounds_20260804_024555.json,4,21,developed,SI,8000000.0,9303682.2,1.0,9303682.0,0.8598745988980578,8000000.0,0.8598746173826664,proportional columns are analyst-derived; stage1_cap uses end-of-round wealth (approx)
20260804_024555,results/simulation_llama3.1_8b_Full_scnldf_sh1_ldf1_seed2_26agents_30rounds_20260804_024555.json,4,22,developed,SI,4000000.0,14488558.2,1.0,14488558.0,0.27607992077500165,4000000.0,0.2760799245860078,proportional columns are analyst-derived; stage1_cap uses end-of-round wealth (approx)
20260804_024555,results/simulation_llama3.1_8b_Full_scnldf_sh1_ldf1_seed2_26agents_30rounds_20260804_024555.json,4,23,developing,SFI,200000.0,904590.6285714286,0.1,904590.0,0.22109448592878886,2000000.0,0.22109463956046385,proportional columns are analyst-derived; stage1_cap uses end-of-round wealth (approx)
20260804_024555,results/simulation_llama3.1_8b_Full_scnldf_sh1_ldf1_seed2_26agents_30rounds_20260804_024555.json,4,24,developed,SI,4000000.0,9319157.2,1.0,9319157.0,0.42922336367498987,4000000.0,0.4292233728866248,proportional columns are analyst-derived; stage1_cap uses end-of-round wealth (approx)
20260804_024555,results/simulation_llama3.1_8b_Full_scnldf_sh1_ldf1_seed2_26agents_30rounds_20260804_024555.json,4,25,developed,SI,5000000.0,6194087.2,1.0,6194087.0,0.8072214417646558,5000000.0,0.8072214678289149,proportional columns are analyst-derived; stage1_cap uses end-of-round wealth (approx)
20260804_024555,results/simulation_llama3.1_8b_Full_scnldf_sh1_ldf1_seed2_26agents_30rounds_20260804_024555.json,5,0,developed,SI,2000000.0,24320089.333333332,1.0,24320089.0,0.08223654003025319,2000000.0,0.08223654115739461,proportional columns are analyst-derived; stage1_cap uses end-of-round wealth (approx)
20260804_024555,results/simulation_llama3.1_8b_Full_scnldf_sh1_ldf1_seed2_26agents_30rounds_20260804_024555.json,5,1,developing,SFI,500000.0,1362466.9142857143,0.1,1362466.0,0.3669813885074263,5000000.0,0.36698163477106954,proportional columns are analyst-derived; stage1_cap uses end-of-round wealth (approx)
20260804_024555,results/simulation_llama3.1_8b_Full_scnldf_sh1_ldf1_seed2_26agents_30rounds_20260804_024555.json,5,2,developing,SFI,300000.0,1141092.9142857143,0.1,1141092.0,0.2629058477571828,3000000.0,0.26290605840720993,proportional columns are analyst-derived; stage1_cap uses end-of-round wealth (approx)
20260804_024555,results/simulation_llama3.1_8b_Full_scnldf_sh1_ldf1_seed2_26agents_30rounds_20260804_024555.json,5,3,developing,SFI,1784326.0,779340.9142857143,0.1,779340.0,2.2895320485456354,17843260.0,2.289534734518952,proportional columns are analyst-derived; stage1_cap uses end-of-round wealth (approx)
20260804_024555,results/simulation_llama3.1_8b_Full_scnldf_sh1_ldf1_seed2_26agents_30rounds_20260804_024555.json,5,4,developed,SI,8000000.0,10444406.333333332,1.0,10444406.0,0.7659602417485418,8000000.0,0.7659602661941713,proportional columns are analyst-derived; stage1_cap uses end-of-round wealth (approx)
20260804_024555,results/simulation_llama3.1_8b_Full_scnldf_sh1_ldf1_seed2_26agents_30rounds_20260804_024555.json,5,5,developing,SFI,1215506.0,779340.9142857143,0.1,779340.0,1.5596589088538257,12155060.0,1.559660738573665,proportional columns are analyst-derived; stage1_cap uses end-of-round wealth (approx)
20260804_024555,results/simulation_llama3.1_8b_Full_scnldf_sh1_ldf1_seed2_26agents_30rounds_20260804_024555.json,5,6,developed,SI,4000000.0,16575910.333333332,1.0,16575910.0,0.24131404668352957,4000000.0,0.24131405153623542,proportional columns are analyst-derived; stage1_cap uses end-of-round wealth (approx)
20260804_024555,results/simulation_llama3.1_8b_Full_scnldf_sh1_ldf1_seed2_26agents_30rounds_20260804_024555.json,5,7,developed,SI,2629141.0,14418848.333333332,1.0,14418848.0,0.1823405683463624,2629141.0,0.18234057256169148,proportional columns are analyst-derived; stage1_cap uses end-of-round wealth (approx)
20260804_024555,results/simulation_llama3.1_8b_Full_scnldf_sh1_ldf1_seed2_26agents_30rounds_20260804_024555.json,5,8,developing,SFI,514341.0,1154184.9142857143,0.1,1154184.0,0.44563136602622133,5143410.0,0.44563171903266724,proportional columns are analyst-derived; stage1_cap uses end-of-round wealth (approx)
20260804_024555,results/simulation_llama3.1_8b_Full_scnldf_sh1_ldf1_seed2_26agents_30rounds_20260804_024555.json,5,9,developing,SFI,0.0,1453666.9142857143,0.1,1453666.0,0.0,0.0,0.0,proportional columns are analyst-derived; stage1_cap uses end-of-round wealth (approx)
20260804_024555,results/simulation_llama3.1_8b_Full_scnldf_sh1_ldf1_seed2_26agents_30rounds_20260804_024555.json,5,10,developing,SFI,425190.0,779340.9142857143,0.1,779340.0,0.5455763866698792,4251900.0,0.5455770267149126,proportional columns are analyst-derived; stage1_cap uses end-of-round wealth (approx)
20260804_024555,results/simulation_llama3.1_8b_Full_scnldf_sh1_ldf1_seed2_26agents_30rounds_20260804_024555.json,5,11,developing,SFI,151532.0,1651722.9142857143,0.1,1651722.0,0.0917417798647722,1515320.0,0.09174183064704593,proportional columns are analyst-derived; stage1_cap uses end-of-round wealth (approx)
20260804_024555,results/simulation_llama3.1_8b_Full_scnldf_sh1_ldf1_seed2_26agents_30rounds_20260804_024555.json,5,12,developing,SFI,250000.0,954530.9142857143,0.1,954530.0,0.2619087514699068,2500000.0,0.2619090023362283,proportional columns are analyst-derived; stage1_cap uses end-of-round wealth (approx)
20260804_024555,results/simulation_llama3.1_8b_Full_scnldf_sh1_ldf1_seed2_26agents_30rounds_20260804_024555.json,5,13,developing,SFI,213789.0,990984.9142857142,0.1,990984.0,0.21573385923245425,2137890.0,0.21573405826935652,proportional columns are analyst-derived; stage1_cap uses end-of-round wealth (approx)
20260804_024555,results/simulation_llama3.1_8b_Full_scnldf_sh1_ldf1_seed2_26agents_30rounds_20260804_024555.json,5,14,developed,SI,8000000.0,7269189.333333333,1.0,7269189.0,1.1005353737748291,8000000.0,1.1005354242405858,proportional columns are analyst-derived; stage1_cap uses end-of-round wealth (approx)
20260804_024555,results/simulation_llama3.1_8b_Full_scnldf_sh1_ldf1_seed2_26agents_30rounds_20260804_024555.json,5,15,developing,SFI,0.0,1723726.9142857143,0.1,1723726.0,0.0,0.0,0.0,proportional columns are analyst-derived; stage1_cap uses end-of-round wealth (approx)
20260804_024555,results/simulation_llama3.1_8b_Full_scnldf_sh1_ldf1_seed2_26agents_30rounds_20260804_024555.json,5,16,developing,SFI,1000000.0,1059966.9142857143,0.1,1059966.0,0.9434256735021541,10000000.0,0.9434264872646858,proportional columns are analyst-derived; stage1_cap uses end-of-round wealth (approx)
20260804_024555,results/simulation_llama3.1_8b_Full_scnldf_sh1_ldf1_seed2_26agents_30rounds_20260804_024555.json,5,17,developing,SFI,284231.0,1344025.9142857143,0.1,1344025.0,0.21147732121746718,2842310.0,0.21147746507691448,proportional columns are analyst-derived; stage1_cap uses end-of-round wealth (approx)
20260804_024555,results/simulation_llama3.1_8b_Full_scnldf_sh1_ldf1_seed2_26agents_30rounds_20260804_024555.json,5,18,developed,SI,4502370.0,11048957.333333336,1.0,11048957.0,0.4074927492404109,4502370.0,0.40749276153396197,proportional columns are analyst-derived; stage1_cap uses end-of-round wealth (approx)
20260804_024555,results/simulation_llama3.1_8b_Full_scnldf_sh1_ldf1_seed2_26agents_30rounds_20260804_024555.json,5,19,developed,SI,0.0,13863695.333333332,1.0,13863695.0,0.0,0.0,0.0,proportional columns are analyst-derived; stage1_cap uses end-of-round wealth (approx)
20260804_024555,results/simulation_llama3.1_8b_Full_scnldf_sh1_ldf1_seed2_26agents_30rounds_20260804_024555.json,5,20,developed,SI,3000000.0,18536463.333333332,1.0,18536463.0,0.16184317073069854,3000000.0,0.16184317364105547,proportional columns are analyst-derived; stage1_cap uses end-of-round wealth (approx)
20260804_024555,results/simulation_llama3.1_8b_Full_scnldf_sh1_ldf1_seed2_26agents_30rounds_20260804_024555.json,5,21,developed,SI,2000000.0,13850037.333333332,1.0,13850037.0,0.1444039428822719,2000000.0,0.14440394635768844,proportional columns are analyst-derived; stage1_cap uses end-of-round wealth (approx)
20260804_024555,results/simulation_llama3.1_8b_Full_scnldf_sh1_ldf1_seed2_26agents_30rounds_20260804_024555.json,5,22,developed,SI,10000000.0,11035073.333333332,1.0,11035073.0,0.9062014993405875,10000000.0,0.9062015267139601,proportional columns are analyst-derived; stage1_cap uses end-of-round wealth (approx)
20260804_024555,results/simulation_llama3.1_8b_Full_scnldf_sh1_ldf1_seed2_26agents_30rounds_20260804_024555.json,5,23,developing,SFI,200000.0,1483930.9142857143,0.1,1483930.0,0.13477716386565705,2000000.0,0.13477724690517748,proportional columns are analyst-derived; stage1_cap uses end-of-round wealth (approx)
20260804_024555,results/simulation_llama3.1_8b_Full_scnldf_sh1_ldf1_seed2_26agents_30rounds_20260804_024555.json,5,24,developed,SI,5000000.0,10865834.333333332,1.0,10865834.0,0.4601579452266636,5000000.0,0.4601579593430196,proportional columns are analyst-derived; stage1_cap uses end-of-round wealth (approx)
20260804_024555,results/simulation_llama3.1_8b_Full_scnldf_sh1_ldf1_seed2_26agents_30rounds_20260804_024555.json,5,25,developed,SI,0.0,12737383.333333334,1.0,12737383.0,0.0,0.0,0.0,proportional columns are analyst-derived; stage1_cap uses end-of-round wealth (approx)
20260804_024555,results/simulation_llama3.1_8b_Full_scnldf_sh1_ldf1_seed2_26agents_30rounds_20260804_024555.json,6,0,developed,SI,0.0,31966882.266666666,1.0,31966882.0,0.0,0.0,0.0,proportional columns are analyst-derived; stage1_cap uses end-of-round wealth (approx)
20260804_024555,results/simulation_llama3.1_8b_Full_scnldf_sh1_ldf1_seed2_26agents_30rounds_20260804_024555.json,6,1,developing,SFI,500000.0,1524893.4285714286,0.1,1524893.0,0.3278917664878501,5000000.0,0.327891858641885,proportional columns are analyst-derived; stage1_cap uses end-of-round wealth (approx)
20260804_024555,results/simulation_llama3.1_8b_Full_scnldf_sh1_ldf1_seed2_26agents_30rounds_20260804_024555.json,6,2,developing,SFI,500.0,1803019.4285714286,0.1,1803019.0,0.00027731259690094457,5000.0,0.00027731266281719717,proportional columns are analyst-derived; stage1_cap uses end-of-round wealth (approx)
20260804_024555,results/simulation_llama3.1_8b_Full_scnldf_sh1_ldf1_seed2_26agents_30rounds_20260804_024555.json,6,3,developing,SFI,388814.0,1052953.4285714286,0.1,1052953.0,0.36926039599634985,3888140.0,0.3692605462921897,proportional columns are analyst-derived; stage1_cap uses end-of-round wealth (approx)
20260804_024555,results/simulation_llama3.1_8b_Full_scnldf_sh1_ldf1_seed2_26agents_30rounds_20260804_024555.json,6,4,developed,SI,6000000.0,12099744.266666666,1.0,12099744.0,0.49587824897500316,6000000.0,0.4958782599036806,proportional columns are analyst-derived; stage1_cap uses end-of-round wealth (approx)
20260804_024555,results/simulation_llama3.1_8b_Full_scnldf_sh1_ldf1_seed2_26agents_30rounds_20260804_024555.json,6,5,developing,SFI,500000.0,941767.4285714286,0.1,941767.0,0.5309166412332313,5000000.0,0.5309168828383242,proportional columns are analyst-derived; stage1_cap uses end-of-round wealth (approx)
20260804_024555,results/simulation_llama3.1_8b_Full_scnldf_sh1_ldf1_seed2_26agents_30rounds_20260804_024555.json,6,6,developed,SI,4102865.0,20126455.266666666,1.0,20126455.0,0.20385432733379258,4102865.0,0.20385433003477263,proportional columns are analyst-derived; stage1_cap uses end-of-round wealth (approx)
20260804_024555,results/simulation_llama3.1_8b_Full_scnldf_sh1_ldf1_seed2_26agents_30rounds_20260804_024555.json,6,7,developed,SI,7000000.0,15072107.266666666,1.0,15072107.0,0.4644340619497272,7000000.0,0.464434070166832,proportional columns are analyst-derived; stage1_cap uses end-of-round wealth (approx)
20260804_024555,results/simulation_llama3.1_8b_Full_scnldf_sh1_ldf1_seed2_26agents_30rounds_20260804_024555.json,6,8,developing,SFI,514341.0,1302270.4285714286,0.1,1302270.0,0.39495713694752665,5143410.0,0.39495726692621347,proportional columns are analyst-derived; stage1_cap uses end-of-round wealth (approx)
20260804_024555,results/simulation_llama3.1_8b_Full_scnldf_sh1_ldf1_seed2_26agents_30rounds_20260804_024555.json,6,9,developing,SFI,100000.0,2016093.4285714286,0.1,2016093.0,0.04960087592312544,1000000.0,0.049600886467042936,proportional columns are analyst-derived; stage1_cap uses end-of-round wealth (approx)
20260804_024555,results/simulation_llama3.1_8b_Full_scnldf_sh1_ldf1_seed2_26agents_30rounds_20260804_024555.json,6,10,developing,SFI,493363.0,948404.4285714286,0.1,948404.0,0.5202031803490704,4933630.0,0.5202034154221197,proportional columns are analyst-derived; stage1_cap uses end-of-round wealth (approx)
20260804_024555,results/simulation_llama3.1_8b_Full_scnldf_sh1_ldf1_seed2_26agents_30rounds_20260804_024555.json,6,11,developing,SFI,514414.0,1799735.4285714286,0.1,1799735.0,0.28582756767105766,5144140.0,0.28582763573526104,proportional columns are analyst-derived; stage1_cap uses end-of-round wealth (approx)
20260804_024555,results/simulation_llama3.1_8b_Full_scnldf_sh1_ldf1_seed2_26agents_30rounds_20260804_024555.json,6,12,developing,SFI,506839.0,1110118.4285714286,0.1,1110118.0,0.45656299990644494,5068390.0,0.45656317616685793,proportional columns are analyst-derived; stage1_cap uses end-of-round wealth (approx)
20260804_024555,results/simulation_llama3.1_8b_Full_scnldf_sh1_ldf1_seed2_26agents_30rounds_20260804_024555.json,6,13,developing,SFI,213789.0,1439622.4285714286,0.1,1439622.0,0.14850352131020067,2137890.0,0.14850356551928215,proportional columns are analyst-derived; stage1_cap uses end-of-round wealth (approx)
20260804_024555,results/simulation_llama3.1_8b_Full_scnldf_sh1_ldf1_seed2_26agents_30rounds_20260804_024555.json,6,14,developed,SI,4000000.0,10918856.266666666,1.0,10918856.0,0.36633873569810527,4000000.0,0.3663387446450434,proportional columns are analyst-derived; stage1_cap uses end-of-round wealth (approx)
20260804_024555,results/simulation_llama3.1_8b_Full_scnldf_sh1_ldf1_seed2_26agents_30rounds_20260804_024555.json,6,15,developing,SFI,500000.0,1886153.4285714286,0.1,1886153.0,0.2650897813645519,5000000.0,0.265089841598216,proportional columns are analyst-derived; stage1_cap uses end-of-round wealth (approx)
20260804_024555,results/simulation_llama3.1_8b_Full_scnldf_sh1_ldf1_seed2_26agents_30rounds_20260804_024555.json,6,16,developing,SFI,1059966.0,662427.4285714286,0.1,662427.0,1.6001239596704069,10599660.0,1.600124994905099,proportional columns are analyst-derived; stage1_cap uses end-of-round wealth (approx)
20260804_024555,results/simulation_llama3.1_8b_Full_scnldf_sh1_ldf1_seed2_26agents_30rounds_20260804_024555.json,6,17,developing,SFI,504206.0,1502246.4285714286,0.1,1502246.0,0.33563468044286054,5042060.0,0.3356347761951105,proportional columns are analyst-derived; stage1_cap uses end-of-round wealth (approx)
20260804_024555,results/simulation_llama3.1_8b_Full_scnldf_sh1_ldf1_seed2_26agents_30rounds_20260804_024555.json,6,18,developed,SI,5000000.0,13703987.26666667,1.0,13703987.0,0.364857315079525,5000000.0,0.36485732217930444,proportional columns are analyst-derived; stage1_cap uses end-of-round wealth (approx)
20260804_024555,results/simulation_llama3.1_8b_Full_scnldf_sh1_ldf1_seed2_26agents_30rounds_20260804_024555.json,6,19,developed,SI,0.0,21504470.266666666,1.0,21504470.0,0.0,0.0,0.0,proportional columns are analyst-derived; stage1_cap uses end-of-round wealth (approx)
20260804_024555,results/simulation_llama3.1_8b_Full_scnldf_sh1_ldf1_seed2_26agents_30rounds_20260804_024555.json,6,20,developed,SI,3000000.0,23185230.266666666,1.0,23185230.0,0.1293927196536448,3000000.0,0.1293927211418649,proportional columns are analyst-derived; stage1_cap uses end-of-round wealth (approx)
20260804_024555,results/simulation_llama3.1_8b_Full_scnldf_sh1_ldf1_seed2_26agents_30rounds_20260804_024555.json,6,21,developed,SI,4284682.0,17218602.266666666,1.0,17218602.0,0.24884029107836916,4284682.0,0.2488402949321902,proportional columns are analyst-derived; stage1_cap uses end-of-round wealth (approx)
20260804_024555,results/simulation_llama3.1_8b_Full_scnldf_sh1_ldf1_seed2_26agents_30rounds_20260804_024555.json,6,22,developed,SI,10000000.0,8686721.266666666,1.0,8686721.0,1.151182326797194,10000000.0,1.1511823621364148,proportional columns are analyst-derived; stage1_cap uses end-of-round wealth (approx)
20260804_024555,results/simulation_llama3.1_8b_Full_scnldf_sh1_ldf1_seed2_26agents_30rounds_20260804_024555.json,6,23,developing,SFI,0.0,2146357.4285714286,0.1,2146357.0,0.0,0.0,0.0,proportional columns are analyst-derived; stage1_cap uses end-of-round wealth (approx)
20260804_024555,results/simulation_llama3.1_8b_Full_scnldf_sh1_ldf1_seed2_26agents_30rounds_20260804_024555.json,6,24,developed,SI,4011955.0,14505149.266666666,1.0,14505149.0,0.2765883291680156,4011955.0,0.27658833425289187,proportional columns are analyst-derived; stage1_cap uses end-of-round wealth (approx)
20260804_024555,results/simulation_llama3.1_8b_Full_scnldf_sh1_ldf1_seed2_26agents_30rounds_20260804_024555.json,6,25,developed,SI,10000000.0,10381124.266666668,1.0,10381124.0,0.9632868023851289,10000000.0,0.9632868271297019,proportional columns are analyst-derived; stage1_cap uses end-of-round wealth (approx)
20260804_024555,results/simulation_llama3.1_8b_Full_scnldf_sh1_ldf1_seed2_26agents_30rounds_20260804_024555.json,7,0,developed,SI,31966882.0,12281276.733333334,1.0,12281276.0,2.6028956674542485,31966882.0,2.6028958228770365,proportional columns are analyst-derived; stage1_cap uses end-of-round wealth (approx)
20260804_024555,results/simulation_llama3.1_8b_Full_scnldf_sh1_ldf1_seed2_26agents_30rounds_20260804_024555.json,7,1,developing,SFI,500000.0,1697496.285714286,0.1,1697496.0,0.29455145452032966,5000000.0,0.2945515040978005,proportional columns are analyst-derived; stage1_cap uses end-of-round wealth (approx)
20260804_024555,results/simulation_llama3.1_8b_Full_scnldf_sh1_ldf1_seed2_26agents_30rounds_20260804_024555.json,7,2,developing,SFI,1000000.0,1475622.285714286,0.1,1475622.0,0.677680196132266,10000000.0,0.6776803273467054,proportional columns are analyst-derived; stage1_cap uses end-of-round wealth (approx)
20260804_024555,results/simulation_llama3.1_8b_Full_scnldf_sh1_ldf1_seed2_26agents_30rounds_20260804_024555.json,7,3,developing,SFI,500000.0,1225556.285714286,0.1,1225556.0,0.407977998096258,5000000.0,0.4079780932083071,proportional columns are analyst-derived; stage1_cap uses end-of-round wealth (approx)
20260804_024555,results/simulation_llama3.1_8b_Full_scnldf_sh1_ldf1_seed2_26agents_30rounds_20260804_024555.json,7,4,developed,SI,10000000.0,14425014.733333332,1.0,14425014.0,0.6932401931550194,10000000.0,0.6932402283976986,proportional columns are analyst-derived; stage1_cap uses end-of-round wealth (approx)
20260804_024555,results/simulation_llama3.1_8b_Full_scnldf_sh1_ldf1_seed2_26agents_30rounds_20260804_024555.json,7,5,developing,SFI,407402.0,1206968.285714286,0.1,1206968.0,0.33754159477264045,4074020.0,0.33754167467571633,proportional columns are analyst-derived; stage1_cap uses end-of-round wealth (approx)
20260804_024555,results/simulation_llama3.1_8b_Full_scnldf_sh1_ldf1_seed2_26agents_30rounds_20260804_024555.json,7,6,developed,SI,0.0,32432568.733333334,1.0,32432568.0,0.0,0.0,0.0,proportional columns are analyst-derived; stage1_cap uses end-of-round wealth (approx)
20260804_024555,results/simulation_llama3.1_8b_Full_scnldf_sh1_ldf1_seed2_26agents_30rounds_20260804_024555.json,7,7,developed,SI,7000000.0,20389656.733333334,1.0,20389656.0,0.3433113215955367,7000000.0,0.34331133394305424,proportional columns are analyst-derived; stage1_cap uses end-of-round wealth (approx)
20260804_024555,results/simulation_llama3.1_8b_Full_scnldf_sh1_ldf1_seed2_26agents_30rounds_20260804_024555.json,7,8,developing,SFI,0.0,1974873.285714286,0.1,1974873.0,0.0,0.0,0.0,proportional columns are analyst-derived; stage1_cap uses end-of-round wealth (approx)
20260804_024555,results/simulation_llama3.1_8b_Full_scnldf_sh1_ldf1_seed2_26agents_30rounds_20260804_024555.json,7,9,developing,SFI,200000.0,2488696.285714286,0.1,2488696.0,0.08036336179229583,2000000.0,0.08036337101839679,proportional columns are analyst-derived; stage1_cap uses end-of-round wealth (approx)
20260804_024555,results/simulation_llama3.1_8b_Full_scnldf_sh1_ldf1_seed2_26agents_30rounds_20260804_024555.json,7,10,developing,SFI,121213.0,1499794.285714286,0.1,1499794.0,0.08081975051816628,1212130.0,0.08081976591451892,proportional columns are analyst-derived; stage1_cap uses end-of-round wealth (approx)
20260804_024555,results/simulation_llama3.1_8b_Full_scnldf_sh1_ldf1_seed2_26agents_30rounds_20260804_024555.json,7,11,developing,SFI,514414.0,1957924.285714286,0.1,1957924.0,0.26273436810266265,5144140.0,0.26273440644274243,proportional columns are analyst-derived; stage1_cap uses end-of-round wealth (approx)
20260804_024555,results/simulation_llama3.1_8b_Full_scnldf_sh1_ldf1_seed2_26agents_30rounds_20260804_024555.json,7,12,developing,SFI,716836.0,1065885.285714286,0.1,1065885.0,0.6725264056156136,7168360.0,0.6725265858887216,proportional columns are analyst-derived; stage1_cap uses end-of-round wealth (approx)
20260804_024555,results/simulation_llama3.1_8b_Full_scnldf_sh1_ldf1_seed2_26agents_30rounds_20260804_024555.json,7,13,developing,SFI,500000.0,1612225.285714286,0.1,1612225.0,0.31013035487684854,5000000.0,0.3101304098373366,proportional columns are analyst-derived; stage1_cap uses end-of-round wealth (approx)
20260804_024555,results/simulation_llama3.1_8b_Full_scnldf_sh1_ldf1_seed2_26agents_30rounds_20260804_024555.json,7,14,developed,SI,3000000.0,20228420.733333334,1.0,20228420.0,0.1483061895710158,3000000.0,0.14830619494750455,proportional columns are analyst-derived; stage1_cap uses end-of-round wealth (approx)
20260804_024555,results/simulation_llama3.1_8b_Full_scnldf_sh1_ldf1_seed2_26agents_30rounds_20260804_024555.json,7,15,developing,SFI,0.0,2558756.285714286,0.1,2558756.0,0.0,0.0,0.0,proportional columns are analyst-derived; stage1_cap uses end-of-round wealth (approx)
20260804_024555,results/simulation_llama3.1_8b_Full_scnldf_sh1_ldf1_seed2_26agents_30rounds_20260804_024555.json,7,16,developing,SFI,400000.0,935030.2857142858,0.1,935030.0,0.42779362990839714,4000000.0,0.42779376062800123,proportional columns are analyst-derived; stage1_cap uses end-of-round wealth (approx)
20260804_024555,results/simulation_llama3.1_8b_Full_scnldf_sh1_ldf1_seed2_26agents_30rounds_20260804_024555.json,7,17,developing,SFI,25410.0,2149439.285714286,0.1,2149439.0,0.011821687715899329,254100.0,0.011821689287297755,proportional columns are analyst-derived; stage1_cap uses end-of-round wealth (approx)
20260804_024555,results/simulation_llama3.1_8b_Full_scnldf_sh1_ldf1_seed2_26agents_30rounds_20260804_024555.json,7,18,developed,SI,0.0,26009077.733333334,1.0,26009077.0,0.0,0.0,0.0,proportional columns are analyst-derived; stage1_cap uses end-of-round wealth (approx)
20260804_024555,results/simulation_llama3.1_8b_Full_scnldf_sh1_ldf1_seed2_26agents_30rounds_20260804_024555.json,7,19,developed,SI,0.0,33775501.733333334,1.0,33775501.0,0.0,0.0,0.0,proportional columns are analyst-derived; stage1_cap uses end-of-round wealth (approx)
20260804_024555,results/simulation_llama3.1_8b_Full_scnldf_sh1_ldf1_seed2_26agents_30rounds_20260804_024555.json,7,20,developed,SI,4000000.0,31495299.733333334,1.0,31495299.0,0.12700307772485062,4000000.0,0.12700308068197733,proportional columns are analyst-derived; stage1_cap uses end-of-round wealth (approx)
20260804_024555,results/simulation_llama3.1_8b_Full_scnldf_sh1_ldf1_seed2_26agents_30rounds_20260804_024555.json,7,21,developed,SI,10000000.0,19535170.733333334,1.0,19535170.0,0.511897240956116,10000000.0,0.5118972601722944,proportional columns are analyst-derived; stage1_cap uses end-of-round wealth (approx)
20260804_024555,results/simulation_llama3.1_8b_Full_scnldf_sh1_ldf1_seed2_26agents_30rounds_20260804_024555.json,7,22,developed,SI,6000000.0,15008505.733333332,1.0,15008505.0,0.39977330898933017,6000000.0,0.3997733285227276,proportional columns are analyst-derived; stage1_cap uses end-of-round wealth (approx)
20260804_024555,results/simulation_llama3.1_8b_Full_scnldf_sh1_ldf1_seed2_26agents_30rounds_20260804_024555.json,7,23,developing,SFI,1000000.0,1818960.285714286,0.1,1818960.0,0.5497646143534743,10000000.0,0.5497647007080969,proportional columns are analyst-derived; stage1_cap uses end-of-round wealth (approx)
20260804_024555,results/simulation_llama3.1_8b_Full_scnldf_sh1_ldf1_seed2_26agents_30rounds_20260804_024555.json,7,24,developed,SI,10000000.0,16818876.733333334,1.0,16818876.0,0.5945700273895818,10000000.0,0.5945700533139076,proportional columns are analyst-derived; stage1_cap uses end-of-round wealth (approx)
20260804_024555,results/simulation_llama3.1_8b_Full_scnldf_sh1_ldf1_seed2_26agents_30rounds_20260804_024555.json,7,25,developed,SI,10381124.0,12311376.733333334,1.0,12311376.0,0.8432139008379842,10381124.0,0.8432139510644464,proportional columns are analyst-derived; stage1_cap uses end-of-round wealth (approx)
20260804_024555,results/simulation_llama3.1_8b_Full_scnldf_sh1_ldf1_seed2_26agents_30rounds_20260804_024555.json,8,0,developed,SI,12281276.0,21118927.066666666,1.0,21118927.0,0.5815293533251654,12281276.0,0.5815293551608943,proportional columns are analyst-derived; stage1_cap uses end-of-round wealth (approx)
20260804_024555,results/simulation_llama3.1_8b_Full_scnldf_sh1_ldf1_seed2_26agents_30rounds_20260804_024555.json,8,1,developing,SFI,1000000.0,1667706.685714286,0.1,1667706.0,0.5996258266313154,10000000.0,0.5996260731807644,proportional columns are analyst-derived; stage1_cap uses end-of-round wealth (approx)
20260804_024555,results/simulation_llama3.1_8b_Full_scnldf_sh1_ldf1_seed2_26agents_30rounds_20260804_024555.json,8,2,developing,SFI,300000.0,2145832.685714286,0.1,2145832.0,0.13980586743655582,3000000.0,0.13980591211241142,proportional columns are analyst-derived; stage1_cap uses end-of-round wealth (approx)
20260804_024555,results/simulation_llama3.1_8b_Full_scnldf_sh1_ldf1_seed2_26agents_30rounds_20260804_024555.json,8,3,developing,SFI,1000000.0,1195766.685714286,0.1,1195766.0,0.8362835425563427,10000000.0,0.8362840221247301,proportional columns are analyst-derived; stage1_cap uses end-of-round wealth (approx)
20260804_024555,results/simulation_llama3.1_8b_Full_scnldf_sh1_ldf1_seed2_26agents_30rounds_20260804_024555.json,8,4,developed,SI,10000000.0,25479066.066666663,1.0,25479066.0,0.3924790639435029,10000000.0,0.39247906497043494,proportional columns are analyst-derived; stage1_cap uses end-of-round wealth (approx)
20260804_024555,results/simulation_llama3.1_8b_Full_scnldf_sh1_ldf1_seed2_26agents_30rounds_20260804_024555.json,8,5,developing,SFI,1000000.0,1177178.685714286,0.1,1177178.0,0.8494887073097336,10000000.0,0.8494892021427516,proportional columns are analyst-derived; stage1_cap uses end-of-round wealth (approx)
20260804_024555,results/simulation_llama3.1_8b_Full_scnldf_sh1_ldf1_seed2_26agents_30rounds_20260804_024555.json,8,6,developed,SI,30000000.0,23251345.066666666,1.0,23251345.0,1.2902479367960638,30000000.0,1.2902479404954854,proportional columns are analyst-derived; stage1_cap uses end-of-round wealth (approx)
20260804_024555,results/simulation_llama3.1_8b_Full_scnldf_sh1_ldf1_seed2_26agents_30rounds_20260804_024555.json,8,7,developed,SI,20000000.0,21509113.066666666,1.0,21509113.0,0.9298384335054064,20000000.0,0.9298384363874047,proportional columns are analyst-derived; stage1_cap uses end-of-round wealth (approx)
20260804_024555,results/simulation_llama3.1_8b_Full_scnldf_sh1_ldf1_seed2_26agents_30rounds_20260804_024555.json,8,8,developing,SFI,514341.0,2430742.685714286,0.1,2430742.0,0.21159829175783712,5143410.0,0.2115983514498865,proportional columns are analyst-derived; stage1_cap uses end-of-round wealth (approx)
20260804_024555,results/simulation_llama3.1_8b_Full_scnldf_sh1_ldf1_seed2_26agents_30rounds_20260804_024555.json,8,9,developing,SFI,500000.0,2958906.685714286,0.1,2958906.0,0.16898133436043083,5000000.0,0.16898137352115952,proportional columns are analyst-derived; stage1_cap uses end-of-round wealth (approx)
20260804_024555,results/simulation_llama3.1_8b_Full_scnldf_sh1_ldf1_seed2_26agents_30rounds_20260804_024555.json,8,10,developing,SFI,725000.0,1745004.685714286,0.1,1745004.0,0.41547166373552424,7250000.0,0.41547182699867735,proportional columns are analyst-derived; stage1_cap uses end-of-round wealth (approx)
20260804_024555,results/simulation_llama3.1_8b_Full_scnldf_sh1_ldf1_seed2_26agents_30rounds_20260804_024555.json,8,11,developing,SFI,1000000.0,1928134.685714286,0.1,1928134.0,0.5186359684357555,10000000.0,0.5186361528814906,proportional columns are analyst-derived; stage1_cap uses end-of-round wealth (approx)
20260804_024555,results/simulation_llama3.1_8b_Full_scnldf_sh1_ldf1_seed2_26agents_30rounds_20260804_024555.json,8,12,developing,SFI,0.0,2036095.685714286,0.1,2036095.0,0.0,0.0,0.0,proportional columns are analyst-derived; stage1_cap uses end-of-round wealth (approx)
20260804_024555,results/simulation_llama3.1_8b_Full_scnldf_sh1_ldf1_seed2_26agents_30rounds_20260804_024555.json,8,13,developing,SFI,1000000.0,1582435.685714286,0.1,1582435.0,0.6319372149071677,10000000.0,0.6319374887436134,proportional columns are analyst-derived; stage1_cap uses end-of-round wealth (approx)
20260804_024555,results/simulation_llama3.1_8b_Full_scnldf_sh1_ldf1_seed2_26agents_30rounds_20260804_024555.json,8,14,developed,SI,4000000.0,35768955.06666666,1.0,35768955.0,0.11182881894494111,4000000.0,0.11182881915336917,proportional columns are analyst-derived; stage1_cap uses end-of-round wealth (approx)
20260804_024555,results/simulation_llama3.1_8b_Full_scnldf_sh1_ldf1_seed2_26agents_30rounds_20260804_024555.json,8,15,developing,SFI,1000000.0,2528966.685714286,0.1,2528966.0,0.39541841561173363,10000000.0,0.3954185228271159,proportional columns are analyst-derived; stage1_cap uses end-of-round wealth (approx)
20260804_024555,results/simulation_llama3.1_8b_Full_scnldf_sh1_ldf1_seed2_26agents_30rounds_20260804_024555.json,8,16,developing,SFI,0.0,1905240.6857142858,0.1,1905240.0,0.0,0.0,0.0,proportional columns are analyst-derived; stage1_cap uses end-of-round wealth (approx)
20260804_024555,results/simulation_llama3.1_8b_Full_scnldf_sh1_ldf1_seed2_26agents_30rounds_20260804_024555.json,8,17,developing,SFI,450000.0,2669649.685714286,0.1,2669649.0,0.1685614417532085,4500000.0,0.16856148504915816,proportional columns are analyst-derived; stage1_cap uses end-of-round wealth (approx)
20260804_024555,results/simulation_llama3.1_8b_Full_scnldf_sh1_ldf1_seed2_26agents_30rounds_20260804_024555.json,8,18,developed,SI,10381124.0,35620954.06666666,1.0,35620954.0,0.29143307000062746,10381124.0,0.29143307054606116,proportional columns are analyst-derived; stage1_cap uses end-of-round wealth (approx)
20260804_024555,results/simulation_llama3.1_8b_Full_scnldf_sh1_ldf1_seed2_26agents_30rounds_20260804_024555.json,8,19,developed,SI,0.0,54820995.06666666,1.0,54820995.0,0.0,0.0,0.0,proportional columns are analyst-derived; stage1_cap uses end-of-round wealth (approx)
20260804_024555,results/simulation_llama3.1_8b_Full_scnldf_sh1_ldf1_seed2_26agents_30rounds_20260804_024555.json,8,20,developed,SI,20000000.0,32614078.066666666,1.0,32614078.0,0.6132321128047177,20000000.0,0.6132321140582297,proportional columns are analyst-derived; stage1_cap uses end-of-round wealth (approx)
20260804_024555,results/simulation_llama3.1_8b_Full_scnldf_sh1_ldf1_seed2_26agents_30rounds_20260804_024555.json,8,21,developed,SI,19535170.0,21419529.066666666,1.0,21419529.0,0.9120261206116278,19535170.0,0.9120261234502401,proportional columns are analyst-derived; stage1_cap uses end-of-round wealth (approx)
20260804_024555,results/simulation_llama3.1_8b_Full_scnldf_sh1_ldf1_seed2_26agents_30rounds_20260804_024555.json,8,22,developed,SI,10000000.0,26100326.066666663,1.0,26100326.0,0.3831369759311641,10000000.0,0.3831369769097903,proportional columns are analyst-derived; stage1_cap uses end-of-round wealth (approx)
20260804_024555,results/simulation_llama3.1_8b_Full_scnldf_sh1_ldf1_seed2_26agents_30rounds_20260804_024555.json,8,23,developing,SFI,0.0,2789170.685714286,0.1,2789170.0,0.0,0.0,0.0,proportional columns are analyst-derived; stage1_cap uses end-of-round wealth (approx)
20260804_024555,results/simulation_llama3.1_8b_Full_scnldf_sh1_ldf1_seed2_26agents_30rounds_20260804_024555.json,8,24,developed,SI,12000000.0,25869108.066666666,1.0,25869108.0,0.46387374350422456,12000000.0,0.46387374469966264,proportional columns are analyst-derived; stage1_cap uses end-of-round wealth (approx)
20260804_024555,results/simulation_llama3.1_8b_Full_scnldf_sh1_ldf1_seed2_26agents_30rounds_20260804_024555.json,8,25,developed,SI,10000000.0,23607835.066666666,1.0,23607835.0,0.42358818467516346,10000000.0,0.4235881858713431,proportional columns are analyst-derived; stage1_cap uses end-of-round wealth (approx)
20260804_024555,results/simulation_llama3.1_8b_Full_scnldf_sh1_ldf1_seed2_26agents_30rounds_20260804_024555.json,9,0,developed,SI,10559546.0,34747621.46666667,1.0,34747621.0,0.30389262787755855,10559546.0,0.3038926319588901,proportional columns are analyst-derived; stage1_cap uses end-of-round wealth (approx)
20260804_024555,results/simulation_llama3.1_8b_Full_scnldf_sh1_ldf1_seed2_26agents_30rounds_20260804_024555.json,9,1,developing,SFI,1000000.0,1504897.428571429,0.1,1504897.0,0.6644971152281662,10000000.0,0.6644973044666844,proportional columns are analyst-derived; stage1_cap uses end-of-round wealth (approx)
20260804_024555,results/simulation_llama3.1_8b_Full_scnldf_sh1_ldf1_seed2_26agents_30rounds_20260804_024555.json,9,2,developing,SFI,107291.0,2875732.4285714286,0.1,2875732.0,0.037309103911763696,1072910.0,0.03730910947195357,proportional columns are analyst-derived; stage1_cap uses end-of-round wealth (approx)
20260804_024555,results/simulation_llama3.1_8b_Full_scnldf_sh1_ldf1_seed2_26agents_30rounds_20260804_024555.json,9,3,developing,SFI,388814.0,1644143.428571429,0.1,1644143.0,0.23648423443071173,3888140.0,0.2364842960740033,proportional columns are analyst-derived; stage1_cap uses end-of-round wealth (approx)
20260804_024555,results/simulation_llama3.1_8b_Full_scnldf_sh1_ldf1_seed2_26agents_30rounds_20260804_024555.json,9,4,developed,SI,20000000.0,29672723.466666665,1.0,29672723.0,0.6740196942982778,20000000.0,0.6740197048986707,proportional columns are analyst-derived; stage1_cap uses end-of-round wealth (approx)
20260804_024555,results/simulation_llama3.1_8b_Full_scnldf_sh1_ldf1_seed2_26agents_30rounds_20260804_024555.json,9,5,developing,SFI,500000.0,1514369.428571429,0.1,1514369.0,0.3301704264273691,5000000.0,0.3301705198666903,proportional columns are analyst-derived; stage1_cap uses end-of-round wealth (approx)
20260804_024555,results/simulation_llama3.1_8b_Full_scnldf_sh1_ldf1_seed2_26agents_30rounds_20260804_024555.json,9,6,developed,SI,12000000.0,35442880.46666667,1.0,35442880.0,0.33857293318148235,12000000.0,0.3385729376393792,proportional columns are analyst-derived; stage1_cap uses end-of-round wealth (approx)
20260804_024555,results/simulation_llama3.1_8b_Full_scnldf_sh1_ldf1_seed2_26agents_30rounds_20260804_024555.json,9,7,developed,SI,21000000.0,24703057.46666667,1.0,24703057.0,0.8500972006536669,21000000.0,0.8500972167128951,proportional columns are analyst-derived; stage1_cap uses end-of-round wealth (approx)
20260804_024555,results/simulation_llama3.1_8b_Full_scnldf_sh1_ldf1_seed2_26agents_30rounds_20260804_024555.json,9,8,developing,SFI,121537.0,3146396.4285714286,0.1,3146396.0,0.03862736395718004,1215370.0,0.03862736921862347,proportional columns are analyst-derived; stage1_cap uses end-of-round wealth (approx)
20260804_024555,results/simulation_llama3.1_8b_Full_scnldf_sh1_ldf1_seed2_26agents_30rounds_20260804_024555.json,9,9,developing,SFI,200000.0,3596097.4285714286,0.1,3596097.0,0.0556158457807555,2000000.0,0.05561585240887551,proportional columns are analyst-derived; stage1_cap uses end-of-round wealth (approx)
20260804_024555,results/simulation_llama3.1_8b_Full_scnldf_sh1_ldf1_seed2_26agents_30rounds_20260804_024555.json,9,10,developing,SFI,493363.0,2088832.428571429,0.1,2088832.0,0.23619079886528538,4933630.0,0.23619084732520376,proportional columns are analyst-derived; stage1_cap uses end-of-round wealth (approx)
20260804_024555,results/simulation_llama3.1_8b_Full_scnldf_sh1_ldf1_seed2_26agents_30rounds_20260804_024555.json,9,11,developing,SFI,514414.0,2250911.428571429,0.1,2250911.0,0.22853586927961875,5144140.0,0.22853591279264263,proportional columns are analyst-derived; stage1_cap uses end-of-round wealth (approx)
20260804_024555,results/simulation_llama3.1_8b_Full_scnldf_sh1_ldf1_seed2_26agents_30rounds_20260804_024555.json,9,12,developing,SFI,1000000.0,1873286.428571429,0.1,1873286.0,0.5338211950655093,10000000.0,0.5338213171934237,proportional columns are analyst-derived; stage1_cap uses end-of-round wealth (approx)
20260804_024555,results/simulation_llama3.1_8b_Full_scnldf_sh1_ldf1_seed2_26agents_30rounds_20260804_024555.json,9,13,developing,SFI,500000.0,1919626.428571429,0.1,1919626.0,0.26046734539495586,5000000.0,0.2604674035463158,proportional columns are analyst-derived; stage1_cap uses end-of-round wealth (approx)
20260804_024555,results/simulation_llama3.1_8b_Full_scnldf_sh1_ldf1_seed2_26agents_30rounds_20260804_024555.json,9,14,developed,SI,15000000.0,44961096.46666667,1.0,44961096.0,0.3336217570032066,15000000.0,0.3336217604659815,proportional columns are analyst-derived; stage1_cap uses end-of-round wealth (approx)
20260804_024555,results/simulation_llama3.1_8b_Full_scnldf_sh1_ldf1_seed2_26agents_30rounds_20260804_024555.json,9,15,developing,SFI,0.0,3366157.4285714286,0.1,3366157.0,0.0,0.0,0.0,proportional columns are analyst-derived; stage1_cap uses end-of-round wealth (approx)
20260804_024555,results/simulation_llama3.1_8b_Full_scnldf_sh1_ldf1_seed2_26agents_30rounds_20260804_024555.json,9,16,developing,SFI,1000000.0,1742431.4285714286,0.1,1742431.0,0.573910676542303,10000000.0,0.5739108177023939,proportional columns are analyst-derived; stage1_cap uses end-of-round wealth (approx)
20260804_024555,results/simulation_llama3.1_8b_Full_scnldf_sh1_ldf1_seed2_26agents_30rounds_20260804_024555.json,9,17,developing,SFI,500000.0,3006840.4285714286,0.1,3006840.0,0.1662875073944491,5000000.0,0.16628753109576833,proportional columns are analyst-derived; stage1_cap uses end-of-round wealth (approx)
20260804_024555,results/simulation_llama3.1_8b_Full_scnldf_sh1_ldf1_seed2_26agents_30rounds_20260804_024555.json,9,18,developed,SI,10000000.0,49806588.46666667,1.0,49806588.0,0.20077665039621323,10000000.0,0.20077665227740554,proportional columns are analyst-derived; stage1_cap uses end-of-round wealth (approx)
20260804_024555,results/simulation_llama3.1_8b_Full_scnldf_sh1_ldf1_seed2_26agents_30rounds_20260804_024555.json,9,19,developed,SI,14381597.0,64625527.46666667,1.0,64625527.0,0.22253740222728416,14381597.0,0.2225374038342465,proportional columns are analyst-derived; stage1_cap uses end-of-round wealth (approx)
20260804_024555,results/simulation_llama3.1_8b_Full_scnldf_sh1_ldf1_seed2_26agents_30rounds_20260804_024555.json,9,20,developed,SI,25000000.0,31806530.46666667,1.0,31806530.0,0.7860021081582623,25000000.0,0.7860021196905164,proportional columns are analyst-derived; stage1_cap uses end-of-round wealth (approx)
20260804_024555,results/simulation_llama3.1_8b_Full_scnldf_sh1_ldf1_seed2_26agents_30rounds_20260804_024555.json,9,21,developed,SI,0.0,45600830.46666667,1.0,45600830.0,0.0,0.0,0.0,proportional columns are analyst-derived; stage1_cap uses end-of-round wealth (approx)
20260804_024555,results/simulation_llama3.1_8b_Full_scnldf_sh1_ldf1_seed2_26agents_30rounds_20260804_024555.json,9,22,developed,SI,13500000.0,36791569.46666667,1.0,36791569.0,0.3669318867256006,13500000.0,0.36693189137978865,proportional columns are analyst-derived; stage1_cap uses end-of-round wealth (approx)
20260804_024555,results/simulation_llama3.1_8b_Full_scnldf_sh1_ldf1_seed2_26agents_30rounds_20260804_024555.json,9,23,developing,SFI,1000000.0,2626361.4285714286,0.1,2626361.0,0.3807549064349211,10000000.0,0.38075496856677354,proportional columns are analyst-derived; stage1_cap uses end-of-round wealth (approx)
20260804_024555,results/simulation_llama3.1_8b_Full_scnldf_sh1_ldf1_seed2_26agents_30rounds_20260804_024555.json,9,24,developed,SI,20000000.0,30059956.46666667,1.0,30059956.0,0.6653369582280633,20000000.0,0.6653369685571063,proportional columns are analyst-derived; stage1_cap uses end-of-round wealth (approx)
20260804_024555,results/simulation_llama3.1_8b_Full_scnldf_sh1_ldf1_seed2_26agents_30rounds_20260804_024555.json,9,25,developed,SI,20000000.0,27798680.46666667,1.0,27798680.0,0.7194586096984694,20000000.0,0.7194586217762858,proportional columns are analyst-derived; stage1_cap uses end-of-round wealth (approx)
20260804_024555,results/simulation_llama3.1_8b_Full_scnldf_sh1_ldf1_seed2_26agents_30rounds_20260804_024555.json,10,0,developed,SI,13500000.0,48714218.866666675,1.0,48714218.0,0.277126479990374,13500000.0,0.2771264849206858,proportional columns are analyst-derived; stage1_cap uses end-of-round wealth (approx)
20260804_024555,results/simulation_llama3.1_8b_Full_scnldf_sh1_ldf1_seed2_26agents_30rounds_20260804_024555.json,10,1,developing,SFI,500000.0,1616601.428571429,0.1,1616601.0,0.3092908314709606,5000000.0,0.30929091346596965,proportional columns are analyst-derived; stage1_cap uses end-of-round wealth (approx)
20260804_024555,results/simulation_llama3.1_8b_Full_scnldf_sh1_ldf1_seed2_26agents_30rounds_20260804_024555.json,10,2,developing,SFI,143786.0,3343650.4285714286,0.1,3343650.0,0.0430027011111423,1437860.0,0.04300270662300181,proportional columns are analyst-derived; stage1_cap uses end-of-round wealth (approx)
20260804_024555,results/simulation_llama3.1_8b_Full_scnldf_sh1_ldf1_seed2_26agents_30rounds_20260804_024555.json,10,3,developing,SFI,533585.0,1722262.428571429,0.1,1722262.0,0.3098163155324677,5335850.0,0.3098163926278348,proportional columns are analyst-derived; stage1_cap uses end-of-round wealth (approx)
20260804_024555,results/simulation_llama3.1_8b_Full_scnldf_sh1_ldf1_seed2_26agents_30rounds_20260804_024555.json,10,4,developed,SI,15000000.0,42141377.86666667,1.0,42141377.0,0.3559446975715719,15000000.0,0.3559447048918216,proportional columns are analyst-derived; stage1_cap uses end-of-round wealth (approx)
20260804_024555,results/simulation_llama3.1_8b_Full_scnldf_sh1_ldf1_seed2_26agents_30rounds_20260804_024555.json,10,5,developing,SFI,0.0,2126073.428571429,0.1,2126073.0,0.0,0.0,0.0,proportional columns are analyst-derived; stage1_cap uses end-of-round wealth (approx)
20260804_024555,results/simulation_llama3.1_8b_Full_scnldf_sh1_ldf1_seed2_26agents_30rounds_20260804_024555.json,10,6,developed,SI,21000000.0,41912006.866666675,1.0,41912006.0,0.5010497365780319,21000000.0,0.5010497469388604,proportional columns are analyst-derived; stage1_cap uses end-of-round wealth (approx)
20260804_024555,results/simulation_llama3.1_8b_Full_scnldf_sh1_ldf1_seed2_26agents_30rounds_20260804_024555.json,10,7,developed,SI,21000000.0,31172225.86666667,1.0,31172225.0,0.6736766277077405,21000000.0,0.673676646437654,proportional columns are analyst-derived; stage1_cap uses end-of-round wealth (approx)
20260804_024555,results/simulation_llama3.1_8b_Full_scnldf_sh1_ldf1_seed2_26agents_30rounds_20260804_024555.json,10,8,developing,SFI,0.0,3758100.4285714286,0.1,3758100.0,0.0,0.0,0.0,proportional columns are analyst-derived; stage1_cap uses end-of-round wealth (approx)
20260804_024555,results/simulation_llama3.1_8b_Full_scnldf_sh1_ldf1_seed2_26agents_30rounds_20260804_024555.json,10,9,developing,SFI,0.0,4207801.428571429,0.1,4207801.0,0.0,0.0,0.0,proportional columns are analyst-derived; stage1_cap uses end-of-round wealth (approx)
20260804_024555,results/simulation_llama3.1_8b_Full_scnldf_sh1_ldf1_seed2_26agents_30rounds_20260804_024555.json,10,10,developing,SFI,1000000.0,1700536.428571429,0.1,1700536.0,0.5880497372467761,10000000.0,0.5880498854478823,proportional columns are analyst-derived; stage1_cap uses end-of-round wealth (approx)
20260804_024555,results/simulation_llama3.1_8b_Full_scnldf_sh1_ldf1_seed2_26agents_30rounds_20260804_024555.json,10,11,developing,SFI,514414.0,2348201.428571429,0.1,2348201.0,0.21906723747841048,5144140.0,0.21906727746048996,proportional columns are analyst-derived; stage1_cap uses end-of-round wealth (approx)
20260804_024555,results/simulation_llama3.1_8b_Full_scnldf_sh1_ldf1_seed2_26agents_30rounds_20260804_024555.json,10,12,developing,SFI,1000000.0,1484990.428571429,0.1,1484990.0,0.6734050137696893,10000000.0,0.6734052081158796,proportional columns are analyst-derived; stage1_cap uses end-of-round wealth (approx)
20260804_024555,results/simulation_llama3.1_8b_Full_scnldf_sh1_ldf1_seed2_26agents_30rounds_20260804_024555.json,10,13,developing,SFI,500000.0,2031330.428571429,0.1,2031330.0,0.24614409992944097,5000000.0,0.24614415186109592,proportional columns are analyst-derived; stage1_cap uses end-of-round wealth (approx)
20260804_024555,results/simulation_llama3.1_8b_Full_scnldf_sh1_ldf1_seed2_26agents_30rounds_20260804_024555.json,10,14,developed,SI,15000000.0,57430162.866666675,1.0,57430162.0,0.2611867919445902,15000000.0,0.261186795886106,proportional columns are analyst-derived; stage1_cap uses end-of-round wealth (approx)
20260804_024555,results/simulation_llama3.1_8b_Full_scnldf_sh1_ldf1_seed2_26agents_30rounds_20260804_024555.json,10,15,developing,SFI,0.0,3977861.4285714286,0.1,3977861.0,0.0,0.0,0.0,proportional columns are analyst-derived; stage1_cap uses end-of-round wealth (approx)
20260804_024555,results/simulation_llama3.1_8b_Full_scnldf_sh1_ldf1_seed2_26agents_30rounds_20260804_024555.json,10,16,developing,SFI,0.0,2354135.4285714286,0.1,2354135.0,0.0,0.0,0.0,proportional columns are analyst-derived; stage1_cap uses end-of-round wealth (approx)
20260804_024555,results/simulation_llama3.1_8b_Full_scnldf_sh1_ldf1_seed2_26agents_30rounds_20260804_024555.json,10,17,developing,SFI,200000.0,3418544.4285714286,0.1,3418544.0,0.058504431982350384,2000000.0,0.05850443931685536,proportional columns are analyst-derived; stage1_cap uses end-of-round wealth (approx)
20260804_024555,results/simulation_llama3.1_8b_Full_scnldf_sh1_ldf1_seed2_26agents_30rounds_20260804_024555.json,10,18,developed,SI,15585558.0,61690097.866666675,1.0,61690097.0,0.2526427828609658,15585558.0,0.2526427864102726,proportional columns are analyst-derived; stage1_cap uses end-of-round wealth (approx)
20260804_024555,results/simulation_llama3.1_8b_Full_scnldf_sh1_ldf1_seed2_26agents_30rounds_20260804_024555.json,10,19,developed,SI,20000000.0,72093050.86666667,1.0,72093050.0,0.27741924859012046,20000000.0,0.27741925192511624,proportional columns are analyst-derived; stage1_cap uses end-of-round wealth (approx)
20260804_024555,results/simulation_llama3.1_8b_Full_scnldf_sh1_ldf1_seed2_26agents_30rounds_20260804_024555.json,10,20,developed,SI,25000000.0,34276094.866666675,1.0,34276094.0,0.7293713037395159,25000000.0,0.7293713221815765,proportional columns are analyst-derived; stage1_cap uses end-of-round wealth (approx)
20260804_024555,results/simulation_llama3.1_8b_Full_scnldf_sh1_ldf1_seed2_26agents_30rounds_20260804_024555.json,10,21,developed,SI,10000000.0,63065314.866666675,1.0,63065314.0,0.15856576663641656,10000000.0,0.15856576881548548,proportional columns are analyst-derived; stage1_cap uses end-of-round wealth (approx)
20260804_024555,results/simulation_llama3.1_8b_Full_scnldf_sh1_ldf1_seed2_26agents_30rounds_20260804_024555.json,10,22,developed,SI,15000000.0,49260934.866666675,1.0,49260934.0,0.3045009202647112,15000000.0,0.3045009256219137,proportional columns are analyst-derived; stage1_cap uses end-of-round wealth (approx)
20260804_024555,results/simulation_llama3.1_8b_Full_scnldf_sh1_ldf1_seed2_26agents_30rounds_20260804_024555.json,10,23,developing,SFI,1000000.0,2238065.4285714286,0.1,2238065.0,0.4468144618266618,10000000.0,0.44681454738803383,proportional columns are analyst-derived; stage1_cap uses end-of-round wealth (approx)
20260804_024555,results/simulation_llama3.1_8b_Full_scnldf_sh1_ldf1_seed2_26agents_30rounds_20260804_024555.json,10,24,developed,SI,15000000.0,42529021.866666675,1.0,42529021.0,0.352700328896035,15000000.0,0.3527003360834476,proportional columns are analyst-derived; stage1_cap uses end-of-round wealth (approx)
20260804_024555,results/simulation_llama3.1_8b_Full_scnldf_sh1_ldf1_seed2_26agents_30rounds_20260804_024555.json,10,25,developed,SI,20000000.0,35266195.866666675,1.0,35266195.0,0.5671153213013213,20000000.0,0.5671153352381793,proportional columns are analyst-derived; stage1_cap uses end-of-round wealth (approx)
20260804_024555,results/simulation_llama3.1_8b_Full_scnldf_sh1_ldf1_seed2_26agents_30rounds_20260804_024555.json,11,0,developed,SI,48714218.0,29525226.866666675,1.0,29525226.0,1.6499184991867843,48714218.0,1.6499185476175526,proportional columns are analyst-derived; stage1_cap uses end-of-round wealth (approx)
20260804_024555,results/simulation_llama3.1_8b_Full_scnldf_sh1_ldf1_seed2_26agents_30rounds_20260804_024555.json,11,1,developing,SFI,1000000.0,1977296.5142857148,0.1,1977296.0,0.5057410422640852,10000000.0,0.5057411738050348,proportional columns are analyst-derived; stage1_cap uses end-of-round wealth (approx)
20260804_024555,results/simulation_llama3.1_8b_Full_scnldf_sh1_ldf1_seed2_26agents_30rounds_20260804_024555.json,11,2,developing,SFI,143786.0,4560559.514285714,0.1,4560559.0,0.0315281490241708,1437860.0,0.03152815257954124,proportional columns are analyst-derived; stage1_cap uses end-of-round wealth (approx)
20260804_024555,results/simulation_llama3.1_8b_Full_scnldf_sh1_ldf1_seed2_26agents_30rounds_20260804_024555.json,11,3,developing,SFI,1000000.0,2082957.5142857148,0.1,2082957.0,0.4800866043313988,10000000.0,0.48008672286561843,proportional columns are analyst-derived; stage1_cap uses end-of-round wealth (approx)
20260804_024555,results/simulation_llama3.1_8b_Full_scnldf_sh1_ldf1_seed2_26agents_30rounds_20260804_024555.json,11,4,developed,SI,15000000.0,56665524.86666667,1.0,56665524.0,0.2647112161282337,15000000.0,0.2647112201768398,proportional columns are analyst-derived; stage1_cap uses end-of-round wealth (approx)
20260804_024555,results/simulation_llama3.1_8b_Full_scnldf_sh1_ldf1_seed2_26agents_30rounds_20260804_024555.json,11,5,developing,SFI,0.0,3486768.514285715,0.1,3486768.0,0.0,0.0,0.0,proportional columns are analyst-derived; stage1_cap uses end-of-round wealth (approx)
20260804_024555,results/simulation_llama3.1_8b_Full_scnldf_sh1_ldf1_seed2_26agents_30rounds_20260804_024555.json,11,6,developed,SI,16825959.0,54611187.866666675,1.0,54611187.0,0.3081046147738191,16825959.0,0.3081046196633668,proportional columns are analyst-derived; stage1_cap uses end-of-round wealth (approx)
20260804_024555,results/simulation_llama3.1_8b_Full_scnldf_sh1_ldf1_seed2_26agents_30rounds_20260804_024555.json,11,7,developed,SI,21000000.0,39695066.866666675,1.0,39695066.0,0.5290329921986964,21000000.0,0.529033003749131,proportional columns are analyst-derived; stage1_cap uses end-of-round wealth (approx)
20260804_024555,results/simulation_llama3.1_8b_Full_scnldf_sh1_ldf1_seed2_26agents_30rounds_20260804_024555.json,11,8,developing,SFI,121537.0,4997258.514285714,0.1,4997258.0,0.02432073498950693,1215370.0,0.024320737492440854,proportional columns are analyst-derived; stage1_cap uses end-of-round wealth (approx)
20260804_024555,results/simulation_llama3.1_8b_Full_scnldf_sh1_ldf1_seed2_26agents_30rounds_20260804_024555.json,11,9,developing,SFI,4207801.0,1360695.5142857148,0.1,1360695.0,3.09238985197129,42078010.0,3.0923910207651235,proportional columns are analyst-derived; stage1_cap uses end-of-round wealth (approx)
20260804_024555,results/simulation_llama3.1_8b_Full_scnldf_sh1_ldf1_seed2_26agents_30rounds_20260804_024555.json,11,10,developing,SFI,1000000.0,2061231.5142857148,0.1,2061231.0,0.48514686150940844,10000000.0,0.48514698255556993,proportional columns are analyst-derived; stage1_cap uses end-of-round wealth (approx)
20260804_024555,results/simulation_llama3.1_8b_Full_scnldf_sh1_ldf1_seed2_26agents_30rounds_20260804_024555.json,11,11,developing,SFI,514414.0,3194482.514285715,0.1,3194482.0,0.1610320287243841,5144140.0,0.16103205464923578,proportional columns are analyst-derived; stage1_cap uses end-of-round wealth (approx)
20260804_024555,results/simulation_llama3.1_8b_Full_scnldf_sh1_ldf1_seed2_26agents_30rounds_20260804_024555.json,11,12,developing,SFI,0.0,2845685.514285715,0.1,2845685.0,0.0,0.0,0.0,proportional columns are analyst-derived; stage1_cap uses end-of-round wealth (approx)
20260804_024555,results/simulation_llama3.1_8b_Full_scnldf_sh1_ldf1_seed2_26agents_30rounds_20260804_024555.json,11,13,developing,SFI,500000.0,2892025.514285715,0.1,2892025.0,0.17288920776464595,5000000.0,0.17288923850934898,proportional columns are analyst-derived; stage1_cap uses end-of-round wealth (approx)
20260804_024555,results/simulation_llama3.1_8b_Full_scnldf_sh1_ldf1_seed2_26agents_30rounds_20260804_024555.json,11,14,developed,SI,17371414.0,69583930.86666667,1.0,69583930.0,0.2496469196787151,17371414.0,0.24964692278806327,proportional columns are analyst-derived; stage1_cap uses end-of-round wealth (approx)
20260804_024555,results/simulation_llama3.1_8b_Full_scnldf_sh1_ldf1_seed2_26agents_30rounds_20260804_024555.json,11,15,developing,SFI,0.0,5338556.514285714,0.1,5338556.0,0.0,0.0,0.0,proportional columns are analyst-derived; stage1_cap uses end-of-round wealth (approx)
20260804_024555,results/simulation_llama3.1_8b_Full_scnldf_sh1_ldf1_seed2_26agents_30rounds_20260804_024555.json,11,16,developing,SFI,0.0,3714830.5142857144,0.1,3714830.0,0.0,0.0,0.0,proportional columns are analyst-derived; stage1_cap uses end-of-round wealth (approx)
20260804_024555,results/simulation_llama3.1_8b_Full_scnldf_sh1_ldf1_seed2_26agents_30rounds_20260804_024555.json,11,17,developing,SFI,3418544.0,1360695.5142857144,0.1,1360695.0,2.5123504590918975,34185440.0,2.5123514086551357,proportional columns are analyst-derived; stage1_cap uses end-of-round wealth (approx)
20260804_024555,results/simulation_llama3.1_8b_Full_scnldf_sh1_ldf1_seed2_26agents_30rounds_20260804_024555.json,11,18,developed,SI,15000000.0,76214859.86666667,1.0,76214859.0,0.19681201311977217,15000000.0,0.19681201535779264,proportional columns are analyst-derived; stage1_cap uses end-of-round wealth (approx)
20260804_024555,results/simulation_llama3.1_8b_Full_scnldf_sh1_ldf1_seed2_26agents_30rounds_20260804_024555.json,11,19,developed,SI,20000000.0,81618967.86666667,1.0,81618967.0,0.24504107957689616,20000000.0,0.24504108217885187,proportional columns are analyst-derived; stage1_cap uses end-of-round wealth (approx)
20260804_024555,results/simulation_llama3.1_8b_Full_scnldf_sh1_ldf1_seed2_26agents_30rounds_20260804_024555.json,11,20,developed,SI,25000000.0,38801558.866666675,1.0,38801558.0,0.6443040107204764,25000000.0,0.6443040251115689,proportional columns are analyst-derived; stage1_cap uses end-of-round wealth (approx)
20260804_024555,results/simulation_llama3.1_8b_Full_scnldf_sh1_ldf1_seed2_26agents_30rounds_20260804_024555.json,11,21,developed,SI,3153265.0,89430750.86666667,1.0,89430750.0,0.03525929246307278,3153265.0,0.03525929280476794,proportional columns are analyst-derived; stage1_cap uses end-of-round wealth (approx)
20260804_024555,results/simulation_llama3.1_8b_Full_scnldf_sh1_ldf1_seed2_26agents_30rounds_20260804_024555.json,11,22,developed,SI,17371414.0,61414346.866666675,1.0,61414346.0,0.28285595933657204,17371414.0,0.2828559633281774,proportional columns are analyst-derived; stage1_cap uses end-of-round wealth (approx)
20260804_024555,results/simulation_llama3.1_8b_Full_scnldf_sh1_ldf1_seed2_26agents_30rounds_20260804_024555.json,11,23,developing,SFI,0.0,3598760.5142857144,0.1,3598760.0,0.0,0.0,0.0,proportional columns are analyst-derived; stage1_cap uses end-of-round wealth (approx)
20260804_024555,results/simulation_llama3.1_8b_Full_scnldf_sh1_ldf1_seed2_26agents_30rounds_20260804_024555.json,11,24,developed,SI,12000000.0,60051651.866666675,1.0,60051651.0,0.19982797520114398,12000000.0,0.19982797808506547,proportional columns are analyst-derived; stage1_cap uses end-of-round wealth (approx)
20260804_024555,results/simulation_llama3.1_8b_Full_scnldf_sh1_ldf1_seed2_26agents_30rounds_20260804_024555.json,11,25,developed,SI,10000000.0,54787035.866666675,1.0,54787035.0,0.1825249320721905,10000000.0,0.182524934959521,proportional columns are analyst-derived; stage1_cap uses end-of-round wealth (approx)
20260804_024555,results/simulation_llama3.1_8b_Full_scnldf_sh1_ldf1_seed2_26agents_30rounds_20260804_024555.json,12,0,developed,SI,0.0,61198656.26666668,1.0,61198656.0,0.0,0.0,0.0,proportional columns are analyst-derived; stage1_cap uses end-of-round wealth (approx)
20260804_024555,results/simulation_llama3.1_8b_Full_scnldf_sh1_ldf1_seed2_26agents_30rounds_20260804_024555.json,12,1,developing,SFI,1000000.0,2741799.6000000006,0.1,2741799.0,0.3647239572140866,10000000.0,0.36472403702824313,proportional columns are analyst-derived; stage1_cap uses end-of-round wealth (approx)
20260804_024555,results/simulation_llama3.1_8b_Full_scnldf_sh1_ldf1_seed2_26agents_30rounds_20260804_024555.json,12,2,developing,SFI,0.0,6325062.600000001,0.1,6325062.0,0.0,0.0,0.0,proportional columns are analyst-derived; stage1_cap uses end-of-round wealth (approx)
20260804_024555,results/simulation_llama3.1_8b_Full_scnldf_sh1_ldf1_seed2_26agents_30rounds_20260804_024555.json,12,3,developing,SFI,0.0,3847460.6000000006,0.1,3847460.0,0.0,0.0,0.0,proportional columns are analyst-derived; stage1_cap uses end-of-round wealth (approx)
20260804_024555,results/simulation_llama3.1_8b_Full_scnldf_sh1_ldf1_seed2_26agents_30rounds_20260804_024555.json,12,4,developed,SI,25000000.0,63345091.266666666,1.0,63345091.0,0.3946635721899331,25000000.0,0.394663573851366,proportional columns are analyst-derived; stage1_cap uses end-of-round wealth (approx)
20260804_024555,results/simulation_llama3.1_8b_Full_scnldf_sh1_ldf1_seed2_26agents_30rounds_20260804_024555.json,12,5,developing,SFI,174338.0,5076933.600000001,0.1,5076933.0,0.034339231854440634,1743380.0,0.03433923591270557,proportional columns are analyst-derived; stage1_cap uses end-of-round wealth (approx)
20260804_024555,results/simulation_llama3.1_8b_Full_scnldf_sh1_ldf1_seed2_26agents_30rounds_20260804_024555.json,12,6,developed,SI,15000000.0,71290062.26666668,1.0,71290062.0,0.21040800811607085,15000000.0,0.21040800890312034,proportional columns are analyst-derived; stage1_cap uses end-of-round wealth (approx)
20260804_024555,results/simulation_llama3.1_8b_Full_scnldf_sh1_ldf1_seed2_26agents_30rounds_20260804_024555.json,12,7,developed,SI,21000000.0,50374876.26666668,1.0,50374876.0,0.416874473077283,21000000.0,0.4168744752840682,proportional columns are analyst-derived; stage1_cap uses end-of-round wealth (approx)
20260804_024555,results/simulation_llama3.1_8b_Full_scnldf_sh1_ldf1_seed2_26agents_30rounds_20260804_024555.json,12,8,developing,SFI,121537.0,6640224.600000001,0.1,6640224.0,0.01830314595081618,1215370.0,0.01830314760465912,proportional columns are analyst-derived; stage1_cap uses end-of-round wealth (approx)
20260804_024555,results/simulation_llama3.1_8b_Full_scnldf_sh1_ldf1_seed2_26agents_30rounds_20260804_024555.json,12,9,developing,SFI,1000000.0,2125198.6000000006,0.1,2125198.0,0.4705442587812733,10000000.0,0.47054439162845063,proportional columns are analyst-derived; stage1_cap uses end-of-round wealth (approx)
20260804_024555,results/simulation_llama3.1_8b_Full_scnldf_sh1_ldf1_seed2_26agents_30rounds_20260804_024555.json,12,10,developing,SFI,1000000.0,2825734.6000000006,0.1,2825734.0,0.35389027688587593,10000000.0,0.3538903520288888,proportional columns are analyst-derived; stage1_cap uses end-of-round wealth (approx)
20260804_024555,results/simulation_llama3.1_8b_Full_scnldf_sh1_ldf1_seed2_26agents_30rounds_20260804_024555.json,12,11,developing,SFI,514414.0,4444571.600000001,0.1,4444571.0,0.11573983868321526,5144140.0,0.11573985430764859,proportional columns are analyst-derived; stage1_cap uses end-of-round wealth (approx)
20260804_024555,results/simulation_llama3.1_8b_Full_scnldf_sh1_ldf1_seed2_26agents_30rounds_20260804_024555.json,12,12,developing,SFI,1422840.0,3187348.6000000006,0.1,3187348.0,0.4464023797083255,14228400.0,0.44640246374101605,proportional columns are analyst-derived; stage1_cap uses end-of-round wealth (approx)
20260804_024555,results/simulation_llama3.1_8b_Full_scnldf_sh1_ldf1_seed2_26agents_30rounds_20260804_024555.json,12,13,developing,SFI,500000.0,4156528.6000000006,0.1,4156528.0,0.12029268847085521,5000000.0,0.12029270583525481,proportional columns are analyst-derived; stage1_cap uses end-of-round wealth (approx)
20260804_024555,results/simulation_llama3.1_8b_Full_scnldf_sh1_ldf1_seed2_26agents_30rounds_20260804_024555.json,12,14,developed,SI,17371414.0,83891465.26666668,1.0,83891465.0,0.20707009878515417,17371414.0,0.20707009944337007,proportional columns are analyst-derived; stage1_cap uses end-of-round wealth (approx)
20260804_024555,results/simulation_llama3.1_8b_Full_scnldf_sh1_ldf1_seed2_26agents_30rounds_20260804_024555.json,12,15,developing,SFI,5338556.0,1764503.6000000006,0.1,1764503.0,3.02552853958473,53385560.0,3.0255295683827117,proportional columns are analyst-derived; stage1_cap uses end-of-round wealth (approx)
20260804_024555,results/simulation_llama3.1_8b_Full_scnldf_sh1_ldf1_seed2_26agents_30rounds_20260804_024555.json,12,16,developing,SFI,3714830.0,1764503.6000000003,0.1,1764503.0,2.1053116581910056,37148300.0,2.1053123740792734,proportional columns are analyst-derived; stage1_cap uses end-of-round wealth (approx)
20260804_024555,results/simulation_llama3.1_8b_Full_scnldf_sh1_ldf1_seed2_26agents_30rounds_20260804_024555.json,12,17,developing,SFI,652887.0,2472311.6000000006,0.1,2472311.0,0.26407957637702295,6528870.0,0.2640796404659446,proportional columns are analyst-derived; stage1_cap uses end-of-round wealth (approx)
20260804_024555,results/simulation_llama3.1_8b_Full_scnldf_sh1_ldf1_seed2_26agents_30rounds_20260804_024555.json,12,18,developed,SI,25000000.0,82894434.26666668,1.0,82894434.0,0.3015884024200759,25000000.0,0.30158840339026866,proportional columns are analyst-derived; stage1_cap uses end-of-round wealth (approx)
20260804_024555,results/simulation_llama3.1_8b_Full_scnldf_sh1_ldf1_seed2_26agents_30rounds_20260804_024555.json,12,19,developed,SI,40000000.0,73298439.26666668,1.0,73298439.0,0.5457142116556698,40000000.0,0.5457142136410299,proportional columns are analyst-derived; stage1_cap uses end-of-round wealth (approx)
20260804_024555,results/simulation_llama3.1_8b_Full_scnldf_sh1_ldf1_seed2_26agents_30rounds_20260804_024555.json,12,20,developed,SI,25000000.0,45481036.26666668,1.0,45481036.0,0.5496796478738688,25000000.0,0.549679651096778,proportional columns are analyst-derived; stage1_cap uses end-of-round wealth (approx)
20260804_024555,results/simulation_llama3.1_8b_Full_scnldf_sh1_ldf1_seed2_26agents_30rounds_20260804_024555.json,12,21,developed,SI,25000000.0,96110221.26666668,1.0,96110221.0,0.26011801523830846,25000000.0,0.26011801596002987,proportional columns are analyst-derived; stage1_cap uses end-of-round wealth (approx)
20260804_024555,results/simulation_llama3.1_8b_Full_scnldf_sh1_ldf1_seed2_26agents_30rounds_20260804_024555.json,12,22,developed,SI,0.0,93086391.26666668,1.0,93086391.0,0.0,0.0,0.0,proportional columns are analyst-derived; stage1_cap uses end-of-round wealth (approx)
20260804_024555,results/simulation_llama3.1_8b_Full_scnldf_sh1_ldf1_seed2_26agents_30rounds_20260804_024555.json,12,23,developing,SFI,0.0,5363263.600000001,0.1,5363263.0,0.0,0.0,0.0,proportional columns are analyst-derived; stage1_cap uses end-of-round wealth (approx)
20260804_024555,results/simulation_llama3.1_8b_Full_scnldf_sh1_ldf1_seed2_26agents_30rounds_20260804_024555.json,12,24,developed,SI,25000000.0,66725707.26666668,1.0,66725707.0,0.3746681904784985,25000000.0,0.3746681919758452,proportional columns are analyst-derived; stage1_cap uses end-of-round wealth (approx)
20260804_024555,results/simulation_llama3.1_8b_Full_scnldf_sh1_ldf1_seed2_26agents_30rounds_20260804_024555.json,12,25,developed,SI,19221479.0,67244542.26666668,1.0,67244542.0,0.2858444470299881,19221479.0,0.28584444816354015,proportional columns are analyst-derived; stage1_cap uses end-of-round wealth (approx)
20260804_024555,results/simulation_llama3.1_8b_Full_scnldf_sh1_ldf1_seed2_26agents_30rounds_20260804_024555.json,13,0,developed,SI,13500000.0,78737685.40000002,1.0,78737685.0,0.17145538291375778,13500000.0,0.17145538378477854,proportional columns are analyst-derived; stage1_cap uses end-of-round wealth (approx)
20260804_024555,results/simulation_llama3.1_8b_Full_scnldf_sh1_ldf1_seed2_26agents_30rounds_20260804_024555.json,13,1,developing,SFI,0.0,4827024.285714286,0.1,4827024.0,0.0,0.0,0.0,proportional columns are analyst-derived; stage1_cap uses end-of-round wealth (approx)
20260804_024555,results/simulation_llama3.1_8b_Full_scnldf_sh1_ldf1_seed2_26agents_30rounds_20260804_024555.json,13,2,developing,SFI,0.0,8410287.285714287,0.1,8410287.0,0.0,0.0,0.0,proportional columns are analyst-derived; stage1_cap uses end-of-round wealth (approx)
20260804_024555,results/simulation_llama3.1_8b_Full_scnldf_sh1_ldf1_seed2_26agents_30rounds_20260804_024555.json,13,3,developing,SFI,1000000.0,4932685.285714286,0.1,4932685.0,0.2027293334314543,10000000.0,0.20272934517407862,proportional columns are analyst-derived; stage1_cap uses end-of-round wealth (approx)
20260804_024555,results/simulation_llama3.1_8b_Full_scnldf_sh1_ldf1_seed2_26agents_30rounds_20260804_024555.json,13,4,developed,SI,19326626.0,75062009.4,1.0,75062009.0,0.2574754680095201,19326626.0,0.2574754693815882,proportional columns are analyst-derived; stage1_cap uses end-of-round wealth (approx)
20260804_024555,results/simulation_llama3.1_8b_Full_scnldf_sh1_ldf1_seed2_26agents_30rounds_20260804_024555.json,13,5,developing,SFI,0.0,7162158.285714286,0.1,7162158.0,0.0,0.0,0.0,proportional columns are analyst-derived; stage1_cap uses end-of-round wealth (approx)
20260804_024555,results/simulation_llama3.1_8b_Full_scnldf_sh1_ldf1_seed2_26agents_30rounds_20260804_024555.json,13,6,developed,SI,25000000.0,77334359.40000002,1.0,77334359.0,0.3232715728682947,25000000.0,0.323271574540367,proportional columns are analyst-derived; stage1_cap uses end-of-round wealth (approx)
20260804_024555,results/simulation_llama3.1_8b_Full_scnldf_sh1_ldf1_seed2_26agents_30rounds_20260804_024555.json,13,7,developed,SI,25000000.0,56418691.40000002,1.0,56418691.0,0.44311555939420444,25000000.0,0.443115562535827,proportional columns are analyst-derived; stage1_cap uses end-of-round wealth (approx)
20260804_024555,results/simulation_llama3.1_8b_Full_scnldf_sh1_ldf1_seed2_26agents_30rounds_20260804_024555.json,13,8,developing,SFI,121537.0,8603912.285714287,0.1,8603912.0,0.014125783244187284,1215370.0,0.014125783713269034,proportional columns are analyst-derived; stage1_cap uses end-of-round wealth (approx)
20260804_024555,results/simulation_llama3.1_8b_Full_scnldf_sh1_ldf1_seed2_26agents_30rounds_20260804_024555.json,13,9,developing,SFI,106259.0,4104164.2857142864,0.1,4104164.0,0.02589053278638595,1062590.0,0.02589053458877374,proportional columns are analyst-derived; stage1_cap uses end-of-round wealth (approx)
20260804_024555,results/simulation_llama3.1_8b_Full_scnldf_sh1_ldf1_seed2_26agents_30rounds_20260804_024555.json,13,10,developing,SFI,1422840.0,3488119.2857142864,0.1,3488119.0,0.407910361846652,14228400.0,0.40791039525887735,proportional columns are analyst-derived; stage1_cap uses end-of-round wealth (approx)
20260804_024555,results/simulation_llama3.1_8b_Full_scnldf_sh1_ldf1_seed2_26agents_30rounds_20260804_024555.json,13,11,developing,SFI,1148076.0,5381720.285714286,0.1,5381720.0,0.2133288129164859,11480760.0,0.21332882424206387,proportional columns are analyst-derived; stage1_cap uses end-of-round wealth (approx)
20260804_024555,results/simulation_llama3.1_8b_Full_scnldf_sh1_ldf1_seed2_26agents_30rounds_20260804_024555.json,13,12,developing,SFI,3187348.0,2085225.2857142864,0.1,2085225.0,1.5285389170351373,31873480.0,1.5285391264731625,proportional columns are analyst-derived; stage1_cap uses end-of-round wealth (approx)
20260804_024555,results/simulation_llama3.1_8b_Full_scnldf_sh1_ldf1_seed2_26agents_30rounds_20260804_024555.json,13,13,developing,SFI,2000000.0,4241753.285714286,0.1,4241753.0,0.471503141574914,20000000.0,0.4715031733342323,proportional columns are analyst-derived; stage1_cap uses end-of-round wealth (approx)
20260804_024555,results/simulation_llama3.1_8b_Full_scnldf_sh1_ldf1_seed2_26agents_30rounds_20260804_024555.json,13,14,developed,SI,0.0,114919946.40000002,1.0,114919946.0,0.0,0.0,0.0,proportional columns are analyst-derived; stage1_cap uses end-of-round wealth (approx)
20260804_024555,results/simulation_llama3.1_8b_Full_scnldf_sh1_ldf1_seed2_26agents_30rounds_20260804_024555.json,13,15,developing,SFI,1764503.0,2085225.2857142864,0.1,2085225.0,0.8461929807241791,17645030.0,0.8461930966682253,proportional columns are analyst-derived; stage1_cap uses end-of-round wealth (approx)
20260804_024555,results/simulation_llama3.1_8b_Full_scnldf_sh1_ldf1_seed2_26agents_30rounds_20260804_024555.json,13,16,developing,SFI,901890.0,2947838.2857142864,0.1,2947838.0,0.3059496188684124,9018900.0,0.3059496485220694,proportional columns are analyst-derived; stage1_cap uses end-of-round wealth (approx)
20260804_024555,results/simulation_llama3.1_8b_Full_scnldf_sh1_ldf1_seed2_26agents_30rounds_20260804_024555.json,13,17,developing,SFI,1230000.0,3327536.2857142864,0.1,3327536.0,0.3696428511630698,12300000.0,0.3696428829019431,proportional columns are analyst-derived; stage1_cap uses end-of-round wealth (approx)
20260804_024555,results/simulation_llama3.1_8b_Full_scnldf_sh1_ldf1_seed2_26agents_30rounds_20260804_024555.json,13,18,developed,SI,25000000.0,88938728.40000002,1.0,88938728.0,0.2810923930412299,25000000.0,0.28109239430543687,proportional columns are analyst-derived; stage1_cap uses end-of-round wealth (approx)
20260804_024555,results/simulation_llama3.1_8b_Full_scnldf_sh1_ldf1_seed2_26agents_30rounds_20260804_024555.json,13,19,developed,SI,25000000.0,79342730.40000002,1.0,79342730.0,0.31508872802794285,25000000.0,0.31508872961643747,proportional columns are analyst-derived; stage1_cap uses end-of-round wealth (approx)
20260804_024555,results/simulation_llama3.1_8b_Full_scnldf_sh1_ldf1_seed2_26agents_30rounds_20260804_024555.json,13,20,developed,SI,25000000.0,51519587.40000002,1.0,51519587.0,0.48525233336787144,25000000.0,0.4852523371353889,proportional columns are analyst-derived; stage1_cap uses end-of-round wealth (approx)
20260804_024555,results/simulation_llama3.1_8b_Full_scnldf_sh1_ldf1_seed2_26agents_30rounds_20260804_024555.json,13,21,developed,SI,20000000.0,107154278.40000002,1.0,107154278.0,0.18664677041957473,20000000.0,0.1866467711163151,proportional columns are analyst-derived; stage1_cap uses end-of-round wealth (approx)
20260804_024555,results/simulation_llama3.1_8b_Full_scnldf_sh1_ldf1_seed2_26agents_30rounds_20260804_024555.json,13,22,developed,SI,0.0,124117888.40000002,1.0,124117888.0,0.0,0.0,0.0,proportional columns are analyst-derived; stage1_cap uses end-of-round wealth (approx)
20260804_024555,results/simulation_llama3.1_8b_Full_scnldf_sh1_ldf1_seed2_26agents_30rounds_20260804_024555.json,13,23,developing,SFI,5363263.0,2085225.2857142864,0.1,2085225.0,2.5720304835852947,53632630.0,2.572030836000911,proportional columns are analyst-derived; stage1_cap uses end-of-round wealth (approx)
20260804_024555,results/simulation_llama3.1_8b_Full_scnldf_sh1_ldf1_seed2_26agents_30rounds_20260804_024555.json,13,24,developed,SI,30000000.0,67776522.40000002,1.0,67776522.0,0.44263114921930535,30000000.0,0.4426311518316033,proportional columns are analyst-derived; stage1_cap uses end-of-round wealth (approx)
20260804_024555,results/simulation_llama3.1_8b_Full_scnldf_sh1_ldf1_seed2_26agents_30rounds_20260804_024555.json,13,25,developed,SI,25000000.0,73288080.40000002,1.0,73288080.0,0.3411195908468629,25000000.0,0.3411195927086642,proportional columns are analyst-derived; stage1_cap uses end-of-round wealth (approx)
20260804_024555,results/simulation_llama3.1_8b_Full_scnldf_sh1_ldf1_seed2_26agents_30rounds_20260804_024555.json,14,0,developed,SI,38768783.0,79429790.00000003,1.0,79429790.0,0.4880887007255085,38768783.0,0.48808870072550864,proportional columns are analyst-derived; stage1_cap uses end-of-round wealth (approx)
20260804_024555,results/simulation_llama3.1_8b_Full_scnldf_sh1_ldf1_seed2_26agents_30rounds_20260804_024555.json,14,1,developing,SFI,2000000.0,4718076.514285715,0.1,4718076.0,0.4239015611434581,20000000.0,0.42390160735011473,proportional columns are analyst-derived; stage1_cap uses end-of-round wealth (approx)
20260804_024555,results/simulation_llama3.1_8b_Full_scnldf_sh1_ldf1_seed2_26agents_30rounds_20260804_024555.json,14,2,developing,SFI,143786.0,10157553.514285715,0.1,10157553.0,0.014155573957624491,1437860.0,0.014155574674333473,proportional columns are analyst-derived; stage1_cap uses end-of-round wealth (approx)
20260804_024555,results/simulation_llama3.1_8b_Full_scnldf_sh1_ldf1_seed2_26agents_30rounds_20260804_024555.json,14,3,developing,SFI,2000000.0,4823737.514285715,0.1,4823737.0,0.4146162584669896,20000000.0,0.4146163026715594,proportional columns are analyst-derived; stage1_cap uses end-of-round wealth (approx)
20260804_024555,results/simulation_llama3.1_8b_Full_scnldf_sh1_ldf1_seed2_26agents_30rounds_20260804_024555.json,14,4,developed,SI,15000000.0,99499612.0,1.0,99499612.0,0.1507543567104563,15000000.0,0.1507543567104563,proportional columns are analyst-derived; stage1_cap uses end-of-round wealth (approx)
20260804_024555,results/simulation_llama3.1_8b_Full_scnldf_sh1_ldf1_seed2_26agents_30rounds_20260804_024555.json,14,5,developing,SFI,0.0,9053210.514285715,0.1,9053210.0,0.0,0.0,0.0,proportional columns are analyst-derived; stage1_cap uses end-of-round wealth (approx)
20260804_024555,results/simulation_llama3.1_8b_Full_scnldf_sh1_ldf1_seed2_26agents_30rounds_20260804_024555.json,14,6,developed,SI,16825959.0,99951364.00000003,1.0,99951364.0,0.16834146455470078,16825959.0,0.16834146455470084,proportional columns are analyst-derived; stage1_cap uses end-of-round wealth (approx)
20260804_024555,results/simulation_llama3.1_8b_Full_scnldf_sh1_ldf1_seed2_26agents_30rounds_20260804_024555.json,14,7,developed,SI,21000000.0,74877603.00000003,1.0,74877603.0,0.2804576957411416,21000000.0,0.2804576957411417,proportional columns are analyst-derived; stage1_cap uses end-of-round wealth (approx)
20260804_024555,results/simulation_llama3.1_8b_Full_scnldf_sh1_ldf1_seed2_26agents_30rounds_20260804_024555.json,14,8,developing,SFI,121537.0,10373427.514285715,0.1,10373427.0,0.01171618540088374,1215370.0,0.01171618598173969,proportional columns are analyst-derived; stage1_cap uses end-of-round wealth (approx)
20260804_024555,results/simulation_llama3.1_8b_Full_scnldf_sh1_ldf1_seed2_26agents_30rounds_20260804_024555.json,14,9,developing,SFI,2000000.0,3995216.5142857153,0.1,3995216.0,0.5005986516246592,20000000.0,0.5005987160644131,proportional columns are analyst-derived; stage1_cap uses end-of-round wealth (approx)
20260804_024555,results/simulation_llama3.1_8b_Full_scnldf_sh1_ldf1_seed2_26agents_30rounds_20260804_024555.json,14,10,developing,SFI,1500000.0,3879171.5142857153,0.1,3879171.0,0.3866805049676181,15000000.0,0.3866805562322465,proportional columns are analyst-derived; stage1_cap uses end-of-round wealth (approx)
20260804_024555,results/simulation_llama3.1_8b_Full_scnldf_sh1_ldf1_seed2_26agents_30rounds_20260804_024555.json,14,11,developing,SFI,0.0,7272772.514285715,0.1,7272772.0,0.0,0.0,0.0,proportional columns are analyst-derived; stage1_cap uses end-of-round wealth (approx)
20260804_024555,results/simulation_llama3.1_8b_Full_scnldf_sh1_ldf1_seed2_26agents_30rounds_20260804_024555.json,14,12,developing,SFI,2085225.0,1891052.514285715,0.1,1891052.0,1.1026795841191261,20852250.0,1.1026798840010745,proportional columns are analyst-derived; stage1_cap uses end-of-round wealth (approx)
20260804_024555,results/simulation_llama3.1_8b_Full_scnldf_sh1_ldf1_seed2_26agents_30rounds_20260804_024555.json,14,13,developing,SFI,2120870.0,4011935.5142857153,0.1,4011935.0,0.5286401021272645,21208700.0,0.5286401698930815,proportional columns are analyst-derived; stage1_cap uses end-of-round wealth (approx)
20260804_024555,results/simulation_llama3.1_8b_Full_scnldf_sh1_ldf1_seed2_26agents_30rounds_20260804_024555.json,14,14,developed,SI,10000000.0,144353352.00000003,1.0,144353352.0,0.06927445647399998,10000000.0,0.06927445647399999,proportional columns are analyst-derived; stage1_cap uses end-of-round wealth (approx)
20260804_024555,results/simulation_llama3.1_8b_Full_scnldf_sh1_ldf1_seed2_26agents_30rounds_20260804_024555.json,14,15,developing,SFI,104261.0,3872016.5142857153,0.1,3872016.0,0.026926796312807928,1042610.0,0.026926799889256656,proportional columns are analyst-derived; stage1_cap uses end-of-round wealth (approx)
20260804_024555,results/simulation_llama3.1_8b_Full_scnldf_sh1_ldf1_seed2_26agents_30rounds_20260804_024555.json,14,16,developing,SFI,2947838.0,1891052.514285715,0.1,1891052.0,1.5588345525737302,29478380.0,1.558834976510429,proportional columns are analyst-derived; stage1_cap uses end-of-round wealth (approx)
20260804_024555,results/simulation_llama3.1_8b_Full_scnldf_sh1_ldf1_seed2_26agents_30rounds_20260804_024555.json,14,17,developing,SFI,1418929.0,3799659.5142857153,0.1,3799659.0,0.3734358288328736,14189290.0,0.37343587937759676,proportional columns are analyst-derived; stage1_cap uses end-of-round wealth (approx)
20260804_024555,results/simulation_llama3.1_8b_Full_scnldf_sh1_ldf1_seed2_26agents_30rounds_20260804_024555.json,14,18,developed,SI,25000000.0,103404000.00000003,1.0,103404000.0,0.24177014428842203,25000000.0,0.2417701442884221,proportional columns are analyst-derived; stage1_cap uses end-of-round wealth (approx)
20260804_024555,results/simulation_llama3.1_8b_Full_scnldf_sh1_ldf1_seed2_26agents_30rounds_20260804_024555.json,14,19,developed,SI,20000000.0,98796501.00000003,1.0,98796501.0,0.20243631907571297,20000000.0,0.20243631907571302,proportional columns are analyst-derived; stage1_cap uses end-of-round wealth (approx)
20260804_024555,results/simulation_llama3.1_8b_Full_scnldf_sh1_ldf1_seed2_26agents_30rounds_20260804_024555.json,14,20,developed,SI,25000000.0,65981985.00000002,1.0,65981985.0,0.3788912988901439,25000000.0,0.37889129889014406,proportional columns are analyst-derived; stage1_cap uses end-of-round wealth (approx)
20260804_024555,results/simulation_llama3.1_8b_Full_scnldf_sh1_ldf1_seed2_26agents_30rounds_20260804_024555.json,14,21,developed,SI,19347875.0,127258551.00000003,1.0,127258551.0,0.15203595238169887,19347875.0,0.1520359523816989,proportional columns are analyst-derived; stage1_cap uses end-of-round wealth (approx)
20260804_024555,results/simulation_llama3.1_8b_Full_scnldf_sh1_ldf1_seed2_26agents_30rounds_20260804_024555.json,14,22,developed,SI,50000000.0,113565191.00000003,1.0,113565191.0,0.4402757531574969,50000000.0,0.440275753157497,proportional columns are analyst-derived; stage1_cap uses end-of-round wealth (approx)
20260804_024555,results/simulation_llama3.1_8b_Full_scnldf_sh1_ldf1_seed2_26agents_30rounds_20260804_024555.json,14,23,developing,SFI,104261.0,3872016.5142857153,0.1,3872016.0,0.026926796312807928,1042610.0,0.026926799889256656,proportional columns are analyst-derived; stage1_cap uses end-of-round wealth (approx)
20260804_024555,results/simulation_llama3.1_8b_Full_scnldf_sh1_ldf1_seed2_26agents_30rounds_20260804_024555.json,14,24,developed,SI,30000000.0,77238665.00000003,1.0,77238665.0,0.3884065059902316,30000000.0,0.3884065059902317,proportional columns are analyst-derived; stage1_cap uses end-of-round wealth (approx)
20260804_024555,results/simulation_llama3.1_8b_Full_scnldf_sh1_ldf1_seed2_26agents_30rounds_20260804_024555.json,14,25,developed,SI,25000000.0,87749891.00000003,1.0,87749891.0,0.2849006387939558,25000000.0,0.2849006387939559,proportional columns are analyst-derived; stage1_cap uses end-of-round wealth (approx)
20260804_024555,results/simulation_llama3.1_8b_Full_scnldf_sh1_ldf1_seed2_26agents_30rounds_20260804_024555.json,15,0,developed,SI,38768783.0,91986136.53333336,1.0,91986136.0,0.42146332546482385,38768783.0,0.42146332790845786,proportional columns are analyst-derived; stage1_cap uses end-of-round wealth (approx)
20260804_024555,results/simulation_llama3.1_8b_Full_scnldf_sh1_ldf1_seed2_26agents_30rounds_20260804_024555.json,15,1,developing,SFI,1000000.0,5206589.885714287,0.1,5206589.0,0.1920642919742489,10000000.0,0.19206432464709622,proportional columns are analyst-derived; stage1_cap uses end-of-round wealth (approx)
20260804_024555,results/simulation_llama3.1_8b_Full_scnldf_sh1_ldf1_seed2_26agents_30rounds_20260804_024555.json,15,2,developing,SFI,0.0,11646066.885714287,0.1,11646066.0,0.0,0.0,0.0,proportional columns are analyst-derived; stage1_cap uses end-of-round wealth (approx)
20260804_024555,results/simulation_llama3.1_8b_Full_scnldf_sh1_ldf1_seed2_26agents_30rounds_20260804_024555.json,15,3,developing,SFI,3000000.0,3312250.885714287,0.1,3312250.0,0.9057284920471989,30000000.0,0.905728734244094,proportional columns are analyst-derived; stage1_cap uses end-of-round wealth (approx)
20260804_024555,results/simulation_llama3.1_8b_Full_scnldf_sh1_ldf1_seed2_26agents_30rounds_20260804_024555.json,15,4,developed,SI,20000000.0,130795880.53333333,1.0,130795880.0,0.15291001458492418,20000000.0,0.15291001520843012,proportional columns are analyst-derived; stage1_cap uses end-of-round wealth (approx)
20260804_024555,results/simulation_llama3.1_8b_Full_scnldf_sh1_ldf1_seed2_26agents_30rounds_20260804_024555.json,15,5,developing,SFI,174338.0,10367385.885714287,0.1,10367385.0,0.01681600375657171,1743380.0,0.01681600519320928,proportional columns are analyst-derived; stage1_cap uses end-of-round wealth (approx)
20260804_024555,results/simulation_llama3.1_8b_Full_scnldf_sh1_ldf1_seed2_26agents_30rounds_20260804_024555.json,15,6,developed,SI,50000000.0,101259296.53333336,1.0,101259296.0,0.49378182262544745,50000000.0,0.49378182522619946,proportional columns are analyst-derived; stage1_cap uses end-of-round wealth (approx)
20260804_024555,results/simulation_llama3.1_8b_Full_scnldf_sh1_ldf1_seed2_26agents_30rounds_20260804_024555.json,15,7,developed,SI,21000000.0,105177441.53333336,1.0,105177441.0,0.19966258632888095,21000000.0,0.19966258734132922,proportional columns are analyst-derived; stage1_cap uses end-of-round wealth (approx)
20260804_024555,results/simulation_llama3.1_8b_Full_scnldf_sh1_ldf1_seed2_26agents_30rounds_20260804_024555.json,15,8,developing,SFI,121537.0,11740403.885714287,0.1,11740403.0,0.010352028872523381,1215370.0,0.010352029653496563,proportional columns are analyst-derived; stage1_cap uses end-of-round wealth (approx)
20260804_024555,results/simulation_llama3.1_8b_Full_scnldf_sh1_ldf1_seed2_26agents_30rounds_20260804_024555.json,15,9,developing,SFI,1000000.0,4483729.885714287,0.1,4483729.0,0.2230286001808723,10000000.0,0.2230286442378654,proportional columns are analyst-derived; stage1_cap uses end-of-round wealth (approx)
20260804_024555,results/simulation_llama3.1_8b_Full_scnldf_sh1_ldf1_seed2_26agents_30rounds_20260804_024555.json,15,10,developing,SFI,0.0,5367684.885714287,0.1,5367684.0,0.0,0.0,0.0,proportional columns are analyst-derived; stage1_cap uses end-of-round wealth (approx)
20260804_024555,results/simulation_llama3.1_8b_Full_scnldf_sh1_ldf1_seed2_26agents_30rounds_20260804_024555.json,15,11,developing,SFI,0.0,8761285.885714287,0.1,8761285.0,0.0,0.0,0.0,proportional columns are analyst-derived; stage1_cap uses end-of-round wealth (approx)
20260804_024555,results/simulation_llama3.1_8b_Full_scnldf_sh1_ldf1_seed2_26agents_30rounds_20260804_024555.json,15,12,developing,SFI,1112421.0,2267144.885714287,0.1,2267144.0,0.4906704494316077,11124210.0,0.4906706411238104,proportional columns are analyst-derived; stage1_cap uses end-of-round wealth (approx)
20260804_024555,results/simulation_llama3.1_8b_Full_scnldf_sh1_ldf1_seed2_26agents_30rounds_20260804_024555.json,15,13,developing,SFI,4011935.0,1488513.885714287,0.1,1488513.0,2.695262058690712,40119350.0,2.6952636624604556,proportional columns are analyst-derived; stage1_cap uses end-of-round wealth (approx)
20260804_024555,results/simulation_llama3.1_8b_Full_scnldf_sh1_ldf1_seed2_26agents_30rounds_20260804_024555.json,15,14,developed,SI,50000000.0,145677866.53333336,1.0,145677866.0,0.34322303854277836,50000000.0,0.34322303979933366,proportional columns are analyst-derived; stage1_cap uses end-of-round wealth (approx)
20260804_024555,results/simulation_llama3.1_8b_Full_scnldf_sh1_ldf1_seed2_26agents_30rounds_20260804_024555.json,15,15,developing,SFI,1000000.0,4360529.885714287,0.1,4360529.0,0.22932992691464896,10000000.0,0.22932997349633497,proportional columns are analyst-derived; stage1_cap uses end-of-round wealth (approx)
20260804_024555,results/simulation_llama3.1_8b_Full_scnldf_sh1_ldf1_seed2_26agents_30rounds_20260804_024555.json,15,16,developing,SFI,0.0,3379565.885714287,0.1,3379565.0,0.0,0.0,0.0,proportional columns are analyst-derived; stage1_cap uses end-of-round wealth (approx)
20260804_024555,results/simulation_llama3.1_8b_Full_scnldf_sh1_ldf1_seed2_26agents_30rounds_20260804_024555.json,15,17,developing,SFI,1500000.0,3788172.885714287,0.1,3788172.0,0.39596925622288864,15000000.0,0.39596934880464774,proportional columns are analyst-derived; stage1_cap uses end-of-round wealth (approx)
20260804_024555,results/simulation_llama3.1_8b_Full_scnldf_sh1_ldf1_seed2_26agents_30rounds_20260804_024555.json,15,18,developed,SI,25000000.0,129709795.53333336,1.0,129709795.0,0.19273794933687485,25000000.0,0.1927379501293638,proportional columns are analyst-derived; stage1_cap uses end-of-round wealth (approx)
20260804_024555,results/simulation_llama3.1_8b_Full_scnldf_sh1_ldf1_seed2_26agents_30rounds_20260804_024555.json,15,19,developed,SI,50000000.0,100120005.53333336,1.0,100120005.0,0.49940069153665095,50000000.0,0.49940069419692895,proportional columns are analyst-derived; stage1_cap uses end-of-round wealth (approx)
20260804_024555,results/simulation_llama3.1_8b_Full_scnldf_sh1_ldf1_seed2_26agents_30rounds_20260804_024555.json,15,20,developed,SI,25000000.0,92289880.53333336,1.0,92289880.0,0.2708856036602027,25000000.0,0.2708856052256217,proportional columns are analyst-derived; stage1_cap uses end-of-round wealth (approx)
20260804_024555,results/simulation_llama3.1_8b_Full_scnldf_sh1_ldf1_seed2_26agents_30rounds_20260804_024555.json,15,21,developed,SI,25144976.0,153435369.53333336,1.0,153435369.0,0.1638799194506279,25144976.0,0.163879920020266,proportional columns are analyst-derived; stage1_cap uses end-of-round wealth (approx)
20260804_024555,results/simulation_llama3.1_8b_Full_scnldf_sh1_ldf1_seed2_26agents_30rounds_20260804_024555.json,15,22,developed,SI,30000000.0,134890890.53333336,1.0,134890890.0,0.22240197155927735,30000000.0,0.22240197243861318,proportional columns are analyst-derived; stage1_cap uses end-of-round wealth (approx)
20260804_024555,results/simulation_llama3.1_8b_Full_scnldf_sh1_ldf1_seed2_26agents_30rounds_20260804_024555.json,15,23,developing,SFI,104261.0,5256268.885714287,0.1,5256268.0,0.019835552987664883,1042610.0,0.01983555633008058,proportional columns are analyst-derived; stage1_cap uses end-of-round wealth (approx)
20260804_024555,results/simulation_llama3.1_8b_Full_scnldf_sh1_ldf1_seed2_26agents_30rounds_20260804_024555.json,15,24,developed,SI,25000000.0,103557497.53333336,1.0,103557497.0,0.24141178181669495,25000000.0,0.2414117830599942,proportional columns are analyst-derived; stage1_cap uses end-of-round wealth (approx)
20260804_024555,results/simulation_llama3.1_8b_Full_scnldf_sh1_ldf1_seed2_26agents_30rounds_20260804_024555.json,15,25,developed,SI,25000000.0,114071118.53333336,1.0,114071118.0,0.21916152240318929,25000000.0,0.21916152342786716,proportional columns are analyst-derived; stage1_cap uses end-of-round wealth (approx)
20260804_024555,results/simulation_llama3.1_8b_Full_scnldf_sh1_ldf1_seed2_26agents_30rounds_20260804_024555.json,16,0,developed,SI,91986136.0,51930845.200000025,1.0,51930845.0,1.7713198320908505,91986136.0,1.7713198389126925,proportional columns are analyst-derived; stage1_cap uses end-of-round wealth (approx)
20260804_024555,results/simulation_llama3.1_8b_Full_scnldf_sh1_ldf1_seed2_26agents_30rounds_20260804_024555.json,16,1,developing,SFI,1000000.0,5836180.285714287,0.1,5836180.0,0.17134494670217518,10000000.0,0.17134495509048728,proportional columns are analyst-derived; stage1_cap uses end-of-round wealth (approx)
20260804_024555,results/simulation_llama3.1_8b_Full_scnldf_sh1_ldf1_seed2_26agents_30rounds_20260804_024555.json,16,2,developing,SFI,143786.0,13131871.285714287,0.1,13131871.0,0.010949391512572916,1437860.0,0.010949391750802303,proportional columns are analyst-derived; stage1_cap uses end-of-round wealth (approx)
20260804_024555,results/simulation_llama3.1_8b_Full_scnldf_sh1_ldf1_seed2_26agents_30rounds_20260804_024555.json,16,3,developing,SFI,1000000.0,3941841.2857142873,0.1,3941841.0,0.2536885499738718,10000000.0,0.25368856836183906,proportional columns are analyst-derived; stage1_cap uses end-of-round wealth (approx)
20260804_024555,results/simulation_llama3.1_8b_Full_scnldf_sh1_ldf1_seed2_26agents_30rounds_20260804_024555.json,16,4,developed,SI,25000000.0,157731079.2,1.0,157731079.0,0.15849761585857458,25000000.0,0.15849761605954651,proportional columns are analyst-derived; stage1_cap uses end-of-round wealth (approx)
20260804_024555,results/simulation_llama3.1_8b_Full_scnldf_sh1_ldf1_seed2_26agents_30rounds_20260804_024555.json,16,5,developing,SFI,0.0,11996976.285714287,0.1,11996976.0,0.0,0.0,0.0,proportional columns are analyst-derived; stage1_cap uses end-of-round wealth (approx)
20260804_024555,results/simulation_llama3.1_8b_Full_scnldf_sh1_ldf1_seed2_26agents_30rounds_20260804_024555.json,16,6,developed,SI,30446705.0,122748404.20000002,1.0,122748404.0,0.24804155458014496,30446705.0,0.24804155498429128,proportional columns are analyst-derived; stage1_cap uses end-of-round wealth (approx)
20260804_024555,results/simulation_llama3.1_8b_Full_scnldf_sh1_ldf1_seed2_26agents_30rounds_20260804_024555.json,16,7,developed,SI,42083069.0,115030751.20000002,1.0,115030751.0,0.36584190367349345,42083069.0,0.36584190430957025,proportional columns are analyst-derived; stage1_cap uses end-of-round wealth (approx)
20260804_024555,results/simulation_llama3.1_8b_Full_scnldf_sh1_ldf1_seed2_26agents_30rounds_20260804_024555.json,16,8,developing,SFI,121537.0,13248457.285714287,0.1,13248457.0,0.009173671875823039,1215370.0,0.009173672073661106,proportional columns are analyst-derived; stage1_cap uses end-of-round wealth (approx)
20260804_024555,results/simulation_llama3.1_8b_Full_scnldf_sh1_ldf1_seed2_26agents_30rounds_20260804_024555.json,16,9,developing,SFI,0.0,6113320.285714287,0.1,6113320.0,0.0,0.0,0.0,proportional columns are analyst-derived; stage1_cap uses end-of-round wealth (approx)
20260804_024555,results/simulation_llama3.1_8b_Full_scnldf_sh1_ldf1_seed2_26agents_30rounds_20260804_024555.json,16,10,developing,SFI,2000000.0,4997275.285714287,0.1,4997275.0,0.4002180959927104,20000000.0,0.40021811887478675,proportional columns are analyst-derived; stage1_cap uses end-of-round wealth (approx)
20260804_024555,results/simulation_llama3.1_8b_Full_scnldf_sh1_ldf1_seed2_26agents_30rounds_20260804_024555.json,16,11,developing,SFI,0.0,10390876.285714287,0.1,10390876.0,0.0,0.0,0.0,proportional columns are analyst-derived; stage1_cap uses end-of-round wealth (approx)
20260804_024555,results/simulation_llama3.1_8b_Full_scnldf_sh1_ldf1_seed2_26agents_30rounds_20260804_024555.json,16,12,developing,SFI,1080000.0,2816735.2857142873,0.1,2816735.0,0.38342261180078413,10800000.0,0.3834226506930897,proportional columns are analyst-derived; stage1_cap uses end-of-round wealth (approx)
20260804_024555,results/simulation_llama3.1_8b_Full_scnldf_sh1_ldf1_seed2_26agents_30rounds_20260804_024555.json,16,13,developing,SFI,1488513.0,1629591.285714287,0.1,1629591.0,0.9134271967756324,14885130.0,0.9134273569257562,proportional columns are analyst-derived; stage1_cap uses end-of-round wealth (approx)
20260804_024555,results/simulation_llama3.1_8b_Full_scnldf_sh1_ldf1_seed2_26agents_30rounds_20260804_024555.json,16,14,developed,SI,0.0,197608276.20000002,1.0,197608276.0,0.0,0.0,0.0,proportional columns are analyst-derived; stage1_cap uses end-of-round wealth (approx)
20260804_024555,results/simulation_llama3.1_8b_Full_scnldf_sh1_ldf1_seed2_26agents_30rounds_20260804_024555.json,16,15,developing,SFI,104261.0,5885859.285714287,0.1,5885859.0,0.01771381117673921,1042610.0,0.017713812036611817,proportional columns are analyst-derived; stage1_cap uses end-of-round wealth (approx)
20260804_024555,results/simulation_llama3.1_8b_Full_scnldf_sh1_ldf1_seed2_26agents_30rounds_20260804_024555.json,16,16,developing,SFI,901890.0,4107266.2857142873,0.1,4107266.0,0.21958400971880349,9018900.0,0.21958402499375496,proportional columns are analyst-derived; stage1_cap uses end-of-round wealth (approx)
20260804_024555,results/simulation_llama3.1_8b_Full_scnldf_sh1_ldf1_seed2_26agents_30rounds_20260804_024555.json,16,17,developing,SFI,1418929.0,3998834.2857142873,0.1,3998834.0,0.3548356592492668,14189290.0,0.3548356846020615,proportional columns are analyst-derived; stage1_cap uses end-of-round wealth (approx)
20260804_024555,results/simulation_llama3.1_8b_Full_scnldf_sh1_ldf1_seed2_26agents_30rounds_20260804_024555.json,16,18,developed,SI,25000000.0,156645009.20000002,1.0,156645009.0,0.15959653057366605,25000000.0,0.15959653077743446,proportional columns are analyst-derived; stage1_cap uses end-of-round wealth (approx)
20260804_024555,results/simulation_llama3.1_8b_Full_scnldf_sh1_ldf1_seed2_26agents_30rounds_20260804_024555.json,16,19,developed,SI,30000000.0,122055446.20000002,1.0,122055446.0,0.24578993346058486,30000000.0,0.24578993386333617,proportional columns are analyst-derived; stage1_cap uses end-of-round wealth (approx)
20260804_024555,results/simulation_llama3.1_8b_Full_scnldf_sh1_ldf1_seed2_26agents_30rounds_20260804_024555.json,16,20,developed,SI,30000000.0,114225258.20000002,1.0,114225258.0,0.26263893356644646,30000000.0,0.2626389340263079,proportional columns are analyst-derived; stage1_cap uses end-of-round wealth (approx)
20260804_024555,results/simulation_llama3.1_8b_Full_scnldf_sh1_ldf1_seed2_26agents_30rounds_20260804_024555.json,16,21,developed,SI,40000000.0,165372280.20000002,1.0,165372280.0,0.24187850558524254,40000000.0,0.24187850587776863,proportional columns are analyst-derived; stage1_cap uses end-of-round wealth (approx)
20260804_024555,results/simulation_llama3.1_8b_Full_scnldf_sh1_ldf1_seed2_26agents_30rounds_20260804_024555.json,16,22,developed,SI,0.0,186819779.20000002,1.0,186819779.0,0.0,0.0,0.0,proportional columns are analyst-derived; stage1_cap uses end-of-round wealth (approx)
20260804_024555,results/simulation_llama3.1_8b_Full_scnldf_sh1_ldf1_seed2_26agents_30rounds_20260804_024555.json,16,23,developing,SFI,5000000.0,1885859.2857142873,0.1,1885859.0,2.6513112817461364,50000000.0,2.651311683429143,proportional columns are analyst-derived; stage1_cap uses end-of-round wealth (approx)
20260804_024555,results/simulation_llama3.1_8b_Full_scnldf_sh1_ldf1_seed2_26agents_30rounds_20260804_024555.json,16,24,developed,SI,25000000.0,130492939.20000002,1.0,130492939.0,0.19158124687255107,25000000.0,0.19158124716617808,proportional columns are analyst-derived; stage1_cap uses end-of-round wealth (approx)
20260804_024555,results/simulation_llama3.1_8b_Full_scnldf_sh1_ldf1_seed2_26agents_30rounds_20260804_024555.json,16,25,developed,SI,50000000.0,116006975.20000002,1.0,116006975.0,0.4310085657676901,50000000.0,0.4310085665107637,proportional columns are analyst-derived; stage1_cap uses end-of-round wealth (approx)
20260804_024555,results/simulation_llama3.1_8b_Full_scnldf_sh1_ldf1_seed2_26agents_30rounds_20260804_024555.json,17,0,developed,SI,38768783.0,87267762.06666669,1.0,87267762.0,0.44425091330270694,38768783.0,0.4442509136420847,proportional columns are analyst-derived; stage1_cap uses end-of-round wealth (approx)
20260804_024555,results/simulation_llama3.1_8b_Full_scnldf_sh1_ldf1_seed2_26agents_30rounds_20260804_024555.json,17,1,developing,SFI,5836180.0,2155618.3428571443,0.1,2155618.0,2.707427323273047,58361800.0,2.707427753897026,proportional columns are analyst-derived; stage1_cap uses end-of-round wealth (approx)
20260804_024555,results/simulation_llama3.1_8b_Full_scnldf_sh1_ldf1_seed2_26agents_30rounds_20260804_024555.json,17,2,developing,SFI,0.0,15287489.342857145,0.1,15287489.0,0.0,0.0,0.0,proportional columns are analyst-derived; stage1_cap uses end-of-round wealth (approx)
20260804_024555,results/simulation_llama3.1_8b_Full_scnldf_sh1_ldf1_seed2_26agents_30rounds_20260804_024555.json,17,3,developing,SFI,3941841.0,2155618.3428571443,0.1,2155618.0,1.8286358589690435,39418410.0,1.8286361498187527,proportional columns are analyst-derived; stage1_cap uses end-of-round wealth (approx)
20260804_024555,results/simulation_llama3.1_8b_Full_scnldf_sh1_ldf1_seed2_26agents_30rounds_20260804_024555.json,17,4,developed,SI,157731079.0,74107469.06666666,1.0,74107469.0,2.1284100103068693,157731079.0,2.128410012221575,proportional columns are analyst-derived; stage1_cap uses end-of-round wealth (approx)
20260804_024555,results/simulation_llama3.1_8b_Full_scnldf_sh1_ldf1_seed2_26agents_30rounds_20260804_024555.json,17,5,developing,SFI,1000000.0,13152594.342857145,0.1,13152594.0,0.07603062741329628,10000000.0,0.07603062939523565,proportional columns are analyst-derived; stage1_cap uses end-of-round wealth (approx)
20260804_024555,results/simulation_llama3.1_8b_Full_scnldf_sh1_ldf1_seed2_26agents_30rounds_20260804_024555.json,17,6,developed,SI,30500000.0,166354279.0666667,1.0,166354279.0,0.18334364568871164,30500000.0,0.18334364576218687,proportional columns are analyst-derived; stage1_cap uses end-of-round wealth (approx)
20260804_024555,results/simulation_llama3.1_8b_Full_scnldf_sh1_ldf1_seed2_26agents_30rounds_20260804_024555.json,17,7,developed,SI,50000000.0,139138696.0666667,1.0,139138696.0,0.3593536623057261,50000000.0,0.35935366247790623,proportional columns are analyst-derived; stage1_cap uses end-of-round wealth (approx)
20260804_024555,results/simulation_llama3.1_8b_Full_scnldf_sh1_ldf1_seed2_26agents_30rounds_20260804_024555.json,17,8,developing,SFI,121537.0,15282538.342857145,0.1,15282538.0,0.007952671033657493,1215370.0,0.007952671212072236,proportional columns are analyst-derived; stage1_cap uses end-of-round wealth (approx)
20260804_024555,results/simulation_llama3.1_8b_Full_scnldf_sh1_ldf1_seed2_26agents_30rounds_20260804_024555.json,17,9,developing,SFI,0.0,8268938.342857145,0.1,8268938.0,0.0,0.0,0.0,proportional columns are analyst-derived; stage1_cap uses end-of-round wealth (approx)
20260804_024555,results/simulation_llama3.1_8b_Full_scnldf_sh1_ldf1_seed2_26agents_30rounds_20260804_024555.json,17,10,developing,SFI,500.0,7152393.342857145,0.1,7152393.0,6.990666984210721e-05,5000.0,6.990667319315368e-05,proportional columns are analyst-derived; stage1_cap uses end-of-round wealth (approx)
20260804_024555,results/simulation_llama3.1_8b_Full_scnldf_sh1_ldf1_seed2_26agents_30rounds_20260804_024555.json,17,11,developing,SFI,1000000.0,11546494.342857145,0.1,11546494.0,0.0866063733550969,10000000.0,0.08660637592675317,proportional columns are analyst-derived; stage1_cap uses end-of-round wealth (approx)
20260804_024555,results/simulation_llama3.1_8b_Full_scnldf_sh1_ldf1_seed2_26agents_30rounds_20260804_024555.json,17,12,developing,SFI,1013762.0,3958591.3428571443,0.1,3958591.0,0.25609160233961137,10137620.0,0.2560916245199365,proportional columns are analyst-derived; stage1_cap uses end-of-round wealth (approx)
20260804_024555,results/simulation_llama3.1_8b_Full_scnldf_sh1_ldf1_seed2_26agents_30rounds_20260804_024555.json,17,13,developing,SFI,0.0,3785209.342857144,0.1,3785209.0,0.0,0.0,0.0,proportional columns are analyst-derived; stage1_cap uses end-of-round wealth (approx)
20260804_024555,results/simulation_llama3.1_8b_Full_scnldf_sh1_ldf1_seed2_26agents_30rounds_20260804_024555.json,17,14,developed,SI,50000000.0,221702767.0666667,1.0,221702767.0,0.2255271806551916,50000000.0,0.22552718072300829,proportional columns are analyst-derived; stage1_cap uses end-of-round wealth (approx)
20260804_024555,results/simulation_llama3.1_8b_Full_scnldf_sh1_ldf1_seed2_26agents_30rounds_20260804_024555.json,17,15,developing,SFI,1000000.0,7041477.342857145,0.1,7041477.0,0.1420156525838143,10000000.0,0.14201565949871028,proportional columns are analyst-derived; stage1_cap uses end-of-round wealth (approx)
20260804_024555,results/simulation_llama3.1_8b_Full_scnldf_sh1_ldf1_seed2_26agents_30rounds_20260804_024555.json,17,16,developing,SFI,2947838.0,3315046.3428571443,0.1,3315046.0,0.8892298010709987,29478380.0,0.8892298930391916,proportional columns are analyst-derived; stage1_cap uses end-of-round wealth (approx)
20260804_024555,results/simulation_llama3.1_8b_Full_scnldf_sh1_ldf1_seed2_26agents_30rounds_20260804_024555.json,17,17,developing,SFI,1500000.0,4654452.342857145,0.1,4654452.0,0.32227207188015206,15000000.0,0.3222720956194199,proportional columns are analyst-derived; stage1_cap uses end-of-round wealth (approx)
20260804_024555,results/simulation_llama3.1_8b_Full_scnldf_sh1_ldf1_seed2_26agents_30rounds_20260804_024555.json,17,18,developed,SI,33137810.0,197613039.0666667,1.0,197613039.0,0.1676904021946681,33137810.0,0.1676904022512401,proportional columns are analyst-derived; stage1_cap uses end-of-round wealth (approx)
20260804_024555,results/simulation_llama3.1_8b_Full_scnldf_sh1_ldf1_seed2_26agents_30rounds_20260804_024555.json,17,19,developed,SI,10000000.0,186151999.0666667,1.0,186151999.0,0.05371954128958183,10000000.0,0.05371954130882043,proportional columns are analyst-derived; stage1_cap uses end-of-round wealth (approx)
20260804_024555,results/simulation_llama3.1_8b_Full_scnldf_sh1_ldf1_seed2_26agents_30rounds_20260804_024555.json,17,20,developed,SI,114225258.0,74107594.06666669,1.0,74107594.0,1.5413434943960498,114225258.0,1.541343495782632,proportional columns are analyst-derived; stage1_cap uses end-of-round wealth (approx)
20260804_024555,results/simulation_llama3.1_8b_Full_scnldf_sh1_ldf1_seed2_26agents_30rounds_20260804_024555.json,17,21,developed,SI,19347875.0,220130210.0666667,1.0,220130210.0,0.08789286574587138,19347875.0,0.08789286577248984,proportional columns are analyst-derived; stage1_cap uses end-of-round wealth (approx)
20260804_024555,results/simulation_llama3.1_8b_Full_scnldf_sh1_ldf1_seed2_26agents_30rounds_20260804_024555.json,17,22,developed,SI,0.0,260910064.0666667,1.0,260910064.0,0.0,0.0,0.0,proportional columns are analyst-derived; stage1_cap uses end-of-round wealth (approx)
20260804_024555,results/simulation_llama3.1_8b_Full_scnldf_sh1_ldf1_seed2_26agents_30rounds_20260804_024555.json,17,23,developing,SFI,500000.0,3541477.3428571443,0.1,3541477.0,0.14118401774007028,5000000.0,0.14118403140836436,proportional columns are analyst-derived; stage1_cap uses end-of-round wealth (approx)
20260804_024555,results/simulation_llama3.1_8b_Full_scnldf_sh1_ldf1_seed2_26agents_30rounds_20260804_024555.json,17,24,developed,SI,10000000.0,194592534.0666667,1.0,194592534.0,0.05138943304255464,10000000.0,0.051389433060160465,proportional columns are analyst-derived; stage1_cap uses end-of-round wealth (approx)
20260804_024555,results/simulation_llama3.1_8b_Full_scnldf_sh1_ldf1_seed2_26agents_30rounds_20260804_024555.json,17,25,developed,SI,42083069.0,148030686.0666667,1.0,148030686.0,0.2842861174138421,42083069.0,0.2842861175418724,proportional columns are analyst-derived; stage1_cap uses end-of-round wealth (approx)
20260804_024555,results/simulation_llama3.1_8b_Full_scnldf_sh1_ldf1_seed2_26agents_30rounds_20260804_024555.json,18,0,developed,SI,42083069.0,91760192.60000002,1.0,91760192.0,0.45862010320148333,42083069.0,0.4586201062003009,proportional columns are analyst-derived; stage1_cap uses end-of-round wealth (approx)
20260804_024555,results/simulation_llama3.1_8b_Full_scnldf_sh1_ldf1_seed2_26agents_30rounds_20260804_024555.json,18,1,developing,SFI,1000000.0,1910718.3428571443,0.1,1910718.0,0.523363374690105,10000000.0,0.5233634686018555,proportional columns are analyst-derived; stage1_cap uses end-of-round wealth (approx)
20260804_024555,results/simulation_llama3.1_8b_Full_scnldf_sh1_ldf1_seed2_26agents_30rounds_20260804_024555.json,18,2,developing,SFI,0.0,16042589.342857145,0.1,16042589.0,0.0,0.0,0.0,proportional columns are analyst-derived; stage1_cap uses end-of-round wealth (approx)
20260804_024555,results/simulation_llama3.1_8b_Full_scnldf_sh1_ldf1_seed2_26agents_30rounds_20260804_024555.json,18,3,developing,SFI,1500000.0,1410718.3428571443,0.1,1410718.0,1.063288081277821,15000000.0,1.0632883396965234,proportional columns are analyst-derived; stage1_cap uses end-of-round wealth (approx)
20260804_024555,results/simulation_llama3.1_8b_Full_scnldf_sh1_ldf1_seed2_26agents_30rounds_20260804_024555.json,18,4,developed,SI,50000000.0,70682902.6,1.0,70682902.0,0.7073846455196366,50000000.0,0.707384651524353,proportional columns are analyst-derived; stage1_cap uses end-of-round wealth (approx)
20260804_024555,results/simulation_llama3.1_8b_Full_scnldf_sh1_ldf1_seed2_26agents_30rounds_20260804_024555.json,18,5,developing,SFI,0.0,13907694.342857145,0.1,13907694.0,0.0,0.0,0.0,proportional columns are analyst-derived; stage1_cap uses end-of-round wealth (approx)
20260804_024555,results/simulation_llama3.1_8b_Full_scnldf_sh1_ldf1_seed2_26agents_30rounds_20260804_024555.json,18,6,developed,SI,10000000.0,202918579.60000002,1.0,202918579.0,0.04928084958860021,10000000.0,0.049280849734316345,proportional columns are analyst-derived; stage1_cap uses end-of-round wealth (approx)
20260804_024555,results/simulation_llama3.1_8b_Full_scnldf_sh1_ldf1_seed2_26agents_30rounds_20260804_024555.json,18,7,developed,SI,42083069.0,143631219.60000002,1.0,143631219.0,0.29299388473618443,42083069.0,0.2929938859601268,proportional columns are analyst-derived; stage1_cap uses end-of-round wealth (approx)
20260804_024555,results/simulation_llama3.1_8b_Full_scnldf_sh1_ldf1_seed2_26agents_30rounds_20260804_024555.json,18,8,developing,SFI,121537.0,15916101.342857145,0.1,15916101.0,0.007636103677773049,1215370.0,0.007636103842266395,proportional columns are analyst-derived; stage1_cap uses end-of-round wealth (approx)
20260804_024555,results/simulation_llama3.1_8b_Full_scnldf_sh1_ldf1_seed2_26agents_30rounds_20260804_024555.json,18,9,developing,SFI,0.0,9024038.342857145,0.1,9024038.0,0.0,0.0,0.0,proportional columns are analyst-derived; stage1_cap uses end-of-round wealth (approx)
20260804_024555,results/simulation_llama3.1_8b_Full_scnldf_sh1_ldf1_seed2_26agents_30rounds_20260804_024555.json,18,10,developing,SFI,357619.0,7549874.342857145,0.1,7549874.0,0.047367543320550695,3576190.0,0.04736754547161979,proportional columns are analyst-derived; stage1_cap uses end-of-round wealth (approx)
20260804_024555,results/simulation_llama3.1_8b_Full_scnldf_sh1_ldf1_seed2_26agents_30rounds_20260804_024555.json,18,11,developing,SFI,0.0,12301594.342857145,0.1,12301594.0,0.0,0.0,0.0,proportional columns are analyst-derived; stage1_cap uses end-of-round wealth (approx)
20260804_024555,results/simulation_llama3.1_8b_Full_scnldf_sh1_ldf1_seed2_26agents_30rounds_20260804_024555.json,18,12,developing,SFI,0.0,4713691.342857145,0.1,4713691.0,0.0,0.0,0.0,proportional columns are analyst-derived; stage1_cap uses end-of-round wealth (approx)
20260804_024555,results/simulation_llama3.1_8b_Full_scnldf_sh1_ldf1_seed2_26agents_30rounds_20260804_024555.json,18,13,developing,SFI,1450896.0,3089413.342857144,0.1,3089413.0,0.46963479437108463,14508960.0,0.4696348464902556,proportional columns are analyst-derived; stage1_cap uses end-of-round wealth (approx)
20260804_024555,results/simulation_llama3.1_8b_Full_scnldf_sh1_ldf1_seed2_26agents_30rounds_20260804_024555.json,18,14,developed,SI,50000000.0,218278031.60000002,1.0,218278031.0,0.22906565371464527,50000000.0,0.22906565434429818,proportional columns are analyst-derived; stage1_cap uses end-of-round wealth (approx)
20260804_024555,results/simulation_llama3.1_8b_Full_scnldf_sh1_ldf1_seed2_26agents_30rounds_20260804_024555.json,18,15,developing,SFI,2000000.0,5796577.342857145,0.1,5796577.0,0.34503119370338564,20000000.0,0.3450312141113626,proportional columns are analyst-derived; stage1_cap uses end-of-round wealth (approx)
20260804_024555,results/simulation_llama3.1_8b_Full_scnldf_sh1_ldf1_seed2_26agents_30rounds_20260804_024555.json,18,16,developing,SFI,0.0,4070146.3428571443,0.1,4070146.0,0.0,0.0,0.0,proportional columns are analyst-derived; stage1_cap uses end-of-round wealth (approx)
20260804_024555,results/simulation_llama3.1_8b_Full_scnldf_sh1_ldf1_seed2_26agents_30rounds_20260804_024555.json,18,17,developing,SFI,0.0,5409552.342857145,0.1,5409552.0,0.0,0.0,0.0,proportional columns are analyst-derived; stage1_cap uses end-of-round wealth (approx)
20260804_024555,results/simulation_llama3.1_8b_Full_scnldf_sh1_ldf1_seed2_26agents_30rounds_20260804_024555.json,18,18,developed,SI,0.0,244170583.60000002,1.0,244170583.0,0.0,0.0,0.0,proportional columns are analyst-derived; stage1_cap uses end-of-round wealth (approx)
20260804_024555,results/simulation_llama3.1_8b_Full_scnldf_sh1_ldf1_seed2_26agents_30rounds_20260804_024555.json,18,19,developed,SI,10000000.0,222725776.60000002,1.0,222725776.0,0.044898260779035484,10000000.0,0.04489826089998672,proportional columns are analyst-derived; stage1_cap uses end-of-round wealth (approx)
20260804_024555,results/simulation_llama3.1_8b_Full_scnldf_sh1_ldf1_seed2_26agents_30rounds_20260804_024555.json,18,20,developed,SI,40142601.0,80541561.60000002,1.0,80541561.0,0.498408526014971,40142601.0,0.49840852972790034,proportional columns are analyst-derived; stage1_cap uses end-of-round wealth (approx)
20260804_024555,results/simulation_llama3.1_8b_Full_scnldf_sh1_ldf1_seed2_26agents_30rounds_20260804_024555.json,18,21,developed,SI,20000000.0,246704763.60000002,1.0,246704763.0,0.08106856028296001,20000000.0,0.08106856048012336,proportional columns are analyst-derived; stage1_cap uses end-of-round wealth (approx)
20260804_024555,results/simulation_llama3.1_8b_Full_scnldf_sh1_ldf1_seed2_26agents_30rounds_20260804_024555.json,18,22,developed,SI,50000000.0,257474007.60000002,1.0,257474007.0,0.19419435952415726,50000000.0,0.19419435997669465,proportional columns are analyst-derived; stage1_cap uses end-of-round wealth (approx)
20260804_024555,results/simulation_llama3.1_8b_Full_scnldf_sh1_ldf1_seed2_26agents_30rounds_20260804_024555.json,18,23,developing,SFI,177073.0,4119504.3428571443,0.1,4119504.0,0.04298405469750964,1770730.0,0.04298405827497679,proportional columns are analyst-derived; stage1_cap uses end-of-round wealth (approx)
20260804_024555,results/simulation_llama3.1_8b_Full_scnldf_sh1_ldf1_seed2_26agents_30rounds_20260804_024555.json,18,24,developed,SI,25000000.0,216167021.60000002,1.0,216167021.0,0.11565131357668665,25000000.0,0.11565131389769209,proportional columns are analyst-derived; stage1_cap uses end-of-round wealth (approx)
20260804_024555,results/simulation_llama3.1_8b_Full_scnldf_sh1_ldf1_seed2_26agents_30rounds_20260804_024555.json,18,25,developed,SI,10000000.0,184604603.60000002,1.0,184604603.0,0.0541698300312593,10000000.0,0.05416983020732154,proportional columns are analyst-derived; stage1_cap uses end-of-round wealth (approx)
20260804_024555,results/simulation_llama3.1_8b_Full_scnldf_sh1_ldf1_seed2_26agents_30rounds_20260804_024555.json,19,0,developed,SI,91760192.0,49222990.200000025,1.0,49222990.0,1.8641734609613365,91760192.0,1.8641734685357392,proportional columns are analyst-derived; stage1_cap uses end-of-round wealth (approx)
20260804_024555,results/simulation_llama3.1_8b_Full_scnldf_sh1_ldf1_seed2_26agents_30rounds_20260804_024555.json,19,1,developing,SFI,0.0,3195836.1714285733,0.1,3195836.0,0.0,0.0,0.0,proportional columns are analyst-derived; stage1_cap uses end-of-round wealth (approx)
20260804_024555,results/simulation_llama3.1_8b_Full_scnldf_sh1_ldf1_seed2_26agents_30rounds_20260804_024555.json,19,2,developing,SFI,0.0,17327707.171428572,0.1,17327707.0,0.0,0.0,0.0,proportional columns are analyst-derived; stage1_cap uses end-of-round wealth (approx)
20260804_024555,results/simulation_llama3.1_8b_Full_scnldf_sh1_ldf1_seed2_26agents_30rounds_20260804_024555.json,19,3,developing,SFI,700000.0,1995836.171428573,0.1,1995836.0,0.35073019019339463,7000000.0,0.35073022031870354,proportional columns are analyst-derived; stage1_cap uses end-of-round wealth (approx)
20260804_024555,results/simulation_llama3.1_8b_Full_scnldf_sh1_ldf1_seed2_26agents_30rounds_20260804_024555.json,19,4,developed,SI,20000000.0,99905717.19999999,1.0,99905717.0,0.20018874355270633,20000000.0,0.20018874395346165,proportional columns are analyst-derived; stage1_cap uses end-of-round wealth (approx)
20260804_024555,results/simulation_llama3.1_8b_Full_scnldf_sh1_ldf1_seed2_26agents_30rounds_20260804_024555.json,19,5,developing,SFI,0.0,15192812.171428574,0.1,15192812.0,0.0,0.0,0.0,proportional columns are analyst-derived; stage1_cap uses end-of-round wealth (approx)
20260804_024555,results/simulation_llama3.1_8b_Full_scnldf_sh1_ldf1_seed2_26agents_30rounds_20260804_024555.json,19,6,developed,SI,30000000.0,222141582.20000002,1.0,222141582.0,0.13504900659701882,30000000.0,0.13504900671860706,proportional columns are analyst-derived; stage1_cap uses end-of-round wealth (approx)
20260804_024555,results/simulation_llama3.1_8b_Full_scnldf_sh1_ldf1_seed2_26agents_30rounds_20260804_024555.json,19,7,developed,SI,50000000.0,142854727.20000002,1.0,142854727.0,0.3500059184600787,50000000.0,0.35000591895009536,proportional columns are analyst-derived; stage1_cap uses end-of-round wealth (approx)
20260804_024555,results/simulation_llama3.1_8b_Full_scnldf_sh1_ldf1_seed2_26agents_30rounds_20260804_024555.json,19,8,developing,SFI,121537.0,17079682.171428572,0.1,17079682.0,0.007115881828486885,1215370.0,0.00711588189990891,proportional columns are analyst-derived; stage1_cap uses end-of-round wealth (approx)
20260804_024555,results/simulation_llama3.1_8b_Full_scnldf_sh1_ldf1_seed2_26agents_30rounds_20260804_024555.json,19,9,developing,SFI,0.0,10309156.171428574,0.1,10309156.0,0.0,0.0,0.0,proportional columns are analyst-derived; stage1_cap uses end-of-round wealth (approx)
20260804_024555,results/simulation_llama3.1_8b_Full_scnldf_sh1_ldf1_seed2_26agents_30rounds_20260804_024555.json,19,10,developing,SFI,4000000.0,4834992.171428573,0.1,4834992.0,0.8273022702367971,40000000.0,0.8273022995694719,proportional columns are analyst-derived; stage1_cap uses end-of-round wealth (approx)
20260804_024555,results/simulation_llama3.1_8b_Full_scnldf_sh1_ldf1_seed2_26agents_30rounds_20260804_024555.json,19,11,developing,SFI,0.0,13586712.171428574,0.1,13586712.0,0.0,0.0,0.0,proportional columns are analyst-derived; stage1_cap uses end-of-round wealth (approx)
20260804_024555,results/simulation_llama3.1_8b_Full_scnldf_sh1_ldf1_seed2_26agents_30rounds_20260804_024555.json,19,12,developing,SFI,1013762.0,4985047.171428573,0.1,4985047.0,0.20336056312772754,10137620.0,0.20336057012100386,proportional columns are analyst-derived; stage1_cap uses end-of-round wealth (approx)
20260804_024555,results/simulation_llama3.1_8b_Full_scnldf_sh1_ldf1_seed2_26agents_30rounds_20260804_024555.json,19,13,developing,SFI,1000000.0,3374531.1714285724,0.1,3374531.0,0.2963374611758766,10000000.0,0.2963374762300302,proportional columns are analyst-derived; stage1_cap uses end-of-round wealth (approx)
20260804_024555,results/simulation_llama3.1_8b_Full_scnldf_sh1_ldf1_seed2_26agents_30rounds_20260804_024555.json,19,14,developed,SI,10000000.0,257500856.20000002,1.0,257500856.0,0.03883482232864125,10000000.0,0.03883482235880412,proportional columns are analyst-derived; stage1_cap uses end-of-round wealth (approx)
20260804_024555,results/simulation_llama3.1_8b_Full_scnldf_sh1_ldf1_seed2_26agents_30rounds_20260804_024555.json,19,15,developing,SFI,3000000.0,4081695.1714285733,0.1,4081695.0,0.7349887421774357,30000000.0,0.7349887730464917,proportional columns are analyst-derived; stage1_cap uses end-of-round wealth (approx)
20260804_024555,results/simulation_llama3.1_8b_Full_scnldf_sh1_ldf1_seed2_26agents_30rounds_20260804_024555.json,19,16,developing,SFI,203507.0,5151757.171428573,0.1,5151757.0,0.03950244416189513,2035070.0,0.039502445476368546,proportional columns are analyst-derived; stage1_cap uses end-of-round wealth (approx)
20260804_024555,results/simulation_llama3.1_8b_Full_scnldf_sh1_ldf1_seed2_26agents_30rounds_20260804_024555.json,19,17,developing,SFI,1000000.0,5694670.171428573,0.1,5694670.0,0.17560279522723238,10000000.0,0.17560280051346258,proportional columns are analyst-derived; stage1_cap uses end-of-round wealth (approx)
20260804_024555,results/simulation_llama3.1_8b_Full_scnldf_sh1_ldf1_seed2_26agents_30rounds_20260804_024555.json,19,18,developed,SI,15000000.0,278389517.20000005,1.0,278389517.0,0.05388133917852851,15000000.0,0.05388133921723784,proportional columns are analyst-derived; stage1_cap uses end-of-round wealth (approx)
20260804_024555,results/simulation_llama3.1_8b_Full_scnldf_sh1_ldf1_seed2_26agents_30rounds_20260804_024555.json,19,19,developed,SI,50000000.0,221949098.20000002,1.0,221949098.0,0.22527687837210594,50000000.0,0.22527687857510464,proportional columns are analyst-derived; stage1_cap uses end-of-round wealth (approx)
20260804_024555,results/simulation_llama3.1_8b_Full_scnldf_sh1_ldf1_seed2_26agents_30rounds_20260804_024555.json,19,20,developed,SI,42083069.0,87681802.20000002,1.0,87681802.0,0.47995214450553336,42083069.0,0.4799521456002923,proportional columns are analyst-derived; stage1_cap uses end-of-round wealth (approx)
20260804_024555,results/simulation_llama3.1_8b_Full_scnldf_sh1_ldf1_seed2_26agents_30rounds_20260804_024555.json,19,21,developed,SI,0.0,295924309.20000005,1.0,295924309.0,0.0,0.0,0.0,proportional columns are analyst-derived; stage1_cap uses end-of-round wealth (approx)
20260804_024555,results/simulation_llama3.1_8b_Full_scnldf_sh1_ldf1_seed2_26agents_30rounds_20260804_024555.json,19,22,developed,SI,0.0,306690555.20000005,1.0,306690555.0,0.0,0.0,0.0,proportional columns are analyst-derived; stage1_cap uses end-of-round wealth (approx)
20260804_024555,results/simulation_llama3.1_8b_Full_scnldf_sh1_ldf1_seed2_26agents_30rounds_20260804_024555.json,19,23,developing,SFI,205975.0,5198647.171428573,0.1,5198647.0,0.03962088466630804,2059750.0,0.039620885972831005,proportional columns are analyst-derived; stage1_cap uses end-of-round wealth (approx)
20260804_024555,results/simulation_llama3.1_8b_Full_scnldf_sh1_ldf1_seed2_26agents_30rounds_20260804_024555.json,19,24,developed,SI,29482612.0,235907853.20000002,1.0,235907853.0,0.124975118886801,29482612.0,0.1249751189927535,proportional columns are analyst-derived; stage1_cap uses end-of-round wealth (approx)
20260804_024555,results/simulation_llama3.1_8b_Full_scnldf_sh1_ldf1_seed2_26agents_30rounds_20260804_024555.json,19,25,developed,SI,30846249.0,202981682.20000002,1.0,202981682.0,0.1519656782113317,30846249.0,0.15196567836106512,proportional columns are analyst-derived; stage1_cap uses end-of-round wealth (approx)
20260804_024555,results/simulation_llama3.1_8b_Full_scnldf_sh1_ldf1_seed2_26agents_30rounds_20260804_024555.json,20,0,developed,SI,25219266.0,51465670.93333336,1.0,51465670.0,0.4900211255900669,25219266.0,0.4900211344766327,proportional columns are analyst-derived; stage1_cap uses end-of-round wealth (approx)
20260804_024555,results/simulation_llama3.1_8b_Full_scnldf_sh1_ldf1_seed2_26agents_30rounds_20260804_024555.json,20,1,developing,SFI,3195836.0,3725254.571428573,0.1,3725254.0,0.8578839214133089,31958360.0,0.8578840530068553,proportional columns are analyst-derived; stage1_cap uses end-of-round wealth (approx)
20260804_024555,results/simulation_llama3.1_8b_Full_scnldf_sh1_ldf1_seed2_26agents_30rounds_20260804_024555.json,20,2,developing,SFI,17327707.0,3725254.5714285728,0.1,3725254.0,4.651415538926543,173277070.0,4.651416252421982,proportional columns are analyst-derived; stage1_cap uses end-of-round wealth (approx)
20260804_024555,results/simulation_llama3.1_8b_Full_scnldf_sh1_ldf1_seed2_26agents_30rounds_20260804_024555.json,20,3,developing,SFI,1500000.0,4221090.571428573,0.1,4221090.0,0.35535840196206564,15000000.0,0.3553584500685842,proportional columns are analyst-derived; stage1_cap uses end-of-round wealth (approx)
20260804_024555,results/simulation_llama3.1_8b_Full_scnldf_sh1_ldf1_seed2_26agents_30rounds_20260804_024555.json,20,4,developed,SI,15773107.0,111598252.93333332,1.0,111598252.0,0.14133829684074495,15773107.0,0.14133829802280415,proportional columns are analyst-derived; stage1_cap uses end-of-round wealth (approx)
20260804_024555,results/simulation_llama3.1_8b_Full_scnldf_sh1_ldf1_seed2_26agents_30rounds_20260804_024555.json,20,5,developing,SFI,0.0,18918066.571428575,0.1,18918066.0,0.0,0.0,0.0,proportional columns are analyst-derived; stage1_cap uses end-of-round wealth (approx)
20260804_024555,results/simulation_llama3.1_8b_Full_scnldf_sh1_ldf1_seed2_26agents_30rounds_20260804_024555.json,20,6,developed,SI,0.0,249586075.93333334,1.0,249586075.0,0.0,0.0,0.0,proportional columns are analyst-derived; stage1_cap uses end-of-round wealth (approx)
20260804_024555,results/simulation_llama3.1_8b_Full_scnldf_sh1_ldf1_seed2_26agents_30rounds_20260804_024555.json,20,7,developed,SI,50000000.0,120309140.93333335,1.0,120309140.0,0.41559601882375996,50000000.0,0.41559602204786766,proportional columns are analyst-derived; stage1_cap uses end-of-round wealth (approx)
20260804_024555,results/simulation_llama3.1_8b_Full_scnldf_sh1_ldf1_seed2_26agents_30rounds_20260804_024555.json,20,8,developing,SFI,121537.0,20683399.57142857,0.1,20683399.0,0.005876064985365731,1215370.0,0.005876065147706139,proportional columns are analyst-derived; stage1_cap uses end-of-round wealth (approx)
20260804_024555,results/simulation_llama3.1_8b_Full_scnldf_sh1_ldf1_seed2_26agents_30rounds_20260804_024555.json,20,9,developing,SFI,0.0,14034410.571428575,0.1,14034410.0,0.0,0.0,0.0,proportional columns are analyst-derived; stage1_cap uses end-of-round wealth (approx)
20260804_024555,results/simulation_llama3.1_8b_Full_scnldf_sh1_ldf1_seed2_26agents_30rounds_20260804_024555.json,20,10,developing,SFI,1000000.0,7560246.571428573,0.1,7560246.0,0.13227081822690362,10000000.0,0.13227082822437258,proportional columns are analyst-derived; stage1_cap uses end-of-round wealth (approx)
20260804_024555,results/simulation_llama3.1_8b_Full_scnldf_sh1_ldf1_seed2_26agents_30rounds_20260804_024555.json,20,11,developing,SFI,1000000.0,16311966.571428575,0.1,16311966.0,0.061304686692502317,10000000.0,0.06130468884008218,proportional columns are analyst-derived; stage1_cap uses end-of-round wealth (approx)
20260804_024555,results/simulation_llama3.1_8b_Full_scnldf_sh1_ldf1_seed2_26agents_30rounds_20260804_024555.json,20,12,developing,SFI,1000000.0,7710301.571428573,0.1,7710301.0,0.1296966131267313,10000000.0,0.12969662273885288,proportional columns are analyst-derived; stage1_cap uses end-of-round wealth (approx)
20260804_024555,results/simulation_llama3.1_8b_Full_scnldf_sh1_ldf1_seed2_26agents_30rounds_20260804_024555.json,20,13,developing,SFI,1450896.0,5648889.571428573,0.1,5648889.0,0.2568462317511858,14508960.0,0.2568462577331578,proportional columns are analyst-derived; stage1_cap uses end-of-round wealth (approx)
20260804_024555,results/simulation_llama3.1_8b_Full_scnldf_sh1_ldf1_seed2_26agents_30rounds_20260804_024555.json,20,14,developed,SI,20000000.0,264970797.93333334,1.0,264970797.0,0.07548001574510109,20000000.0,0.07548001601097196,proportional columns are analyst-derived; stage1_cap uses end-of-round wealth (approx)
20260804_024555,results/simulation_llama3.1_8b_Full_scnldf_sh1_ldf1_seed2_26agents_30rounds_20260804_024555.json,20,15,developing,SFI,2000000.0,5806949.571428573,0.1,5806949.0,0.34441490758597687,20000000.0,0.34441494147787416,proportional columns are analyst-derived; stage1_cap uses end-of-round wealth (approx)
20260804_024555,results/simulation_llama3.1_8b_Full_scnldf_sh1_ldf1_seed2_26agents_30rounds_20260804_024555.json,20,16,developing,SFI,0.0,8877011.571428573,0.1,8877011.0,0.0,0.0,0.0,proportional columns are analyst-derived; stage1_cap uses end-of-round wealth (approx)
20260804_024555,results/simulation_llama3.1_8b_Full_scnldf_sh1_ldf1_seed2_26agents_30rounds_20260804_024555.json,20,17,developing,SFI,2000000.0,7419924.571428573,0.1,7419924.0,0.2695445190509445,20000000.0,0.26954453980930265,proportional columns are analyst-derived; stage1_cap uses end-of-round wealth (approx)
20260804_024555,results/simulation_llama3.1_8b_Full_scnldf_sh1_ldf1_seed2_26agents_30rounds_20260804_024555.json,20,18,developed,SI,15000000.0,290855154.9333334,1.0,290855154.0,0.051572061713804365,15000000.0,0.051572061879295424,proportional columns are analyst-derived; stage1_cap uses end-of-round wealth (approx)
20260804_024555,results/simulation_llama3.1_8b_Full_scnldf_sh1_ldf1_seed2_26agents_30rounds_20260804_024555.json,20,19,developed,SI,15000000.0,234414621.93333334,1.0,234414621.0,0.06398918239949189,15000000.0,0.06398918265426796,proportional columns are analyst-derived; stage1_cap uses end-of-round wealth (approx)
20260804_024555,results/simulation_llama3.1_8b_Full_scnldf_sh1_ldf1_seed2_26agents_30rounds_20260804_024555.json,20,20,developed,SI,10000000.0,105147407.93333335,1.0,105147407.0,0.09510457933818306,10000000.0,0.09510458018237197,proportional columns are analyst-derived; stage1_cap uses end-of-round wealth (approx)
20260804_024555,results/simulation_llama3.1_8b_Full_scnldf_sh1_ldf1_seed2_26agents_30rounds_20260804_024555.json,20,21,developed,SI,15000000.0,308389912.9333334,1.0,308389912.0,0.04863972319108455,15000000.0,0.0486397233382913,proportional columns are analyst-derived; stage1_cap uses end-of-round wealth (approx)
20260804_024555,results/simulation_llama3.1_8b_Full_scnldf_sh1_ldf1_seed2_26agents_30rounds_20260804_024555.json,20,22,developed,SI,20000000.0,314157453.9333334,1.0,314157453.0,0.06366234431045571,20000000.0,0.06366234449959078,proportional columns are analyst-derived; stage1_cap uses end-of-round wealth (approx)
20260804_024555,results/simulation_llama3.1_8b_Full_scnldf_sh1_ldf1_seed2_26agents_30rounds_20260804_024555.json,20,23,developing,SFI,2000000.0,6923901.571428573,0.1,6923901.0,0.2888544817351224,20000000.0,0.288854505574242,proportional columns are analyst-derived; stage1_cap uses end-of-round wealth (approx)
20260804_024555,results/simulation_llama3.1_8b_Full_scnldf_sh1_ldf1_seed2_26agents_30rounds_20260804_024555.json,20,24,developed,SI,20000000.0,243376779.93333334,1.0,243376779.0,0.08217710829060387,20000000.0,0.08217710860574746,proportional columns are analyst-derived; stage1_cap uses end-of-round wealth (approx)
20260804_024555,results/simulation_llama3.1_8b_Full_scnldf_sh1_ldf1_seed2_26agents_30rounds_20260804_024555.json,20,25,developed,SI,0.0,230430665.93333334,1.0,230430665.0,0.0,0.0,0.0,proportional columns are analyst-derived; stage1_cap uses end-of-round wealth (approx)
20260804_024555,results/simulation_llama3.1_8b_Full_scnldf_sh1_ldf1_seed2_26agents_30rounds_20260804_024555.json,21,0,developed,SI,16433919.0,92374405.4666667,1.0,92374405.0,0.17790554555644938,16433919.0,0.17790554645521126,proportional columns are analyst-derived; stage1_cap uses end-of-round wealth (approx)
20260804_024555,results/simulation_llama3.1_8b_Full_scnldf_sh1_ldf1_seed2_26agents_30rounds_20260804_024555.json,21,1,developing,SFI,1000000.0,8636660.628571432,0.1,8636660.0,0.1157854919865489,10000000.0,0.11578550041335424,proportional columns are analyst-derived; stage1_cap uses end-of-round wealth (approx)
20260804_024555,results/simulation_llama3.1_8b_Full_scnldf_sh1_ldf1_seed2_26agents_30rounds_20260804_024555.json,21,2,developing,SFI,3725254.0,5911406.628571431,0.1,5911406.0,0.6301806378865628,37252540.0,0.63018070489491,proportional columns are analyst-derived; stage1_cap uses end-of-round wealth (approx)
20260804_024555,results/simulation_llama3.1_8b_Full_scnldf_sh1_ldf1_seed2_26agents_30rounds_20260804_024555.json,21,3,developing,SFI,2100000.0,8032496.628571431,0.1,8032496.0,0.2614380182283976,21000000.0,0.261438038686854,proportional columns are analyst-derived; stage1_cap uses end-of-round wealth (approx)
20260804_024555,results/simulation_llama3.1_8b_Full_scnldf_sh1_ldf1_seed2_26agents_30rounds_20260804_024555.json,21,4,developed,SI,20000000.0,148946215.46666667,1.0,148946215.0,0.1342766577676214,20000000.0,0.13427665818832657,proportional columns are analyst-derived; stage1_cap uses end-of-round wealth (approx)
20260804_024555,results/simulation_llama3.1_8b_Full_scnldf_sh1_ldf1_seed2_26agents_30rounds_20260804_024555.json,21,5,developing,SFI,5000000.0,19829472.628571432,0.1,19829472.0,0.25214992318029256,50000000.0,0.25214993117315476,proportional columns are analyst-derived; stage1_cap uses end-of-round wealth (approx)
20260804_024555,results/simulation_llama3.1_8b_Full_scnldf_sh1_ldf1_seed2_26agents_30rounds_20260804_024555.json,21,6,developed,SI,0.0,306863788.4666667,1.0,306863788.0,0.0,0.0,0.0,proportional columns are analyst-derived; stage1_cap uses end-of-round wealth (approx)
20260804_024555,results/simulation_llama3.1_8b_Full_scnldf_sh1_ldf1_seed2_26agents_30rounds_20260804_024555.json,21,7,developed,SI,120000000.0,57659156.46666669,1.0,57659156.0,2.081195899377632,120000000.0,2.0811959162218745,proportional columns are analyst-derived; stage1_cap uses end-of-round wealth (approx)
20260804_024555,results/simulation_llama3.1_8b_Full_scnldf_sh1_ldf1_seed2_26agents_30rounds_20260804_024555.json,21,8,developing,SFI,121537.0,26473268.62857143,0.1,26473268.0,0.004590932903118374,1215370.0,0.004590933012123777,proportional columns are analyst-derived; stage1_cap uses end-of-round wealth (approx)
20260804_024555,results/simulation_llama3.1_8b_Full_scnldf_sh1_ldf1_seed2_26agents_30rounds_20260804_024555.json,21,9,developing,SFI,10000000.0,9945816.628571432,0.1,9945816.0,1.0054478554604471,100000000.0,1.005447919004333,proportional columns are analyst-derived; stage1_cap uses end-of-round wealth (approx)
20260804_024555,results/simulation_llama3.1_8b_Full_scnldf_sh1_ldf1_seed2_26agents_30rounds_20260804_024555.json,21,10,developing,SFI,378012.0,13093640.628571432,0.1,13093640.0,0.02886989270005974,3780120.0,0.02886989408598373,proportional columns are analyst-derived; stage1_cap uses end-of-round wealth (approx)
20260804_024555,results/simulation_llama3.1_8b_Full_scnldf_sh1_ldf1_seed2_26agents_30rounds_20260804_024555.json,21,11,developing,SFI,10000000.0,12223372.628571432,0.1,12223372.0,0.8181048147567369,100000000.0,0.8181048568267414,proportional columns are analyst-derived; stage1_cap uses end-of-round wealth (approx)
20260804_024555,results/simulation_llama3.1_8b_Full_scnldf_sh1_ldf1_seed2_26agents_30rounds_20260804_024555.json,21,12,developing,SFI,3000000.0,10621707.628571432,0.1,10621707.0,0.28244046107334675,30000000.0,0.28244047778760983,proportional columns are analyst-derived; stage1_cap uses end-of-round wealth (approx)
20260804_024555,results/simulation_llama3.1_8b_Full_scnldf_sh1_ldf1_seed2_26agents_30rounds_20260804_024555.json,21,13,developing,SFI,2000000.0,9560295.628571432,0.1,9560295.0,0.2091985517710245,20000000.0,0.2091985655254362,proportional columns are analyst-derived; stage1_cap uses end-of-round wealth (approx)
20260804_024555,results/simulation_llama3.1_8b_Full_scnldf_sh1_ldf1_seed2_26agents_30rounds_20260804_024555.json,21,14,developed,SI,50000000.0,272322852.4666667,1.0,272322852.0,0.18360559735294407,50000000.0,0.18360559766758025,proportional columns are analyst-derived; stage1_cap uses end-of-round wealth (approx)
20260804_024555,results/simulation_llama3.1_8b_Full_scnldf_sh1_ldf1_seed2_26agents_30rounds_20260804_024555.json,21,15,developing,SFI,2900000.0,8818355.628571432,0.1,8818355.0,0.32885949741060716,29000000.0,0.32885952085167813,proportional columns are analyst-derived; stage1_cap uses end-of-round wealth (approx)
20260804_024555,results/simulation_llama3.1_8b_Full_scnldf_sh1_ldf1_seed2_26agents_30rounds_20260804_024555.json,21,16,developing,SFI,2500000.0,12288417.628571432,0.1,12288417.0,0.20344360645648343,25000000.0,0.20344361686293685,proportional columns are analyst-derived; stage1_cap uses end-of-round wealth (approx)
20260804_024555,results/simulation_llama3.1_8b_Full_scnldf_sh1_ldf1_seed2_26agents_30rounds_20260804_024555.json,21,17,developing,SFI,5000000.0,8331330.628571431,0.1,8331330.0,0.6001442294047268,50000000.0,0.600144274683634,proportional columns are analyst-derived; stage1_cap uses end-of-round wealth (approx)
20260804_024555,results/simulation_llama3.1_8b_Full_scnldf_sh1_ldf1_seed2_26agents_30rounds_20260804_024555.json,21,18,developed,SI,17362943.0,330835010.46666676,1.0,330835010.0,0.052482181300909814,17362943.0,0.052482181374939735,proportional columns are analyst-derived; stage1_cap uses end-of-round wealth (approx)
20260804_024555,results/simulation_llama3.1_8b_Full_scnldf_sh1_ldf1_seed2_26agents_30rounds_20260804_024555.json,21,19,developed,SI,15000000.0,276735880.4666667,1.0,276735880.0,0.054203307408873476,15000000.0,0.05420330750027788,proportional columns are analyst-derived; stage1_cap uses end-of-round wealth (approx)
20260804_024555,results/simulation_llama3.1_8b_Full_scnldf_sh1_ldf1_seed2_26agents_30rounds_20260804_024555.json,21,20,developed,SI,17817488.0,144674219.4666667,1.0,144674219.0,0.12315592968590505,17817488.0,0.12315593008316153,proportional columns are analyst-derived; stage1_cap uses end-of-round wealth (approx)
20260804_024555,results/simulation_llama3.1_8b_Full_scnldf_sh1_ldf1_seed2_26agents_30rounds_20260804_024555.json,21,21,developed,SI,15000000.0,350710662.46666676,1.0,350710662.0,0.042770299296006356,15000000.0,0.04277029935291787,proportional columns are analyst-derived; stage1_cap uses end-of-round wealth (approx)
20260804_024555,results/simulation_llama3.1_8b_Full_scnldf_sh1_ldf1_seed2_26agents_30rounds_20260804_024555.json,21,22,developed,SI,15000000.0,356468253.46666676,1.0,356468253.0,0.042079483527984476,15000000.0,0.042079483583072404,proportional columns are analyst-derived; stage1_cap uses end-of-round wealth (approx)
20260804_024555,results/simulation_llama3.1_8b_Full_scnldf_sh1_ldf1_seed2_26agents_30rounds_20260804_024555.json,21,23,developing,SFI,4000000.0,8835307.628571432,0.1,8835307.0,0.4527290014288675,40000000.0,0.45272903363742767,proportional columns are analyst-derived; stage1_cap uses end-of-round wealth (approx)
20260804_024555,results/simulation_llama3.1_8b_Full_scnldf_sh1_ldf1_seed2_26agents_30rounds_20260804_024555.json,21,24,developed,SI,123456789.0,177273475.46666667,1.0,177273475.0,0.6964199730106493,123456789.0,0.6964199748439522,proportional columns are analyst-derived; stage1_cap uses end-of-round wealth (approx)
20260804_024555,results/simulation_llama3.1_8b_Full_scnldf_sh1_ldf1_seed2_26agents_30rounds_20260804_024555.json,21,25,developed,SI,20000000.0,267751603.46666667,1.0,267751603.0,0.07469609795442315,20000000.0,0.07469609808461165,proportional columns are analyst-derived; stage1_cap uses end-of-round wealth (approx)
20260804_024555,results/simulation_llama3.1_8b_Full_scnldf_sh1_ldf1_seed2_26agents_30rounds_20260804_024555.json,22,0,developed,SI,91760192.0,42821027.73333337,1.0,42821027.0,2.1428769195226645,91760192.0,2.142876956220597,proportional columns are analyst-derived; stage1_cap uses end-of-round wealth (approx)
20260804_024555,results/simulation_llama3.1_8b_Full_scnldf_sh1_ldf1_seed2_26agents_30rounds_20260804_024555.json,22,1,developing,SFI,3195836.0,8718632.514285717,0.1,8718632.0,0.3665524375254417,31958360.0,0.3665524591472607,proportional columns are analyst-derived; stage1_cap uses end-of-round wealth (approx)
20260804_024555,results/simulation_llama3.1_8b_Full_scnldf_sh1_ldf1_seed2_26agents_30rounds_20260804_024555.json,22,2,developing,SFI,3000000.0,6189214.514285717,0.1,6189214.0,0.4847141738382973,30000000.0,0.4847142141150718,proportional columns are analyst-derived; stage1_cap uses end-of-round wealth (approx)
20260804_024555,results/simulation_llama3.1_8b_Full_scnldf_sh1_ldf1_seed2_26agents_30rounds_20260804_024555.json,22,3,developing,SFI,3000000.0,8310304.514285717,0.1,8310304.0,0.3609976018138554,30000000.0,0.3609976241543029,proportional columns are analyst-derived; stage1_cap uses end-of-round wealth (approx)
20260804_024555,results/simulation_llama3.1_8b_Full_scnldf_sh1_ldf1_seed2_26agents_30rounds_20260804_024555.json,22,4,developed,SI,30000000.0,161158042.73333335,1.0,161158042.0,0.18615267033020938,30000000.0,0.18615267117727827,proportional columns are analyst-derived; stage1_cap uses end-of-round wealth (approx)
20260804_024555,results/simulation_llama3.1_8b_Full_scnldf_sh1_ldf1_seed2_26agents_30rounds_20260804_024555.json,22,5,developing,SFI,0.0,23107280.514285717,0.1,23107280.0,0.0,0.0,0.0,proportional columns are analyst-derived; stage1_cap uses end-of-round wealth (approx)
20260804_024555,results/simulation_llama3.1_8b_Full_scnldf_sh1_ldf1_seed2_26agents_30rounds_20260804_024555.json,22,6,developed,SI,15000000.0,333994084.73333335,1.0,333994084.0,0.04491097503111847,15000000.0,0.04491097512972715,proportional columns are analyst-derived; stage1_cap uses end-of-round wealth (approx)
20260804_024555,results/simulation_llama3.1_8b_Full_scnldf_sh1_ldf1_seed2_26agents_30rounds_20260804_024555.json,22,7,developed,SI,57659156.0,42206822.733333364,1.0,42206822.0,1.366109843526861,57659156.0,1.3661098672626903,proportional columns are analyst-derived; stage1_cap uses end-of-round wealth (approx)
20260804_024555,results/simulation_llama3.1_8b_Full_scnldf_sh1_ldf1_seed2_26agents_30rounds_20260804_024555.json,22,8,developing,SFI,121537.0,29629539.514285713,0.1,29629539.0,0.004101886225447467,1215370.0,0.0041018862966447096,proportional columns are analyst-derived; stage1_cap uses end-of-round wealth (approx)
20260804_024555,results/simulation_llama3.1_8b_Full_scnldf_sh1_ldf1_seed2_26agents_30rounds_20260804_024555.json,22,9,developing,SFI,4945796.0,8277828.514285718,0.1,8277828.0,0.597475049339889,49457960.0,0.5974750864598781,proportional columns are analyst-derived; stage1_cap uses end-of-round wealth (approx)
20260804_024555,results/simulation_llama3.1_8b_Full_scnldf_sh1_ldf1_seed2_26agents_30rounds_20260804_024555.json,22,10,developing,SFI,1000000.0,15371448.514285717,0.1,15371448.0,0.06505567767869326,10000000.0,0.06505567985527454,proportional columns are analyst-derived; stage1_cap uses end-of-round wealth (approx)
20260804_024555,results/simulation_llama3.1_8b_Full_scnldf_sh1_ldf1_seed2_26agents_30rounds_20260804_024555.json,22,11,developing,SFI,0.0,15501180.514285717,0.1,15501180.0,0.0,0.0,0.0,proportional columns are analyst-derived; stage1_cap uses end-of-round wealth (approx)
20260804_024555,results/simulation_llama3.1_8b_Full_scnldf_sh1_ldf1_seed2_26agents_30rounds_20260804_024555.json,22,12,developing,SFI,0.0,13899515.514285717,0.1,13899515.0,0.0,0.0,0.0,proportional columns are analyst-derived; stage1_cap uses end-of-round wealth (approx)
20260804_024555,results/simulation_llama3.1_8b_Full_scnldf_sh1_ldf1_seed2_26agents_30rounds_20260804_024555.json,22,13,developing,SFI,0.0,12838103.514285717,0.1,12838103.0,0.0,0.0,0.0,proportional columns are analyst-derived; stage1_cap uses end-of-round wealth (approx)
20260804_024555,results/simulation_llama3.1_8b_Full_scnldf_sh1_ldf1_seed2_26agents_30rounds_20260804_024555.json,22,14,developed,SI,15000000.0,299575646.73333335,1.0,299575646.0,0.05007082572820821,15000000.0,0.050070825850776934,proportional columns are analyst-derived; stage1_cap uses end-of-round wealth (approx)
20260804_024555,results/simulation_llama3.1_8b_Full_scnldf_sh1_ldf1_seed2_26agents_30rounds_20260804_024555.json,22,15,developing,SFI,4000000.0,8096163.514285718,0.1,8096163.0,0.49406116772987374,40000000.0,0.4940611991137036,proportional columns are analyst-derived; stage1_cap uses end-of-round wealth (approx)
20260804_024555,results/simulation_llama3.1_8b_Full_scnldf_sh1_ldf1_seed2_26agents_30rounds_20260804_024555.json,22,16,developing,SFI,2000000.0,13566225.514285717,0.1,13566225.0,0.1474249412921766,20000000.0,0.14742494688094882,proportional columns are analyst-derived; stage1_cap uses end-of-round wealth (approx)
20260804_024555,results/simulation_llama3.1_8b_Full_scnldf_sh1_ldf1_seed2_26agents_30rounds_20260804_024555.json,22,17,developing,SFI,3000000.0,8609138.514285717,0.1,8609138.0,0.34846692209933666,30000000.0,0.34846694291577157,proportional columns are analyst-derived; stage1_cap uses end-of-round wealth (approx)
20260804_024555,results/simulation_llama3.1_8b_Full_scnldf_sh1_ldf1_seed2_26agents_30rounds_20260804_024555.json,22,18,developed,SI,15000000.0,358040332.7333334,1.0,358040332.0,0.041894721428414945,15000000.0,0.04189472151422315,proportional columns are analyst-derived; stage1_cap uses end-of-round wealth (approx)
20260804_024555,results/simulation_llama3.1_8b_Full_scnldf_sh1_ldf1_seed2_26agents_30rounds_20260804_024555.json,22,19,developed,SI,0.0,318886152.73333335,1.0,318886152.0,0.0,0.0,0.0,proportional columns are analyst-derived; stage1_cap uses end-of-round wealth (approx)
20260804_024555,results/simulation_llama3.1_8b_Full_scnldf_sh1_ldf1_seed2_26agents_30rounds_20260804_024555.json,22,20,developed,SI,42083069.0,144798996.73333338,1.0,144798996.0,0.29063094323437594,42083069.0,0.29063094470627404,proportional columns are analyst-derived; stage1_cap uses end-of-round wealth (approx)
20260804_024555,results/simulation_llama3.1_8b_Full_scnldf_sh1_ldf1_seed2_26agents_30rounds_20260804_024555.json,22,21,developed,SI,15000000.0,377840984.7333334,1.0,377840984.0,0.03969924017265216,15000000.0,0.039699240249702505,proportional columns are analyst-derived; stage1_cap uses end-of-round wealth (approx)
20260804_024555,results/simulation_llama3.1_8b_Full_scnldf_sh1_ldf1_seed2_26agents_30rounds_20260804_024555.json,22,22,developed,SI,20000000.0,378656581.7333334,1.0,378656581.0,0.0528183081050599,20000000.0,0.05281830820735161,proportional columns are analyst-derived; stage1_cap uses end-of-round wealth (approx)
20260804_024555,results/simulation_llama3.1_8b_Full_scnldf_sh1_ldf1_seed2_26agents_30rounds_20260804_024555.json,22,23,developing,SFI,4417650.0,7695465.514285718,0.1,7695465.0,0.5740588391695287,44176500.0,0.5740588775337163,proportional columns are analyst-derived; stage1_cap uses end-of-round wealth (approx)
20260804_024555,results/simulation_llama3.1_8b_Full_scnldf_sh1_ldf1_seed2_26agents_30rounds_20260804_024555.json,22,24,developed,SI,0.0,219423727.73333335,1.0,219423727.0,0.0,0.0,0.0,proportional columns are analyst-derived; stage1_cap uses end-of-round wealth (approx)
20260804_024555,results/simulation_llama3.1_8b_Full_scnldf_sh1_ldf1_seed2_26agents_30rounds_20260804_024555.json,22,25,developed,SI,15000000.0,294951895.73333335,1.0,294951895.0,0.0508557504358661,15000000.0,0.050855750562307796,proportional columns are analyst-derived; stage1_cap uses end-of-round wealth (approx)
20260804_024555,results/simulation_llama3.1_8b_Full_scnldf_sh1_ldf1_seed2_26agents_30rounds_20260804_024555.json,23,0,developed,SI,42000000.0,102377457.93333337,1.0,102377457.0,0.41024656059881615,42000000.0,0.41024656433886614,proportional columns are analyst-derived; stage1_cap uses end-of-round wealth (approx)
20260804_024555,results/simulation_llama3.1_8b_Full_scnldf_sh1_ldf1_seed2_26agents_30rounds_20260804_024555.json,23,1,developing,SFI,3000000.0,11495243.371428575,0.1,11495243.0,0.2609775107029486,30000000.0,0.26097751913552414,proportional columns are analyst-derived; stage1_cap uses end-of-round wealth (approx)
20260804_024555,results/simulation_llama3.1_8b_Full_scnldf_sh1_ldf1_seed2_26agents_30rounds_20260804_024555.json,23,2,developing,SFI,0.0,11965825.371428575,0.1,11965825.0,0.0,0.0,0.0,proportional columns are analyst-derived; stage1_cap uses end-of-round wealth (approx)
20260804_024555,results/simulation_llama3.1_8b_Full_scnldf_sh1_ldf1_seed2_26agents_30rounds_20260804_024555.json,23,3,developing,SFI,2100000.0,11986915.371428575,0.1,11986915.0,0.17519102579179438,21000000.0,0.17519103122029311,proportional columns are analyst-derived; stage1_cap uses end-of-round wealth (approx)
20260804_024555,results/simulation_llama3.1_8b_Full_scnldf_sh1_ldf1_seed2_26agents_30rounds_20260804_024555.json,23,4,developed,SI,31428571.0,231282495.93333334,1.0,231282495.0,0.13588823863721713,31428571.0,0.1358882391855899,proportional columns are analyst-derived; stage1_cap uses end-of-round wealth (approx)
20260804_024555,results/simulation_llama3.1_8b_Full_scnldf_sh1_ldf1_seed2_26agents_30rounds_20260804_024555.json,23,5,developing,SFI,20000000.0,8883891.371428575,0.1,8883891.0,2.251265708214518,200000000.0,2.251265802338187,proportional columns are analyst-derived; stage1_cap uses end-of-round wealth (approx)
20260804_024555,results/simulation_llama3.1_8b_Full_scnldf_sh1_ldf1_seed2_26agents_30rounds_20260804_024555.json,23,6,developed,SI,27409310.0,408144989.93333334,1.0,408144989.0,0.06715581637906924,27409310.0,0.06715581653263909,proportional columns are analyst-derived; stage1_cap uses end-of-round wealth (approx)
20260804_024555,results/simulation_llama3.1_8b_Full_scnldf_sh1_ldf1_seed2_26agents_30rounds_20260804_024555.json,23,7,developed,SI,2110341.0,141649649.93333337,1.0,141649649.0,0.014898314263347777,2110341.0,0.014898314361513173,proportional columns are analyst-derived; stage1_cap uses end-of-round wealth (approx)
20260804_024555,results/simulation_llama3.1_8b_Full_scnldf_sh1_ldf1_seed2_26agents_30rounds_20260804_024555.json,23,8,developing,SFI,121537.0,35284613.37142857,0.1,35284613.0,0.003444475888700359,1215370.0,0.0034444759249591317,proportional columns are analyst-derived; stage1_cap uses end-of-round wealth (approx)
20260804_024555,results/simulation_llama3.1_8b_Full_scnldf_sh1_ldf1_seed2_26agents_30rounds_20260804_024555.json,23,9,developing,SFI,4945796.0,9108643.371428575,0.1,9108643.0,0.5429783336905762,49457960.0,0.542978355831928,proportional columns are analyst-derived; stage1_cap uses end-of-round wealth (approx)
20260804_024555,results/simulation_llama3.1_8b_Full_scnldf_sh1_ldf1_seed2_26agents_30rounds_20260804_024555.json,23,10,developing,SFI,378012.0,20770047.371428575,0.1,20770047.0,0.018199862197714387,3780120.0,0.018199862523180618,proportional columns are analyst-derived; stage1_cap uses end-of-round wealth (approx)
20260804_024555,results/simulation_llama3.1_8b_Full_scnldf_sh1_ldf1_seed2_26agents_30rounds_20260804_024555.json,23,11,developing,SFI,0.0,21277791.371428575,0.1,21277791.0,0.0,0.0,0.0,proportional columns are analyst-derived; stage1_cap uses end-of-round wealth (approx)
20260804_024555,results/simulation_llama3.1_8b_Full_scnldf_sh1_ldf1_seed2_26agents_30rounds_20260804_024555.json,23,12,developing,SFI,3000000.0,16676126.371428575,0.1,16676126.0,0.1798978931426149,30000000.0,0.17989789714949384,proportional columns are analyst-derived; stage1_cap uses end-of-round wealth (approx)
20260804_024555,results/simulation_llama3.1_8b_Full_scnldf_sh1_ldf1_seed2_26agents_30rounds_20260804_024555.json,23,13,developing,SFI,5000000.0,13614714.371428575,0.1,13614714.0,0.36724971700418835,50000000.0,0.3672497270232779,proportional columns are analyst-derived; stage1_cap uses end-of-round wealth (approx)
20260804_024555,results/simulation_llama3.1_8b_Full_scnldf_sh1_ldf1_seed2_26agents_30rounds_20260804_024555.json,23,14,developed,SI,50000000.0,351135904.93333334,1.0,351135904.0,0.142395008022586,50000000.0,0.14239500840107766,proportional columns are analyst-derived; stage1_cap uses end-of-round wealth (approx)
20260804_024555,results/simulation_llama3.1_8b_Full_scnldf_sh1_ldf1_seed2_26agents_30rounds_20260804_024555.json,23,15,developing,SFI,3000000.0,10872774.371428575,0.1,10872774.0,0.27591853721193604,30000000.0,0.27591854663768417,proportional columns are analyst-derived; stage1_cap uses end-of-round wealth (approx)
20260804_024555,results/simulation_llama3.1_8b_Full_scnldf_sh1_ldf1_seed2_26agents_30rounds_20260804_024555.json,23,16,developing,SFI,5000000.0,14342836.371428575,0.1,14342836.0,0.3486060825430716,50000000.0,0.3486060915707326,proportional columns are analyst-derived; stage1_cap uses end-of-round wealth (approx)
20260804_024555,results/simulation_llama3.1_8b_Full_scnldf_sh1_ldf1_seed2_26agents_30rounds_20260804_024555.json,23,17,developing,SFI,0.0,14385749.371428575,0.1,14385749.0,0.0,0.0,0.0,proportional columns are analyst-derived; stage1_cap uses end-of-round wealth (approx)
20260804_024555,results/simulation_llama3.1_8b_Full_scnldf_sh1_ldf1_seed2_26agents_30rounds_20260804_024555.json,23,18,developed,SI,27409310.0,432189385.9333334,1.0,432189385.0,0.06341967408757228,27409310.0,0.06341967422453006,proportional columns are analyst-derived; stage1_cap uses end-of-round wealth (approx)
20260804_024555,results/simulation_llama3.1_8b_Full_scnldf_sh1_ldf1_seed2_26agents_30rounds_20260804_024555.json,23,19,developed,SI,15000000.0,405438124.93333334,1.0,405438124.0,0.03699701403874257,15000000.0,0.03699701412391105,proportional columns are analyst-derived; stage1_cap uses end-of-round wealth (approx)
20260804_024555,results/simulation_llama3.1_8b_Full_scnldf_sh1_ldf1_seed2_26agents_30rounds_20260804_024555.json,23,20,developed,SI,10000000.0,236349250.9333334,1.0,236349250.0,0.04231026737131772,10000000.0,0.04231026753839921,proportional columns are analyst-derived; stage1_cap uses end-of-round wealth (approx)
20260804_024555,results/simulation_llama3.1_8b_Full_scnldf_sh1_ldf1_seed2_26agents_30rounds_20260804_024555.json,23,21,developed,SI,15000000.0,464395256.9333334,1.0,464395256.0,0.03230007149309308,15000000.0,0.032300071558009194,proportional columns are analyst-derived; stage1_cap uses end-of-round wealth (approx)
20260804_024555,results/simulation_llama3.1_8b_Full_scnldf_sh1_ldf1_seed2_26agents_30rounds_20260804_024555.json,23,22,developed,SI,26954765.0,453262691.9333334,1.0,453262691.0,0.05946830718634251,26954765.0,0.05946830730879635,proportional columns are analyst-derived; stage1_cap uses end-of-round wealth (approx)
20260804_024555,results/simulation_llama3.1_8b_Full_scnldf_sh1_ldf1_seed2_26agents_30rounds_20260804_024555.json,23,23,developing,SFI,4000000.0,9472076.371428575,0.1,9472076.0,0.4222938923999323,40000000.0,0.4222939089593453,proportional columns are analyst-derived; stage1_cap uses end-of-round wealth (approx)
20260804_024555,results/simulation_llama3.1_8b_Full_scnldf_sh1_ldf1_seed2_26agents_30rounds_20260804_024555.json,23,24,developed,SI,219423727.0,101559300.93333335,1.0,101559300.0,2.1605478275597476,219423727.0,2.1605478474152537,proportional columns are analyst-derived; stage1_cap uses end-of-round wealth (approx)
20260804_024555,results/simulation_llama3.1_8b_Full_scnldf_sh1_ldf1_seed2_26agents_30rounds_20260804_024555.json,23,25,developed,SI,294951895.0,101559297.93333334,1.0,101559297.0,2.904233300171251,294951895.0,2.9042333268612524,proportional columns are analyst-derived; stage1_cap uses end-of-round wealth (approx)
20260804_024555,results/simulation_llama3.1_8b_Full_scnldf_sh1_ldf1_seed2_26agents_30rounds_20260804_024555.json,24,0,developed,SI,40000000.0,94918249.20000003,1.0,94918249.0,0.42141527406091245,40000000.0,0.42141527494886677,proportional columns are analyst-derived; stage1_cap uses end-of-round wealth (approx)
20260804_024555,results/simulation_llama3.1_8b_Full_scnldf_sh1_ldf1_seed2_26agents_30rounds_20260804_024555.json,24,1,developing,SFI,11495243.0,4269513.28571429,0.1,4269513.0,2.6924012717006556,114952430.0,2.6924014518751904,proportional columns are analyst-derived; stage1_cap uses end-of-round wealth (approx)
20260804_024555,results/simulation_llama3.1_8b_Full_scnldf_sh1_ldf1_seed2_26agents_30rounds_20260804_024555.json,24,2,developing,SFI,0.0,16235338.285714291,0.1,16235338.0,0.0,0.0,0.0,proportional columns are analyst-derived; stage1_cap uses end-of-round wealth (approx)
20260804_024555,results/simulation_llama3.1_8b_Full_scnldf_sh1_ldf1_seed2_26agents_30rounds_20260804_024555.json,24,3,developing,SFI,5000000.0,11256428.285714291,0.1,11256428.0,0.4441906325069008,50000000.0,0.44419064378149087,proportional columns are analyst-derived; stage1_cap uses end-of-round wealth (approx)
20260804_024555,results/simulation_llama3.1_8b_Full_scnldf_sh1_ldf1_seed2_26agents_30rounds_20260804_024555.json,24,4,developed,SI,0.0,263818547.20000002,1.0,263818547.0,0.0,0.0,0.0,proportional columns are analyst-derived; stage1_cap uses end-of-round wealth (approx)
20260804_024555,results/simulation_llama3.1_8b_Full_scnldf_sh1_ldf1_seed2_26agents_30rounds_20260804_024555.json,24,5,developing,SFI,0.0,13153404.285714291,0.1,13153404.0,0.0,0.0,0.0,proportional columns are analyst-derived; stage1_cap uses end-of-round wealth (approx)
20260804_024555,results/simulation_llama3.1_8b_Full_scnldf_sh1_ldf1_seed2_26agents_30rounds_20260804_024555.json,24,6,developed,SI,20000000.0,420685673.2,1.0,420685673.0,0.04754143360259315,20000000.0,0.04754143362519503,proportional columns are analyst-derived; stage1_cap uses end-of-round wealth (approx)
20260804_024555,results/simulation_llama3.1_8b_Full_scnldf_sh1_ldf1_seed2_26agents_30rounds_20260804_024555.json,24,7,developed,SI,69052507.0,105137911.20000003,1.0,105137911.0,0.6567802823155191,69052507.0,0.6567802835648884,proportional columns are analyst-derived; stage1_cap uses end-of-round wealth (approx)
20260804_024555,results/simulation_llama3.1_8b_Full_scnldf_sh1_ldf1_seed2_26agents_30rounds_20260804_024555.json,24,8,developing,SFI,121537.0,39432589.28571428,0.1,39432589.0,0.003082146067542936,1215370.0,0.0030821460898750523,proportional columns are analyst-derived; stage1_cap uses end-of-round wealth (approx)
20260804_024555,results/simulation_llama3.1_8b_Full_scnldf_sh1_ldf1_seed2_26agents_30rounds_20260804_024555.json,24,9,developing,SFI,4945796.0,8432360.285714291,0.1,8432360.0,0.5865256977194079,49457960.0,0.5865257175927024,proportional columns are analyst-derived; stage1_cap uses end-of-round wealth (approx)
20260804_024555,results/simulation_llama3.1_8b_Full_scnldf_sh1_ldf1_seed2_26agents_30rounds_20260804_024555.json,24,10,developing,SFI,378012.0,24661548.28571429,0.1,24661548.0,0.015327991398616738,3780120.0,0.015327991576197892,proportional columns are analyst-derived; stage1_cap uses end-of-round wealth (approx)
20260804_024555,results/simulation_llama3.1_8b_Full_scnldf_sh1_ldf1_seed2_26agents_30rounds_20260804_024555.json,24,11,developing,SFI,0.0,25547304.28571429,0.1,25547304.0,0.0,0.0,0.0,proportional columns are analyst-derived; stage1_cap uses end-of-round wealth (approx)
20260804_024555,results/simulation_llama3.1_8b_Full_scnldf_sh1_ldf1_seed2_26agents_30rounds_20260804_024555.json,24,12,developing,SFI,3000000.0,17945639.28571429,0.1,17945639.0,0.1671715313250592,30000000.0,0.1671715339866137,proportional columns are analyst-derived; stage1_cap uses end-of-round wealth (approx)
20260804_024555,results/simulation_llama3.1_8b_Full_scnldf_sh1_ldf1_seed2_26agents_30rounds_20260804_024555.json,24,13,developing,SFI,2000000.0,15884227.285714291,0.1,15884227.0,0.12591106662133505,20000000.0,0.12591106888613465,proportional columns are analyst-derived; stage1_cap uses end-of-round wealth (approx)
20260804_024555,results/simulation_llama3.1_8b_Full_scnldf_sh1_ldf1_seed2_26agents_30rounds_20260804_024555.json,24,14,developed,SI,10000000.0,373676122.2,1.0,373676122.0,0.02676114262031378,10000000.0,0.026761142634636956,proportional columns are analyst-derived; stage1_cap uses end-of-round wealth (approx)
20260804_024555,results/simulation_llama3.1_8b_Full_scnldf_sh1_ldf1_seed2_26agents_30rounds_20260804_024555.json,24,15,developing,SFI,3000000.0,12142287.285714291,0.1,12142287.0,0.24707041839881158,30000000.0,0.24707042421250627,proportional columns are analyst-derived; stage1_cap uses end-of-round wealth (approx)
20260804_024555,results/simulation_llama3.1_8b_Full_scnldf_sh1_ldf1_seed2_26agents_30rounds_20260804_024555.json,24,16,developing,SFI,0.0,18612349.28571429,0.1,18612349.0,0.0,0.0,0.0,proportional columns are analyst-derived; stage1_cap uses end-of-round wealth (approx)
20260804_024555,results/simulation_llama3.1_8b_Full_scnldf_sh1_ldf1_seed2_26agents_30rounds_20260804_024555.json,24,17,developing,SFI,3000000.0,15655262.285714291,0.1,15655262.0,0.19162885586002312,30000000.0,0.19162885935732024,proportional columns are analyst-derived; stage1_cap uses end-of-round wealth (approx)
20260804_024555,results/simulation_llama3.1_8b_Full_scnldf_sh1_ldf1_seed2_26agents_30rounds_20260804_024555.json,24,18,developed,SI,20000000.0,444730066.20000005,1.0,444730066.0,0.044971099370209384,20000000.0,0.04497109939043339,proportional columns are analyst-derived; stage1_cap uses end-of-round wealth (approx)
20260804_024555,results/simulation_llama3.1_8b_Full_scnldf_sh1_ldf1_seed2_26agents_30rounds_20260804_024555.json,24,19,developed,SI,15000000.0,422978401.2,1.0,422978401.0,0.0354628036737683,15000000.0,0.035462803690536435,proportional columns are analyst-derived; stage1_cap uses end-of-round wealth (approx)
20260804_024555,results/simulation_llama3.1_8b_Full_scnldf_sh1_ldf1_seed2_26agents_30rounds_20260804_024555.json,24,20,developed,SI,0.0,268886260.20000005,1.0,268886260.0,0.0,0.0,0.0,proportional columns are analyst-derived; stage1_cap uses end-of-round wealth (approx)
20260804_024555,results/simulation_llama3.1_8b_Full_scnldf_sh1_ldf1_seed2_26agents_30rounds_20260804_024555.json,24,21,developed,SI,15000000.0,481935553.20000005,1.0,481935553.0,0.03112449351454073,15000000.0,0.031124493527457185,proportional columns are analyst-derived; stage1_cap uses end-of-round wealth (approx)
20260804_024555,results/simulation_llama3.1_8b_Full_scnldf_sh1_ldf1_seed2_26agents_30rounds_20260804_024555.json,24,22,developed,SI,15000000.0,470802961.20000005,1.0,470802961.0,0.03186046230840912,15000000.0,0.03186046232194364,proportional columns are analyst-derived; stage1_cap uses end-of-round wealth (approx)
20260804_024555,results/simulation_llama3.1_8b_Full_scnldf_sh1_ldf1_seed2_26agents_30rounds_20260804_024555.json,24,23,developing,SFI,4417650.0,9323939.285714291,0.1,9323939.0,0.4737965214733347,44176500.0,0.47379653599192356,proportional columns are analyst-derived; stage1_cap uses end-of-round wealth (approx)
20260804_024555,results/simulation_llama3.1_8b_Full_scnldf_sh1_ldf1_seed2_26agents_30rounds_20260804_024555.json,24,24,developed,SI,10000000.0,124093095.20000002,1.0,124093095.0,0.08058466092640422,10000000.0,0.08058466105628198,proportional columns are analyst-derived; stage1_cap uses end-of-round wealth (approx)
20260804_024555,results/simulation_llama3.1_8b_Full_scnldf_sh1_ldf1_seed2_26agents_30rounds_20260804_024555.json,24,25,developed,SI,30000000.0,104102982.2,1.0,104102982.0,0.2881761825263061,30000000.0,0.2881761830799429,proportional columns are analyst-derived; stage1_cap uses end-of-round wealth (approx)
20260804_024555,results/simulation_llama3.1_8b_Full_scnldf_sh1_ldf1_seed2_26agents_30rounds_20260804_024555.json,25,0,developed,SI,25000000.0,113468237.26666671,1.0,113468237.0,0.2203259749355795,25000000.0,0.22032597545337732,proportional columns are analyst-derived; stage1_cap uses end-of-round wealth (approx)
20260804_024555,results/simulation_llama3.1_8b_Full_scnldf_sh1_ldf1_seed2_26agents_30rounds_20260804_024555.json,25,1,developing,SFI,3195836.0,5205864.828571433,0.1,5205864.0,0.6138914676501473,31958360.0,0.613891565357835,proportional columns are analyst-derived; stage1_cap uses end-of-round wealth (approx)
20260804_024555,results/simulation_llama3.1_8b_Full_scnldf_sh1_ldf1_seed2_26agents_30rounds_20260804_024555.json,25,2,developing,SFI,0.0,20367525.828571435,0.1,20367525.0,0.0,0.0,0.0,proportional columns are analyst-derived; stage1_cap uses end-of-round wealth (approx)
20260804_024555,results/simulation_llama3.1_8b_Full_scnldf_sh1_ldf1_seed2_26agents_30rounds_20260804_024555.json,25,3,developing,SFI,5000000.0,10388615.828571435,0.1,10388615.0,0.4812960727885115,50000000.0,0.4812961111755513,proportional columns are analyst-derived; stage1_cap uses end-of-round wealth (approx)
20260804_024555,results/simulation_llama3.1_8b_Full_scnldf_sh1_ldf1_seed2_26agents_30rounds_20260804_024555.json,25,4,developed,SI,31428571.0,275939867.2666667,1.0,275939867.0,0.11389644893040268,31428571.0,0.11389644904047155,proportional columns are analyst-derived; stage1_cap uses end-of-round wealth (approx)
20260804_024555,results/simulation_llama3.1_8b_Full_scnldf_sh1_ldf1_seed2_26agents_30rounds_20260804_024555.json,25,5,developing,SFI,4000000.0,13285591.828571435,0.1,13285591.0,0.3010780439150455,40000000.0,0.30107806269213017,proportional columns are analyst-derived; stage1_cap uses end-of-round wealth (approx)
20260804_024555,results/simulation_llama3.1_8b_Full_scnldf_sh1_ldf1_seed2_26agents_30rounds_20260804_024555.json,25,6,developed,SI,20368409.0,443867164.26666665,1.0,443867164.0,0.04588852395434924,20368409.0,0.04588852398191816,proportional columns are analyst-derived; stage1_cap uses end-of-round wealth (approx)
20260804_024555,results/simulation_llama3.1_8b_Full_scnldf_sh1_ldf1_seed2_26agents_30rounds_20260804_024555.json,25,7,developed,SI,80000000.0,68688081.26666671,1.0,68688081.0,1.164685321306577,80000000.0,1.1646853258282175,proportional columns are analyst-derived; stage1_cap uses end-of-round wealth (approx)
20260804_024555,results/simulation_llama3.1_8b_Full_scnldf_sh1_ldf1_seed2_26agents_30rounds_20260804_024555.json,25,8,developing,SFI,121537.0,43443239.828571424,0.1,43443239.0,0.0027976044254431607,1215370.0,0.002797604478800487,proportional columns are analyst-derived; stage1_cap uses end-of-round wealth (approx)
20260804_024555,results/simulation_llama3.1_8b_Full_scnldf_sh1_ldf1_seed2_26agents_30rounds_20260804_024555.json,25,9,developing,SFI,421618.0,12142929.828571435,0.1,12142929.0,0.03472127451547676,4216180.0,0.03472127688467914,proportional columns are analyst-derived; stage1_cap uses end-of-round wealth (approx)
20260804_024555,results/simulation_llama3.1_8b_Full_scnldf_sh1_ldf1_seed2_26agents_30rounds_20260804_024555.json,25,10,developing,SFI,0.0,28793735.828571435,0.1,28793735.0,0.0,0.0,0.0,proportional columns are analyst-derived; stage1_cap uses end-of-round wealth (approx)
20260804_024555,results/simulation_llama3.1_8b_Full_scnldf_sh1_ldf1_seed2_26agents_30rounds_20260804_024555.json,25,11,developing,SFI,10000000.0,19679491.828571435,0.1,19679491.0,0.5081432024317629,100000000.0,0.5081432238262666,proportional columns are analyst-derived; stage1_cap uses end-of-round wealth (approx)
20260804_024555,results/simulation_llama3.1_8b_Full_scnldf_sh1_ldf1_seed2_26agents_30rounds_20260804_024555.json,25,12,developing,SFI,0.0,22077826.828571435,0.1,22077826.0,0.0,0.0,0.0,proportional columns are analyst-derived; stage1_cap uses end-of-round wealth (approx)
20260804_024555,results/simulation_llama3.1_8b_Full_scnldf_sh1_ldf1_seed2_26agents_30rounds_20260804_024555.json,25,13,developing,SFI,0.0,20016414.828571435,0.1,20016414.0,0.0,0.0,0.0,proportional columns are analyst-derived; stage1_cap uses end-of-round wealth (approx)
20260804_024555,results/simulation_llama3.1_8b_Full_scnldf_sh1_ldf1_seed2_26agents_30rounds_20260804_024555.json,25,14,developed,SI,10000000.0,407225948.26666665,1.0,407225948.0,0.024556391955287755,10000000.0,0.02455639197136819,proportional columns are analyst-derived; stage1_cap uses end-of-round wealth (approx)
20260804_024555,results/simulation_llama3.1_8b_Full_scnldf_sh1_ldf1_seed2_26agents_30rounds_20260804_024555.json,25,15,developing,SFI,3000000.0,13274474.828571435,0.1,13274474.0,0.225997641243247,30000000.0,0.2259976553496583,proportional columns are analyst-derived; stage1_cap uses end-of-round wealth (approx)
20260804_024555,results/simulation_llama3.1_8b_Full_scnldf_sh1_ldf1_seed2_26agents_30rounds_20260804_024555.json,25,16,developing,SFI,3000000.0,19744536.828571435,0.1,19744536.0,0.15194076346520494,30000000.0,0.15194076984133736,proportional columns are analyst-derived; stage1_cap uses end-of-round wealth (approx)
20260804_024555,results/simulation_llama3.1_8b_Full_scnldf_sh1_ldf1_seed2_26agents_30rounds_20260804_024555.json,25,17,developing,SFI,3000000.0,16787449.828571435,0.1,16787449.0,0.17870492723046855,30000000.0,0.17870493605073648,proportional columns are analyst-derived; stage1_cap uses end-of-round wealth (approx)
20260804_024555,results/simulation_llama3.1_8b_Full_scnldf_sh1_ldf1_seed2_26agents_30rounds_20260804_024555.json,25,18,developed,SI,20368409.0,467911564.2666667,1.0,467911564.0,0.043530467198267135,20368409.0,0.04353046722307551,proportional columns are analyst-derived; stage1_cap uses end-of-round wealth (approx)
20260804_024555,results/simulation_llama3.1_8b_Full_scnldf_sh1_ldf1_seed2_26agents_30rounds_20260804_024555.json,25,19,developed,SI,20000000.0,446528302.26666665,1.0,446528302.0,0.04478999404623629,20000000.0,0.044789994072984875,proportional columns are analyst-derived; stage1_cap uses end-of-round wealth (approx)
20260804_024555,results/simulation_llama3.1_8b_Full_scnldf_sh1_ldf1_seed2_26agents_30rounds_20260804_024555.json,25,20,developed,SI,15000000.0,297435960.2666667,1.0,297435960.0,0.05043102382963958,15000000.0,0.0504310238748536,proportional columns are analyst-derived; stage1_cap uses end-of-round wealth (approx)
20260804_024555,results/simulation_llama3.1_8b_Full_scnldf_sh1_ldf1_seed2_26agents_30rounds_20260804_024555.json,25,21,developed,SI,20000000.0,505485377.2666667,1.0,505485377.0,0.03956593187353288,20000000.0,0.03956593189440572,proportional columns are analyst-derived; stage1_cap uses end-of-round wealth (approx)
20260804_024555,results/simulation_llama3.1_8b_Full_scnldf_sh1_ldf1_seed2_26agents_30rounds_20260804_024555.json,25,22,developed,SI,25000000.0,489352761.2666667,1.0,489352761.0,0.05108788992073667,25000000.0,0.05108788994857638,proportional columns are analyst-derived; stage1_cap uses end-of-round wealth (approx)
20260804_024555,results/simulation_llama3.1_8b_Full_scnldf_sh1_ldf1_seed2_26agents_30rounds_20260804_024555.json,25,23,developing,SFI,4417650.0,9038476.828571435,0.1,9038476.0,0.48876044977350747,44176500.0,0.4887604945789534,proportional columns are analyst-derived; stage1_cap uses end-of-round wealth (approx)
20260804_024555,results/simulation_llama3.1_8b_Full_scnldf_sh1_ldf1_seed2_26agents_30rounds_20260804_024555.json,25,24,developed,SI,40000000.0,127643224.26666668,1.0,127643224.0,0.31337346913482644,40000000.0,0.3133734697895127,proportional columns are analyst-derived; stage1_cap uses end-of-round wealth (approx)
20260804_024555,results/simulation_llama3.1_8b_Full_scnldf_sh1_ldf1_seed2_26agents_30rounds_20260804_024555.json,25,25,developed,SI,19459319.0,128193403.26666668,1.0,128193403.0,0.1517965706825094,19459319.0,0.15179657099827515,proportional columns are analyst-derived; stage1_cap uses end-of-round wealth (approx)
20260804_024555,results/simulation_llama3.1_8b_Full_scnldf_sh1_ldf1_seed2_26agents_30rounds_20260804_024555.json,26,0,developed,SI,20000000.0,165695430.80000007,1.0,165695430.0,0.12070338876236526,20000000.0,0.12070338934513765,proportional columns are analyst-derived; stage1_cap uses end-of-round wealth (approx)
20260804_024555,results/simulation_llama3.1_8b_Full_scnldf_sh1_ldf1_seed2_26agents_30rounds_20260804_024555.json,26,1,developing,SFI,3000000.0,9624973.285714291,0.1,9624973.0,0.3116891767848022,30000000.0,0.3116891860371972,proportional columns are analyst-derived; stage1_cap uses end-of-round wealth (approx)
20260804_024555,results/simulation_llama3.1_8b_Full_scnldf_sh1_ldf1_seed2_26agents_30rounds_20260804_024555.json,26,2,developing,SFI,10000000.0,17786634.28571429,0.1,17786634.0,0.5622199140863716,100000000.0,0.56221992311755,proportional columns are analyst-derived; stage1_cap uses end-of-round wealth (approx)
20260804_024555,results/simulation_llama3.1_8b_Full_scnldf_sh1_ldf1_seed2_26agents_30rounds_20260804_024555.json,26,3,developing,SFI,5000000.0,12807724.285714293,0.1,12807724.0,0.3903894156729302,50000000.0,0.39038942438172464,proportional columns are analyst-derived; stage1_cap uses end-of-round wealth (approx)
20260804_024555,results/simulation_llama3.1_8b_Full_scnldf_sh1_ldf1_seed2_26agents_30rounds_20260804_024555.json,26,4,developed,SI,275939867.0,72228777.80000007,1.0,72228777.0,3.8203590785389108,275939867.0,3.8203591208528977,proportional columns are analyst-derived; stage1_cap uses end-of-round wealth (approx)
20260804_024555,results/simulation_llama3.1_8b_Full_scnldf_sh1_ldf1_seed2_26agents_30rounds_20260804_024555.json,26,5,developing,SFI,5000000.0,15704700.285714293,0.1,15704700.0,0.31837602176644064,50000000.0,0.3183760275586289,proportional columns are analyst-derived; stage1_cap uses end-of-round wealth (approx)
20260804_024555,results/simulation_llama3.1_8b_Full_scnldf_sh1_ldf1_seed2_26agents_30rounds_20260804_024555.json,26,6,developed,SI,20000000.0,496094528.8,1.0,496094528.0,0.0403148973409924,20000000.0,0.040314897406004045,proportional columns are analyst-derived; stage1_cap uses end-of-round wealth (approx)
20260804_024555,results/simulation_llama3.1_8b_Full_scnldf_sh1_ldf1_seed2_26agents_30rounds_20260804_024555.json,26,7,developed,SI,50000000.0,90911717.80000006,1.0,90911717.0,0.5499841077692184,50000000.0,0.5499841126089391,proportional columns are analyst-derived; stage1_cap uses end-of-round wealth (approx)
20260804_024555,results/simulation_llama3.1_8b_Full_scnldf_sh1_ldf1_seed2_26agents_30rounds_20260804_024555.json,26,8,developing,SFI,121537.0,50740811.28571428,0.1,50740811.0,0.0023952514144017613,1215370.0,0.002395251427889081,proportional columns are analyst-derived; stage1_cap uses end-of-round wealth (approx)
20260804_024555,results/simulation_llama3.1_8b_Full_scnldf_sh1_ldf1_seed2_26agents_30rounds_20260804_024555.json,26,9,developing,SFI,6000000.0,13562038.285714293,0.1,13562038.0,0.44241137457340457,60000000.0,0.4424113838937776,proportional columns are analyst-derived; stage1_cap uses end-of-round wealth (approx)
20260804_024555,results/simulation_llama3.1_8b_Full_scnldf_sh1_ldf1_seed2_26agents_30rounds_20260804_024555.json,26,10,developing,SFI,378012.0,35834832.28571429,0.1,35834832.0,0.010548730826645897,3780120.0,0.010548730910751862,proportional columns are analyst-derived; stage1_cap uses end-of-round wealth (approx)
20260804_024555,results/simulation_llama3.1_8b_Full_scnldf_sh1_ldf1_seed2_26agents_30rounds_20260804_024555.json,26,11,developing,SFI,0.0,27098600.28571429,0.1,27098600.0,0.0,0.0,0.0,proportional columns are analyst-derived; stage1_cap uses end-of-round wealth (approx)
20260804_024555,results/simulation_llama3.1_8b_Full_scnldf_sh1_ldf1_seed2_26agents_30rounds_20260804_024555.json,26,12,developing,SFI,10000000.0,19496935.28571429,0.1,19496935.0,0.5129011228409398,100000000.0,0.5129011303571561,proportional columns are analyst-derived; stage1_cap uses end-of-round wealth (approx)
20260804_024555,results/simulation_llama3.1_8b_Full_scnldf_sh1_ldf1_seed2_26agents_30rounds_20260804_024555.json,26,13,developing,SFI,5000000.0,22435523.28571429,0.1,22435523.0,0.22286085937579736,50000000.0,0.2228608622139096,proportional columns are analyst-derived; stage1_cap uses end-of-round wealth (approx)
20260804_024555,results/simulation_llama3.1_8b_Full_scnldf_sh1_ldf1_seed2_26agents_30rounds_20260804_024555.json,26,14,developed,SI,50000000.0,429454230.8,1.0,429454230.0,0.11642684228970926,50000000.0,0.11642684250659262,proportional columns are analyst-derived; stage1_cap uses end-of-round wealth (approx)
20260804_024555,results/simulation_llama3.1_8b_Full_scnldf_sh1_ldf1_seed2_26agents_30rounds_20260804_024555.json,26,15,developing,SFI,3000000.0,17693583.28571429,0.1,17693583.0,0.169552992831146,30000000.0,0.16955299556907158,proportional columns are analyst-derived; stage1_cap uses end-of-round wealth (approx)
20260804_024555,results/simulation_llama3.1_8b_Full_scnldf_sh1_ldf1_seed2_26agents_30rounds_20260804_024555.json,26,16,developing,SFI,10000000.0,17163645.28571429,0.1,17163645.0,0.5826268157804005,100000000.0,0.5826268254790867,proportional columns are analyst-derived; stage1_cap uses end-of-round wealth (approx)
20260804_024555,results/simulation_llama3.1_8b_Full_scnldf_sh1_ldf1_seed2_26agents_30rounds_20260804_024555.json,26,17,developing,SFI,3000000.0,21206558.28571429,0.1,21206558.0,0.1414656711183982,30000000.0,0.14146567302435406,proportional columns are analyst-derived; stage1_cap uses end-of-round wealth (approx)
20260804_024555,results/simulation_llama3.1_8b_Full_scnldf_sh1_ldf1_seed2_26agents_30rounds_20260804_024555.json,26,18,developed,SI,27841481.0,512298298.8000001,1.0,512298298.0,0.05434622965802438,27841481.0,0.054346229742890925,proportional columns are analyst-derived; stage1_cap uses end-of-round wealth (approx)
20260804_024555,results/simulation_llama3.1_8b_Full_scnldf_sh1_ldf1_seed2_26agents_30rounds_20260804_024555.json,26,19,developed,SI,15000000.0,503752201.8,1.0,503752201.0,0.02977654479008175,15000000.0,0.029776544837369356,proportional columns are analyst-derived; stage1_cap uses end-of-round wealth (approx)
20260804_024555,results/simulation_llama3.1_8b_Full_scnldf_sh1_ldf1_seed2_26agents_30rounds_20260804_024555.json,26,20,developed,SI,0.0,369658747.8000001,1.0,369658747.0,0.0,0.0,0.0,proportional columns are analyst-derived; stage1_cap uses end-of-round wealth (approx)
20260804_024555,results/simulation_llama3.1_8b_Full_scnldf_sh1_ldf1_seed2_26agents_30rounds_20260804_024555.json,26,21,developed,SI,15000000.0,562710414.8000001,1.0,562710414.0,0.026656695176561353,15000000.0,0.026656695214458924,proportional columns are analyst-derived; stage1_cap uses end-of-round wealth (approx)
20260804_024555,results/simulation_llama3.1_8b_Full_scnldf_sh1_ldf1_seed2_26agents_30rounds_20260804_024555.json,26,22,developed,SI,20000000.0,541580202.8000001,1.0,541580202.0,0.03692897173234708,20000000.0,0.03692897178689704,proportional columns are analyst-derived; stage1_cap uses end-of-round wealth (approx)
20260804_024555,results/simulation_llama3.1_8b_Full_scnldf_sh1_ldf1_seed2_26agents_30rounds_20260804_024555.json,26,23,developing,SFI,4417650.0,12039935.285714293,0.1,12039935.0,0.3669164239812535,44176500.0,0.3669164326883825,proportional columns are analyst-derived; stage1_cap uses end-of-round wealth (approx)
20260804_024555,results/simulation_llama3.1_8b_Full_scnldf_sh1_ldf1_seed2_26agents_30rounds_20260804_024555.json,26,24,developed,SI,20000000.0,179871000.8,1.0,179871000.0,0.11119079735503422,20000000.0,0.11119079784956996,proportional columns are analyst-derived; stage1_cap uses end-of-round wealth (approx)
20260804_024555,results/simulation_llama3.1_8b_Full_scnldf_sh1_ldf1_seed2_26agents_30rounds_20260804_024555.json,26,25,developed,SI,27924126.0,172496109.8,1.0,172496109.0,0.1618826420629226,27924126.0,0.16188264281369963,proportional columns are analyst-derived; stage1_cap uses end-of-round wealth (approx)
20260804_024555,results/simulation_llama3.1_8b_Full_scnldf_sh1_ldf1_seed2_26agents_30rounds_20260804_024555.json,27,0,developed,SI,50000000.0,281034172.5333334,1.0,281034172.0,0.17791430682355722,50000000.0,0.1779143071611946,proportional columns are analyst-derived; stage1_cap uses end-of-round wealth (approx)
20260804_024555,results/simulation_llama3.1_8b_Full_scnldf_sh1_ldf1_seed2_26agents_30rounds_20260804_024555.json,27,1,developing,SFI,0.0,19226778.885714293,0.1,19226778.0,0.0,0.0,0.0,proportional columns are analyst-derived; stage1_cap uses end-of-round wealth (approx)
20260804_024555,results/simulation_llama3.1_8b_Full_scnldf_sh1_ldf1_seed2_26agents_30rounds_20260804_024555.json,27,2,developing,SFI,0.0,27388439.885714293,0.1,27388439.0,0.0,0.0,0.0,proportional columns are analyst-derived; stage1_cap uses end-of-round wealth (approx)
20260804_024555,results/simulation_llama3.1_8b_Full_scnldf_sh1_ldf1_seed2_26agents_30rounds_20260804_024555.json,27,3,developing,SFI,10000000.0,12409529.885714293,0.1,12409529.0,0.8058322992164179,100000000.0,0.8058323567316696,proportional columns are analyst-derived; stage1_cap uses end-of-round wealth (approx)
20260804_024555,results/simulation_llama3.1_8b_Full_scnldf_sh1_ldf1_seed2_26agents_30rounds_20260804_024555.json,27,4,developed,SI,24160509.0,213405419.53333342,1.0,213405419.0,0.11321413042289766,24160509.0,0.11321413070583741,proportional columns are analyst-derived; stage1_cap uses end-of-round wealth (approx)
20260804_024555,results/simulation_llama3.1_8b_Full_scnldf_sh1_ldf1_seed2_26agents_30rounds_20260804_024555.json,27,5,developing,SFI,0.0,25306505.885714293,0.1,25306505.0,0.0,0.0,0.0,proportional columns are analyst-derived; stage1_cap uses end-of-round wealth (approx)
20260804_024555,results/simulation_llama3.1_8b_Full_scnldf_sh1_ldf1_seed2_26agents_30rounds_20260804_024555.json,27,6,developed,SI,496094528.0,165338524.53333336,1.0,165338524.0,3.0004775317804655,496094528.0,3.0004775414591216,proportional columns are analyst-derived; stage1_cap uses end-of-round wealth (approx)
20260804_024555,results/simulation_llama3.1_8b_Full_scnldf_sh1_ldf1_seed2_26agents_30rounds_20260804_024555.json,27,7,developed,SI,50000000.0,206245666.53333342,1.0,206245666.0,0.24242933604580244,50000000.0,0.2424293366727037,proportional columns are analyst-derived; stage1_cap uses end-of-round wealth (approx)
20260804_024555,results/simulation_llama3.1_8b_Full_scnldf_sh1_ldf1_seed2_26agents_30rounds_20260804_024555.json,27,8,developing,SFI,121537.0,60221079.885714285,0.1,60221079.0,0.002018180348652817,1215370.0,0.0020181803783356324,proportional columns are analyst-derived; stage1_cap uses end-of-round wealth (approx)
20260804_024555,results/simulation_llama3.1_8b_Full_scnldf_sh1_ldf1_seed2_26agents_30rounds_20260804_024555.json,27,9,developing,SFI,6000000.0,17163843.885714293,0.1,17163843.0,0.34957204458110247,60000000.0,0.3495720626202419,proportional columns are analyst-derived; stage1_cap uses end-of-round wealth (approx)
20260804_024555,results/simulation_llama3.1_8b_Full_scnldf_sh1_ldf1_seed2_26agents_30rounds_20260804_024555.json,27,10,developing,SFI,378012.0,45058625.88571429,0.1,45058625.0,0.008389337059651603,3780120.0,0.008389337224560226,proportional columns are analyst-derived; stage1_cap uses end-of-round wealth (approx)
20260804_024555,results/simulation_llama3.1_8b_Full_scnldf_sh1_ldf1_seed2_26agents_30rounds_20260804_024555.json,27,11,developing,SFI,27098600.0,9601805.885714293,0.1,9601805.0,2.8222399330440218,270986000.0,2.822240193380307,proportional columns are analyst-derived; stage1_cap uses end-of-round wealth (approx)
20260804_024555,results/simulation_llama3.1_8b_Full_scnldf_sh1_ldf1_seed2_26agents_30rounds_20260804_024555.json,27,12,developing,SFI,0.0,29098740.885714293,0.1,29098740.0,0.0,0.0,0.0,proportional columns are analyst-derived; stage1_cap uses end-of-round wealth (approx)
20260804_024555,results/simulation_llama3.1_8b_Full_scnldf_sh1_ldf1_seed2_26agents_30rounds_20260804_024555.json,27,13,developing,SFI,20000000.0,12037328.88571429,0.1,12037328.0,1.6614981770362427,200000000.0,1.6614982992903409,proportional columns are analyst-derived; stage1_cap uses end-of-round wealth (approx)
20260804_024555,results/simulation_llama3.1_8b_Full_scnldf_sh1_ldf1_seed2_26agents_30rounds_20260804_024555.json,27,14,developed,SI,429454230.0,165338582.53333336,1.0,165338582.0,2.5974229573028977,429454230.0,2.597422965681416,proportional columns are analyst-derived; stage1_cap uses end-of-round wealth (approx)
20260804_024555,results/simulation_llama3.1_8b_Full_scnldf_sh1_ldf1_seed2_26agents_30rounds_20260804_024555.json,27,15,developing,SFI,3000000.0,24295388.885714293,0.1,24295388.0,0.12348022145733187,30000000.0,0.12348022595893508,proportional columns are analyst-derived; stage1_cap uses end-of-round wealth (approx)
20260804_024555,results/simulation_llama3.1_8b_Full_scnldf_sh1_ldf1_seed2_26agents_30rounds_20260804_024555.json,27,16,developing,SFI,10000000.0,16765450.88571429,0.1,16765450.0,0.5964647218954858,100000000.0,0.5964647534065594,proportional columns are analyst-derived; stage1_cap uses end-of-round wealth (approx)
20260804_024555,results/simulation_llama3.1_8b_Full_scnldf_sh1_ldf1_seed2_26agents_30rounds_20260804_024555.json,27,17,developing,SFI,3000000.0,27808363.885714293,0.1,27808363.0,0.10788121200978527,30000000.0,0.10788121544587144,proportional columns are analyst-derived; stage1_cap uses end-of-round wealth (approx)
20260804_024555,results/simulation_llama3.1_8b_Full_scnldf_sh1_ldf1_seed2_26agents_30rounds_20260804_024555.json,27,18,developed,SI,27924126.0,649711661.5333334,1.0,649711661.0,0.04297925934421196,27924126.0,0.04297925937949265,proportional columns are analyst-derived; stage1_cap uses end-of-round wealth (approx)
20260804_024555,results/simulation_llama3.1_8b_Full_scnldf_sh1_ldf1_seed2_26agents_30rounds_20260804_024555.json,27,19,developed,SI,25000000.0,644089796.5333333,1.0,644089796.0,0.03881446365795081,25000000.0,0.03881446369009081,proportional columns are analyst-derived; stage1_cap uses end-of-round wealth (approx)
20260804_024555,results/simulation_llama3.1_8b_Full_scnldf_sh1_ldf1_seed2_26agents_30rounds_20260804_024555.json,27,20,developed,SI,15000000.0,519991353.5333334,1.0,519991353.0,0.028846633502798126,15000000.0,0.028846633532384914,proportional columns are analyst-derived; stage1_cap uses end-of-round wealth (approx)
20260804_024555,results/simulation_llama3.1_8b_Full_scnldf_sh1_ldf1_seed2_26agents_30rounds_20260804_024555.json,27,21,developed,SI,25000000.0,703048144.5333334,1.0,703048144.0,0.03555944240005698,25000000.0,0.03555944242703242,proportional columns are analyst-derived; stage1_cap uses end-of-round wealth (approx)
20260804_024555,results/simulation_llama3.1_8b_Full_scnldf_sh1_ldf1_seed2_26agents_30rounds_20260804_024555.json,27,22,developed,SI,27400000.0,679518500.5333334,1.0,679518500.0,0.040322669623409184,27400000.0,0.04032266965505722,proportional columns are analyst-derived; stage1_cap uses end-of-round wealth (approx)
20260804_024555,results/simulation_llama3.1_8b_Full_scnldf_sh1_ldf1_seed2_26agents_30rounds_20260804_024555.json,27,23,developing,SFI,4417650.0,17224090.885714293,0.1,17224090.0,0.2564808807217808,44176500.0,0.25648089391079587,proportional columns are analyst-derived; stage1_cap uses end-of-round wealth (approx)
20260804_024555,results/simulation_llama3.1_8b_Full_scnldf_sh1_ldf1_seed2_26agents_30rounds_20260804_024555.json,27,24,developed,SI,50000000.0,295209537.53333336,1.0,295209537.0,0.16937122160002804,50000000.0,0.16937122190601858,proportional columns are analyst-derived; stage1_cap uses end-of-round wealth (approx)
20260804_024555,results/simulation_llama3.1_8b_Full_scnldf_sh1_ldf1_seed2_26agents_30rounds_20260804_024555.json,27,25,developed,SI,20000000.0,317829982.53333336,1.0,317829982.0,0.06292672529062748,20000000.0,0.06292672539622143,proportional columns are analyst-derived; stage1_cap uses end-of-round wealth (approx)
20260804_024555,results/simulation_llama3.1_8b_Full_scnldf_sh1_ldf1_seed2_26agents_30rounds_20260804_024555.json,28,0,developed,SI,141000000.0,239353017.9333334,1.0,239353017.0,0.5890880391542525,141000000.0,0.589088041451343,proportional columns are analyst-derived; stage1_cap uses end-of-round wealth (approx)
20260804_024555,results/simulation_llama3.1_8b_Full_scnldf_sh1_ldf1_seed2_26agents_30rounds_20260804_024555.json,28,1,developing,SFI,10000000.0,13699165.057142865,0.1,13699165.0,0.7299714952179448,100000000.0,0.7299714982628503,proportional columns are analyst-derived; stage1_cap uses end-of-round wealth (approx)
20260804_024555,results/simulation_llama3.1_8b_Full_scnldf_sh1_ldf1_seed2_26agents_30rounds_20260804_024555.json,28,2,developing,SFI,0.0,31860826.057142865,0.1,31860826.0,0.0,0.0,0.0,proportional columns are analyst-derived; stage1_cap uses end-of-round wealth (approx)
20260804_024555,results/simulation_llama3.1_8b_Full_scnldf_sh1_ldf1_seed2_26agents_30rounds_20260804_024555.json,28,3,developing,SFI,5000000.0,11881916.057142865,0.1,11881916.0,0.42080755123616853,50000000.0,0.4208075532599288,proportional columns are analyst-derived; stage1_cap uses end-of-round wealth (approx)
20260804_024555,results/simulation_llama3.1_8b_Full_scnldf_sh1_ldf1_seed2_26agents_30rounds_20260804_024555.json,28,4,developed,SI,110533898.0,202193410.9333334,1.0,202193410.0,0.5466740854203449,110533898.0,0.5466740879438158,proportional columns are analyst-derived; stage1_cap uses end-of-round wealth (approx)
20260804_024555,results/simulation_llama3.1_8b_Full_scnldf_sh1_ldf1_seed2_26agents_30rounds_20260804_024555.json,28,5,developing,SFI,4000000.0,25778892.057142865,0.1,25778892.0,0.15516570654523815,40000000.0,0.1551657068891867,proportional columns are analyst-derived; stage1_cap uses end-of-round wealth (approx)
20260804_024555,results/simulation_llama3.1_8b_Full_scnldf_sh1_ldf1_seed2_26agents_30rounds_20260804_024555.json,28,6,developed,SI,80000000.0,184660707.93333334,1.0,184660707.0,0.4332269755452351,80000000.0,0.4332269777349006,proportional columns are analyst-derived; stage1_cap uses end-of-round wealth (approx)
20260804_024555,results/simulation_llama3.1_8b_Full_scnldf_sh1_ldf1_seed2_26agents_30rounds_20260804_024555.json,28,7,developed,SI,108184854.0,197382996.9333334,1.0,197382996.0,0.5480961160830875,108184854.0,0.5480961186747819,proportional columns are analyst-derived; stage1_cap uses end-of-round wealth (approx)
20260804_024555,results/simulation_llama3.1_8b_Full_scnldf_sh1_ldf1_seed2_26agents_30rounds_20260804_024555.json,28,8,developing,SFI,121537.0,64571929.057142854,0.1,64571929.0,0.0018821955883096813,1215370.0,0.001882195589975328,proportional columns are analyst-derived; stage1_cap uses end-of-round wealth (approx)
20260804_024555,results/simulation_llama3.1_8b_Full_scnldf_sh1_ldf1_seed2_26agents_30rounds_20260804_024555.json,28,9,developing,SFI,4216180.0,17420050.057142865,0.1,17420050.0,0.2420303033670796,42161800.0,0.24203030416100987,proportional columns are analyst-derived; stage1_cap uses end-of-round wealth (approx)
20260804_024555,results/simulation_llama3.1_8b_Full_scnldf_sh1_ldf1_seed2_26agents_30rounds_20260804_024555.json,28,10,developing,SFI,378012.0,49153000.05714286,0.1,49153000.0,0.007690517355208061,3780120.0,0.007690517364148678,proportional columns are analyst-derived; stage1_cap uses end-of-round wealth (approx)
20260804_024555,results/simulation_llama3.1_8b_Full_scnldf_sh1_ldf1_seed2_26agents_30rounds_20260804_024555.json,28,11,developing,SFI,3000000.0,11074192.057142865,0.1,11074192.0,0.27090012386637247,30000000.0,0.2709001252642179,proportional columns are analyst-derived; stage1_cap uses end-of-round wealth (approx)
20260804_024555,results/simulation_llama3.1_8b_Full_scnldf_sh1_ldf1_seed2_26agents_30rounds_20260804_024555.json,28,12,developing,SFI,0.0,33571127.05714286,0.1,33571127.0,0.0,0.0,0.0,proportional columns are analyst-derived; stage1_cap uses end-of-round wealth (approx)
20260804_024555,results/simulation_llama3.1_8b_Full_scnldf_sh1_ldf1_seed2_26agents_30rounds_20260804_024555.json,28,13,developing,SFI,2000000.0,14509715.057142861,0.1,14509715.0,0.1378386820225968,20000000.0,0.13783868256543977,proportional columns are analyst-derived; stage1_cap uses end-of-round wealth (approx)
20260804_024555,results/simulation_llama3.1_8b_Full_scnldf_sh1_ldf1_seed2_26agents_30rounds_20260804_024555.json,28,14,developed,SI,50000000.0,214659906.93333334,1.0,214659906.0,0.23292658938647745,50000000.0,0.23292659039923366,proportional columns are analyst-derived; stage1_cap uses end-of-round wealth (approx)
20260804_024555,results/simulation_llama3.1_8b_Full_scnldf_sh1_ldf1_seed2_26agents_30rounds_20260804_024555.json,28,15,developing,SFI,0.0,28767775.057142865,0.1,28767775.0,0.0,0.0,0.0,proportional columns are analyst-derived; stage1_cap uses end-of-round wealth (approx)
20260804_024555,results/simulation_llama3.1_8b_Full_scnldf_sh1_ldf1_seed2_26agents_30rounds_20260804_024555.json,28,16,developing,SFI,3000000.0,18237837.05714286,0.1,18237837.0,0.16449319020673275,30000000.0,0.16449319072212346,proportional columns are analyst-derived; stage1_cap uses end-of-round wealth (approx)
20260804_024555,results/simulation_llama3.1_8b_Full_scnldf_sh1_ldf1_seed2_26agents_30rounds_20260804_024555.json,28,17,developing,SFI,3000000.0,29280750.057142865,0.1,29280750.0,0.10245639179820695,30000000.0,0.10245639199815579,proportional columns are analyst-derived; stage1_cap uses end-of-round wealth (approx)
20260804_024555,results/simulation_llama3.1_8b_Full_scnldf_sh1_ldf1_seed2_26agents_30rounds_20260804_024555.json,28,18,developed,SI,110191751.0,638841702.9333334,1.0,638841702.0,0.172486784275414,110191751.0,0.17248678452741334,proportional columns are analyst-derived; stage1_cap uses end-of-round wealth (approx)
20260804_024555,results/simulation_llama3.1_8b_Full_scnldf_sh1_ldf1_seed2_26agents_30rounds_20260804_024555.json,28,19,developed,SI,25000000.0,718411124.9333333,1.0,718411124.0,0.03479901567827188,25000000.0,0.03479901572348148,proportional columns are analyst-derived; stage1_cap uses end-of-round wealth (approx)
20260804_024555,results/simulation_llama3.1_8b_Full_scnldf_sh1_ldf1_seed2_26agents_30rounds_20260804_024555.json,28,20,developed,SI,50000000.0,569312744.9333334,1.0,569312744.0,0.08782519001195908,50000000.0,0.08782519015594002,proportional columns are analyst-derived; stage1_cap uses end-of-round wealth (approx)
20260804_024555,results/simulation_llama3.1_8b_Full_scnldf_sh1_ldf1_seed2_26agents_30rounds_20260804_024555.json,28,21,developed,SI,0.0,802367188.9333334,1.0,802367188.0,0.0,0.0,0.0,proportional columns are analyst-derived; stage1_cap uses end-of-round wealth (approx)
20260804_024555,results/simulation_llama3.1_8b_Full_scnldf_sh1_ldf1_seed2_26agents_30rounds_20260804_024555.json,28,22,developed,SI,10000000.0,768838524.9333334,1.0,768838524.0,0.01300663231055846,10000000.0,0.013006632326347892,proportional columns are analyst-derived; stage1_cap uses end-of-round wealth (approx)
20260804_024555,results/simulation_llama3.1_8b_Full_scnldf_sh1_ldf1_seed2_26agents_30rounds_20260804_024555.json,28,23,developing,SFI,4417650.0,17278827.057142865,0.1,17278827.0,0.2556683960890618,44176500.0,0.2556683969345836,proportional columns are analyst-derived; stage1_cap uses end-of-round wealth (approx)
20260804_024555,results/simulation_llama3.1_8b_Full_scnldf_sh1_ldf1_seed2_26agents_30rounds_20260804_024555.json,28,24,developed,SI,50000000.0,344530877.93333334,1.0,344530877.0,0.14512487327674298,50000000.0,0.1451248736698859,proportional columns are analyst-derived; stage1_cap uses end-of-round wealth (approx)
20260804_024555,results/simulation_llama3.1_8b_Full_scnldf_sh1_ldf1_seed2_26agents_30rounds_20260804_024555.json,28,25,developed,SI,10000000.0,407150631.93333334,1.0,407150631.0,0.024560934493741363,10000000.0,0.024560934550043715,proportional columns are analyst-derived; stage1_cap uses end-of-round wealth (approx)
20260804_024555,results/simulation_llama3.1_8b_Full_scnldf_sh1_ldf1_seed2_26agents_30rounds_20260804_024555.json,29,0,developed,SI,150000000.0,274014125.5333334,1.0,274014125.0,0.5474170344614322,150000000.0,0.5474170355269095,proportional columns are analyst-derived; stage1_cap uses end-of-round wealth (approx)
20260804_024555,results/simulation_llama3.1_8b_Full_scnldf_sh1_ldf1_seed2_26agents_30rounds_20260804_024555.json,29,1,developing,SFI,10000000.0,10521643.914285723,0.1,10521643.0,0.9504218239530552,100000000.0,0.950421906540642,proportional columns are analyst-derived; stage1_cap uses end-of-round wealth (approx)
20260804_024555,results/simulation_llama3.1_8b_Full_scnldf_sh1_ldf1_seed2_26agents_30rounds_20260804_024555.json,29,2,developing,SFI,10000000.0,28683304.914285723,0.1,28683304.0,0.34863486023953605,100000000.0,0.34863487135233795,proportional columns are analyst-derived; stage1_cap uses end-of-round wealth (approx)
20260804_024555,results/simulation_llama3.1_8b_Full_scnldf_sh1_ldf1_seed2_26agents_30rounds_20260804_024555.json,29,3,developing,SFI,5000000.0,13704394.914285723,0.1,13704394.0,0.3648464621220091,50000000.0,0.364846486462663,proportional columns are analyst-derived; stage1_cap uses end-of-round wealth (approx)
20260804_024555,results/simulation_llama3.1_8b_Full_scnldf_sh1_ldf1_seed2_26agents_30rounds_20260804_024555.json,29,4,developed,SI,141000000.0,245852824.53333342,1.0,245852824.0,0.5735138502786769,141000000.0,0.5735138515228119,proportional columns are analyst-derived; stage1_cap uses end-of-round wealth (approx)
20260804_024555,results/simulation_llama3.1_8b_Full_scnldf_sh1_ldf1_seed2_26agents_30rounds_20260804_024555.json,29,5,developing,SFI,4000000.0,28601370.914285723,0.1,28601370.0,0.1398534361163119,40000000.0,0.1398534405869369,proportional columns are analyst-derived; stage1_cap uses end-of-round wealth (approx)
20260804_024555,results/simulation_llama3.1_8b_Full_scnldf_sh1_ldf1_seed2_26agents_30rounds_20260804_024555.json,29,6,developed,SI,60446409.0,308872998.53333336,1.0,308872998.0,0.19569988081517803,60446409.0,0.19569988115309453,proportional columns are analyst-derived; stage1_cap uses end-of-round wealth (approx)
20260804_024555,results/simulation_llama3.1_8b_Full_scnldf_sh1_ldf1_seed2_26agents_30rounds_20260804_024555.json,29,7,developed,SI,50000000.0,332042721.5333334,1.0,332042721.0,0.1505830327167119,50000000.0,0.15058303295858125,proportional columns are analyst-derived; stage1_cap uses end-of-round wealth (approx)
20260804_024555,results/simulation_llama3.1_8b_Full_scnldf_sh1_ldf1_seed2_26agents_30rounds_20260804_024555.json,29,8,developing,SFI,121537.0,71272870.9142857,0.1,71272870.0,0.0017052350837131708,1215370.0,0.0017052351055878625,proportional columns are analyst-derived; stage1_cap uses end-of-round wealth (approx)
20260804_024555,results/simulation_llama3.1_8b_Full_scnldf_sh1_ldf1_seed2_26agents_30rounds_20260804_024555.json,29,9,developing,SFI,0.0,24242528.914285723,0.1,24242528.0,0.0,0.0,0.0,proportional columns are analyst-derived; stage1_cap uses end-of-round wealth (approx)
20260804_024555,results/simulation_llama3.1_8b_Full_scnldf_sh1_ldf1_seed2_26agents_30rounds_20260804_024555.json,29,10,developing,SFI,378012.0,55597466.91428572,0.1,55597466.0,0.006799086738659853,3780120.0,0.006799086850469049,proportional columns are analyst-derived; stage1_cap uses end-of-round wealth (approx)
20260804_024555,results/simulation_llama3.1_8b_Full_scnldf_sh1_ldf1_seed2_26agents_30rounds_20260804_024555.json,29,11,developing,SFI,2779491.0,15117179.914285723,0.1,15117179.0,0.18386306280402095,27794910.0,0.18386307392404364,proportional columns are analyst-derived; stage1_cap uses end-of-round wealth (approx)
20260804_024555,results/simulation_llama3.1_8b_Full_scnldf_sh1_ldf1_seed2_26agents_30rounds_20260804_024555.json,29,12,developing,SFI,0.0,40393605.91428572,0.1,40393605.0,0.0,0.0,0.0,proportional columns are analyst-derived; stage1_cap uses end-of-round wealth (approx)
20260804_024555,results/simulation_llama3.1_8b_Full_scnldf_sh1_ldf1_seed2_26agents_30rounds_20260804_024555.json,29,13,developing,SFI,10000000.0,11332193.91428572,0.1,11332193.0,0.8824416591913139,100000000.0,0.8824417303870487,proportional columns are analyst-derived; stage1_cap uses end-of-round wealth (approx)
20260804_024555,results/simulation_llama3.1_8b_Full_scnldf_sh1_ldf1_seed2_26agents_30rounds_20260804_024555.json,29,14,developed,SI,214659906.0,184658290.53333336,1.0,184658290.0,1.1624709910398034,214659906.0,1.1624709943972729,proportional columns are analyst-derived; stage1_cap uses end-of-round wealth (approx)
20260804_024555,results/simulation_llama3.1_8b_Full_scnldf_sh1_ldf1_seed2_26agents_30rounds_20260804_024555.json,29,15,developing,SFI,0.0,35590253.91428572,0.1,35590253.0,0.0,0.0,0.0,proportional columns are analyst-derived; stage1_cap uses end-of-round wealth (approx)
20260804_024555,results/simulation_llama3.1_8b_Full_scnldf_sh1_ldf1_seed2_26agents_30rounds_20260804_024555.json,29,16,developing,SFI,10000000.0,15060315.91428572,0.1,15060315.0,0.663996695481954,100000000.0,0.6639967357920469,proportional columns are analyst-derived; stage1_cap uses end-of-round wealth (approx)
20260804_024555,results/simulation_llama3.1_8b_Full_scnldf_sh1_ldf1_seed2_26agents_30rounds_20260804_024555.json,29,17,developing,SFI,3000000.0,33103228.914285723,0.1,33103228.0,0.09062560053485742,30000000.0,0.09062560303786688,proportional columns are analyst-derived; stage1_cap uses end-of-round wealth (approx)
20260804_024555,results/simulation_llama3.1_8b_Full_scnldf_sh1_ldf1_seed2_26agents_30rounds_20260804_024555.json,29,18,developed,SI,638841702.0,184660435.53333342,1.0,184660435.0,3.4595483334310746,638841702.0,3.4595483434228886,proportional columns are analyst-derived; stage1_cap uses end-of-round wealth (approx)
20260804_024555,results/simulation_llama3.1_8b_Full_scnldf_sh1_ldf1_seed2_26agents_30rounds_20260804_024555.json,29,19,developed,SI,35000000.0,868070795.5333333,1.0,868070795.0,0.04031929213618617,35000000.0,0.040319292160957906,proportional columns are analyst-derived; stage1_cap uses end-of-round wealth (approx)
20260804_024555,results/simulation_llama3.1_8b_Full_scnldf_sh1_ldf1_seed2_26agents_30rounds_20260804_024555.json,29,20,developed,SI,30000000.0,723972443.5333334,1.0,723972443.0,0.04143804127900999,30000000.0,0.04143804130953642,proportional columns are analyst-derived; stage1_cap uses end-of-round wealth (approx)
20260804_024555,results/simulation_llama3.1_8b_Full_scnldf_sh1_ldf1_seed2_26agents_30rounds_20260804_024555.json,29,21,developed,SI,25000000.0,962023781.5333334,1.0,962023781.0,0.025986883567632228,25000000.0,0.025986883582039016,proportional columns are analyst-derived; stage1_cap uses end-of-round wealth (approx)
20260804_024555,results/simulation_llama3.1_8b_Full_scnldf_sh1_ldf1_seed2_26agents_30rounds_20260804_024555.json,29,22,developed,SI,40000000.0,913498216.5333334,1.0,913498216.0,0.0437877154832304,40000000.0,0.04378771550879526,proportional columns are analyst-derived; stage1_cap uses end-of-round wealth (approx)
20260804_024555,results/simulation_llama3.1_8b_Full_scnldf_sh1_ldf1_seed2_26agents_30rounds_20260804_024555.json,29,23,developing,SFI,4417650.0,19683655.914285723,0.1,19683655.0,0.2244323930085478,44176500.0,0.22443240343320384,proportional columns are analyst-derived; stage1_cap uses end-of-round wealth (approx)
20260804_024555,results/simulation_llama3.1_8b_Full_scnldf_sh1_ldf1_seed2_26agents_30rounds_20260804_024555.json,29,24,developed,SI,0.0,529187864.53333336,1.0,529187864.0,0.0,0.0,0.0,proportional columns are analyst-derived; stage1_cap uses end-of-round wealth (approx)
20260804_024555,results/simulation_llama3.1_8b_Full_scnldf_sh1_ldf1_seed2_26agents_30rounds_20260804_024555.json,29,25,developed,SI,0.0,591806765.5333333,1.0,591806765.0,0.0,0.0,0.0,proportional columns are analyst-derived; stage1_cap uses end-of-round wealth (approx)
20260804_024555,results/simulation_llama3.1_8b_Full_scnldf_sh1_ldf1_seed2_26agents_30rounds_20260804_024555.json,30,0,developed,SI,112268001.0,444865908.0666668,1.0,444865908.0,0.2523636874938408,112268001.0,0.25236368753165955,proportional columns are analyst-derived; stage1_cap uses end-of-round wealth (approx)
20260804_024555,results/simulation_llama3.1_8b_Full_scnldf_sh1_ldf1_seed2_26agents_30rounds_20260804_024555.json,30,1,developing,SFI,5000000.0,17994030.085714296,0.1,17994030.0,0.2778699366502431,50000000.0,0.27786993797387244,proportional columns are analyst-derived; stage1_cap uses end-of-round wealth (approx)
20260804_024555,results/simulation_llama3.1_8b_Full_scnldf_sh1_ldf1_seed2_26agents_30rounds_20260804_024555.json,30,2,developing,SFI,5000000.0,36155691.085714296,0.1,36155691.0,0.1382908153559145,50000000.0,0.13829081568376053,proportional columns are analyst-derived; stage1_cap uses end-of-round wealth (approx)
20260804_024555,results/simulation_llama3.1_8b_Full_scnldf_sh1_ldf1_seed2_26agents_30rounds_20260804_024555.json,30,3,developing,SFI,10000000.0,16176781.085714296,0.1,16176781.0,0.6181699527868986,100000000.0,0.618169956062334,proportional columns are analyst-derived; stage1_cap uses end-of-round wealth (approx)
20260804_024555,results/simulation_llama3.1_8b_Full_scnldf_sh1_ldf1_seed2_26agents_30rounds_20260804_024555.json,30,4,developed,SI,245852824.0,283121845.0666668,1.0,283121845.0,0.8683640216533237,245852824.0,0.8683640218577977,proportional columns are analyst-derived; stage1_cap uses end-of-round wealth (approx)
20260804_024555,results/simulation_llama3.1_8b_Full_scnldf_sh1_ldf1_seed2_26agents_30rounds_20260804_024555.json,30,5,developing,SFI,0.0,41073757.085714296,0.1,41073757.0,0.0,0.0,0.0,proportional columns are analyst-derived; stage1_cap uses end-of-round wealth (approx)
20260804_024555,results/simulation_llama3.1_8b_Full_scnldf_sh1_ldf1_seed2_26agents_30rounds_20260804_024555.json,30,6,developed,SI,1000000.0,590986795.0666667,1.0,590986795.0,0.0016920851842166698,1000000.0,0.0016920851844075466,proportional columns are analyst-derived; stage1_cap uses end-of-round wealth (approx)
20260804_024555,results/simulation_llama3.1_8b_Full_scnldf_sh1_ldf1_seed2_26agents_30rounds_20260804_024555.json,30,7,developed,SI,121358910.0,493801358.0666668,1.0,493801358.0,0.24576463393123285,121358910.0,0.24576463396441287,proportional columns are analyst-derived; stage1_cap uses end-of-round wealth (approx)
20260804_024555,results/simulation_llama3.1_8b_Full_scnldf_sh1_ldf1_seed2_26agents_30rounds_20260804_024555.json,30,8,developing,SFI,121537.0,83623720.08571428,0.1,83623720.0,0.0014533794941844805,1215370.0,0.0014533794956741938,proportional columns are analyst-derived; stage1_cap uses end-of-round wealth (approx)
20260804_024555,results/simulation_llama3.1_8b_Full_scnldf_sh1_ldf1_seed2_26agents_30rounds_20260804_024555.json,30,9,developing,SFI,4216180.0,32498735.085714296,0.1,32498735.0,0.12973366467587033,42161800.0,0.1297336650180384,proportional columns are analyst-derived; stage1_cap uses end-of-round wealth (approx)
20260804_024555,results/simulation_llama3.1_8b_Full_scnldf_sh1_ldf1_seed2_26agents_30rounds_20260804_024555.json,30,10,developing,SFI,378012.0,67691841.0857143,0.1,67691841.0,0.005584306674734184,3780120.0,0.005584306681805271,proportional columns are analyst-derived; stage1_cap uses end-of-round wealth (approx)
20260804_024555,results/simulation_llama3.1_8b_Full_scnldf_sh1_ldf1_seed2_26agents_30rounds_20260804_024555.json,30,11,developing,SFI,15000000.0,12589566.085714296,0.1,12589566.0,1.1914628270644598,150000000.0,1.1914628351763674,proportional columns are analyst-derived; stage1_cap uses end-of-round wealth (approx)
20260804_024555,results/simulation_llama3.1_8b_Full_scnldf_sh1_ldf1_seed2_26agents_30rounds_20260804_024555.json,30,12,developing,SFI,10000000.0,42865992.085714296,0.1,42865992.0,0.23328516414607006,100000000.0,0.23328516461254414,proportional columns are analyst-derived; stage1_cap uses end-of-round wealth (approx)
20260804_024555,results/simulation_llama3.1_8b_Full_scnldf_sh1_ldf1_seed2_26agents_30rounds_20260804_024555.json,30,13,developing,SFI,5000000.0,18804580.08571429,0.1,18804580.0,0.26589266961608277,50000000.0,0.2658926708280642,proportional columns are analyst-derived; stage1_cap uses end-of-round wealth (approx)
20260804_024555,results/simulation_llama3.1_8b_Full_scnldf_sh1_ldf1_seed2_26agents_30rounds_20260804_024555.json,30,14,developed,SI,50000000.0,417774855.0666667,1.0,417774855.0,0.11968168833909645,50000000.0,0.11968168835819475,proportional columns are analyst-derived; stage1_cap uses end-of-round wealth (approx)
20260804_024555,results/simulation_llama3.1_8b_Full_scnldf_sh1_ldf1_seed2_26agents_30rounds_20260804_024555.json,30,15,developing,SFI,10000000.0,38062640.085714296,0.1,38062640.0,0.26272481303138007,100000000.0,0.2627248136230172,proportional columns are analyst-derived; stage1_cap uses end-of-round wealth (approx)
20260804_024555,results/simulation_llama3.1_8b_Full_scnldf_sh1_ldf1_seed2_26agents_30rounds_20260804_024555.json,30,16,developing,SFI,10000000.0,17532702.08571429,0.1,17532702.0,0.5703627399308882,100000000.0,0.5703627427192911,proportional columns are analyst-derived; stage1_cap uses end-of-round wealth (approx)
20260804_024555,results/simulation_llama3.1_8b_Full_scnldf_sh1_ldf1_seed2_26agents_30rounds_20260804_024555.json,30,17,developing,SFI,30000000.0,15575615.085714296,0.1,15575615.0,1.9260876591329943,300000000.0,1.9260876697324631,proportional columns are analyst-derived; stage1_cap uses end-of-round wealth (approx)
20260804_024555,results/simulation_llama3.1_8b_Full_scnldf_sh1_ldf1_seed2_26agents_30rounds_20260804_024555.json,30,18,developed,SI,50000000.0,417779812.0666668,1.0,417779812.0,0.11968026830368075,50000000.0,0.1196802683227786,proportional columns are analyst-derived; stage1_cap uses end-of-round wealth (approx)
20260804_024555,results/simulation_llama3.1_8b_Full_scnldf_sh1_ldf1_seed2_26agents_30rounds_20260804_024555.json,30,19,developed,SI,122722547.0,1028468867.0666666,1.0,1028468867.0,0.11932548561243417,122722547.0,0.119325485620169,proportional columns are analyst-derived; stage1_cap uses end-of-round wealth (approx)
20260804_024555,results/simulation_llama3.1_8b_Full_scnldf_sh1_ldf1_seed2_26agents_30rounds_20260804_024555.json,30,20,developed,SI,200000000.0,807093710.0666668,1.0,807093710.0,0.24780269937115454,200000000.0,0.2478026993916233,proportional columns are analyst-derived; stage1_cap uses end-of-round wealth (approx)
20260804_024555,results/simulation_llama3.1_8b_Full_scnldf_sh1_ldf1_seed2_26agents_30rounds_20260804_024555.json,30,21,developed,SI,962023781.0,283120606.0666667,1.0,283120606.0,3.3979292230445113,962023781.0,3.3979292238446255,proportional columns are analyst-derived; stage1_cap uses end-of-round wealth (approx)
20260804_024555,results/simulation_llama3.1_8b_Full_scnldf_sh1_ldf1_seed2_26agents_30rounds_20260804_024555.json,30,22,developed,SI,122268001.0,1074347606.0666668,1.0,1074347606.0,0.11380674216573147,122268001.0,0.11380674217279356,proportional columns are analyst-derived; stage1_cap uses end-of-round wealth (approx)
20260804_024555,results/simulation_llama3.1_8b_Full_scnldf_sh1_ldf1_seed2_26agents_30rounds_20260804_024555.json,30,23,developing,SFI,4417650.0,27738392.085714296,0.1,27738392.0,0.1592612140728647,44176500.0,0.15926121456499714,proportional columns are analyst-derived; stage1_cap uses end-of-round wealth (approx)
20260804_024555,results/simulation_llama3.1_8b_Full_scnldf_sh1_ldf1_seed2_26agents_30rounds_20260804_024555.json,30,24,developed,SI,125904365.0,686404075.0666667,1.0,686404075.0,0.18342601621030818,125904365.0,0.18342601622812335,proportional columns are analyst-derived; stage1_cap uses end-of-round wealth (approx)
20260804_024555,results/simulation_llama3.1_8b_Full_scnldf_sh1_ldf1_seed2_26agents_30rounds_20260804_024555.json,30,25,developed,SI,10000000.0,864923205.0666666,1.0,864923205.0,0.011561720094247234,10000000.0,0.011561720095138388,proportional columns are analyst-derived; stage1_cap uses end-of-round wealth (approx)
