term,count_SI,count_SFI,log_odds_SI_minus_SFI,z
follow strategy,207,94,0.9719441447296973,7.814952111824405
contributors follow,82,24,1.4028507284494864,6.045706337288584
peers strategy,52,13,1.5576924159721912,5.025048965726458
contribution peers,97,54,0.7588884263689444,4.4699847092837555
high contribution,174,125,0.5060757029115432,4.316431463116383
following strategy,38,2,3.1111190434430966,4.2985803648185685
mostly following,35,2,3.028542613119586,4.175510360999849
cumulative payoff,107,67,0.641210906348876,4.116075283800281
group average,56,25,0.9774929287534526,4.064500086587171
previous group,28,6,1.7089333511926306,3.801471695639215
maximize cumulative,59,30,0.8472683531301772,3.778966092585904
cooperate considering,23,2,2.607395553996554,3.5450274797147334
balance between,27,9,1.2672441817804767,3.293920698648987
maintain credibility,22,1,3.2511292034699837,3.1948632790883673
payoff contribute,30,12,1.0852192908089204,3.1782933742896406
peers follow,168,140,0.35539184783029754,3.1057400101271675
significant amount,51,30,0.700618624725319,3.0454131463315823
contribute significant,34,16,0.9229443067382768,3.0451075313001064
institution strategy,63,42,0.5757398773290809,2.89048942302679
amount maintain,18,5,1.4481881635592817,2.8671344119088356
selfish-institutional strategy,13,2,2.03598467250894,2.686434244326548
reward low,20,8,1.0841741597487982,2.593013566389226
follow selfish-institutional,13,3,1.6320779469336246,2.551711299238023
average maintain,11,1,2.557116199335863,2.4595325587897836
maintain consistency,11,1,2.557116199335863,2.4595325587897836
amount maximize,15,5,1.265617633884176,2.452899133011773
internal beliefs,31,18,0.7123220637238035,2.404348863198195
considering previous,10,1,2.461776922897589,2.3579556079690995
strategy contribute,10,2,1.7734911730688658,2.2945200916178408
payoff considering,10,2,1.7734911730688658,2.2945200916178408
contributors reward,41,28,0.5503809088406886,2.2453152321890606
sfi penalized,9,2,1.6681217467100193,2.1384414854648477
significant contribution,9,2,1.6681217467100193,2.1384414854648477
reward higher,13,5,1.1223793419944421,2.1346161091429026
slightly above,8,1,2.238643295722201,2.1201108811611515
historical emissions,7,1,2.1051703597838243,1.977970264323282
following institution,8,2,1.550357545893478,1.9652250594758
contribution current,12,5,1.0422807377630594,1.959725756114233
higher payoffs,12,5,1.0422807377630594,1.959725756114233
maintain cooperate,13,6,0.9402891088222542,1.9064790347785445
contributors penalized,9,3,1.2642150211347039,1.898953611265457
previous data,19,11,0.7143696068028245,1.8862634215105538
maximizes payoff,10,4,1.082631905773649,1.8318758617440434
contributors use,10,4,1.082631905773649,1.8318758617440434
payoff contribution,6,1,1.9511375457483444,1.8143340575801044
above previous,6,1,1.9511375457483444,1.8143340575801044
between contribution,6,1,1.9511375457483444,1.8143340575801044
standard institution,6,1,1.9511375457483444,1.8143340575801044
strategy contribution,6,1,1.9511375457483444,1.8143340575801044
given institution,22,14,0.6199897100166538,1.8140185184019249
data internal,11,5,0.955225118992642,1.7725030896203524
cooperate institution,7,2,1.4168846099551011,1.770876407068849
contribution choose,18,11,0.660211575304471,1.7257780711778474
use strategy,12,6,0.8601905045908715,1.7215751711680616
high payoffs,8,3,1.1464508203181634,1.6957590283965367
current mcpr,8,3,1.1464508203181634,1.6957590283965367
high marginal,35,27,0.4279328574393535,1.6709678738097287
maximizing cumulative,39,31,0.3980892183157483,1.6546579129755663
average previous,14,8,0.7269932960070502,1.6411832443229755
considering past,9,4,0.9772624794148026,1.6279471983676508
similar previous,5,1,1.7690288651269723,1.6218706828779665
contribution maintain,5,1,1.7690288651269723,1.6218706828779665
beliefs previous,5,1,1.7690288651269723,1.6218706828779665
previous rounds,24,17,0.5128688688313208,1.6182914775006092
average contribution,17,11,0.6029658027449738,1.5588503779651233
high-contributors mostly,17,11,0.6029658027449738,1.5588503779651233
cooperate strategy,6,2,1.2628517959196213,1.5498885388944692
little nothing,6,2,1.2628517959196213,1.5498885388944692
contribution nothing,6,2,1.2628517959196213,1.5498885388944692
previous maintain,6,2,1.2628517959196213,1.5498885388944692
contribution high,11,6,0.7731348858204541,1.5244261421091165
contribution institution,19,13,0.5472523318158817,1.520921025392026
requires balance,7,3,1.0129778843797865,1.469969622037915
strategy past,7,3,1.0129778843797865,1.469969622037915
given high,14,9,0.6092475548901266,1.426666942892189
per unit,36,30,0.3505876778345982,1.4184154273353613
return per,36,30,0.3505876778345982,1.4184154273353613
payoff requires,36,30,0.3505876778345982,1.4184154273353613
aligns institution,8,4,0.8594982785982612,1.4050158441402292
contribution amount,8,4,0.8594982785982612,1.4050158441402292
amount align,4,1,1.5462643585392675,1.3888801152823784
emissions index,4,1,1.5462643585392675,1.3888801152823784
observed high,4,1,1.5462643585392675,1.3888801152823784
contribute billion,4,1,1.5462643585392675,1.3888801152823784
contribution emissions,4,1,1.5462643585392675,1.3888801152823784
use sfi,4,1,1.5462643585392675,1.3888801152823784
peers except,4,1,1.5462643585392675,1.3888801152823784
contribution around,4,1,1.5462643585392675,1.3888801152823784
contributors emerging,4,1,1.5462643585392675,1.3888801152823784
maintain flexibility,4,1,1.5462643585392675,1.3888801152823784
expect others,4,1,1.5462643585392675,1.3888801152823784
strategy low,4,1,1.5462643585392675,1.3888801152823784
emissions reduction,16,11,0.542257917969442,1.3850088718522167
contribution others,16,11,0.542257917969442,1.3850088718522167
contribution maximize,9,5,0.7545164161955213,1.3538668200270454
contribute group,10,6,0.67779560938218,1.3134748761311905
contribute significantly,25,20,0.3910589813060774,1.3038268174235461
unit contribution,36,31,0.31770694675180877,1.296841628734646
history cooperate,5,2,1.0807431152982492,1.294406881680643
peer behavior,5,2,1.0807431152982492,1.294406881680643
high budget,5,2,1.0807431152982492,1.294406881680643
others contribute,11,7,0.6191205233162798,1.2812989666383743
maximizing payoff,6,3,0.8589450703443067,1.2164173517103816
contribute little,17,13,0.43584852775803107,1.183371333321067
contribution significant,17,13,0.43584852775803107,1.183371333321067
low vulnerability,7,4,0.7260253426598844,1.1595572042827107
history high,7,4,0.7260253426598844,1.1595572042827107
strategy deviate,7,4,0.7260253426598844,1.1595572042827107
institution setting,3,1,1.2592933775303479,1.0951102089617135
benefit mcpr,3,1,1.2592933775303479,1.0951102089617135
amount similar,3,1,1.2592933775303479,1.0951102089617135
strategy incentivization,3,1,1.2592933775303479,1.0951102089617135
self-interested choice,3,1,1.2592933775303479,1.0951102089617135
choose contribution,3,1,1.2592933775303479,1.0951102089617135
prior experience,3,1,1.2592933775303479,1.0951102089617135
observed peer,3,1,1.2592933775303479,1.0951102089617135
strategy maximizes,3,1,1.2592933775303479,1.0951102089617135
defectors penalized,3,1,1.2592933775303479,1.0951102089617135
strategy previous,3,1,1.2592933775303479,1.0951102089617135
deviated expected,3,1,1.2592933775303479,1.0951102089617135
level contribution,3,1,1.2592933775303479,1.0951102089617135
considering group,3,1,1.2592933775303479,1.0951102089617135
similar amount,3,1,1.2592933775303479,1.0951102089617135
rounds group,3,1,1.2592933775303479,1.0951102089617135
high amount,3,1,1.2592933775303479,1.0951102089617135
align institution,3,1,1.2592933775303479,1.0951102089617135
contribution internal,9,6,0.5724261830233335,1.0868864024348004
contribution group,9,6,0.5724261830233335,1.0868864024348004
developed countries,362,0,10.70821168471029,1.070806378838366
countries binding,360,0,10.702421296651549,1.0702272659136745
defaults developed,360,0,10.702421296651549,1.0702272659136745
binding treaty,360,0,10.702421296651549,1.0702272659136745
maximum allowed,10,7,0.5237812468780056,1.0635213556570111
requires contribution,24,21,0.3012656055056855,1.008453583225105
aligns past,4,2,0.8579786087105443,0.9927695073592357
previous-round peer,4,2,0.8579786087105443,0.9927695073592357
institution high,4,2,0.8579786087105443,0.9927695073592357
except defectors,4,2,0.8579786087105443,0.9927695073592357
flexibility future,4,2,0.8579786087105443,0.9927695073592357
advantage mcpr,4,2,0.8579786087105443,0.9927695073592357
billion usd,4,2,0.8579786087105443,0.9927695073592357
strategy choose,4,2,0.8579786087105443,0.9927695073592357
rounds contribution,4,2,0.8579786087105443,0.9927695073592357
peers cooperate,5,3,0.6768363897229346,0.9281082365119192
contribution marginal,5,3,0.6768363897229346,0.9281082365119192
contribution similar,5,3,0.6768363897229346,0.9281082365119192
beliefs choose,7,5,0.5032792794406031,0.8602698224311249
peer data,7,5,0.5032792794406031,0.8602698224311249
return low,7,5,0.5032792794406031,0.8602698224311249
self-interest cooperate,41,0,8.490954327426241,0.8489919286972901
contribution reward,8,6,0.4546619822067921,0.8424965444107159
high mcpr,20,18,0.2729229926068637,0.8402615079635255
peers contribution,9,7,0.41841182051915915,0.8307954202955664
amount advantage,18,16,0.28529458880071346,0.8305750904786013
balance self-interest,25,0,7.9944902368147615,0.7992892457197162
mostly group,13,0,7.339492287517301,0.7336673200688697
institution credibility,12,0,7.259393683285919,0.7256373340453586
self-interested strategy,12,0,7.259393683285919,0.7256373340453586
cooperate self-interest,11,0,7.172338064515501,0.7169083089051969
risk punishment,2,1,0.8553682167440613,0.7013072895692423
mostly use,2,1,0.8553682167440613,0.7013072895692423
experience peer,2,1,0.8553682167440613,0.7013072895692423
maximize stage,2,1,0.8553682167440613,0.7013072895692423
significant payoffs,2,1,0.8553682167440613,0.7013072895692423
contribution million,2,1,0.8553682167440613,0.7013072895692423
budget marginal,2,1,0.8553682167440613,0.7013072895692423
fund considering,2,1,0.8553682167440613,0.7013072895692423
data choose,2,1,0.8553682167440613,0.7013072895692423
past peer,2,1,0.8553682167440613,0.7013072895692423
contributors free-riders,2,1,0.8553682167440613,0.7013072895692423
around amount,2,1,0.8553682167440613,0.7013072895692423
contribution except,2,1,0.8553682167440613,0.7013072895692423
significantly emissions,2,1,0.8553682167440613,0.7013072895692423
strategy maximize,2,1,0.8553682167440613,0.7013072895692423
balance interests,2,1,0.8553682167440613,0.7013072895692423
beliefs previous-round,2,1,0.8553682167440613,0.7013072895692423
strategy-institution framework,2,1,0.8553682167440613,0.7013072895692423
following high-contributor,2,1,0.8553682167440613,0.7013072895692423
reward significant,2,1,0.8553682167440613,0.7013072895692423
optimal maximize,2,1,0.8553682167440613,0.7013072895692423
potential benefits,2,1,0.8553682167440613,0.7013072895692423
sfi contribution,2,1,0.8553682167440613,0.7013072895692423
previous member,2,1,0.8553682167440613,0.7013072895692423
high-contributor strategy,2,1,0.8553682167440613,0.7013072895692423
suggest cooperate,2,1,0.8553682167440613,0.7013072895692423
made significant,2,1,0.8553682167440613,0.7013072895692423
payoff align,2,1,0.8553682167440613,0.7013072895692423
strategy follow,2,1,0.8553682167440613,0.7013072895692423
contribution align,2,1,0.8553682167440613,0.7013072895692423
maintaining consistent,2,1,0.8553682167440613,0.7013072895692423
optimal due,2,1,0.8553682167440613,0.7013072895692423
budget choose,2,1,0.8553682167440613,0.7013072895692423
significant risk,2,1,0.8553682167440613,0.7013072895692423
behavior internal,2,1,0.8553682167440613,0.7013072895692423
between cooperate,9,0,6.971629361718381,0.6967763750463756
balances self-interest,9,0,6.971629361718381,0.6967763750463756
strategy high,9,0,6.971629361718381,0.6967763750463756
follow self-interested,9,0,6.971629361718381,0.6967763750463756
self-interest considering,8,0,6.853865160901839,0.6849590844826059
contribute previous,7,0,6.7203922249634624,0.6715603914968314
considering potential,7,0,6.7203922249634624,0.6715603914968314
climate stability,7,0,6.7203922249634624,0.6715603914968314
advantage high,18,17,0.22460519645248667,0.6643099268488154
between self-interest,6,0,6.566359410927983,0.6560903357297097
fiscal capacity,6,0,6.566359410927983,0.6560903357297097
historical strategy,6,0,6.566359410927983,0.6560903357297097
contribution optimal,6,0,6.566359410927983,0.6560903357297097
maximize mcpr,6,0,6.566359410927983,0.6560903357297097
high fiscal,6,0,6.566359410927983,0.6560903357297097
strategy historical,5,0,6.3842507303066105,0.637788874493935
long-run climate,5,0,6.3842507303066105,0.637788874493935
cooperate credibility,5,0,6.3842507303066105,0.637788874493935
individual collective,5,0,6.3842507303066105,0.637788874493935
collective interests,5,0,6.3842507303066105,0.637788874493935
balance individual,5,0,6.3842507303066105,0.637788874493935
contribution enough,5,0,6.3842507303066105,0.637788874493935
institution history,15,14,0.23636922077406552,0.6362849238863919
follow deviate,14,13,0.24145850876525365,0.6271299727091878
recent contribution,14,13,0.24145850876525365,0.6271299727091878
selfish institution,3,2,0.5710076277016238,0.6268611104289393
follow cooperate,3,2,0.5710076277016238,0.6268611104289393
demonstrate commitment,3,2,0.5710076277016238,0.6268611104289393
index choose,3,2,0.5710076277016238,0.6268611104289393
contribution global,3,2,0.5710076277016238,0.6268611104289393
align previous,3,2,0.5710076277016238,0.6268611104289393
data observed,3,2,0.5710076277016238,0.6268611104289393
amount demonstrate,3,2,0.5710076277016238,0.6268611104289393
low-contributors mostly,3,2,0.5710076277016238,0.6268611104289393
wealth future,3,2,0.5710076277016238,0.6268611104289393
past rounds,3,2,0.5710076277016238,0.6268611104289393
average level,3,2,0.5710076277016238,0.6268611104289393
contribution slightly,3,2,0.5710076277016238,0.6268611104289393
peers others,4,0,6.161486223718906,0.6153817911819572
credibility considering,4,0,6.161486223718906,0.6153817911819572
followers strategy,4,0,6.161486223718906,0.6153817911819572
contributors following,4,0,6.161486223718906,0.6153817911819572
amount slightly,4,0,6.161486223718906,0.6153817911819572
balancing self-interest,4,0,6.161486223718906,0.6153817911819572
much possible,4,0,6.161486223718906,0.6153817911819572
higher emissions,4,0,6.161486223718906,0.6153817911819572
credibility long-run,4,0,6.161486223718906,0.6153817911819572
top peers,4,0,6.161486223718906,0.6153817911819572
contribution much,4,0,6.161486223718906,0.6153817911819572
follow standard,4,0,6.161486223718906,0.6153817911819572
historically higher,4,0,6.161486223718906,0.6153817911819572
capacity historically,4,0,6.161486223718906,0.6153817911819572
contribution top,4,0,6.161486223718906,0.6153817911819572
following low-contributors,4,0,6.161486223718906,0.6153817911819572
contributors observed,4,0,6.161486223718906,0.6153817911819572
amount aligns,11,10,0.26256933930273263,0.6012268311342417
within institution,3,0,5.874515242709986,0.5864781159398632
payoffs low,3,0,5.874515242709986,0.5864781159398632
use institution,3,0,5.874515242709986,0.5864781159398632
reduction maintaining,3,0,5.874515242709986,0.5864781159398632
between maximizing,3,0,5.874515242709986,0.5864781159398632
climate goals,3,0,5.874515242709986,0.5864781159398632
already high,3,0,5.874515242709986,0.5864781159398632
mostly cooperate,3,0,5.874515242709986,0.5864781159398632
benefits cooperate,3,0,5.874515242709986,0.5864781159398632
optimal given,3,0,5.874515242709986,0.5864781159398632
data contribute,3,0,5.874515242709986,0.5864781159398632
nothing maximizes,3,0,5.874515242709986,0.5864781159398632
high wealth,3,0,5.874515242709986,0.5864781159398632
beliefs peers,3,0,5.874515242709986,0.5864781159398632
contribution outcomes,3,0,5.874515242709986,0.5864781159398632
following group,3,0,5.874515242709986,0.5864781159398632
credibility support,3,0,5.874515242709986,0.5864781159398632
set example,3,0,5.874515242709986,0.5864781159398632
consistency cooperate,3,0,5.874515242709986,0.5864781159398632
free ride,3,0,5.874515242709986,0.5864781159398632
credibility cooperate,3,0,5.874515242709986,0.5864781159398632
institution except,3,0,5.874515242709986,0.5864781159398632
credibility institution,3,0,5.874515242709986,0.5864781159398632
contributors selfish,3,0,5.874515242709986,0.5864781159398632
avoid punishment,3,0,5.874515242709986,0.5864781159398632
cooperate given,3,0,5.874515242709986,0.5864781159398632
long-term climate,3,0,5.874515242709986,0.5864781159398632
typical strategy,3,0,5.874515242709986,0.5864781159398632
framework sfi,3,0,5.874515242709986,0.5864781159398632
contribution contribute,3,0,5.874515242709986,0.5864781159398632
data expect,5,4,0.38988384800303244,0.5818660579711697
strategy sfi,5,4,0.38988384800303244,0.5818660579711697
mcpr previous,5,4,0.38988384800303244,0.5818660579711697
considering mcpr,7,6,0.32118904626841527,0.5777653315024909
allowed amount,7,6,0.32118904626841527,0.5777653315024909
future rounds,7,6,0.32118904626841527,0.5777653315024909
peers use,6,5,0.3492464654051233,0.5772943687252755
contribution previous,6,5,0.3492464654051233,0.5772943687252755
contributors emerged,2,0,5.4705900819237,0.5457032217010385
peers following,2,0,5.4705900819237,0.5457032217010385
peers similar,2,0,5.4705900819237,0.5457032217010385
contribute small,2,0,5.4705900819237,0.5457032217010385
need collective,2,0,5.4705900819237,0.5457032217010385
return institution,2,0,5.4705900819237,0.5457032217010385
current payoff,2,0,5.4705900819237,0.5457032217010385
observed previous,2,0,5.4705900819237,0.5457032217010385
previous high,2,0,5.4705900819237,0.5457032217010385
follow similar,2,0,5.4705900819237,0.5457032217010385
explore options,2,0,5.4705900819237,0.5457032217010385
payoff already,2,0,5.4705900819237,0.5457032217010385
choose high,2,0,5.4705900819237,0.5457032217010385
similar strategy,2,0,5.4705900819237,0.5457032217010385
contribution received,2,0,5.4705900819237,0.5457032217010385
insufficient funds,2,0,5.4705900819237,0.5457032217010385
around billion,2,0,5.4705900819237,0.5457032217010385
strategy within,2,0,5.4705900819237,0.5457032217010385
example others,2,0,5.4705900819237,0.5457032217010385
high cumulative,2,0,5.4705900819237,0.5457032217010385
strategy given,2,0,5.4705900819237,0.5457032217010385
contribution peer,2,0,5.4705900819237,0.5457032217010385
level maintain,2,0,5.4705900819237,0.5457032217010385
strategy current,2,0,5.4705900819237,0.5457032217010385
deviate norm,2,0,5.4705900819237,0.5457032217010385
significantly maintain,2,0,5.4705900819237,0.5457032217010385
member institution,2,0,5.4705900819237,0.5457032217010385
similar strategies,2,0,5.4705900819237,0.5457032217010385
strategy incentives,2,0,5.4705900819237,0.5457032217010385
strategy optimal,2,0,5.4705900819237,0.5457032217010385
cooperate low-contributors,2,0,5.4705900819237,0.5457032217010385
institution framework,2,0,5.4705900819237,0.5457032217010385
emerging peers,2,0,5.4705900819237,0.5457032217010385
mcpr large,2,0,5.4705900819237,0.5457032217010385
consistency avoid,2,0,5.4705900819237,0.5457032217010385
amount reduce,2,0,5.4705900819237,0.5457032217010385
strategy exceptions,2,0,5.4705900819237,0.5457032217010385
future stage,2,0,5.4705900819237,0.5457032217010385
considering marginal,2,0,5.4705900819237,0.5457032217010385
players follow,2,0,5.4705900819237,0.5457032217010385
return previous,2,0,5.4705900819237,0.5457032217010385
high contributor,2,0,5.4705900819237,0.5457032217010385
average recent,2,0,5.4705900819237,0.5457032217010385
incentives framework,2,0,5.4705900819237,0.5457032217010385
historical high,2,0,5.4705900819237,0.5457032217010385
reward free-riders,2,0,5.4705900819237,0.5457032217010385
strategy observations,2,0,5.4705900819237,0.5457032217010385
requires high,2,0,5.4705900819237,0.5457032217010385
follow self-interest,2,0,5.4705900819237,0.5457032217010385
level considering,2,0,5.4705900819237,0.5457032217010385
choose significant,2,0,5.4705900819237,0.5457032217010385
budget maximizes,2,0,5.4705900819237,0.5457032217010385
payoff maintaining,2,0,5.4705900819237,0.5457032217010385
higher cumulative,2,0,5.4705900819237,0.5457032217010385
strategy inclusion,2,0,5.4705900819237,0.5457032217010385
expected behavior,2,0,5.4705900819237,0.5457032217010385
deviated sfi,2,0,5.4705900819237,0.5457032217010385
mcpr set,2,0,5.4705900819237,0.5457032217010385
beliefs contribution,2,0,5.4705900819237,0.5457032217010385
contribute similar,2,0,5.4705900819237,0.5457032217010385
impact cumulative,2,0,5.4705900819237,0.5457032217010385
behavior maximizes,2,0,5.4705900819237,0.5457032217010385
mcpr much,2,0,5.4705900819237,0.5457032217010385
institution cooperate,2,0,5.4705900819237,0.5457032217010385
long-term benefits,2,0,5.4705900819237,0.5457032217010385
notable peers,2,0,5.4705900819237,0.5457032217010385
level similar,2,0,5.4705900819237,0.5457032217010385
self-interest strategy,2,0,5.4705900819237,0.5457032217010385
incentivization framework,2,0,5.4705900819237,0.5457032217010385
high-contributing peers,2,0,5.4705900819237,0.5457032217010385
wealth significant,2,0,5.4705900819237,0.5457032217010385
interests need,2,0,5.4705900819237,0.5457032217010385
substantial amount,2,0,5.4705900819237,0.5457032217010385
over-contributing aligns,2,0,5.4705900819237,0.5457032217010385
low others,2,0,5.4705900819237,0.5457032217010385
peer deviated,2,0,5.4705900819237,0.5457032217010385
balancing cooperate,2,0,5.4705900819237,0.5457032217010385
reduce emissions,2,0,5.4705900819237,0.5457032217010385
strategy either,2,0,5.4705900819237,0.5457032217010385
others follow,2,0,5.4705900819237,0.5457032217010385
interests considering,2,0,5.4705900819237,0.5457032217010385
received payoff,2,0,5.4705900819237,0.5457032217010385
peers mostly,2,0,5.4705900819237,0.5457032217010385
collective action,2,0,5.4705900819237,0.5457032217010385
return group,2,0,5.4705900819237,0.5457032217010385
reduction given,2,0,5.4705900819237,0.5457032217010385
allowed advantage,2,0,5.4705900819237,0.5457032217010385
maximizes current,2,0,5.4705900819237,0.5457032217010385
want maintain,2,0,5.4705900819237,0.5457032217010385
balancing between,2,0,5.4705900819237,0.5457032217010385
observed sfi,2,0,5.4705900819237,0.5457032217010385
full budget,2,0,5.4705900819237,0.5457032217010385
considering long-term,2,0,5.4705900819237,0.5457032217010385
institution interaction,2,0,5.4705900819237,0.5457032217010385
emissions choose,2,0,5.4705900819237,0.5457032217010385
behavior allows,2,0,5.4705900819237,0.5457032217010385
low-contributors use,2,0,5.4705900819237,0.5457032217010385
funds stage,2,0,5.4705900819237,0.5457032217010385
potential long-term,2,0,5.4705900819237,0.5457032217010385
small amount,2,0,5.4705900819237,0.5457032217010385
between individual,2,0,5.4705900819237,0.5457032217010385
simple funding,2,0,5.4705900819237,0.5457032217010385
contribute full,2,0,5.4705900819237,0.5457032217010385
justify significant,2,0,5.4705900819237,0.5457032217010385
individual interests,2,0,5.4705900819237,0.5457032217010385
behavior historical,2,0,5.4705900819237,0.5457032217010385
contribute free-rider,2,0,5.4705900819237,0.5457032217010385
enough benefit,2,0,5.4705900819237,0.5457032217010385
emissions contribution,2,0,5.4705900819237,0.5457032217010385
credibility minimizing,2,0,5.4705900819237,0.5457032217010385
peers framework,2,0,5.4705900819237,0.5457032217010385
strategy considering,2,0,5.4705900819237,0.5457032217010385
beliefs contributors,2,0,5.4705900819237,0.5457032217010385
align peers,2,0,5.4705900819237,0.5457032217010385
self-interest institution,2,0,5.4705900819237,0.5457032217010385
maintaining high,2,0,5.4705900819237,0.5457032217010385
payoff institution,2,0,5.4705900819237,0.5457032217010385
developed country,2,0,5.4705900819237,0.5457032217010385
zero self-interested,2,0,5.4705900819237,0.5457032217010385
behavior maximizing,2,0,5.4705900819237,0.5457032217010385
choice maximize,2,0,5.4705900819237,0.5457032217010385
cooperate peers,2,0,5.4705900819237,0.5457032217010385
either sfi,2,0,5.4705900819237,0.5457032217010385
mcpr over-contributing,2,0,5.4705900819237,0.5457032217010385
common low,1,0,4.782285900960702,0.4758785582324755
well-being interests,1,0,4.782285900960702,0.4758785582324755
allows balance,1,0,4.782285900960702,0.4758785582324755
much depletes,1,0,4.782285900960702,0.4758785582324755
contributors strong,1,0,4.782285900960702,0.4758785582324755
observed many,1,0,4.782285900960702,0.4758785582324755
significantly group,1,0,4.782285900960702,0.4758785582324755
funding initiative,1,0,4.782285900960702,0.4758785582324755
usd choosing,1,0,4.782285900960702,0.4758785582324755
interests institution,1,0,4.782285900960702,0.4758785582324755
reward effect,1,0,4.782285900960702,0.4758785582324755
consistency follow,1,0,4.782285900960702,0.4758785582324755
data conclude,1,0,4.782285900960702,0.4758785582324755
history considering,1,0,4.782285900960702,0.4758785582324755
behavior members,1,0,4.782285900960702,0.4758785582324755
takes account,1,0,4.782285900960702,0.4758785582324755
avoiding excessive,1,0,4.782285900960702,0.4758785582324755
free-ride contribute,1,0,4.782285900960702,0.4758785582324755
benefit contribution,1,0,4.782285900960702,0.4758785582324755
long-term stability,1,0,4.782285900960702,0.4758785582324755
exceeding budget,1,0,4.782285900960702,0.4758785582324755
interests collective,1,0,4.782285900960702,0.4758785582324755
climate role,1,0,4.782285900960702,0.4758785582324755
contribution benefit,1,0,4.782285900960702,0.4758785582324755
players choose,1,0,4.782285900960702,0.4758785582324755
allowed maximize,1,0,4.782285900960702,0.4758785582324755
nothing maintain,1,0,4.782285900960702,0.4758785582324755
lack consistent,1,0,4.782285900960702,0.4758785582324755
necessary maintain,1,0,4.782285900960702,0.4758785582324755
following sfi,1,0,4.782285900960702,0.4758785582324755
align pattern,1,0,4.782285900960702,0.4758785582324755
contributors doing,1,0,4.782285900960702,0.4758785582324755
fair institution,1,0,4.782285900960702,0.4758785582324755
budget developed,1,0,4.782285900960702,0.4758785582324755
contribute maintain,1,0,4.782285900960702,0.4758785582324755
achieve cooperate,1,0,4.782285900960702,0.4758785582324755
high-contributors deviated,1,0,4.782285900960702,0.4758785582324755
significantly standard,1,0,4.782285900960702,0.4758785582324755
low-contrib sfi,1,0,4.782285900960702,0.4758785582324755
cooperate choose,1,0,4.782285900960702,0.4758785582324755
budget maintain,1,0,4.782285900960702,0.4758785582324755
experience high,1,0,4.782285900960702,0.4758785582324755
framework choose,1,0,4.782285900960702,0.4758785582324755
considering historical,1,0,4.782285900960702,0.4758785582324755
selfish framework,1,0,4.782285900960702,0.4758785582324755
large contribution,1,0,4.782285900960702,0.4758785582324755
selfish individualism,1,0,4.782285900960702,0.4758785582324755
sufficient wealth,1,0,4.782285900960702,0.4758785582324755
aligns strategy,1,0,4.782285900960702,0.4758785582324755
budgets contribution,1,0,4.782285900960702,0.4758785582324755
situation mcpr,1,0,4.782285900960702,0.4758785582324755
strategy necessarily,1,0,4.782285900960702,0.4758785582324755
incentivization approach,1,0,4.782285900960702,0.4758785582324755
cumulative payoffs,1,0,4.782285900960702,0.4758785582324755
average considering,1,0,4.782285900960702,0.4758785582324755
reduction choose,1,0,4.782285900960702,0.4758785582324755
considering interests,1,0,4.782285900960702,0.4758785582324755
inspection sfi,1,0,4.782285900960702,0.4758785582324755
maximum possible,1,0,4.782285900960702,0.4758785582324755
self-interest moderate,1,0,4.782285900960702,0.4758785582324755
self-focused institution,1,0,4.782285900960702,0.4758785582324755
emerge low,1,0,4.782285900960702,0.4758785582324755
institution peer,1,0,4.782285900960702,0.4758785582324755
payoff supporting,1,0,4.782285900960702,0.4758785582324755
peers exceptions,1,0,4.782285900960702,0.4758785582324755
inspection institution,1,0,4.782285900960702,0.4758785582324755
institution settings,1,0,4.782285900960702,0.4758785582324755
consistently contribution,1,0,4.782285900960702,0.4758785582324755
impact future,1,0,4.782285900960702,0.4758785582324755
data shows,1,0,4.782285900960702,0.4758785582324755
cooperate beneficial,1,0,4.782285900960702,0.4758785582324755
allowed budget,1,0,4.782285900960702,0.4758785582324755
mcpr influence,1,0,4.782285900960702,0.4758785582324755
valid strategy,1,0,4.782285900960702,0.4758785582324755
focusing moderate,1,0,4.782285900960702,0.4758785582324755
maintain institution,1,0,4.782285900960702,0.4758785582324755
likely due,1,0,4.782285900960702,0.4758785582324755
incentivizing framework,1,0,4.782285900960702,0.4758785582324755
incentives sfi,1,0,4.782285900960702,0.4758785582324755
return peer,1,0,4.782285900960702,0.4758785582324755
avoid free-rider,1,0,4.782285900960702,0.4758785582324755
behavior takes,1,0,4.782285900960702,0.4758785582324755
earn significant,1,0,4.782285900960702,0.4758785582324755
maintain high,1,0,4.782285900960702,0.4758785582324755
maintain long-term,1,0,4.782285900960702,0.4758785582324755
allows future,1,0,4.782285900960702,0.4758785582324755
others free-ride,1,0,4.782285900960702,0.4758785582324755
ride still,1,0,4.782285900960702,0.4758785582324755
playing snowdrift,1,0,4.782285900960702,0.4758785582324755
cooperate within,1,0,4.782285900960702,0.4758785582324755
others maximize,1,0,4.782285900960702,0.4758785582324755
contributors deviate,1,0,4.782285900960702,0.4758785582324755
framework peers,1,0,4.782285900960702,0.4758785582324755
free-riders present,1,0,4.782285900960702,0.4758785582324755
reason contribute,1,0,4.782285900960702,0.4758785582324755
rounds indicating,1,0,4.782285900960702,0.4758785582324755
ensure strong,1,0,4.782285900960702,0.4758785582324755
investment maximize,1,0,4.782285900960702,0.4758785582324755
significant benefit,1,0,4.782285900960702,0.4758785582324755
data see,1,0,4.782285900960702,0.4758785582324755
emissions receive,1,0,4.782285900960702,0.4758785582324755
leave myself,1,0,4.782285900960702,0.4758785582324755
sfi framework,1,0,4.782285900960702,0.4758785582324755
mcpr contribution,1,0,4.782285900960702,0.4758785582324755
return shift,1,0,4.782285900960702,0.4758785582324755
budget provide,1,0,4.782285900960702,0.4758785582324755
contribution advantage,1,0,4.782285900960702,0.4758785582324755
contributors self-focused,1,0,4.782285900960702,0.4758785582324755
free-riders selfish,1,0,4.782285900960702,0.4758785582324755
contributors framework,1,0,4.782285900960702,0.4758785582324755
influence group,1,0,4.782285900960702,0.4758785582324755
given recent,1,0,4.782285900960702,0.4758785582324755
amount rational,1,0,4.782285900960702,0.4758785582324755
support emissions,1,0,4.782285900960702,0.4758785582324755
strict institution,1,0,4.782285900960702,0.4758785582324755
players strategy-institution,1,0,4.782285900960702,0.4758785582324755
setting free-riders,1,0,4.782285900960702,0.4758785582324755
minimizing loss,1,0,4.782285900960702,0.4758785582324755
precedent future,1,0,4.782285900960702,0.4758785582324755
contribution fully,1,0,4.782285900960702,0.4758785582324755
group contribution,1,0,4.782285900960702,0.4758785582324755
contribution payouts,1,0,4.782285900960702,0.4758785582324755
future cooperate,1,0,4.782285900960702,0.4758785582324755
except low-contributors,1,0,4.782285900960702,0.4758785582324755
institution choose,1,0,4.782285900960702,0.4758785582324755
mutual benefit,1,0,4.782285900960702,0.4758785582324755
support long-run,1,0,4.782285900960702,0.4758785582324755
contribution equal,1,0,4.782285900960702,0.4758785582324755
high want,1,0,4.782285900960702,0.4758785582324755
large budget,1,0,4.782285900960702,0.4758785582324755
zero allow,1,0,4.782285900960702,0.4758785582324755
presence institution,1,0,4.782285900960702,0.4758785582324755
significantly except,1,0,4.782285900960702,0.4758785582324755
data high,1,0,4.782285900960702,0.4758785582324755
card contribute,1,0,4.782285900960702,0.4758785582324755
according institution,1,0,4.782285900960702,0.4758785582324755
credibility influence,1,0,4.782285900960702,0.4758785582324755
strategies maintain,1,0,4.782285900960702,0.4758785582324755
contribution budget,1,0,4.782285900960702,0.4758785582324755
best interest,1,0,4.782285900960702,0.4758785582324755
simple institution,1,0,4.782285900960702,0.4758785582324755
emissions preserving,1,0,4.782285900960702,0.4758785582324755
deviate simple,1,0,4.782285900960702,0.4758785582324755
observations previous,1,0,4.782285900960702,0.4758785582324755
benefits considering,1,0,4.782285900960702,0.4758785582324755
rounds avoid,1,0,4.782285900960702,0.4758785582324755
contribution self-interested,1,0,4.782285900960702,0.4758785582324755
strategy maximizing,1,0,4.782285900960702,0.4758785582324755
zero expect,1,0,4.782285900960702,0.4758785582324755
stage stage,1,0,4.782285900960702,0.4758785582324755
within allowed,1,0,4.782285900960702,0.4758785582324755
outcomes contribute,1,0,4.782285900960702,0.4758785582324755
strategy likely,1,0,4.782285900960702,0.4758785582324755
expected contribute,1,0,4.782285900960702,0.4758785582324755
considering impact,1,0,4.782285900960702,0.4758785582324755
peer others,1,0,4.782285900960702,0.4758785582324755
mostly standard,1,0,4.782285900960702,0.4758785582324755
nothing explore,1,0,4.782285900960702,0.4758785582324755
payoff much,1,0,4.782285900960702,0.4758785582324755
deviate far,1,0,4.782285900960702,0.4758785582324755
possible advantage,1,0,4.782285900960702,0.4758785582324755
mcpr ensure,1,0,4.782285900960702,0.4758785582324755
mcpr relatively,1,0,4.782285900960702,0.4758785582324755
mostly defectors,1,0,4.782285900960702,0.4758785582324755
shift net,1,0,4.782285900960702,0.4758785582324755
players expected,1,0,4.782285900960702,0.4758785582324755
reward choose,1,0,4.782285900960702,0.4758785582324755
enough achieve,1,0,4.782285900960702,0.4758785582324755
directly affects,1,0,4.782285900960702,0.4758785582324755
beliefs observed,1,0,4.782285900960702,0.4758785582324755
contribute value,1,0,4.782285900960702,0.4758785582324755
contributors identified,1,0,4.782285900960702,0.4758785582324755
contribute necessary,1,0,4.782285900960702,0.4758785582324755
card previous-round,1,0,4.782285900960702,0.4758785582324755
achieve moderate,1,0,4.782285900960702,0.4758785582324755
observe players,1,0,4.782285900960702,0.4758785582324755
contribute substantial,1,0,4.782285900960702,0.4758785582324755
framework low,1,0,4.782285900960702,0.4758785582324755
maintaining good,1,0,4.782285900960702,0.4758785582324755
labeled defectors,1,0,4.782285900960702,0.4758785582324755
credibility maximizing,1,0,4.782285900960702,0.4758785582324755
strong institution,1,0,4.782285900960702,0.4758785582324755
players still,1,0,4.782285900960702,0.4758785582324755
less beneficial,1,0,4.782285900960702,0.4758785582324755
peers defectors,1,0,4.782285900960702,0.4758785582324755
data determined,1,0,4.782285900960702,0.4758785582324755
nothing contribution,1,0,4.782285900960702,0.4758785582324755
amount marginal,1,0,4.782285900960702,0.4758785582324755
ride maintain,1,0,4.782285900960702,0.4758785582324755
provide significant,1,0,4.782285900960702,0.4758785582324755
trust low,1,0,4.782285900960702,0.4758785582324755
achieve higher,1,0,4.782285900960702,0.4758785582324755
self-interest climate,1,0,4.782285900960702,0.4758785582324755
amount support,1,0,4.782285900960702,0.4758785582324755
peers high,1,0,4.782285900960702,0.4758785582324755
prevalent low,1,0,4.782285900960702,0.4758785582324755
amount exceeding,1,0,4.782285900960702,0.4758785582324755
contribute average,1,0,4.782285900960702,0.4758785582324755
others respond,1,0,4.782285900960702,0.4758785582324755
credibility avoiding,1,0,4.782285900960702,0.4758785582324755
emerging deviate,1,0,4.782285900960702,0.4758785582324755
mcpr demonstrate,1,0,4.782285900960702,0.4758785582324755
aligns goal,1,0,4.782285900960702,0.4758785582324755
punishment negative,1,0,4.782285900960702,0.4758785582324755
fully maximize,1,0,4.782285900960702,0.4758785582324755
funding institution,1,0,4.782285900960702,0.4758785582324755
contributor emissions,1,0,4.782285900960702,0.4758785582324755
cooperate consistency,1,0,4.782285900960702,0.4758785582324755
institution pressures,1,0,4.782285900960702,0.4758785582324755
options avoid,1,0,4.782285900960702,0.4758785582324755
indicate high,1,0,4.782285900960702,0.4758785582324755
collective good,1,0,4.782285900960702,0.4758785582324755
since prior,1,0,4.782285900960702,0.4758785582324755
varying contribution,1,0,4.782285900960702,0.4758785582324755
options without,1,0,4.782285900960702,0.4758785582324755
strategy selfish-institutional,1,0,4.782285900960702,0.4758785582324755
significant past,1,0,4.782285900960702,0.4758785582324755
see others,1,0,4.782285900960702,0.4758785582324755
given mcpr,1,0,4.782285900960702,0.4758785582324755
consistency group,1,0,4.782285900960702,0.4758785582324755
support long-term,1,0,4.782285900960702,0.4758785582324755
negative consequences,1,0,4.782285900960702,0.4758785582324755
use simple,1,0,4.782285900960702,0.4758785582324755
higher payoff,1,0,4.782285900960702,0.4758785582324755
significantly observed,1,0,4.782285900960702,0.4758785582324755
similar historical,1,0,4.782285900960702,0.4758785582324755
sfi receive,1,0,4.782285900960702,0.4758785582324755
contribution substantial,1,0,4.782285900960702,0.4758785582324755
stability institution,1,0,4.782285900960702,0.4758785582324755
strategy incentivizing,1,0,4.782285900960702,0.4758785582324755
outcomes through,1,0,4.782285900960702,0.4758785582324755
institution self-interested,1,0,4.782285900960702,0.4758785582324755
stability considering,1,0,4.782285900960702,0.4758785582324755
role guidance,1,0,4.782285900960702,0.4758785582324755
emissions contribute,1,0,4.782285900960702,0.4758785582324755
standard inspection,1,0,4.782285900960702,0.4758785582324755
without immediate,1,0,4.782285900960702,0.4758785582324755
average internal,1,0,4.782285900960702,0.4758785582324755
above group,1,0,4.782285900960702,0.4758785582324755
beneficial due,1,0,4.782285900960702,0.4758785582324755
stage payoff,1,0,4.782285900960702,0.4758785582324755
considering overall,1,0,4.782285900960702,0.4758785582324755
previous-round data,1,0,4.782285900960702,0.4758785582324755
cooperate standard,1,0,4.782285900960702,0.4758785582324755
players followed,1,0,4.782285900960702,0.4758785582324755
payoff aligns,1,0,4.782285900960702,0.4758785582324755
recent average,1,0,4.782285900960702,0.4758785582324755
high history,1,0,4.782285900960702,0.4758785582324755
credibility group,1,0,4.782285900960702,0.4758785582324755
institution emerging,1,0,4.782285900960702,0.4758785582324755
advantage free-riding,1,0,4.782285900960702,0.4758785582324755
follow established,1,0,4.782285900960702,0.4758785582324755
index institution,1,0,4.782285900960702,0.4758785582324755
observed trend,1,0,4.782285900960702,0.4758785582324755
commitment climate,1,0,4.782285900960702,0.4758785582324755
depletes wealth,1,0,4.782285900960702,0.4758785582324755
except low-contrib,1,0,4.782285900960702,0.4758785582324755
follow choosing,1,0,4.782285900960702,0.4758785582324755
value slightly,1,0,4.782285900960702,0.4758785582324755
high avoid,1,0,4.782285900960702,0.4758785582324755
large amount,1,0,4.782285900960702,0.4758785582324755
high-contrib others,1,0,4.782285900960702,0.4758785582324755
established norms,1,0,4.782285900960702,0.4758785582324755
moderately maintain,1,0,4.782285900960702,0.4758785582324755
strategy moderate,1,0,4.782285900960702,0.4758785582324755
average balances,1,0,4.782285900960702,0.4758785582324755
enough justify,1,0,4.782285900960702,0.4758785582324755
trend high,1,0,4.782285900960702,0.4758785582324755
many contributors,1,0,4.782285900960702,0.4758785582324755
current high,1,0,4.782285900960702,0.4758785582324755
minimizing financial,1,0,4.782285900960702,0.4758785582324755
high-contributing mostly,1,0,4.782285900960702,0.4758785582324755
high current,1,0,4.782285900960702,0.4758785582324755
strategy peers,1,0,4.782285900960702,0.4758785582324755
possible amount,1,0,4.782285900960702,0.4758785582324755
guidance developed,1,0,4.782285900960702,0.4758785582324755
sfi peer,1,0,4.782285900960702,0.4758785582324755
tend follow,1,0,4.782285900960702,0.4758785582324755
contributors labeled,1,0,4.782285900960702,0.4758785582324755
budget mcpr,1,0,4.782285900960702,0.4758785582324755
moderate payoff,1,0,4.782285900960702,0.4758785582324755
cooperate stability,1,0,4.782285900960702,0.4758785582324755
data suggest,1,0,4.782285900960702,0.4758785582324755
wealth institution,1,0,4.782285900960702,0.4758785582324755
contribution stand,1,0,4.782285900960702,0.4758785582324755
average want,1,0,4.782285900960702,0.4758785582324755
maintaining institution,1,0,4.782285900960702,0.4758785582324755
mcpr previous-round,1,0,4.782285900960702,0.4758785582324755
expect follow,1,0,4.782285900960702,0.4758785582324755
suggests contributors,1,0,4.782285900960702,0.4758785582324755
strategies sfi,1,0,4.782285900960702,0.4758785582324755
left insufficient,1,0,4.782285900960702,0.4758785582324755
choose between,1,0,4.782285900960702,0.4758785582324755
moderately payoff,1,0,4.782285900960702,0.4758785582324755
framework incentives,1,0,4.782285900960702,0.4758785582324755
observed players,1,0,4.782285900960702,0.4758785582324755
credibility given,1,0,4.782285900960702,0.4758785582324755
group mutual,1,0,4.782285900960702,0.4758785582324755
cooperate set,1,0,4.782285900960702,0.4758785582324755
respond considering,1,0,4.782285900960702,0.4758785582324755
amount observed,1,0,4.782285900960702,0.4758785582324755
wealth already,1,0,4.782285900960702,0.4758785582324755
desire contribute,1,0,4.782285900960702,0.4758785582324755
loss considering,1,0,4.782285900960702,0.4758785582324755
consistency high,1,0,4.782285900960702,0.4758785582324755
group past,1,0,4.782285900960702,0.4758785582324755
prioritize maximizing,1,0,4.782285900960702,0.4758785582324755
average achieve,1,0,4.782285900960702,0.4758785582324755
mostly selfish,1,0,4.782285900960702,0.4758785582324755
maintaining cooperate,1,0,4.782285900960702,0.4758785582324755
excessive costs,1,0,4.782285900960702,0.4758785582324755
see peers,1,0,4.782285900960702,0.4758785582324755
pattern contribution,1,0,4.782285900960702,0.4758785582324755
strategy inference,1,0,4.782285900960702,0.4758785582324755
cooperate approach,1,0,4.782285900960702,0.4758785582324755
without significant,1,0,4.782285900960702,0.4758785582324755
consistency align,1,0,4.782285900960702,0.4758785582324755
budget likely,1,0,4.782285900960702,0.4758785582324755
reduce stage,1,0,4.782285900960702,0.4758785582324755
strict fair,1,0,4.782285900960702,0.4758785582324755
enough advantage,1,0,4.782285900960702,0.4758785582324755
riding valid,1,0,4.782285900960702,0.4758785582324755
institution reputation,1,0,4.782285900960702,0.4758785582324755
potential reward,1,0,4.782285900960702,0.4758785582324755
commitment maximize,1,0,4.782285900960702,0.4758785582324755
supporting climate,1,0,4.782285900960702,0.4758785582324755
commitment follow-through,1,0,4.782285900960702,0.4758785582324755
stage budgets,1,0,4.782285900960702,0.4758785582324755
current contribution,1,0,4.782285900960702,0.4758785582324755
through contribution,1,0,4.782285900960702,0.4758785582324755
demonstrating cooperate,1,0,4.782285900960702,0.4758785582324755
group stability,1,0,4.782285900960702,0.4758785582324755
significant mcpr,1,0,4.782285900960702,0.4758785582324755
high-contributing tend,1,0,4.782285900960702,0.4758785582324755
considering strategy,1,0,4.782285900960702,0.4758785582324755
possible given,1,0,4.782285900960702,0.4758785582324755
myself insufficient,1,0,4.782285900960702,0.4758785582324755
damage fund,1,0,4.782285900960702,0.4758785582324755
align past,1,0,4.782285900960702,0.4758785582324755
consistent cooperate,1,0,4.782285900960702,0.4758785582324755
low expect,1,0,4.782285900960702,0.4758785582324755
little made,1,0,4.782285900960702,0.4758785582324755
equal previous,1,0,4.782285900960702,0.4758785582324755
players use,1,0,4.782285900960702,0.4758785582324755
contribution levels,1,0,4.782285900960702,0.4758785582324755
often high,1,0,4.782285900960702,0.4758785582324755
maintain trend,1,0,4.782285900960702,0.4758785582324755
high group,1,0,4.782285900960702,0.4758785582324755
cooperate maximize,1,0,4.782285900960702,0.4758785582324755
possible directly,1,0,4.782285900960702,0.4758785582324755
amount set,1,0,4.782285900960702,0.4758785582324755
selfish-institutional observing,1,0,4.782285900960702,0.4758785582324755
believe cooperate,1,0,4.782285900960702,0.4758785582324755
opportunities marginal,1,0,4.782285900960702,0.4758785582324755
consistent previous,1,0,4.782285900960702,0.4758785582324755
performance mcpr,1,0,4.782285900960702,0.4758785582324755
free-riders institution,1,0,4.782285900960702,0.4758785582324755
similar high,1,0,4.782285900960702,0.4758785582324755
contribution observe,1,0,4.782285900960702,0.4758785582324755
determined contribution,1,0,4.782285900960702,0.4758785582324755
credibility overextending,1,0,4.782285900960702,0.4758785582324755
avoid immediate,1,0,4.782285900960702,0.4758785582324755
billion maximizes,1,0,4.782285900960702,0.4758785582324755
contribution loss,1,0,4.782285900960702,0.4758785582324755
amount historical,1,0,4.782285900960702,0.4758785582324755
potential impact,1,0,4.782285900960702,0.4758785582324755
nothing rational,1,0,4.782285900960702,0.4758785582324755
self-interest sfi,1,0,4.782285900960702,0.4758785582324755
much left,1,0,4.782285900960702,0.4758785582324755
high-contributors institution,1,0,4.782285900960702,0.4758785582324755
affects wealth,1,0,4.782285900960702,0.4758785582324755
strategy varying,1,0,4.782285900960702,0.4758785582324755
followed strategy,1,0,4.782285900960702,0.4758785582324755
contribute meaningfully,1,0,4.782285900960702,0.4758785582324755
conclude contribution,1,0,4.782285900960702,0.4758785582324755
reduction goal,1,0,4.782285900960702,0.4758785582324755
receive little,1,0,4.782285900960702,0.4758785582324755
mcpr high,1,0,4.782285900960702,0.4758785582324755
still maintaining,1,0,4.782285900960702,0.4758785582324755
possible emissions,1,0,4.782285900960702,0.4758785582324755
amount within,1,0,4.782285900960702,0.4758785582324755
institution stability,1,0,4.782285900960702,0.4758785582324755
outcomes choose,1,0,4.782285900960702,0.4758785582324755
allows significant,1,0,4.782285900960702,0.4758785582324755
long-term credibility,1,0,4.782285900960702,0.4758785582324755
average high,1,0,4.782285900960702,0.4758785582324755
requires significant,1,0,4.782285900960702,0.4758785582324755
enough earn,1,0,4.782285900960702,0.4758785582324755
credibility follow,1,0,4.782285900960702,0.4758785582324755
strategy low-contributors,1,0,4.782285900960702,0.4758785582324755
between reducing,1,0,4.782285900960702,0.4758785582324755
players strategies,1,0,4.782285900960702,0.4758785582324755
previous suggests,1,0,4.782285900960702,0.4758785582324755
standing defector,1,0,4.782285900960702,0.4758785582324755
relatively high,1,0,4.782285900960702,0.4758785582324755
contribution suggests,1,0,4.782285900960702,0.4758785582324755
contribution allows,1,0,4.782285900960702,0.4758785582324755
emissions marginal,1,0,4.782285900960702,0.4758785582324755
between stage,1,0,4.782285900960702,0.4758785582324755
countries contribute,1,0,4.782285900960702,0.4758785582324755
following self-interested,1,0,4.782285900960702,0.4758785582324755
selfish inspection,1,0,4.782285900960702,0.4758785582324755
contribution future,1,0,4.782285900960702,0.4758785582324755
account high,1,0,4.782285900960702,0.4758785582324755
billion rational,1,0,4.782285900960702,0.4758785582324755
mcpr recent,1,0,4.782285900960702,0.4758785582324755
position future,1,0,4.782285900960702,0.4758785582324755
little choose,1,0,4.782285900960702,0.4758785582324755
credibility align,1,0,4.782285900960702,0.4758785582324755
cooperate justify,1,0,4.782285900960702,0.4758785582324755
history significant,1,0,4.782285900960702,0.4758785582324755
group well-being,1,0,4.782285900960702,0.4758785582324755
used strong,1,0,4.782285900960702,0.4758785582324755
minimal reward,1,0,4.782285900960702,0.4758785582324755
contribution choosing,1,0,4.782285900960702,0.4758785582324755
contribution deviate,1,0,4.782285900960702,0.4758785582324755
payoff demonstrating,1,0,4.782285900960702,0.4758785582324755
others free,1,0,4.782285900960702,0.4758785582324755
previous balances,1,0,4.782285900960702,0.4758785582324755
except institution,1,0,4.782285900960702,0.4758785582324755
peers deviated,1,0,4.782285900960702,0.4758785582324755
high member,1,0,4.782285900960702,0.4758785582324755
strong position,1,0,4.782285900960702,0.4758785582324755
maintain balance,1,0,4.782285900960702,0.4758785582324755
future decisions,1,0,4.782285900960702,0.4758785582324755
shows high,1,0,4.782285900960702,0.4758785582324755
mcpr avoid,1,0,4.782285900960702,0.4758785582324755
little reward,1,0,4.782285900960702,0.4758785582324755
contribution want,1,0,4.782285900960702,0.4758785582324755
institution strategies,1,0,4.782285900960702,0.4758785582324755
follow either,1,0,4.782285900960702,0.4758785582324755
indicating high,1,0,4.782285900960702,0.4758785582324755
necessarily correlate,1,0,4.782285900960702,0.4758785582324755
immediate costs,1,0,4.782285900960702,0.4758785582324755
payoff maintain,1,0,4.782285900960702,0.4758785582324755
inference approach,1,0,4.782285900960702,0.4758785582324755
high reason,1,0,4.782285900960702,0.4758785582324755
gain collective,1,0,4.782285900960702,0.4758785582324755
contribute according,1,0,4.782285900960702,0.4758785582324755
impact stage,1,0,4.782285900960702,0.4758785582324755
balances individual,1,0,4.782285900960702,0.4758785582324755
influence others,1,0,4.782285900960702,0.4758785582324755
follow strict,1,0,4.782285900960702,0.4758785582324755
others high,1,0,4.782285900960702,0.4758785582324755
following internal,1,0,4.782285900960702,0.4758785582324755
free-riding opportunities,1,0,4.782285900960702,0.4758785582324755
initiative sfi,1,0,4.782285900960702,0.4758785582324755
pattern maximize,1,0,4.782285900960702,0.4758785582324755
significant wealth,1,0,4.782285900960702,0.4758785582324755
beneficial contribute,1,0,4.782285900960702,0.4758785582324755
credibility long-term,1,0,4.782285900960702,0.4758785582324755
deviated strategy,1,0,4.782285900960702,0.4758785582324755
initially observe,1,0,4.782285900960702,0.4758785582324755
higher marginal,1,0,4.782285900960702,0.4758785582324755
members contribute,1,0,4.782285900960702,0.4758785582324755
observing high,1,0,4.782285900960702,0.4758785582324755
financial burden,1,0,4.782285900960702,0.4758785582324755
loss damage,1,0,4.782285900960702,0.4758785582324755
present population,1,0,4.782285900960702,0.4758785582324755
contribute level,1,0,4.782285900960702,0.4758785582324755
maintaining sufficient,1,0,4.782285900960702,0.4758785582324755
contribution higher,1,0,4.782285900960702,0.4758785582324755
rounds maintain,1,0,4.782285900960702,0.4758785582324755
previous average,1,0,4.782285900960702,0.4758785582324755
following observed,1,0,4.782285900960702,0.4758785582324755
allow free,1,0,4.782285900960702,0.4758785582324755
immediate loss,1,0,4.782285900960702,0.4758785582324755
correlate higher,1,0,4.782285900960702,0.4758785582324755
wealth historical,1,0,4.782285900960702,0.4758785582324755
payoff lower,1,0,4.782285900960702,0.4758785582324755
good reputation,1,0,4.782285900960702,0.4758785582324755
dollars aligns,1,0,4.782285900960702,0.4758785582324755
set precedent,1,0,4.782285900960702,0.4758785582324755
budget allows,1,0,4.782285900960702,0.4758785582324755
much leave,1,0,4.782285900960702,0.4758785582324755
nothing initially,1,0,4.782285900960702,0.4758785582324755
history contribute,1,0,4.782285900960702,0.4758785582324755
maximize returns,1,0,4.782285900960702,0.4758785582324755
rounds maximize,1,0,4.782285900960702,0.4758785582324755
amount previous,1,0,4.782285900960702,0.4758785582324755
strong presence,1,0,4.782285900960702,0.4758785582324755
significantly less,1,0,4.782285900960702,0.4758785582324755
individual gain,1,0,4.782285900960702,0.4758785582324755
peers simple,1,0,4.782285900960702,0.4758785582324755
cooperate developed,1,0,4.782285900960702,0.4758785582324755
contribution explore,1,0,4.782285900960702,0.4758785582324755
amount best,1,0,4.782285900960702,0.4758785582324755
mcpr maintain,1,0,4.782285900960702,0.4758785582324755
interaction strict,1,0,4.782285900960702,0.4758785582324755
group historical,1,0,4.782285900960702,0.4758785582324755
still contribute,1,0,4.782285900960702,0.4758785582324755
choosing low,1,0,4.782285900960702,0.4758785582324755
significantly low,1,0,4.782285900960702,0.4758785582324755
cooperate free-ride,1,0,4.782285900960702,0.4758785582324755
contributors trust,1,0,4.782285900960702,0.4758785582324755
follow pattern,1,0,4.782285900960702,0.4758785582324755
expected others,1,0,4.782285900960702,0.4758785582324755
receive payoff,1,0,4.782285900960702,0.4758785582324755
global effort,1,0,4.782285900960702,0.4758785582324755
seen defector,1,0,4.782285900960702,0.4758785582324755
contributors 5-10,1,0,4.782285900960702,0.4758785582324755
significant return,1,0,4.782285900960702,0.4758785582324755
low-contributors defectors,1,0,4.782285900960702,0.4758785582324755
receive minimal,1,0,4.782285900960702,0.4758785582324755
strategy group,1,0,4.782285900960702,0.4758785582324755
cooperate follow,1,0,4.782285900960702,0.4758785582324755
suggests significant,1,0,4.782285900960702,0.4758785582324755
billion dollars,1,0,4.782285900960702,0.4758785582324755
less budget,1,0,4.782285900960702,0.4758785582324755
significant marginal,1,0,4.782285900960702,0.4758785582324755
either contribution,1,0,4.782285900960702,0.4758785582324755
possible within,1,0,4.782285900960702,0.4758785582324755
payoff due,1,0,4.782285900960702,0.4758785582324755
historical average,1,0,4.782285900960702,0.4758785582324755
setting low,1,0,4.782285900960702,0.4758785582324755
contribute similarly,1,0,4.782285900960702,0.4758785582324755
long-term impact,1,0,4.782285900960702,0.4758785582324755
emerged setting,1,0,4.782285900960702,0.4758785582324755
goals potentially,1,0,4.782285900960702,0.4758785582324755
strategy consistently,1,0,4.782285900960702,0.4758785582324755
contributors strategy-institution,1,0,4.782285900960702,0.4758785582324755
billion maximize,1,0,4.782285900960702,0.4758785582324755
contribution lack,1,0,4.782285900960702,0.4758785582324755
between sfi,1,0,4.782285900960702,0.4758785582324755
expect developed,1,0,4.782285900960702,0.4758785582324755
reducing emissions,1,0,4.782285900960702,0.4758785582324755
trust self-interest,1,0,4.782285900960702,0.4758785582324755
reward deviate,1,0,4.782285900960702,0.4758785582324755
above recent,1,0,4.782285900960702,0.4758785582324755
high average,1,0,4.782285900960702,0.4758785582324755
emerging free-riding,1,0,4.782285900960702,0.4758785582324755
low due,1,0,4.782285900960702,0.4758785582324755
peer contribute,1,0,4.782285900960702,0.4758785582324755
expect members,1,0,4.782285900960702,0.4758785582324755
contributors often,1,0,4.782285900960702,0.4758785582324755
higher previous,1,0,4.782285900960702,0.4758785582324755
follow-through long-term,1,0,4.782285900960702,0.4758785582324755
index less,1,0,4.782285900960702,0.4758785582324755
receive higher,1,0,4.782285900960702,0.4758785582324755
mostly free-riders,1,0,4.782285900960702,0.4758785582324755
credibility balancing,1,0,4.782285900960702,0.4758785582324755
amount choose,1,0,4.782285900960702,0.4758785582324755
contribute large,1,0,4.782285900960702,0.4758785582324755
balances desire,1,0,4.782285900960702,0.4758785582324755
mostly follow,1,0,4.782285900960702,0.4758785582324755
aligns observed,1,0,4.782285900960702,0.4758785582324755
size vulnerability,1,0,4.782285900960702,0.4758785582324755
collective goals,1,0,4.782285900960702,0.4758785582324755
waters see,1,0,4.782285900960702,0.4758785582324755
within stage,1,0,4.782285900960702,0.4758785582324755
net outcomes,1,0,4.782285900960702,0.4758785582324755
defectors identified,1,0,4.782285900960702,0.4758785582324755
between current,1,0,4.782285900960702,0.4758785582324755
achieve level,1,0,4.782285900960702,0.4758785582324755
low-contributors deviate,1,0,4.782285900960702,0.4758785582324755
similar aligns,1,0,4.782285900960702,0.4758785582324755
budget without,1,0,4.782285900960702,0.4758785582324755
5-10 1-2,1,0,4.782285900960702,0.4758785582324755
sfi distrusted,1,0,4.782285900960702,0.4758785582324755
interest given,1,0,4.782285900960702,0.4758785582324755
overextending myself,1,0,4.782285900960702,0.4758785582324755
contribution suggest,1,0,4.782285900960702,0.4758785582324755
institution trust,1,0,4.782285900960702,0.4758785582324755
demonstrate cooperate,1,0,4.782285900960702,0.4758785582324755
potentially influence,1,0,4.782285900960702,0.4758785582324755
amount internal,1,0,4.782285900960702,0.4758785582324755
overall group,1,0,4.782285900960702,0.4758785582324755
billion contribution,1,0,4.782285900960702,0.4758785582324755
lower expected,1,0,4.782285900960702,0.4758785582324755
snowdrift institution,1,0,4.782285900960702,0.4758785582324755
cooperate achieve,1,0,4.782285900960702,0.4758785582324755
meaningfully considering,1,0,4.782285900960702,0.4758785582324755
interaction defection,1,0,4.782285900960702,0.4758785582324755
allows free,1,0,4.782285900960702,0.4758785582324755
peers low,12,12,0.16726700270012174,0.4098894880387354
institution historical,7,7,0.16717468376424094,0.3129785120344802
amount balances,6,6,0.1671562322329354,0.28976425582325477
given low,5,5,0.1671377847837512,0.2645321775352876
following recent,4,4,0.16711934141532758,0.23663768280128403
found sfi,4,4,0.16711934141532758,0.23663768280128403
contribution level,4,4,0.16711934141532758,0.23663768280128403
peer contribution,3,3,0.16710090212630924,0.20499678240059452
given past,3,3,0.16710090212630924,0.20499678240059452
payoff given,3,3,0.16710090212630924,0.20499678240059452
contribution billion,3,3,0.16710090212630924,0.20499678240059452
free-riders sfi,3,3,0.16710090212630924,0.20499678240059452
current budget,3,3,0.16710090212630924,0.20499678240059452
return investment,3,3,0.16710090212630924,0.20499678240059452
beliefs contribute,3,3,0.16710090212630924,0.20499678240059452
mode defaults,360,420,0.01347603761893268,0.18762747884785863
ldf mode,360,420,0.01347603761893268,0.18762747884785863
climate ldf,360,420,0.01347603761893268,0.18762747884785863
mcpr considering,2,2,0.167082466915339,0.16749965225118507
contribution contribution,2,2,0.167082466915339,0.16749965225118507
punishment effects,2,2,0.167082466915339,0.16749965225118507
mcpr institution,2,2,0.167082466915339,0.16749965225118507
significantly contribution,2,2,0.167082466915339,0.16749965225118507
institution contribute,2,2,0.167082466915339,0.16749965225118507
maintain consistent,2,2,0.167082466915339,0.16749965225118507
contributors receive,2,2,0.167082466915339,0.16749965225118507
amount emissions,2,2,0.167082466915339,0.16749965225118507
likely cooperate,2,2,0.167082466915339,0.16749965225118507
expect moderate,2,2,0.167082466915339,0.16749965225118507
group size,2,2,0.167082466915339,0.16749965225118507
behavior contribution,2,2,0.167082466915339,0.16749965225118507
amount global,2,2,0.167082466915339,0.16749965225118507
future benefits,2,2,0.167082466915339,0.16749965225118507
contribution relatively,2,2,0.167082466915339,0.16749965225118507
high-contributors reward,2,2,0.167082466915339,0.16749965225118507
choosing contribution,10,11,0.07190925429955719,0.16465659397460033
contribution maximum,16,18,0.049424263082361364,0.14388832944232774
expected contribution,1,1,0.16706403578106332,0.11872130384217267
significant impact,1,1,0.16706403578106332,0.11872130384217267
payoff avoid,1,1,0.16706403578106332,0.11872130384217267
defectors low,1,1,0.16706403578106332,0.11872130384217267
current situation,1,1,0.16706403578106332,0.11872130384217267
free-riders penalized,1,1,0.16706403578106332,0.11872130384217267
behavior considering,1,1,0.16706403578106332,0.11872130384217267
considering recent,1,1,0.16706403578106332,0.11872130384217267
institution prevalent,1,1,0.16706403578106332,0.11872130384217267
contribution several,1,1,0.16706403578106332,0.11872130384217267
preserving wealth,1,1,0.16706403578106332,0.11872130384217267
observe others,1,1,0.16706403578106332,0.11872130384217267
fraction budget,1,1,0.16706403578106332,0.11872130384217267
contributors significant,1,1,0.16706403578106332,0.11872130384217267
contributors emerge,1,1,0.16706403578106332,0.11872130384217267
suggest consistent,1,1,0.16706403578106332,0.11872130384217267
contribution reduce,1,1,0.16706403578106332,0.11872130384217267
reduction considering,1,1,0.16706403578106332,0.11872130384217267
others strategies,1,1,0.16706403578106332,0.11872130384217267
cooperate action,1,1,0.16706403578106332,0.11872130384217267
country high,1,1,0.16706403578106332,0.11872130384217267
current marginal,1,1,0.16706403578106332,0.11872130384217267
small contribution,1,1,0.16706403578106332,0.11872130384217267
strategy following,1,1,0.16706403578106332,0.11872130384217267
contributors high,1,1,0.16706403578106332,0.11872130384217267
highly others,1,1,0.16706403578106332,0.11872130384217267
strategy peer,1,1,0.16706403578106332,0.11872130384217267
amount due,1,1,0.16706403578106332,0.11872130384217267
high enough,1,1,0.16706403578106332,0.11872130384217267
level maximize,1,1,0.16706403578106332,0.11872130384217267
contribution maintaining,1,1,0.16706403578106332,0.11872130384217267
strategy previous-round,1,1,0.16706403578106332,0.11872130384217267
consistent strategy,1,1,0.16706403578106332,0.11872130384217267
test waters,1,1,0.16706403578106332,0.11872130384217267
due institution,1,1,0.16706403578106332,0.11872130384217267
strategy marginal,1,1,0.16706403578106332,0.11872130384217267
behavior contribute,1,1,0.16706403578106332,0.11872130384217267
aligns recent,1,1,0.16706403578106332,0.11872130384217267
institution common,1,1,0.16706403578106332,0.11872130384217267
strategy maintain,1,1,0.16706403578106332,0.11872130384217267
close previous,1,1,0.16706403578106332,0.11872130384217267
amount possible,1,1,0.16706403578106332,0.11872130384217267
avoid seen,1,1,0.16706403578106332,0.11872130384217267
want maximize,1,1,0.16706403578106332,0.11872130384217267
cooperate high,1,1,0.16706403578106332,0.11872130384217267
given prior,1,1,0.16706403578106332,0.11872130384217267
emissions increase,1,1,0.16706403578106332,0.11872130384217267
history marginal,1,1,0.16706403578106332,0.11872130384217267
contribution achieve,1,1,0.16706403578106332,0.11872130384217267
contribution close,1,1,0.16706403578106332,0.11872130384217267
institution free-riders,1,1,0.16706403578106332,0.11872130384217267
contribute fraction,1,1,0.16706403578106332,0.11872130384217267
amount high,1,1,0.16706403578106332,0.11872130384217267
contribution indicate,1,1,0.16706403578106332,0.11872130384217267
contribution payoff,1,1,0.16706403578106332,0.11872130384217267
contribute amount,1,1,0.16706403578106332,0.11872130384217267
low contribute,1,1,0.16706403578106332,0.11872130384217267
budget significant,1,1,0.16706403578106332,0.11872130384217267
except use,1,1,0.16706403578106332,0.11872130384217267
contribution aligns,1,1,0.16706403578106332,0.11872130384217267
starting small,1,1,0.16706403578106332,0.11872130384217267
increase mcpr,1,1,0.16706403578106332,0.11872130384217267
return significant,1,1,0.16706403578106332,0.11872130384217267
contributors made,1,1,0.16706403578106332,0.11872130384217267
contributors detected,1,1,0.16706403578106332,0.11872130384217267
payoff mcpr,1,1,0.16706403578106332,0.11872130384217267
amount necessary,1,1,0.16706403578106332,0.11872130384217267
amount consistent,1,1,0.16706403578106332,0.11872130384217267
future contribution,1,1,0.16706403578106332,0.11872130384217267
low prioritize,1,1,0.16706403578106332,0.11872130384217267
institution behavior,1,1,0.16706403578106332,0.11872130384217267
data consider,1,1,0.16706403578106332,0.11872130384217267
cooperate current,1,1,0.16706403578106332,0.11872130384217267
average maximize,1,1,0.16706403578106332,0.11872130384217267
defectors mostly,1,1,0.16706403578106332,0.11872130384217267
support global,1,1,0.16706403578106332,0.11872130384217267
moderately high,1,1,0.16706403578106332,0.11872130384217267
suggests moderate,1,1,0.16706403578106332,0.11872130384217267
group multiplier,1,1,0.16706403578106332,0.11872130384217267
players high,1,1,0.16706403578106332,0.11872130384217267
avoid standing,1,1,0.16706403578106332,0.11872130384217267
institution typical,14,16,0.03365879724843879,0.09200426975299378
maximize payoff,7,8,0.0337202034406463,0.06519743151694236
global emissions,5,6,-0.014952448388436679,-0.02471596739937454
rounds data,10,12,-0.015127892508569829,-0.03534746841515754
choosing moderate,35,42,-0.015293141878647276,-0.06682936839527895
mostly low-contributors,4,5,-0.05562672180395367,-0.08301780517379548
contribution recent,4,5,-0.05562672180395367,-0.08301780517379548
mcpr choose,8,10,-0.055903564310929355,-0.11792215360106313
return choose,3,4,-0.1198516395935929,-0.1571559606466568
considering high,7,9,-0.08402553767627552,-0.16684048696976464
choose moderate,11,14,-0.07402329411746678,-0.18379660380100438
significantly institution,11,14,-0.07402329411746678,-0.18379660380100438
contribution mcpr,6,8,-0.12031261059483356,-0.22294135564885836
strategy institution,6,8,-0.12031261059483356,-0.22294135564885836
follow institution,6,8,-0.12031261059483356,-0.22294135564885836
moderate contribution,55,68,-0.0454003062484869,-0.2503676027166331
low contributor,2,3,-0.23682425865997558,-0.2599893776509712
consistent level,2,3,-0.23682425865997558,-0.2599893776509712
reduction fund,2,3,-0.23682425865997558,-0.2599893776509712
consistent past,2,3,-0.23682425865997558,-0.2599893776509712
million usd,2,3,-0.23682425865997558,-0.2599893776509712
given current,2,3,-0.23682425865997558,-0.2599893776509712
potential future,2,3,-0.23682425865997558,-0.2599893776509712
contributors used,2,3,-0.23682425865997558,-0.2599893776509712
beliefs expect,2,3,-0.23682425865997558,-0.2599893776509712
significantly others,2,3,-0.23682425865997558,-0.2599893776509712
consistency previous,2,3,-0.23682425865997558,-0.2599893776509712
justify moderate,2,3,-0.23682425865997558,-0.2599893776509712
contribute except,2,3,-0.23682425865997558,-0.2599893776509712
index justify,2,3,-0.23682425865997558,-0.2599893776509712
amount past,2,3,-0.23682425865997558,-0.2599893776509712
follow selfish-institution,2,3,-0.23682425865997558,-0.2599893776509712
consistent contribution,2,3,-0.23682425865997558,-0.2599893776509712
current wealth,2,3,-0.23682425865997558,-0.2599893776509712
amount considering,2,3,-0.23682425865997558,-0.2599893776509712
contribution history,2,3,-0.23682425865997558,-0.2599893776509712
past contribution,26,33,-0.07151495578873757,-0.27276598440641436
low-contributors sfi,5,7,-0.168966810892611,-0.28881985478302397
choices suggest,1,2,-0.5212217140476589,-0.4273441313201987
contribute maximize,1,2,-0.5212217140476589,-0.4273441313201987
sfi defectors,1,2,-0.5212217140476589,-0.4273441313201987
used strategy,1,2,-0.5212217140476589,-0.4273441313201987
current group,1,2,-0.5212217140476589,-0.4273441313201987
past performance,1,2,-0.5212217140476589,-0.4273441313201987
defectors free-riders,1,2,-0.5212217140476589,-0.4273441313201987
observations high,1,2,-0.5212217140476589,-0.4273441313201987
budget considering,1,2,-0.5212217140476589,-0.4273441313201987
contribution half,1,2,-0.5212217140476589,-0.4273441313201987
payoff balancing,1,2,-0.5212217140476589,-0.4273441313201987
cooperate behavior,1,2,-0.5212217140476589,-0.4273441313201987
half budget,1,2,-0.5212217140476589,-0.4273441313201987
chose moderate,1,2,-0.5212217140476589,-0.4273441313201987
amount maximizes,1,2,-0.5212217140476589,-0.4273441313201987
defect sfi,1,2,-0.5212217140476589,-0.4273441313201987
data believe,1,2,-0.5212217140476589,-0.4273441313201987
consistent recent,1,2,-0.5212217140476589,-0.4273441313201987
behavior marginal,1,2,-0.5212217140476589,-0.4273441313201987
sfi peers,1,2,-0.5212217140476589,-0.4273441313201987
nothing marginal,1,2,-0.5212217140476589,-0.4273441313201987
observed institution,1,2,-0.5212217140476589,-0.4273441313201987
similar recent,1,2,-0.5212217140476589,-0.4273441313201987
sfi strategies,1,2,-0.5212217140476589,-0.4273441313201987
mcpr suggests,1,2,-0.5212217140476589,-0.4273441313201987
zero maximizes,1,2,-0.5212217140476589,-0.4273441313201987
benefits contribution,1,2,-0.5212217140476589,-0.4273441313201987
contribution likely,1,2,-0.5212217140476589,-0.4273441313201987
still received,0,1,-4.448176256457513,-0.4426317764192421
high-contrib strategy,0,1,-4.448176256457513,-0.4426317764192421
non-participation low,0,1,-4.448176256457513,-0.4426317764192421
index marginal,0,1,-4.448176256457513,-0.4426317764192421
considered trustworthy,0,1,-4.448176256457513,-0.4426317764192421
mcpr indicates,0,1,-4.448176256457513,-0.4426317764192421
balance cooperate,0,1,-4.448176256457513,-0.4426317764192421
group recent,0,1,-4.448176256457513,-0.4426317764192421
low budget,0,1,-4.448176256457513,-0.4426317764192421
maximum afford,0,1,-4.448176256457513,-0.4426317764192421
previous balance,0,1,-4.448176256457513,-0.4426317764192421
help avoid,0,1,-4.448176256457513,-0.4426317764192421
return peers,0,1,-4.448176256457513,-0.4426317764192421
social identity,0,1,-4.448176256457513,-0.4426317764192421
cooperate avoiding,0,1,-4.448176256457513,-0.4426317764192421
players cooperate,0,1,-4.448176256457513,-0.4426317764192421
follow high-contribution,0,1,-4.448176256457513,-0.4426317764192421
associated low,0,1,-4.448176256457513,-0.4426317764192421
contribution follows,0,1,-4.448176256457513,-0.4426317764192421
participating stage,0,1,-4.448176256457513,-0.4426317764192421
contribution incentivizes,0,1,-4.448176256457513,-0.4426317764192421
maintain reputation,0,1,-4.448176256457513,-0.4426317764192421
aiming moderate,0,1,-4.448176256457513,-0.4426317764192421
high contribute,0,1,-4.448176256457513,-0.4426317764192421
contribution encouraged,0,1,-4.448176256457513,-0.4426317764192421
return considering,0,1,-4.448176256457513,-0.4426317764192421
contributes slightly,0,1,-4.448176256457513,-0.4426317764192421
index irrational,0,1,-4.448176256457513,-0.4426317764192421
aligns internal,0,1,-4.448176256457513,-0.4426317764192421
except low,0,1,-4.448176256457513,-0.4426317764192421
ldf implications,0,1,-4.448176256457513,-0.4426317764192421
mostly contribute,0,1,-4.448176256457513,-0.4426317764192421
helps balance,0,1,-4.448176256457513,-0.4426317764192421
self-interest given,0,1,-4.448176256457513,-0.4426317764192421
affect future,0,1,-4.448176256457513,-0.4426317764192421
return understand,0,1,-4.448176256457513,-0.4426317764192421
level balances,0,1,-4.448176256457513,-0.4426317764192421
around budget,0,1,-4.448176256457513,-0.4426317764192421
selfish iteration,0,1,-4.448176256457513,-0.4426317764192421
successful strategy,0,1,-4.448176256457513,-0.4426317764192421
seen sfi,0,1,-4.448176256457513,-0.4426317764192421
reduction contribute,0,1,-4.448176256457513,-0.4426317764192421
significant loss,0,1,-4.448176256457513,-0.4426317764192421
data showing,0,1,-4.448176256457513,-0.4426317764192421
choices reflects,0,1,-4.448176256457513,-0.4426317764192421
highly standard,0,1,-4.448176256457513,-0.4426317764192421
contribution vulnerability,0,1,-4.448176256457513,-0.4426317764192421
contribute maximally,0,1,-4.448176256457513,-0.4426317764192421
waters understand,0,1,-4.448176256457513,-0.4426317764192421
contribution given,0,1,-4.448176256457513,-0.4426317764192421
maximum cumulative,0,1,-4.448176256457513,-0.4426317764192421
observed low,0,1,-4.448176256457513,-0.4426317764192421
country institution,0,1,-4.448176256457513,-0.4426317764192421
strategy imprisonment,0,1,-4.448176256457513,-0.4426317764192421
going debt,0,1,-4.448176256457513,-0.4426317764192421
contribute minimal,0,1,-4.448176256457513,-0.4426317764192421
contributors socially,0,1,-4.448176256457513,-0.4426317764192421
strategies before,0,1,-4.448176256457513,-0.4426317764192421
close group,0,1,-4.448176256457513,-0.4426317764192421
contribution negligible,0,1,-4.448176256457513,-0.4426317764192421
test system,0,1,-4.448176256457513,-0.4426317764192421
beliefs low,0,1,-4.448176256457513,-0.4426317764192421
amount want,0,1,-4.448176256457513,-0.4426317764192421
since institution,0,1,-4.448176256457513,-0.4426317764192421
tendency lower,0,1,-4.448176256457513,-0.4426317764192421
history institution,0,1,-4.448176256457513,-0.4426317764192421
contribute institution,0,1,-4.448176256457513,-0.4426317764192421
usd emissions,0,1,-4.448176256457513,-0.4426317764192421
sfi typical,0,1,-4.448176256457513,-0.4426317764192421
contribution 10m,0,1,-4.448176256457513,-0.4426317764192421
low want,0,1,-4.448176256457513,-0.4426317764192421
low incentive,0,1,-4.448176256457513,-0.4426317764192421
return balance,0,1,-4.448176256457513,-0.4426317764192421
amount allowed,0,1,-4.448176256457513,-0.4426317764192421
incentive contribute,0,1,-4.448176256457513,-0.4426317764192421
sfi average,0,1,-4.448176256457513,-0.4426317764192421
consistent internal,0,1,-4.448176256457513,-0.4426317764192421
maximize contribution,0,1,-4.448176256457513,-0.4426317764192421
system understand,0,1,-4.448176256457513,-0.4426317764192421
contributors social,0,1,-4.448176256457513,-0.4426317764192421
emerging institution,0,1,-4.448176256457513,-0.4426317764192421
mostly free-ride,0,1,-4.448176256457513,-0.4426317764192421
zero contribution,0,1,-4.448176256457513,-0.4426317764192421
significantly still,0,1,-4.448176256457513,-0.4426317764192421
without going,0,1,-4.448176256457513,-0.4426317764192421
low developing,0,1,-4.448176256457513,-0.4426317764192421
contribution indicating,0,1,-4.448176256457513,-0.4426317764192421
enough marginal,0,1,-4.448176256457513,-0.4426317764192421
interests contribution,0,1,-4.448176256457513,-0.4426317764192421
maximize immediate,0,1,-4.448176256457513,-0.4426317764192421
riding self-interested,0,1,-4.448176256457513,-0.4426317764192421
nothing aligns,0,1,-4.448176256457513,-0.4426317764192421
iteration selfish,0,1,-4.448176256457513,-0.4426317764192421
suggest moderate,0,1,-4.448176256457513,-0.4426317764192421
high contrib,0,1,-4.448176256457513,-0.4426317764192421
mcpr free-rider,0,1,-4.448176256457513,-0.4426317764192421
significantly choose,0,1,-4.448176256457513,-0.4426317764192421
sfi underrepresented,0,1,-4.448176256457513,-0.4426317764192421
usd balancing,0,1,-4.448176256457513,-0.4426317764192421
impact overall,0,1,-4.448176256457513,-0.4426317764192421
zero marginal,0,1,-4.448176256457513,-0.4426317764192421
sfi gaining,0,1,-4.448176256457513,-0.4426317764192421
trend towards,0,1,-4.448176256457513,-0.4426317764192421
previous developing,0,1,-4.448176256457513,-0.4426317764192421
reward sfi,0,1,-4.448176256457513,-0.4426317764192421
index makes,0,1,-4.448176256457513,-0.4426317764192421
cooperate leaving,0,1,-4.448176256457513,-0.4426317764192421
index high,0,1,-4.448176256457513,-0.4426317764192421
ldf role,0,1,-4.448176256457513,-0.4426317764192421
contribution made,0,1,-4.448176256457513,-0.4426317764192421
amount avoid,0,1,-4.448176256457513,-0.4426317764192421
free-riding behavior,0,1,-4.448176256457513,-0.4426317764192421
budget amount,0,1,-4.448176256457513,-0.4426317764192421
necessary due,0,1,-4.448176256457513,-0.4426317764192421
need support,0,1,-4.448176256457513,-0.4426317764192421
index per,0,1,-4.448176256457513,-0.4426317764192421
mcpr past,0,1,-4.448176256457513,-0.4426317764192421
vary significantly,0,1,-4.448176256457513,-0.4426317764192421
expect high,0,1,-4.448176256457513,-0.4426317764192421
investment relatively,0,1,-4.448176256457513,-0.4426317764192421
payoffs low-contributors,0,1,-4.448176256457513,-0.4426317764192421
makes contribution,0,1,-4.448176256457513,-0.4426317764192421
8-10 made,0,1,-4.448176256457513,-0.4426317764192421
followers sfi,0,1,-4.448176256457513,-0.4426317764192421
overall payoff,0,1,-4.448176256457513,-0.4426317764192421
nothing sfi,0,1,-4.448176256457513,-0.4426317764192421
minimizing punishment,0,1,-4.448176256457513,-0.4426317764192421
institution previous,0,1,-4.448176256457513,-0.4426317764192421
typical contribution,0,1,-4.448176256457513,-0.4426317764192421
pattern considering,0,1,-4.448176256457513,-0.4426317764192421
country group,0,1,-4.448176256457513,-0.4426317764192421
contribution irrelevant,0,1,-4.448176256457513,-0.4426317764192421
type characteristics,0,1,-4.448176256457513,-0.4426317764192421
negative payoff,0,1,-4.448176256457513,-0.4426317764192421
immediate payoff,0,1,-4.448176256457513,-0.4426317764192421
ignoring high,0,1,-4.448176256457513,-0.4426317764192421
maintaining flexibility,0,1,-4.448176256457513,-0.4426317764192421
past actions,0,1,-4.448176256457513,-0.4426317764192421
identity institution,0,1,-4.448176256457513,-0.4426317764192421
history past,0,1,-4.448176256457513,-0.4426317764192421
optimal interests,0,1,-4.448176256457513,-0.4426317764192421
moderate balancing,0,1,-4.448176256457513,-0.4426317764192421
chose strategy-institution,0,1,-4.448176256457513,-0.4426317764192421
performance current,0,1,-4.448176256457513,-0.4426317764192421
goods game,0,1,-4.448176256457513,-0.4426317764192421
reward institution,0,1,-4.448176256457513,-0.4426317764192421
contribution protect,0,1,-4.448176256457513,-0.4426317764192421
index free,0,1,-4.448176256457513,-0.4426317764192421
below group,0,1,-4.448176256457513,-0.4426317764192421
low amounts,0,1,-4.448176256457513,-0.4426317764192421
actions intent,0,1,-4.448176256457513,-0.4426317764192421
contribute public,0,1,-4.448176256457513,-0.4426317764192421
free riders,0,1,-4.448176256457513,-0.4426317764192421
payoff exploit,0,1,-4.448176256457513,-0.4426317764192421
contribute positive,0,1,-4.448176256457513,-0.4426317764192421
intent maximizing,0,1,-4.448176256457513,-0.4426317764192421
options open,0,1,-4.448176256457513,-0.4426317764192421
index recent,0,1,-4.448176256457513,-0.4426317764192421
follow selfish-iterated,0,1,-4.448176256457513,-0.4426317764192421
commitment balance,0,1,-4.448176256457513,-0.4426317764192421
performers sfi,0,1,-4.448176256457513,-0.4426317764192421
seen peers,0,1,-4.448176256457513,-0.4426317764192421
institution developing,0,1,-4.448176256457513,-0.4426317764192421
contribute emissions,0,1,-4.448176256457513,-0.4426317764192421
stage best,0,1,-4.448176256457513,-0.4426317764192421
significant benefits,0,1,-4.448176256457513,-0.4426317764192421
keep options,0,1,-4.448176256457513,-0.4426317764192421
less members,0,1,-4.448176256457513,-0.4426317764192421
high-contributor institution,0,1,-4.448176256457513,-0.4426317764192421
cooperate immediate,0,1,-4.448176256457513,-0.4426317764192421
peers peers,0,1,-4.448176256457513,-0.4426317764192421
mostly seen,0,1,-4.448176256457513,-0.4426317764192421
guaranteed value,0,1,-4.448176256457513,-0.4426317764192421
amount unprofitable,0,1,-4.448176256457513,-0.4426317764192421
detected sfi,0,1,-4.448176256457513,-0.4426317764192421
avoid free-riding,0,1,-4.448176256457513,-0.4426317764192421
overall behavior,0,1,-4.448176256457513,-0.4426317764192421
prioritize immediate,0,1,-4.448176256457513,-0.4426317764192421
mostly selfish-infection-free,0,1,-4.448176256457513,-0.4426317764192421
deviate high-contribution,0,1,-4.448176256457513,-0.4426317764192421
choose relatively,0,1,-4.448176256457513,-0.4426317764192421
required participate,0,1,-4.448176256457513,-0.4426317764192421
free-riding overextending,0,1,-4.448176256457513,-0.4426317764192421
stated intent,0,1,-4.448176256457513,-0.4426317764192421
aligns maximizing,0,1,-4.448176256457513,-0.4426317764192421
sfi deviate,0,1,-4.448176256457513,-0.4426317764192421
pattern aiming,0,1,-4.448176256457513,-0.4426317764192421
want preserve,0,1,-4.448176256457513,-0.4426317764192421
return maintain,0,1,-4.448176256457513,-0.4426317764192421
level return,0,1,-4.448176256457513,-0.4426317764192421
mcpr low,0,1,-4.448176256457513,-0.4426317764192421
selfish-infection-free sfi,0,1,-4.448176256457513,-0.4426317764192421
amount afford,0,1,-4.448176256457513,-0.4426317764192421
trends institution,0,1,-4.448176256457513,-0.4426317764192421
contribution successful,0,1,-4.448176256457513,-0.4426317764192421
contribution public,0,1,-4.448176256457513,-0.4426317764192421
cooperate actions,0,1,-4.448176256457513,-0.4426317764192421
peers 1-5,0,1,-4.448176256457513,-0.4426317764192421
riders sfi,0,1,-4.448176256457513,-0.4426317764192421
mostly top,0,1,-4.448176256457513,-0.4426317764192421
strategy contributors,0,1,-4.448176256457513,-0.4426317764192421
level effort,0,1,-4.448176256457513,-0.4426317764192421
contribute consistent,0,1,-4.448176256457513,-0.4426317764192421
afford without,0,1,-4.448176256457513,-0.4426317764192421
index indicated,0,1,-4.448176256457513,-0.4426317764192421
rounds trends,0,1,-4.448176256457513,-0.4426317764192421
budget minimizing,0,1,-4.448176256457513,-0.4426317764192421
index developing,0,1,-4.448176256457513,-0.4426317764192421
except follow,0,1,-4.448176256457513,-0.4426317764192421
see significant,0,1,-4.448176256457513,-0.4426317764192421
indicates moderate,0,1,-4.448176256457513,-0.4426317764192421
responsible institution,0,1,-4.448176256457513,-0.4426317764192421
payoff game,0,1,-4.448176256457513,-0.4426317764192421
rounds high,0,1,-4.448176256457513,-0.4426317764192421
room future,0,1,-4.448176256457513,-0.4426317764192421
serves interests,0,1,-4.448176256457513,-0.4426317764192421
amount maximum,0,1,-4.448176256457513,-0.4426317764192421
mcpr significant,0,1,-4.448176256457513,-0.4426317764192421
balance vulnerability,0,1,-4.448176256457513,-0.4426317764192421
public goods,0,1,-4.448176256457513,-0.4426317764192421
behavior increase,0,1,-4.448176256457513,-0.4426317764192421
low peer,0,1,-4.448176256457513,-0.4426317764192421
tends follow,0,1,-4.448176256457513,-0.4426317764192421
emerge sfi,0,1,-4.448176256457513,-0.4426317764192421
impact payoff,0,1,-4.448176256457513,-0.4426317764192421
before move,0,1,-4.448176256457513,-0.4426317764192421
moderate return,0,1,-4.448176256457513,-0.4426317764192421
rounds maximizing,0,1,-4.448176256457513,-0.4426317764192421
significantly across,0,1,-4.448176256457513,-0.4426317764192421
irrational invest,0,1,-4.448176256457513,-0.4426317764192421
amount fixed,0,1,-4.448176256457513,-0.4426317764192421
justified high,0,1,-4.448176256457513,-0.4426317764192421
low-contributors scattered,0,1,-4.448176256457513,-0.4426317764192421
need cooperate,0,1,-4.448176256457513,-0.4426317764192421
contribute want,0,1,-4.448176256457513,-0.4426317764192421
data notice,0,1,-4.448176256457513,-0.4426317764192421
contributers low,0,1,-4.448176256457513,-0.4426317764192421
index rational,0,1,-4.448176256457513,-0.4426317764192421
socially responsible,0,1,-4.448176256457513,-0.4426317764192421
maximum stage,0,1,-4.448176256457513,-0.4426317764192421
considering punishment,0,1,-4.448176256457513,-0.4426317764192421
credibility contribute,0,1,-4.448176256457513,-0.4426317764192421
higher average,0,1,-4.448176256457513,-0.4426317764192421
contribution upwards,0,1,-4.448176256457513,-0.4426317764192421
observed contribution,0,1,-4.448176256457513,-0.4426317764192421
amounts sfi,0,1,-4.448176256457513,-0.4426317764192421
contribution helps,0,1,-4.448176256457513,-0.4426317764192421
group overall,0,1,-4.448176256457513,-0.4426317764192421
institution contribution,0,1,-4.448176256457513,-0.4426317764192421
performance group,0,1,-4.448176256457513,-0.4426317764192421
seen free-rider,0,1,-4.448176256457513,-0.4426317764192421
dollars rational,0,1,-4.448176256457513,-0.4426317764192421
mix cooperate,0,1,-4.448176256457513,-0.4426317764192421
average balance,0,1,-4.448176256457513,-0.4426317764192421
necessary balance,0,1,-4.448176256457513,-0.4426317764192421
reflects balance,0,1,-4.448176256457513,-0.4426317764192421
want observe,0,1,-4.448176256457513,-0.4426317764192421
expect mix,0,1,-4.448176256457513,-0.4426317764192421
rational due,0,1,-4.448176256457513,-0.4426317764192421
dollars maximize,0,1,-4.448176256457513,-0.4426317764192421
actions maximize,0,1,-4.448176256457513,-0.4426317764192421
return unit,0,1,-4.448176256457513,-0.4426317764192421
cooperate avoid,0,1,-4.448176256457513,-0.4426317764192421
balances interests,0,1,-4.448176256457513,-0.4426317764192421
selfish-iterated sfi,0,1,-4.448176256457513,-0.4426317764192421
high sfi,0,1,-4.448176256457513,-0.4426317764192421
per internal,0,1,-4.448176256457513,-0.4426317764192421
good defect,0,1,-4.448176256457513,-0.4426317764192421
peers past,0,1,-4.448176256457513,-0.4426317764192421
payoffs institution,0,1,-4.448176256457513,-0.4426317764192421
contribution fact,0,1,-4.448176256457513,-0.4426317764192421
average million,0,1,-4.448176256457513,-0.4426317764192421
contribution minimally,0,1,-4.448176256457513,-0.4426317764192421
sfi previous,0,1,-4.448176256457513,-0.4426317764192421
except high-contributors,0,1,-4.448176256457513,-0.4426317764192421
test marginal,0,1,-4.448176256457513,-0.4426317764192421
avoiding free,0,1,-4.448176256457513,-0.4426317764192421
history maintain,0,1,-4.448176256457513,-0.4426317764192421
low sfi,0,1,-4.448176256457513,-0.4426317764192421
need high,0,1,-4.448176256457513,-0.4426317764192421
budget optimal,0,1,-4.448176256457513,-0.4426317764192421
mcpr given,0,1,-4.448176256457513,-0.4426317764192421
budget contribution,0,1,-4.448176256457513,-0.4426317764192421
apparent need,0,1,-4.448176256457513,-0.4426317764192421
low average,0,1,-4.448176256457513,-0.4426317764192421
made institution,0,1,-4.448176256457513,-0.4426317764192421
data institution,0,1,-4.448176256457513,-0.4426317764192421
avoid potential,0,1,-4.448176256457513,-0.4426317764192421
contribution justified,0,1,-4.448176256457513,-0.4426317764192421
belong institution,0,1,-4.448176256457513,-0.4426317764192421
interests acknowledging,0,1,-4.448176256457513,-0.4426317764192421
use low-contributors,0,1,-4.448176256457513,-0.4426317764192421
contrib others,0,1,-4.448176256457513,-0.4426317764192421
minimally previous,0,1,-4.448176256457513,-0.4426317764192421
debt help,0,1,-4.448176256457513,-0.4426317764192421
country context,0,1,-4.448176256457513,-0.4426317764192421
open future,0,1,-4.448176256457513,-0.4426317764192421
sfi associated,0,1,-4.448176256457513,-0.4426317764192421
reduction preserving,0,1,-4.448176256457513,-0.4426317764192421
defectors observed,0,1,-4.448176256457513,-0.4426317764192421
contributors selfish-investment,0,1,-4.448176256457513,-0.4426317764192421
except deviants,0,1,-4.448176256457513,-0.4426317764192421
players strategy,0,1,-4.448176256457513,-0.4426317764192421
institution relatively,0,1,-4.448176256457513,-0.4426317764192421
significantly 1-5,0,1,-4.448176256457513,-0.4426317764192421
likely optimal,0,1,-4.448176256457513,-0.4426317764192421
1-5 8-10,0,1,-4.448176256457513,-0.4426317764192421
contributors scattered,0,1,-4.448176256457513,-0.4426317764192421
institution norm,0,1,-4.448176256457513,-0.4426317764192421
contribution indicates,0,1,-4.448176256457513,-0.4426317764192421
budget fixed,0,1,-4.448176256457513,-0.4426317764192421
strategy choosing,0,1,-4.448176256457513,-0.4426317764192421
previous million,0,1,-4.448176256457513,-0.4426317764192421
strategies play,0,1,-4.448176256457513,-0.4426317764192421
indicate consistent,0,1,-4.448176256457513,-0.4426317764192421
value considering,0,1,-4.448176256457513,-0.4426317764192421
stage decision,0,1,-4.448176256457513,-0.4426317764192421
mostly belong,0,1,-4.448176256457513,-0.4426317764192421
sufficient budget,0,1,-4.448176256457513,-0.4426317764192421
institution maximize,0,1,-4.448176256457513,-0.4426317764192421
selfish-investment sfi,0,1,-4.448176256457513,-0.4426317764192421
sfi lower,0,1,-4.448176256457513,-0.4426317764192421
needs considering,0,1,-4.448176256457513,-0.4426317764192421
actions stated,0,1,-4.448176256457513,-0.4426317764192421
disaster payouts,0,1,-4.448176256457513,-0.4426317764192421
peers still,0,1,-4.448176256457513,-0.4426317764192421
contribution vary,0,1,-4.448176256457513,-0.4426317764192421
contribution necessary,0,1,-4.448176256457513,-0.4426317764192421
level past,0,1,-4.448176256457513,-0.4426317764192421
understand institution,0,1,-4.448176256457513,-0.4426317764192421
role disaster,0,1,-4.448176256457513,-0.4426317764192421
reputation keep,0,1,-4.448176256457513,-0.4426317764192421
positive amount,0,1,-4.448176256457513,-0.4426317764192421
low contrib,0,1,-4.448176256457513,-0.4426317764192421
return sufficient,0,1,-4.448176256457513,-0.4426317764192421
exploit others,0,1,-4.448176256457513,-0.4426317764192421
moderately sfi,0,1,-4.448176256457513,-0.4426317764192421
behavior observed,0,1,-4.448176256457513,-0.4426317764192421
level commitment,0,1,-4.448176256457513,-0.4426317764192421
suggests tend,0,1,-4.448176256457513,-0.4426317764192421
data choosing,0,1,-4.448176256457513,-0.4426317764192421
used selfish-institution,0,1,-4.448176256457513,-0.4426317764192421
fact high,0,1,-4.448176256457513,-0.4426317764192421
wealth budget,0,1,-4.448176256457513,-0.4426317764192421
high-contributing reward,0,1,-4.448176256457513,-0.4426317764192421
considering fact,0,1,-4.448176256457513,-0.4426317764192421
investment mcpr,0,1,-4.448176256457513,-0.4426317764192421
contribution considered,0,1,-4.448176256457513,-0.4426317764192421
cooperate free-riding,0,1,-4.448176256457513,-0.4426317764192421
towards low,0,1,-4.448176256457513,-0.4426317764192421
sfi mostly,0,1,-4.448176256457513,-0.4426317764192421
contribution excessively,0,1,-4.448176256457513,-0.4426317764192421
high-contribution strategy,0,1,-4.448176256457513,-0.4426317764192421
aligns balance,0,1,-4.448176256457513,-0.4426317764192421
wealth cooperate,0,1,-4.448176256457513,-0.4426317764192421
cooperate defect,0,1,-4.448176256457513,-0.4426317764192421
payoff suggest,0,1,-4.448176256457513,-0.4426317764192421
want follow,0,1,-4.448176256457513,-0.4426317764192421
shift group,0,1,-4.448176256457513,-0.4426317764192421
less marginal,0,1,-4.448176256457513,-0.4426317764192421
sfi lag,0,1,-4.448176256457513,-0.4426317764192421
contribution serves,0,1,-4.448176256457513,-0.4426317764192421
members mcpr,0,1,-4.448176256457513,-0.4426317764192421
incentivizes cooperate,0,1,-4.448176256457513,-0.4426317764192421
members since,0,1,-4.448176256457513,-0.4426317764192421
affect current,0,1,-4.448176256457513,-0.4426317764192421
achieve highest,0,1,-4.448176256457513,-0.4426317764192421
rational contribute,0,1,-4.448176256457513,-0.4426317764192421
maintaining significant,0,1,-4.448176256457513,-0.4426317764192421
showing contributors,0,1,-4.448176256457513,-0.4426317764192421
advantage stage,0,1,-4.448176256457513,-0.4426317764192421
indicated internal,0,1,-4.448176256457513,-0.4426317764192421
level previous,0,1,-4.448176256457513,-0.4426317764192421
strategy ignoring,0,1,-4.448176256457513,-0.4426317764192421
cooperate trend,0,1,-4.448176256457513,-0.4426317764192421
10m contribution,0,1,-4.448176256457513,-0.4426317764192421
little sfi,0,1,-4.448176256457513,-0.4426317764192421
acknowledging potential,0,1,-4.448176256457513,-0.4426317764192421
recent choices,0,1,-4.448176256457513,-0.4426317764192421
commitment considering,0,1,-4.448176256457513,-0.4426317764192421
scattered across,0,1,-4.448176256457513,-0.4426317764192421
mcpr shift,0,1,-4.448176256457513,-0.4426317764192421
contributers mostly,0,1,-4.448176256457513,-0.4426317764192421
choices indicates,0,1,-4.448176256457513,-0.4426317764192421
punishment reward,0,1,-4.448176256457513,-0.4426317764192421
low nothing,0,1,-4.448176256457513,-0.4426317764192421
budget constraints,0,1,-4.448176256457513,-0.4426317764192421
notice sfi,0,1,-4.448176256457513,-0.4426317764192421
except contributes,0,1,-4.448176256457513,-0.4426317764192421
stage limited,0,1,-4.448176256457513,-0.4426317764192421
stage see,0,1,-4.448176256457513,-0.4426317764192421
increase cumulative,0,1,-4.448176256457513,-0.4426317764192421
afford affect,0,1,-4.448176256457513,-0.4426317764192421
others varied,0,1,-4.448176256457513,-0.4426317764192421
contribution apparent,0,1,-4.448176256457513,-0.4426317764192421
made high,0,1,-4.448176256457513,-0.4426317764192421
contribute low,0,1,-4.448176256457513,-0.4426317764192421
low defectors,0,1,-4.448176256457513,-0.4426317764192421
fixed amount,0,1,-4.448176256457513,-0.4426317764192421
selfish-institutional sfi,0,1,-4.448176256457513,-0.4426317764192421
preserve wealth,0,1,-4.448176256457513,-0.4426317764192421
sfi choose,0,1,-4.448176256457513,-0.4426317764192421
strategy suggests,0,1,-4.448176256457513,-0.4426317764192421
limited budget,0,1,-4.448176256457513,-0.4426317764192421
highest marginal,0,1,-4.448176256457513,-0.4426317764192421
indicating cooperate,0,1,-4.448176256457513,-0.4426317764192421
moderately given,0,1,-4.448176256457513,-0.4426317764192421
contribute around,0,1,-4.448176256457513,-0.4426317764192421
public good,0,1,-4.448176256457513,-0.4426317764192421
behavior past,0,1,-4.448176256457513,-0.4426317764192421
significantly indicating,0,1,-4.448176256457513,-0.4426317764192421
amount close,0,1,-4.448176256457513,-0.4426317764192421
indicating trend,0,1,-4.448176256457513,-0.4426317764192421
defectors free,0,1,-4.448176256457513,-0.4426317764192421
institution label,0,1,-4.448176256457513,-0.4426317764192421
behavior maintaining,0,1,-4.448176256457513,-0.4426317764192421
member sfi,0,1,-4.448176256457513,-0.4426317764192421
allows maximize,0,1,-4.448176256457513,-0.4426317764192421
without considering,0,1,-4.448176256457513,-0.4426317764192421
received negative,0,1,-4.448176256457513,-0.4426317764192421
sfi participating,0,1,-4.448176256457513,-0.4426317764192421
defect cheat,0,1,-4.448176256457513,-0.4426317764192421
selfish-frugal-institutional sfi,0,1,-4.448176256457513,-0.4426317764192421
payoff maximum,0,1,-4.448176256457513,-0.4426317764192421
peer high,0,1,-4.448176256457513,-0.4426317764192421
follow high-contrib,0,1,-4.448176256457513,-0.4426317764192421
free-rider incentives,0,1,-4.448176256457513,-0.4426317764192421
top performers,0,1,-4.448176256457513,-0.4426317764192421
behavior group,0,1,-4.448176256457513,-0.4426317764192421
behavior low,0,1,-4.448176256457513,-0.4426317764192421
peers suggests,0,1,-4.448176256457513,-0.4426317764192421
members balance,0,1,-4.448176256457513,-0.4426317764192421
participate stage,0,1,-4.448176256457513,-0.4426317764192421
slightly below,0,1,-4.448176256457513,-0.4426317764192421
institution peers,0,1,-4.448176256457513,-0.4426317764192421
amount contribution,0,1,-4.448176256457513,-0.4426317764192421
budget low,0,1,-4.448176256457513,-0.4426317764192421
payoff benefit,0,1,-4.448176256457513,-0.4426317764192421
amount likely,0,1,-4.448176256457513,-0.4426317764192421
sfi inactive,0,1,-4.448176256457513,-0.4426317764192421
fixed guaranteed,0,1,-4.448176256457513,-0.4426317764192421
free-riders defectors,0,1,-4.448176256457513,-0.4426317764192421
consistency maximize,0,1,-4.448176256457513,-0.4426317764192421
contribution pattern,0,1,-4.448176256457513,-0.4426317764192421
seen institution,0,1,-4.448176256457513,-0.4426317764192421
significantly following,0,1,-4.448176256457513,-0.4426317764192421
contrib low,0,1,-4.448176256457513,-0.4426317764192421
tendency towards,0,1,-4.448176256457513,-0.4426317764192421
option given,0,1,-4.448176256457513,-0.4426317764192421
reward effects,0,1,-4.448176256457513,-0.4426317764192421
members tend,0,1,-4.448176256457513,-0.4426317764192421
considering long-run,0,1,-4.448176256457513,-0.4426317764192421
observed marginal,0,1,-4.448176256457513,-0.4426317764192421
still defect,0,1,-4.448176256457513,-0.4426317764192421
institution pattern,0,1,-4.448176256457513,-0.4426317764192421
balancing institution,0,1,-4.448176256457513,-0.4426317764192421
towards cooperate,0,1,-4.448176256457513,-0.4426317764192421
strategy iteration,0,1,-4.448176256457513,-0.4426317764192421
future returns,0,1,-4.448176256457513,-0.4426317764192421
contributors selfish-institution,0,1,-4.448176256457513,-0.4426317764192421
payoff choose,0,1,-4.448176256457513,-0.4426317764192421
consistent amount,0,1,-4.448176256457513,-0.4426317764192421
others made,0,1,-4.448176256457513,-0.4426317764192421
following approach,0,1,-4.448176256457513,-0.4426317764192421
use except,0,1,-4.448176256457513,-0.4426317764192421
index historical,0,1,-4.448176256457513,-0.4426317764192421
potential punishment,0,1,-4.448176256457513,-0.4426317764192421
contributors chose,0,1,-4.448176256457513,-0.4426317764192421
gaining traction,0,1,-4.448176256457513,-0.4426317764192421
infection approach,0,1,-4.448176256457513,-0.4426317764192421
overextending budget,0,1,-4.448176256457513,-0.4426317764192421
sfi tends,0,1,-4.448176256457513,-0.4426317764192421
significantly free-rider,0,1,-4.448176256457513,-0.4426317764192421
institution non-participation,0,1,-4.448176256457513,-0.4426317764192421
budget want,0,1,-4.448176256457513,-0.4426317764192421
lag behind,0,1,-4.448176256457513,-0.4426317764192421
optimizing maximum,0,1,-4.448176256457513,-0.4426317764192421
reduce global,0,1,-4.448176256457513,-0.4426317764192421
leaving room,0,1,-4.448176256457513,-0.4426317764192421
self-interest allows,0,1,-4.448176256457513,-0.4426317764192421
significantly contribute,0,1,-4.448176256457513,-0.4426317764192421
contribution without,0,1,-4.448176256457513,-0.4426317764192421
deviate selfish-institutional,0,1,-4.448176256457513,-0.4426317764192421
return fact,0,1,-4.448176256457513,-0.4426317764192421
standing free-rider,0,1,-4.448176256457513,-0.4426317764192421
amount affect,0,1,-4.448176256457513,-0.4426317764192421
history mcpr,0,1,-4.448176256457513,-0.4426317764192421
aligning previous,0,1,-4.448176256457513,-0.4426317764192421
iteration sfi,0,1,-4.448176256457513,-0.4426317764192421
history peer,0,1,-4.448176256457513,-0.4426317764192421
sfi required,0,1,-4.448176256457513,-0.4426317764192421
sfi zero,0,1,-4.448176256457513,-0.4426317764192421
maximum due,0,1,-4.448176256457513,-0.4426317764192421
minimal impact,0,1,-4.448176256457513,-0.4426317764192421
mostly selfish-frugal-institutional,0,1,-4.448176256457513,-0.4426317764192421
best option,0,1,-4.448176256457513,-0.4426317764192421
contribution patterns,0,1,-4.448176256457513,-0.4426317764192421
cooperate balance,0,1,-4.448176256457513,-0.4426317764192421
stage budget,6,9,-0.23805835171175538,-0.45201004624731017
historical contribution,3,5,-0.3425977028128724,-0.46978524591570914
selfish-institution strategy,3,5,-0.3425977028128724,-0.46978524591570914
amount balancing,3,5,-0.3425977028128724,-0.46978524591570914
low high,0,2,-5.136462006286235,-0.5123732217182915
believe contribution,0,2,-5.136462006286235,-0.5123732217182915
standard framework,0,2,-5.136462006286235,-0.5123732217182915
behavior recent,0,2,-5.136462006286235,-0.5123732217182915
expect contribute,0,2,-5.136462006286235,-0.5123732217182915
contributers sfi,0,2,-5.136462006286235,-0.5123732217182915
framework institution,0,2,-5.136462006286235,-0.5123732217182915
suggests contribution,0,2,-5.136462006286235,-0.5123732217182915
budget maximize,0,2,-5.136462006286235,-0.5123732217182915
low contributers,0,2,-5.136462006286235,-0.5123732217182915
contribution rational,0,2,-5.136462006286235,-0.5123732217182915
optimal choice,0,2,-5.136462006286235,-0.5123732217182915
following previous,0,2,-5.136462006286235,-0.5123732217182915
previous actions,0,2,-5.136462006286235,-0.5123732217182915
fact peers,0,2,-5.136462006286235,-0.5123732217182915
high payoff,0,2,-5.136462006286235,-0.5123732217182915
equally except,0,2,-5.136462006286235,-0.5123732217182915
maximize marginal,0,2,-5.136462006286235,-0.5123732217182915
consistent institution,0,2,-5.136462006286235,-0.5123732217182915
contribute equally,0,2,-5.136462006286235,-0.5123732217182915
sfi defect,0,2,-5.136462006286235,-0.5123732217182915
contributors dominant,0,2,-5.136462006286235,-0.5123732217182915
minimal amount,0,2,-5.136462006286235,-0.5123732217182915
across institution,0,2,-5.136462006286235,-0.5123732217182915
contributors notable,0,2,-5.136462006286235,-0.5123732217182915
considering ldf,0,2,-5.136462006286235,-0.5123732217182915
institution tendency,0,2,-5.136462006286235,-0.5123732217182915
considering vulnerability,0,2,-5.136462006286235,-0.5123732217182915
others low,0,2,-5.136462006286235,-0.5123732217182915
behavior mcpr,0,2,-5.136462006286235,-0.5123732217182915
group type,0,2,-5.136462006286235,-0.5123732217182915
lower contribution,0,2,-5.136462006286235,-0.5123732217182915
contributors standard,0,2,-5.136462006286235,-0.5123732217182915
strategy selfish,0,2,-5.136462006286235,-0.5123732217182915
contribution lowly,0,2,-5.136462006286235,-0.5123732217182915
given previous,0,2,-5.136462006286235,-0.5123732217182915
contribution developing,0,2,-5.136462006286235,-0.5123732217182915
dynamics game,0,2,-5.136462006286235,-0.5123732217182915
budget balances,0,2,-5.136462006286235,-0.5123732217182915
receive nothing,0,2,-5.136462006286235,-0.5123732217182915
group characteristics,0,2,-5.136462006286235,-0.5123732217182915
sfi group,0,2,-5.136462006286235,-0.5123732217182915
historical behavior,0,2,-5.136462006286235,-0.5123732217182915
contribution minimal,0,2,-5.136462006286235,-0.5123732217182915
contribution penalized,0,2,-5.136462006286235,-0.5123732217182915
free-riding rational,0,2,-5.136462006286235,-0.5123732217182915
institution group,0,2,-5.136462006286235,-0.5123732217182915
status high,0,2,-5.136462006286235,-0.5123732217182915
index group,0,2,-5.136462006286235,-0.5123732217182915
aligns goals,0,2,-5.136462006286235,-0.5123732217182915
rational given,0,2,-5.136462006286235,-0.5123732217182915
lowly sfi,0,2,-5.136462006286235,-0.5123732217182915
tend defect,0,2,-5.136462006286235,-0.5123732217182915
zero dollars,0,2,-5.136462006286235,-0.5123732217182915
contribution expected,0,2,-5.136462006286235,-0.5123732217182915
contribution need,0,2,-5.136462006286235,-0.5123732217182915
budget maximum,0,2,-5.136462006286235,-0.5123732217182915
billion aligns,0,2,-5.136462006286235,-0.5123732217182915
amount optimal,0,2,-5.136462006286235,-0.5123732217182915
indicates consistent,0,2,-5.136462006286235,-0.5123732217182915
sfi recent,0,2,-5.136462006286235,-0.5123732217182915
amount protect,0,2,-5.136462006286235,-0.5123732217182915
sfi relatively,0,2,-5.136462006286235,-0.5123732217182915
reduction aligns,0,2,-5.136462006286235,-0.5123732217182915
interests cooperate,0,2,-5.136462006286235,-0.5123732217182915
sfi present,0,2,-5.136462006286235,-0.5123732217182915
allowed stage,0,2,-5.136462006286235,-0.5123732217182915
low choosing,0,2,-5.136462006286235,-0.5123732217182915
use contribute,0,2,-5.136462006286235,-0.5123732217182915
given developing,0,2,-5.136462006286235,-0.5123732217182915
index aligns,0,2,-5.136462006286235,-0.5123732217182915
contribution seen,0,2,-5.136462006286235,-0.5123732217182915
observed peers,0,2,-5.136462006286235,-0.5123732217182915
understand dynamics,0,2,-5.136462006286235,-0.5123732217182915
typical behavior,11,16,-0.2076684557659263,-0.5304166967569591
present sfi,0,3,-5.54036873186155,-0.5531188329975882
strategy observed,0,3,-5.54036873186155,-0.5531188329975882
cooperate others,0,3,-5.54036873186155,-0.5531188329975882
strategy cooperate,0,3,-5.54036873186155,-0.5531188329975882
except free-riders,0,3,-5.54036873186155,-0.5531188329975882
country status,0,3,-5.54036873186155,-0.5531188329975882
defectors present,0,3,-5.54036873186155,-0.5531188329975882
protect institution,0,3,-5.54036873186155,-0.5531188329975882
sfi others,0,3,-5.54036873186155,-0.5531188329975882
nothing institution,0,3,-5.54036873186155,-0.5531188329975882
institution observed,0,3,-5.54036873186155,-0.5531188329975882
contribute defect,0,3,-5.54036873186155,-0.5531188329975882
others cooperate,0,3,-5.54036873186155,-0.5531188329975882
tend contribute,0,3,-5.54036873186155,-0.5531188329975882
contributors dominate,0,3,-5.54036873186155,-0.5531188329975882
high contributers,0,3,-5.54036873186155,-0.5531188329975882
institution interests,0,3,-5.54036873186155,-0.5531188329975882
sfi tend,0,3,-5.54036873186155,-0.5531188329975882
strategy institutionalization,0,3,-5.54036873186155,-0.5531188329975882
made low,0,3,-5.54036873186155,-0.5531188329975882
index consistent,0,3,-5.54036873186155,-0.5531188329975882
riding rational,0,3,-5.54036873186155,-0.5531188329975882
previous behavior,0,3,-5.54036873186155,-0.5531188329975882
dominate sfi,0,3,-5.54036873186155,-0.5531188329975882
incentives choose,0,4,-5.827321273581452,-0.5820068848526695
contribute minimally,0,4,-5.827321273581452,-0.5820068848526695
return past,0,4,-5.827321273581452,-0.5820068848526695
payoff balance,0,4,-5.827321273581452,-0.5820068848526695
past low,0,4,-5.827321273581452,-0.5820068848526695
sfi except,0,4,-5.827321273581452,-0.5820068848526695
needs cooperate,0,4,-5.827321273581452,-0.5820068848526695
sfi members,0,4,-5.827321273581452,-0.5820068848526695
behavior current,0,4,-5.827321273581452,-0.5820068848526695
aligning institution,0,4,-5.827321273581452,-0.5820068848526695
payoff advantage,0,4,-5.827321273581452,-0.5820068848526695
found institution,0,4,-5.827321273581452,-0.5820068848526695
highly except,0,4,-5.827321273581452,-0.5820068848526695
incentives contribution,0,4,-5.827321273581452,-0.5820068848526695
previous contribution,10,15,-0.23840934819570236,-0.5842342489495302
reward high,7,11,-0.2846973088142075,-0.5891944360597782
balance institution,0,5,-6.050067336800733,-0.6044038369347285
incentives given,0,5,-6.050067336800733,-0.6044038369347285
index aligning,0,5,-6.050067336800733,-0.6044038369347285
amounts institution,0,5,-6.050067336800733,-0.6044038369347285
strategy infection,0,5,-6.050067336800733,-0.6044038369347285
zero aligns,0,5,-6.050067336800733,-0.6044038369347285
sfi high,2,4,-0.5237768003798777,-0.6060636370186667
moderate level,2,4,-0.5237768003798777,-0.6060636370186667
maximizes cumulative,2,4,-0.5237768003798777,-0.6060636370186667
contribute stage,0,6,-6.232157569972921,-0.6226979207990281
strategy iterated,0,6,-6.232157569972921,-0.6226979207990281
defect contribute,0,6,-6.232157569972921,-0.6226979207990281
defect free-ride,0,6,-6.232157569972921,-0.6226979207990281
prisoner dilemma,0,6,-6.232157569972921,-0.6226979207990281
contribute less,0,6,-6.232157569972921,-0.6226979207990281
behavior previous,0,6,-6.232157569972921,-0.6226979207990281
iterated prisoner,0,6,-6.232157569972921,-0.6226979207990281
high amounts,0,6,-6.232157569972921,-0.6226979207990281
highly sfi,0,7,-6.386171932477096,-0.6381621755958912
follow contribute,0,7,-6.386171932477096,-0.6381621755958912
defectors sfi,0,7,-6.386171932477096,-0.6381621755958912
follow sfi,0,7,-6.386171932477096,-0.6381621755958912
developing country,0,7,-6.386171932477096,-0.6381621755958912
aligns previous,0,7,-6.386171932477096,-0.6381621755958912
between immediate,0,8,-6.51962641280069,-0.6515560539993142
institution past,0,11,-6.838043925055544,-0.6834940660123745
incentives contribute,0,11,-6.838043925055544,-0.6834940660123745
nothing due,0,11,-6.838043925055544,-0.6834940660123745
institution low,0,12,-6.925081071863671,-0.6922199823113258
significantly sfi,0,13,-7.005161200042485,-0.7002470529230708
against long-run,0,13,-7.005161200042485,-0.7002470529230708
needs against,0,13,-7.005161200042485,-0.7002470529230708
balances immediate,0,14,-7.079315749910844,-0.7076790579240206
contribute sfi,0,15,-7.148362527550804,-0.7145982516654953
contribution low,26,37,-0.1862993721190893,-0.7281182396417006
following past,3,6,-0.524687935985062,-0.7430504366356024
contribute moderately,3,6,-0.524687935985062,-0.7430504366356024
contribution balances,3,6,-0.524687935985062,-0.7430504366356024
current decision,3,6,-0.524687935985062,-0.7430504366356024
balancing immediate,0,24,-7.619030187059616,-0.7617444045648225
contribute zero,0,24,-7.619030187059616,-0.7617444045648225
immediate needs,0,26,-7.6992440575199215,-0.7697764429552473
incentives considering,0,33,-7.938285053580545,-0.7937082920605744
level cooperate,1,3,-0.9251284396229735,-0.8045127663728409
contributor sfi,1,3,-0.9251284396229735,-0.8045127663728409
maintaining consistency,1,3,-0.9251284396229735,-0.8045127663728409
contribution test,1,3,-0.9251284396229735,-0.8045127663728409
contribution consistent,1,3,-0.9251284396229735,-0.8045127663728409
others contribution,1,3,-0.9251284396229735,-0.8045127663728409
contribution maximizes,1,3,-0.9251284396229735,-0.8045127663728409
card choose,1,3,-0.9251284396229735,-0.8045127663728409
behavior high,1,3,-0.9251284396229735,-0.8045127663728409
amount given,1,3,-0.9251284396229735,-0.8045127663728409
index low,1,3,-0.9251284396229735,-0.8045127663728409
high-contributors low-contributors,1,3,-0.9251284396229735,-0.8045127663728409
contribution mostly,1,3,-0.9251284396229735,-0.8045127663728409
mcpr potential,1,3,-0.9251284396229735,-0.8045127663728409
choosing high,1,3,-0.9251284396229735,-0.8045127663728409
recent institution,1,3,-0.9251284396229735,-0.8045127663728409
contribution moderately,1,3,-0.9251284396229735,-0.8045127663728409
except follows,1,3,-0.9251284396229735,-0.8045127663728409
highly institution,0,41,-8.156104244280634,-0.8155110021781142
due high,4,8,-0.5251857978039105,-0.8585175624031945
mostly found,4,8,-0.5251857978039105,-0.8585175624031945
return contribution,2,5,-0.746522863599159,-0.8941110225884008
large payoffs,2,5,-0.746522863599159,-0.8941110225884008
zero rational,2,5,-0.746522863599159,-0.8941110225884008
reward large,2,5,-0.746522863599159,-0.8941110225884008
strategy except,2,5,-0.746522863599159,-0.8941110225884008
balance immediate,0,106,-9.112458501984499,-0.9112028739987326
immediate resilience,0,128,-9.303289763329884,-0.9302926403251502
resilience needs,0,128,-9.303289763329884,-0.9302926403251502
contribute moderate,46,65,-0.17972126087198959,-0.9328569360248663
needs long-run,0,132,-9.334469839502944,-0.9334116307969516
long-run cooperate,0,146,-9.436706351660495,-0.9436383215517415
cooperate incentives,0,154,-9.49087203496322,-0.9490563924779719
history contribution,3,7,-0.6787022984892364,-0.9848899729902089
decision card,3,7,-0.6787022984892364,-0.9848899729902089
contribution observed,3,7,-0.6787022984892364,-0.9848899729902089
contribution considering,3,7,-0.6787022984892364,-0.9848899729902089
countries non-binding,0,420,-10.52189965031049,-1.052177439481934
defaults developing,0,420,-10.52189965031049,-1.052177439481934
non-binding agreement,0,420,-10.52189965031049,-1.052177439481934
developing countries,0,421,-10.52438357032059,-1.0524258582837045
mostly strategy,4,9,-0.6429315389208323,-1.0710107259567807
behavior institution,1,4,-1.2120809813428757,-1.0887111015669968
higher contribution,1,4,-1.2120809813428757,-1.0887111015669968
maximizing contribution,1,4,-1.2120809813428757,-1.0887111015669968
considering current,1,4,-1.2120809813428757,-1.0887111015669968
contribution little,1,4,-1.2120809813428757,-1.0887111015669968
recent history,1,4,-1.2120809813428757,-1.0887111015669968
contributors significantly,1,4,-1.2120809813428757,-1.0887111015669968
zero optimal,1,4,-1.2120809813428757,-1.0887111015669968
follows sfi,1,4,-1.2120809813428757,-1.0887111015669968
aligns self-interest,1,4,-1.2120809813428757,-1.0887111015669968
institution choices,1,4,-1.2120809813428757,-1.0887111015669968
choice given,1,4,-1.2120809813428757,-1.0887111015669968
maximum maximize,2,6,-0.9286130967713468,-1.139679889915457
requires balancing,2,6,-0.9286130967713468,-1.139679889915457
sfi strategy,3,8,-0.8121567788128292,-1.2012919924145522
choosing contribute,3,8,-0.8121567788128292,-1.2012919924145522
mostly sfi,24,39,-0.3193836442702356,-1.2312819920149822
considering institution,16,28,-0.3932259668384379,-1.2550741656507933
rational choice,4,10,-0.748282501493863,-1.2661373130995182
peers institution,11,21,-0.47996111143978837,-1.290036719652505
contribution moderate,11,21,-0.47996111143978837,-1.290036719652505
moderately except,1,5,-1.434827044562157,-1.3154697271764255
free riding,1,5,-1.434827044562157,-1.3154697271764255
starting moderate,1,5,-1.434827044562157,-1.3154697271764255
relatively low,2,7,-1.0826274592755212,-1.353109075930089
moderate amount,56,84,-0.24017964084186616,-1.3923211909257798
contribution balance,38,60,-0.2911538967911138,-1.404513785299153
sfi contribute,4,11,-0.8436033100587643,-1.4463358616063093
contribution balancing,1,6,-1.6169172777343448,-1.503547554438536
significantly higher,1,6,-1.6169172777343448,-1.503547554438536
contribution highly,1,6,-1.6169172777343448,-1.503547554438536
contribute maximum,5,14,-0.8621106283263593,-1.6561347637643533
chose contribute,5,14,-0.8621106283263593,-1.6561347637643533
choose contribute,43,70,-0.3221157991111703,-1.6626434861350188
follow defect,1,7,-1.7709316402385191,-1.6639271535728575
deviate sfi,1,7,-1.7709316402385191,-1.6639271535728575
index contribution,3,11,-1.130574291067683,-1.7382090468854496
contributors strategy,25,46,-0.44421140068942755,-1.788060993002733
except sfi,8,20,-0.7495660946068448,-1.792733238238473
maximum amount,8,20,-0.7495660946068448,-1.792733238238473
contribute due,1,8,-1.9043861205621138,-1.8035520638108102
high low,1,8,-1.9043861205621138,-1.8035520638108102
except high,1,8,-1.9043861205621138,-1.8035520638108102
contribute high,1,8,-1.9043861205621138,-1.8035520638108102
contributors defectors,5,15,-0.931157405966319,-1.8046802862429938
past behavior,9,22,-0.7272697594180073,-1.83885315648258
sfi low,2,11,-1.5344994518539696,-2.0005662307701395
contribute nothing,5,17,-1.0564451823230439,-2.078305224599859
contribution zero,9,24,-0.8144464340633597,-2.084646722314079
contributors mostly,101,156,-0.2714204707202228,-2.1252867943510565
marginal return,78,125,-0.3078740931732966,-2.133787911874321
contribution past,4,16,-1.218520296562522,-2.182069521286066
follow except,7,22,-0.9785068961729255,-2.25623440258178
institution sfi,4,18,-1.336436964945845,-2.4202981276264683
sfi institution,8,26,-1.01242450534021,-2.5054280078985673
peers sfi,1,16,-2.597720619320725,-2.53203098861401
low contributors,90,149,-0.34142468290552586,-2.55758974503931
high contributors,163,250,-0.2665907418859206,-2.6481667957456585
contribution sfi,6,24,-1.2197163848537578,-2.6741565616567082
mostly low,13,37,-0.8806227911157176,-2.732223788326931
amount balance,12,36,-0.9332282071438822,-2.8006564844888757
low contribution,28,63,-0.6467321906995274,-2.84785161414304
contribution significantly,6,27,-1.3377579597606122,-2.9661187714475843
zero due,1,25,-3.0446968249325153,-2.999908033359925
contributors low,17,54,-0.9917716261872567,-3.567061447933073
contribute highly,1,56,-3.854105915853763,-3.838870944393522
contributors institution,5,40,-1.914110845291141,-4.038940703539205
due low,4,41,-2.1616636292838542,-4.131449428479595
contributors sfi,32,89,-0.8608752813153817,-4.1770906586974315
mostly institution,16,64,-1.2233691456402926,-4.3780208857422975
low marginal,15,67,-1.3340946200506583,-4.67182864753775
return high,9,59,-1.7172449415902964,-4.801082124056016
vulnerability index,18,78,-1.3046422786448204,-4.990483141696109
peers contribute,23,90,-1.2033505304732888,-5.151316007061972
high vulnerability,10,70,-1.7839287933257744,-5.279287570315057
