term,count_SI,count_SFI,log_odds_SI_minus_SFI,z
contributors follow strategy,74,12,1.9974717238298396,6.42092543939064
contribution peers strategy,48,9,1.8486634867849805,5.091813702778042
high contribution peers,90,45,0.8703498941136267,4.767544070709863
maximize cumulative payoff,59,30,0.850801100514591,3.794722768177586
mostly following strategy,27,2,2.771466233167752,3.7907156511076687
previous group average,27,6,1.6756885118326217,3.7153889564112372
peers follow strategy,114,80,0.5306679462933044,3.638674555367075
contributors mostly following,29,1,3.5314959287347607,3.48889514389911
cumulative payoff contribute,29,11,1.141422774198512,3.2245975173609995
contribute significant amount,34,16,0.9261422100741221,3.055658503294036
contributors reward low,20,6,1.3746991982320438,2.9553900958968176
reward low contributors,20,6,1.3746991982320438,2.9553900958968176
contribution balance between,17,4,1.6167114575756987,2.912329460239205
amount maintain credibility,14,1,2.8014538319903455,2.7191192713433874
follow selfish-institutional strategy,13,2,2.038949796855009,2.6903466566789214
payoff contribute significant,13,3,1.6350225387467345,2.5563150917316797
group average maintain,11,1,2.560052416567994,2.4623567252801375
peers follow selfish-institutional,11,2,1.8717461387898489,2.440243372725375
others contribute little,10,1,2.4646884324057785,2.3607443294444845
high contributors reward,41,28,0.5535055415585841,2.2580623775274864
payoff contribute moderate,12,4,1.2679261348756228,2.19839834219767
cumulative payoff considering,8,1,2.24150540938498,2.1228214506972507
significant amount maintain,7,1,2.108007785319935,1.9806362449227024
contribution current mcpr,8,2,1.553199131606835,1.9688270385594826
contribution choose moderate,8,2,1.553199131606835,1.9688270385594826
moderate amount maintain,8,2,1.553199131606835,1.9688270385594826
reward higher payoffs,12,5,1.0451595299516931,1.9651385427024934
low contributors penalized,9,3,1.2670607689715938,1.9032281555805235
average maintain cooperate,6,1,1.9539502896850154,1.8169495867265115
contributors sfi penalized,6,1,1.9539502896850154,1.8169495867265115
unit contribution choose,6,1,1.9539502896850154,1.8169495867265115
contribute little nothing,6,1,1.9539502896850154,1.8169495867265115
slightly above previous,6,1,1.9539502896850154,1.8169495867265115
cooperate considering past,6,1,1.9539502896850154,1.8169495867265115
above previous group,6,1,1.9539502896850154,1.8169495867265115
balance between contribution,6,1,1.9539502896850154,1.8169495867265115
choose contribute significant,11,5,0.9580791969197104,1.7777990788517506
data internal beliefs,11,5,0.9580791969197104,1.7777990788517506
high marginal return,35,27,0.4309288069899537,1.6826662871556053
maximizing cumulative payoff,39,31,0.4011020770467528,1.667180860874095
contribution others contribute,5,1,1.7718169339888368,1.6244268238421098
internal beliefs previous,5,1,1.7718169339888368,1.6244268238421098
beliefs previous data,5,1,1.7718169339888368,1.6244268238421098
high-contributors mostly following,5,1,1.7718169339888368,1.6244268238421098
group average contribution,15,9,0.6811835782768423,1.616331399095184
cumulative payoff requires,34,27,0.40180454053361814,1.558993650998893
marginal return per,36,29,0.38755890787141745,1.5534585363627522
allowed amount maximize,6,2,1.2656440119068701,1.5533154046365443
amount maximize cumulative,6,2,1.2656440119068701,1.5533154046365443
peers use strategy,6,2,1.2656440119068701,1.5533154046365443
strategy past contribution,6,2,1.2656440119068701,1.5533154046365443
reward high payoffs,7,3,1.0157742494335151,1.47402753065023
requires balance between,7,3,1.0157742494335151,1.47402753065023
institution history high,7,3,1.0157742494335151,1.47402753065023
payoff requires balance,7,3,1.0157742494335151,1.47402753065023
group average previous,13,8,0.655662126335864,1.4598850066329203
return per unit,36,30,0.35354654259026574,1.430386468196694
per unit contribution,36,30,0.35354654259026574,1.430386468196694
contribution group average,8,4,0.8622987946606262,1.409593828223931
contribution emissions reduction,4,1,1.5490277588483634,1.3913622469558358
follow strategy deviate,4,1,1.5490277588483634,1.3913622469558358
unit contribution mcpr,4,1,1.5490277588483634,1.3913622469558358
choose contribute billion,4,1,1.5490277588483634,1.3913622469558358
historical emissions index,4,1,1.5490277588483634,1.3913622469558358
previous rounds contribution,4,1,1.5490277588483634,1.3913622469558358
beliefs choose contribute,4,1,1.5490277588483634,1.3913622469558358
given institution historical,4,1,1.5490277588483634,1.3913622469558358
maintain flexibility future,4,1,1.5490277588483634,1.3913622469558358
choosing contribution similar,4,1,1.5490277588483634,1.3913622469558358
high contributors emerging,4,1,1.5490277588483634,1.3913622469558358
contribution peers except,4,1,1.5490277588483634,1.3913622469558358
contributors reward higher,9,5,0.7573210852097301,1.3588993789455663
contribution maximum allowed,9,5,0.7573210852097301,1.3588993789455663
contribution institution strategy,10,6,0.680604433292503,1.318917991410513
significant amount advantage,10,6,0.680604433292503,1.318917991410513
institution history cooperate,5,2,1.0835106562106915,1.297721567614506
institution strategy past,5,2,1.0835106562106915,1.297721567614506
previous maintain cooperate,5,2,1.0835106562106915,1.297721567614506
high contribution others,5,2,1.0835106562106915,1.297721567614506
peers institution strategy,5,2,1.0835106562106915,1.297721567614506
significant amount maximize,6,3,0.8617167537985964,1.2203425431616755
return low vulnerability,6,3,0.8617167537985964,1.2203425431616755
contribution maximize cumulative,6,3,0.8617167537985964,1.2203425431616755
contribution significant amount,17,13,0.4386864904696157,1.1910766793393237
given institution history,7,4,0.728801170595581,1.1639905636870724
low vulnerability index,7,4,0.728801170595581,1.1639905636870724
amount aligns institution,7,4,0.728801170595581,1.1639905636870724
given high marginal,7,4,0.728801170595581,1.1639905636870724
previous data internal,8,5,0.6395321897366966,1.1227731999271837
contribution slightly above,3,1,1.2620321158061198,1.0974918781573015
considering previous rounds,3,1,1.2620321158061198,1.0974918781573015
considering high mcpr,3,1,1.2620321158061198,1.0974918781573015
contribute billion usd,3,1,1.2620321158061198,1.0974918781573015
average contribution previous,3,1,1.2620321158061198,1.0974918781573015
contributors strategy incentivization,3,1,1.2620321158061198,1.0974918781573015
peers follow cooperate,3,1,1.2620321158061198,1.0974918781573015
between contribution emissions,3,1,1.2620321158061198,1.0974918781573015
amount maximize payoff,3,1,1.2620321158061198,1.0974918781573015
index choose contribute,3,1,1.2620321158061198,1.0974918781573015
aligns past behavior,3,1,1.2620321158061198,1.0974918781573015
rounds group average,3,1,1.2620321158061198,1.0974918781573015
contributors defectors penalized,3,1,1.2620321158061198,1.0974918781573015
cooperate considering institution,3,1,1.2620321158061198,1.0974918781573015
previous contribution current,3,1,1.2620321158061198,1.0974918781573015
amount advantage mcpr,3,1,1.2620321158061198,1.0974918781573015
contribution amount balances,3,1,1.2620321158061198,1.0974918781573015
previous data expect,3,1,1.2620321158061198,1.0974918781573015
contribution internal beliefs,9,6,0.5752103057447382,1.0921727174538343
contribute group average,9,6,0.5752103057447382,1.0921727174538343
developed countries binding,360,0,10.714419650320291,1.0714270846169787
mode defaults developed,360,0,10.714419650320291,1.0714270846169787
defaults developed countries,360,0,10.714419650320291,1.0714270846169787
countries binding treaty,360,0,10.714419650320291,1.0714270846169787
payoff requires contribution,24,21,0.30411218740300683,1.0179822040229518
average previous maintain,4,2,0.8607214810702182,0.9959432928284973
previous-round peer data,4,2,0.8607214810702182,0.9959432928284973
flexibility future rounds,4,2,0.8607214810702182,0.9959432928284973
aligns institution strategy,4,2,0.8607214810702182,0.9959432928284973
contribution marginal return,5,3,0.6795833981024177,0.9318750568860561
considering past contribution,5,3,0.6795833981024177,0.9318750568860561
current mcpr choose,5,3,0.6795833981024177,0.9318750568860561
history high contribution,6,4,0.5747436749606614,0.8913530648553496
contributors use strategy,6,4,0.5747436749606614,0.8913530648553496
high contribution maximize,6,4,0.5747436749606614,0.8913530648553496
marginal return low,7,5,0.5060345656716514,0.8649795128427099
internal beliefs choose,7,5,0.5060345656716514,0.8649795128427099
low contribution others,11,9,0.37069216708725783,0.8251585949054344
balance self-interest cooperate,23,0,7.9141569129718805,0.7912437752114633
self-interest cooperate considering,21,0,7.822936788380342,0.7821075735234373
contribution balance self-interest,16,0,7.5504278290828255,0.7548070898221878
contributors mostly group,13,0,7.3424984631802195,0.7339678221684524
prior experience peer,2,1,0.8580822995033639,0.7035325371133214
standard institution setting,2,1,0.8580822995033639,0.7035325371133214
contribution million usd,2,1,0.8580822995033639,0.7035325371133214
peers except defectors,2,1,0.8580822995033639,0.7035325371133214
considering past peer,2,1,0.8580822995033639,0.7035325371133214
reward significant payoffs,2,1,0.8580822995033639,0.7035325371133214
budget marginal return,2,1,0.8580822995033639,0.7035325371133214
institution strategy contribution,2,1,0.8580822995033639,0.7035325371133214
cumulative payoff align,2,1,0.8580822995033639,0.7035325371133214
reduction fund considering,2,1,0.8580822995033639,0.7035325371133214
observed peer behavior,2,1,0.8580822995033639,0.7035325371133214
contribution balance interests,2,1,0.8580822995033639,0.7035325371133214
internal beliefs previous-round,2,1,0.8580822995033639,0.7035325371133214
high budget marginal,2,1,0.8580822995033639,0.7035325371133214
peers follow institution,2,1,0.8580822995033639,0.7035325371133214
low contributors free-riders,2,1,0.8580822995033639,0.7035325371133214
made significant contribution,2,1,0.8580822995033639,0.7035325371133214
behavior internal beliefs,2,1,0.8580822995033639,0.7035325371133214
similar previous rounds,2,1,0.8580822995033639,0.7035325371133214
significantly emissions reduction,2,1,0.8580822995033639,0.7035325371133214
budget choose contribute,2,1,0.8580822995033639,0.7035325371133214
current budget choose,2,1,0.8580822995033639,0.7035325371133214
beliefs previous-round peer,2,1,0.8580822995033639,0.7035325371133214
high contribution align,2,1,0.8580822995033639,0.7035325371133214
choosing contribution amount,2,1,0.8580822995033639,0.7035325371133214
given high budget,2,1,0.8580822995033639,0.7035325371133214
data expect moderate,2,1,0.8580822995033639,0.7035325371133214
chose contribute moderate,2,1,0.8580822995033639,0.7035325371133214
given institution high,2,1,0.8580822995033639,0.7035325371133214
data observed high,2,1,0.8580822995033639,0.7035325371133214
experience peer data,2,1,0.8580822995033639,0.7035325371133214
mostly low-contributors mostly,2,1,0.8580822995033639,0.7035325371133214
significant risk punishment,2,1,0.8580822995033639,0.7035325371133214
average previous member,2,1,0.8580822995033639,0.7035325371133214
following high-contributor strategy,2,1,0.8580822995033639,0.7035325371133214
considering group average,2,1,0.8580822995033639,0.7035325371133214
maintaining consistent contribution,2,1,0.8580822995033639,0.7035325371133214
data choose contribute,2,1,0.8580822995033639,0.7035325371133214
institution strategy maximizes,2,1,0.8580822995033639,0.7035325371133214
balances self-interest cooperate,9,0,6.974536693405079,0.6970669470100601
follow self-interested strategy,9,0,6.974536693405079,0.6970669470100601
between cooperate self-interest,9,0,6.974536693405079,0.6970669470100601
peers follow self-interested,9,0,6.974536693405079,0.6970669470100601
amount balance self-interest,9,0,6.974536693405079,0.6970669470100601
balance between cooperate,8,0,6.856747797932045,0.685247168414045
cooperate self-interest considering,8,0,6.856747797932045,0.685247168414045
cooperate considering previous,7,0,6.723250173867,0.6718459827570272
contribute previous group,7,0,6.723250173867,0.6718459827570272
high fiscal capacity,6,0,6.56919267823208,0.6563734270411088
unit contribution high,6,0,6.56919267823208,0.6563734270411088
between self-interest cooperate,6,0,6.56919267823208,0.6563734270411088
institution historical strategy,6,0,6.56919267823208,0.6563734270411088
following institution strategy,6,0,6.56919267823208,0.6563734270411088
average maintain consistency,5,0,6.387059322535902,0.6380694538371504
long-run climate stability,5,0,6.387059322535902,0.6380694538371504
considering previous contribution,5,0,6.387059322535902,0.6380694538371504
given institution strategy,5,0,6.387059322535902,0.6380694538371504
individual collective interests,5,0,6.387059322535902,0.6380694538371504
amount balances self-interest,5,0,6.387059322535902,0.6380694538371504
self-interest considering institution,5,0,6.387059322535902,0.6380694538371504
balance between self-interest,5,0,6.387059322535902,0.6380694538371504
maintain cooperate credibility,5,0,6.387059322535902,0.6380694538371504
peers follow deviate,14,13,0.2442222501599094,0.6343081213454438
advantage high mcpr,14,13,0.2442222501599094,0.6343081213454438
amount aligns past,3,2,0.5737258380279737,0.6298452042674291
vulnerability index choose,3,2,0.5737258380279737,0.6298452042674291
past contribution choose,3,2,0.5737258380279737,0.6298452042674291
considering institution typical,3,2,0.5737258380279737,0.6298452042674291
significant amount demonstrate,3,2,0.5737258380279737,0.6298452042674291
amount demonstrate commitment,3,2,0.5737258380279737,0.6298452042674291
group average level,3,2,0.5737258380279737,0.6298452042674291
contribution recent contribution,3,2,0.5737258380279737,0.6298452042674291
follow cooperate strategy,3,2,0.5737258380279737,0.6298452042674291
considering mcpr previous,3,2,0.5737258380279737,0.6298452042674291
contributors following strategy,4,0,6.1642701473954284,0.6156598370748422
contribution top peers,4,0,6.1642701473954284,0.6156598370748422
capacity historically higher,4,0,6.1642701473954284,0.6156598370748422
follow standard institution,4,0,6.1642701473954284,0.6156598370748422
peers others contribute,4,0,6.1642701473954284,0.6156598370748422
followers strategy contribute,4,0,6.1642701473954284,0.6156598370748422
balance individual collective,4,0,6.1642701473954284,0.6156598370748422
contribution much possible,4,0,6.1642701473954284,0.6156598370748422
fiscal capacity historically,4,0,6.1642701473954284,0.6156598370748422
standard institution strategy,4,0,6.1642701473954284,0.6156598370748422
high contribution top,4,0,6.1642701473954284,0.6156598370748422
amount maximize mcpr,4,0,6.1642701473954284,0.6156598370748422
credibility long-run climate,4,0,6.1642701473954284,0.6156598370748422
moderate contribution maintain,4,0,6.1642701473954284,0.6156598370748422
historically higher emissions,4,0,6.1642701473954284,0.6156598370748422
mostly following low-contributors,4,0,6.1642701473954284,0.6156598370748422
contribution peers others,4,0,6.1642701473954284,0.6156598370748422
institution high fiscal,4,0,6.1642701473954284,0.6156598370748422
amount slightly above,4,0,6.1642701473954284,0.6156598370748422
high contribution current,4,0,6.1642701473954284,0.6156598370748422
follow strategy institution,4,0,6.1642701473954284,0.6156598370748422
strategy high contribution,4,0,6.1642701473954284,0.6156598370748422
institution strategy historical,4,0,6.1642701473954284,0.6156598370748422
institution strategy high,4,0,6.1642701473954284,0.6156598370748422
requires contribution much,4,0,6.1642701473954284,0.6156598370748422
past contribution current,4,3,0.4567942229619444,0.5989733237764164
moderate amount aligns,4,3,0.4567942229619444,0.5989733237764164
given institution typical,4,3,0.4567942229619444,0.5989733237764164
recent contribution institution,4,3,0.4567942229619444,0.5989733237764164
rounds data internal,3,0,5.877274504353185,0.5867535848939861
strategy low contributors,3,0,5.877274504353185,0.5867535848939861
cooperate considering high,3,0,5.877274504353185,0.5867535848939861
high-contributors mostly institution,3,0,5.877274504353185,0.5867535848939861
past rounds group,3,0,5.877274504353185,0.5867535848939861
mcpr previous group,3,0,5.877274504353185,0.5867535848939861
self-interest cooperate given,3,0,5.877274504353185,0.5867535848939861
between contribution enough,3,0,5.877274504353185,0.5867535848939861
maintain credibility long-run,3,0,5.877274504353185,0.5867535848939861
optimal given low,3,0,5.877274504353185,0.5867535848939861
following group average,3,0,5.877274504353185,0.5867535848939861
strategy contribute significantly,3,0,5.877274504353185,0.5867535848939861
strategy high contributors,3,0,5.877274504353185,0.5867535848939861
low contributors selfish,3,0,5.877274504353185,0.5867535848939861
contribution nothing maximizes,3,0,5.877274504353185,0.5867535848939861
high contribution choose,3,0,5.877274504353185,0.5867535848939861
peers follow standard,3,0,5.877274504353185,0.5867535848939861
maintain credibility support,3,0,5.877274504353185,0.5867535848939861
between maximizing payoff,3,0,5.877274504353185,0.5867535848939861
maintain credibility considering,3,0,5.877274504353185,0.5867535848939861
past contribution outcomes,3,0,5.877274504353185,0.5867535848939861
observed high contribution,3,0,5.877274504353185,0.5867535848939861
emissions reduction maintaining,3,0,5.877274504353185,0.5867535848939861
strategy contribute significant,3,0,5.877274504353185,0.5867535848939861
cooperate given high,3,0,5.877274504353185,0.5867535848939861
institution typical strategy,3,0,5.877274504353185,0.5867535848939861
payoff contribution global,3,0,5.877274504353185,0.5867535848939861
contribution optimal given,3,0,5.877274504353185,0.5867535848939861
maximize payoff contribution,3,0,5.877274504353185,0.5867535848939861
low contributors observed,3,0,5.877274504353185,0.5867535848939861
internal beliefs peers,3,0,5.877274504353185,0.5867535848939861
following strategy low,3,0,5.877274504353185,0.5867535848939861
maintain cooperate institution,3,0,5.877274504353185,0.5867535848939861
peers cooperate institution,3,0,5.877274504353185,0.5867535848939861
balancing self-interest cooperate,3,0,5.877274504353185,0.5867535848939861
contribution contribute moderate,3,0,5.877274504353185,0.5867535848939861
align institution strategy,3,0,5.877274504353185,0.5867535848939861
peers contribution institution,3,0,5.877274504353185,0.5867535848939861
amount similar previous,3,0,5.877274504353185,0.5867535848939861
contribution maintain credibility,3,0,5.877274504353185,0.5867535848939861
peers low contributors,3,0,5.877274504353185,0.5867535848939861
payoffs low contributors,3,0,5.877274504353185,0.5867535848939861
top peers low,3,0,5.877274504353185,0.5867535848939861
contribution balance individual,3,0,5.877274504353185,0.5867535848939861
maintain consistency cooperate,3,0,5.877274504353185,0.5867535848939861
cooperate institution credibility,3,0,5.877274504353185,0.5867535848939861
balance between maximizing,3,0,5.877274504353185,0.5867535848939861
moderate amount align,3,0,5.877274504353185,0.5867535848939861
high contribution reward,7,6,0.3239237862066595,0.5826846708926405
maximum allowed amount,7,6,0.3239237862066595,0.5826846708926405
peer deviated sfi,2,0,5.47332468805043,0.5459760045912007
cumulative payoff already,2,0,5.47332468805043,0.5459760045912007
significant amount reduce,2,0,5.47332468805043,0.5459760045912007
historical high contribution,2,0,5.47332468805043,0.5459760045912007
high cumulative payoff,2,0,5.47332468805043,0.5459760045912007
strategy high marginal,2,0,5.47332468805043,0.5459760045912007
considering institution high,2,0,5.47332468805043,0.5459760045912007
high contribution optimal,2,0,5.47332468805043,0.5459760045912007
maximizes current payoff,2,0,5.47332468805043,0.5459760045912007
maintain consistent level,2,0,5.47332468805043,0.5459760045912007
emissions reduction given,2,0,5.47332468805043,0.5459760045912007
contribution institution typical,2,0,5.47332468805043,0.5459760045912007
marginal return group,2,0,5.47332468805043,0.5459760045912007
significant amount global,2,0,5.47332468805043,0.5459760045912007
contributors reward free-riders,2,0,5.47332468805043,0.5459760045912007
previous high contributor,2,0,5.47332468805043,0.5459760045912007
behavior maximizes payoff,2,0,5.47332468805043,0.5459760045912007
strategy contribution significant,2,0,5.47332468805043,0.5459760045912007
suggest cooperate strategy,2,0,5.47332468805043,0.5459760045912007
free-riders sfi penalized,2,0,5.47332468805043,0.5459760045912007
follow strategy either,2,0,5.47332468805043,0.5459760045912007
selfish institution framework,2,0,5.47332468805043,0.5459760045912007
optimal maximize cumulative,2,0,5.47332468805043,0.5459760045912007
considering potential benefits,2,0,5.47332468805043,0.5459760045912007
emerging peers contribution,2,0,5.47332468805043,0.5459760045912007
contribution enough benefit,2,0,5.47332468805043,0.5459760045912007
reward free-riders sfi,2,0,5.47332468805043,0.5459760045912007
given high wealth,2,0,5.47332468805043,0.5459760045912007
average level maintain,2,0,5.47332468805043,0.5459760045912007
institution framework sfi,2,0,5.47332468805043,0.5459760045912007
considering past rounds,2,0,5.47332468805043,0.5459760045912007
future stage budget,2,0,5.47332468805043,0.5459760045912007
maintain credibility minimizing,2,0,5.47332468805043,0.5459760045912007
payoff requires high,2,0,5.47332468805043,0.5459760045912007
peer behavior internal,2,0,5.47332468805043,0.5459760045912007
cooperate strategy within,2,0,5.47332468805043,0.5459760045912007
long-term benefits cooperate,2,0,5.47332468805043,0.5459760045912007
significantly institution except,2,0,5.47332468805043,0.5459760045912007
strategy historical high,2,0,5.47332468805043,0.5459760045912007
maintain credibility cooperate,2,0,5.47332468805043,0.5459760045912007
credibility considering potential,2,0,5.47332468805043,0.5459760045912007
contribute small amount,2,0,5.47332468805043,0.5459760045912007
contribution choose significant,2,0,5.47332468805043,0.5459760045912007
maximizing payoff contribution,2,0,5.47332468805043,0.5459760045912007
strategy maximizes cumulative,2,0,5.47332468805043,0.5459760045912007
allowed advantage high,2,0,5.47332468805043,0.5459760045912007
budget maximizes payoff,2,0,5.47332468805043,0.5459760045912007
contribution optimal maximize,2,0,5.47332468805043,0.5459760045912007
similar previous group,2,0,5.47332468805043,0.5459760045912007
insufficient funds stage,2,0,5.47332468805043,0.5459760045912007
considering potential long-term,2,0,5.47332468805043,0.5459760045912007
self-interest considering past,2,0,5.47332468805043,0.5459760045912007
internal beliefs contributors,2,0,5.47332468805043,0.5459760045912007
unit contribution recent,2,0,5.47332468805043,0.5459760045912007
nothing maximizes payoff,2,0,5.47332468805043,0.5459760045912007
contribution around billion,2,0,5.47332468805043,0.5459760045912007
follow self-interest strategy,2,0,5.47332468805043,0.5459760045912007
benefit mcpr over-contributing,2,0,5.47332468805043,0.5459760045912007
moderate amount similar,2,0,5.47332468805043,0.5459760045912007
contribution peers similar,2,0,5.47332468805043,0.5459760045912007
requires contribution enough,2,0,5.47332468805043,0.5459760045912007
contribution received payoff,2,0,5.47332468805043,0.5459760045912007
self-interest institution credibility,2,0,5.47332468805043,0.5459760045912007
interests need collective,2,0,5.47332468805043,0.5459760045912007
behavior maximizing cumulative,2,0,5.47332468805043,0.5459760045912007
requires high contribution,2,0,5.47332468805043,0.5459760045912007
high contributors use,2,0,5.47332468805043,0.5459760045912007
mostly cooperate low-contributors,2,0,5.47332468805043,0.5459760045912007
contribute full budget,2,0,5.47332468805043,0.5459760045912007
group average recent,2,0,5.47332468805043,0.5459760045912007
following low-contributors sfi,2,0,5.47332468805043,0.5459760045912007
moderate contribution peers,2,0,5.47332468805043,0.5459760045912007
following strategy contribute,2,0,5.47332468805043,0.5459760045912007
contributors emerging peers,2,0,5.47332468805043,0.5459760045912007
unit contribution previous,2,0,5.47332468805043,0.5459760045912007
amount maintain consistency,2,0,5.47332468805043,0.5459760045912007
follow similar strategy,2,0,5.47332468805043,0.5459760045912007
contribution peers framework,2,0,5.47332468805043,0.5459760045912007
internal beliefs contribution,2,0,5.47332468805043,0.5459760045912007
strategy choose contribute,2,0,5.47332468805043,0.5459760045912007
payoff already high,2,0,5.47332468805043,0.5459760045912007
historical contribution contribute,2,0,5.47332468805043,0.5459760045912007
consistent level contribution,2,0,5.47332468805043,0.5459760045912007
contribution balances self-interest,2,0,5.47332468805043,0.5459760045912007
potential long-term benefits,2,0,5.47332468805043,0.5459760045912007
expect others follow,2,0,5.47332468805043,0.5459760045912007
moderate amount advantage,2,0,5.47332468805043,0.5459760045912007
contributors observed sfi,2,0,5.47332468805043,0.5459760045912007
low-contributors use sfi,2,0,5.47332468805043,0.5459760045912007
contributors use institution,2,0,5.47332468805043,0.5459760045912007
amount balance individual,2,0,5.47332468805043,0.5459760045912007
contribution previous maintain,2,0,5.47332468805043,0.5459760045912007
cooperate strategy optimal,2,0,5.47332468805043,0.5459760045912007
balance between individual,2,0,5.47332468805043,0.5459760045912007
contribution high amount,2,0,5.47332468805043,0.5459760045912007
typical behavior historical,2,0,5.47332468805043,0.5459760045912007
choose significant contribution,2,0,5.47332468805043,0.5459760045912007
already high contribution,2,0,5.47332468805043,0.5459760045912007
deviated expected behavior,2,0,5.47332468805043,0.5459760045912007
contribution around amount,2,0,5.47332468805043,0.5459760045912007
maintain consistency previous,2,0,5.47332468805043,0.5459760045912007
marginal return institution,2,0,5.47332468805043,0.5459760045912007
contributors strategy inclusion,2,0,5.47332468805043,0.5459760045912007
previous data observed,2,0,5.47332468805043,0.5459760045912007
moderate amount maximize,2,0,5.47332468805043,0.5459760045912007
payoff institution credibility,2,0,5.47332468805043,0.5459760045912007
choose high contribution,2,0,5.47332468805043,0.5459760045912007
emissions choose contribute,2,0,5.47332468805043,0.5459760045912007
past behavior allows,2,0,5.47332468805043,0.5459760045912007
peers similar strategies,2,0,5.47332468805043,0.5459760045912007
align previous group,2,0,5.47332468805043,0.5459760045912007
contribution level considering,2,0,5.47332468805043,0.5459760045912007
balancing cooperate self-interest,2,0,5.47332468805043,0.5459760045912007
follow strategy contribution,2,0,5.47332468805043,0.5459760045912007
beliefs peers follow,2,0,5.47332468805043,0.5459760045912007
past behavior maximizing,2,0,5.47332468805043,0.5459760045912007
strategy institution interaction,2,0,5.47332468805043,0.5459760045912007
balance self-interest institution,2,0,5.47332468805043,0.5459760045912007
enough benefit mcpr,2,0,5.47332468805043,0.5459760045912007
contribution low others,2,0,5.47332468805043,0.5459760045912007
data contribute moderate,2,0,5.47332468805043,0.5459760045912007
significant contribution maximize,2,0,5.47332468805043,0.5459760045912007
peer data contribute,2,0,5.47332468805043,0.5459760045912007
balance interests need,2,0,5.47332468805043,0.5459760045912007
high contribution peer,2,0,5.47332468805043,0.5459760045912007
previous contribution marginal,2,0,5.47332468805043,0.5459760045912007
avoid punishment effects,2,0,5.47332468805043,0.5459760045912007
reduction maintaining high,2,0,5.47332468805043,0.5459760045912007
contribution high contribution,2,0,5.47332468805043,0.5459760045912007
payoff considering previous,2,0,5.47332468805043,0.5459760045912007
amount reduce emissions,2,0,5.47332468805043,0.5459760045912007
follow strategy exceptions,2,0,5.47332468805043,0.5459760045912007
follow strategy high,2,0,5.47332468805043,0.5459760045912007
set example others,2,0,5.47332468805043,0.5459760045912007
amount align previous,2,0,5.47332468805043,0.5459760045912007
contribution reward higher,2,0,5.47332468805043,0.5459760045912007
choose contribute free-rider,2,0,5.47332468805043,0.5459760045912007
peers following strategy,2,0,5.47332468805043,0.5459760045912007
recent contribution choose,2,0,5.47332468805043,0.5459760045912007
justify significant contribution,2,0,5.47332468805043,0.5459760045912007
high contributors emerged,2,0,5.47332468805043,0.5459760045912007
small amount maintain,2,0,5.47332468805043,0.5459760045912007
need collective action,2,0,5.47332468805043,0.5459760045912007
marginal return previous,2,0,5.47332468805043,0.5459760045912007
follow strategy observations,2,0,5.47332468805043,0.5459760045912007
players follow strategy,2,0,5.47332468805043,0.5459760045912007
typical strategy past,2,0,5.47332468805043,0.5459760045912007
strategy contribution institution,2,0,5.47332468805043,0.5459760045912007
strategy incentivization framework,2,0,5.47332468805043,0.5459760045912007
average recent contribution,2,0,5.47332468805043,0.5459760045912007
higher emissions choose,2,0,5.47332468805043,0.5459760045912007
contribution amount slightly,2,0,5.47332468805043,0.5459760045912007
mostly use sfi,2,0,5.47332468805043,0.5459760045912007
following institution typical,2,0,5.47332468805043,0.5459760045912007
strategy historical emissions,2,0,5.47332468805043,0.5459760045912007
optimal due low,2,0,5.47332468805043,0.5459760045912007
strategy maximize cumulative,2,0,5.47332468805043,0.5459760045912007
contributors mostly use,2,0,5.47332468805043,0.5459760045912007
payoff considering institution,2,0,5.47332468805043,0.5459760045912007
amount balancing between,2,0,5.47332468805043,0.5459760045912007
others follow strategy,2,0,5.47332468805043,0.5459760045912007
maximum allowed advantage,2,0,5.47332468805043,0.5459760045912007
high-contributors reward higher,2,0,5.47332468805043,0.5459760045912007
impact cumulative payoff,2,0,5.47332468805043,0.5459760045912007
cooperate considering mcpr,2,0,5.47332468805043,0.5459760045912007
strategy choose contribution,2,0,5.47332468805043,0.5459760045912007
considering marginal return,2,0,5.47332468805043,0.5459760045912007
zero self-interested choice,2,0,5.47332468805043,0.5459760045912007
strategy within institution,2,0,5.47332468805043,0.5459760045912007
requires balancing cooperate,2,0,5.47332468805043,0.5459760045912007
reduction given high,2,0,5.47332468805043,0.5459760045912007
strategy incentives framework,2,0,5.47332468805043,0.5459760045912007
long-term climate stability,2,0,5.47332468805043,0.5459760045912007
high-contributing peers mostly,2,0,5.47332468805043,0.5459760045912007
cumulative payoff institution,2,0,5.47332468805043,0.5459760045912007
average contribution around,2,0,5.47332468805043,0.5459760045912007
contribute significantly maintain,2,0,5.47332468805043,0.5459760045912007
use institution strategy,2,0,5.47332468805043,0.5459760045912007
choice maximize cumulative,2,0,5.47332468805043,0.5459760045912007
mcpr over-contributing aligns,2,0,5.47332468805043,0.5459760045912007
historical strategy previous,2,0,5.47332468805043,0.5459760045912007
maintain consistency avoid,2,0,5.47332468805043,0.5459760045912007
contribute similar amount,2,0,5.47332468805043,0.5459760045912007
observed previous rounds,2,0,5.47332468805043,0.5459760045912007
contribution zero self-interested,2,0,5.47332468805043,0.5459760045912007
average previous high,2,0,5.47332468805043,0.5459760045912007
collective interests considering,2,0,5.47332468805043,0.5459760045912007
historical strategy current,2,0,5.47332468805043,0.5459760045912007
high contribution except,2,0,5.47332468805043,0.5459760045912007
follow strategy contribute,2,0,5.47332468805043,0.5459760045912007
high contribution low,20,20,0.17018299069812493,0.5383003942792496
requires contribution maximum,16,16,0.17009238421995043,0.48124423160477064
considering previous average,1,0,4.784995858085225,0.4761482222626061
behavior contribution suggests,1,0,4.784995858085225,0.4761482222626061
little made significant,1,0,4.784995858085225,0.4761482222626061
cooperate considering historical,1,0,4.784995858085225,0.4761482222626061
group well-being interests,1,0,4.784995858085225,0.4761482222626061
recent contribution million,1,0,4.784995858085225,0.4761482222626061
rounds data see,1,0,4.784995858085225,0.4761482222626061
rounds contribution mcpr,1,0,4.784995858085225,0.4761482222626061
rounds data high,1,0,4.784995858085225,0.4761482222626061
data expect follow,1,0,4.784995858085225,0.4761482222626061
payoff contribution emissions,1,0,4.784995858085225,0.4761482222626061
receive higher marginal,1,0,4.784995858085225,0.4761482222626061
decision card previous-round,1,0,4.784995858085225,0.4761482222626061
choose contribution slightly,1,0,4.784995858085225,0.4761482222626061
consistent cooperate peers,1,0,4.784995858085225,0.4761482222626061
test waters see,1,0,4.784995858085225,0.4761482222626061
contribution group historical,1,0,4.784995858085225,0.4761482222626061
country high fiscal,1,0,4.784995858085225,0.4761482222626061
credibility support long-run,1,0,4.784995858085225,0.4761482222626061
contribution achieve higher,1,0,4.784995858085225,0.4761482222626061
billion maximize cumulative,1,0,4.784995858085225,0.4761482222626061
amount maximize returns,1,0,4.784995858085225,0.4761482222626061
strategy except use,1,0,4.784995858085225,0.4761482222626061
group mutual benefit,1,0,4.784995858085225,0.4761482222626061
explore options without,1,0,4.784995858085225,0.4761482222626061
maintain institution credibility,1,0,4.784995858085225,0.4761482222626061
contribution high budget,1,0,4.784995858085225,0.4761482222626061
contribute maintain flexibility,1,0,4.784995858085225,0.4761482222626061
free riding valid,1,0,4.784995858085225,0.4761482222626061
mcpr large contribution,1,0,4.784995858085225,0.4761482222626061
peers follow either,1,0,4.784995858085225,0.4761482222626061
consistency cooperate considering,1,0,4.784995858085225,0.4761482222626061
between current contribution,1,0,4.784995858085225,0.4761482222626061
index less beneficial,1,0,4.784995858085225,0.4761482222626061
allows balance between,1,0,4.784995858085225,0.4761482222626061
framework low contribution,1,0,4.784995858085225,0.4761482222626061
lack consistent cooperate,1,0,4.784995858085225,0.4761482222626061
high reason contribute,1,0,4.784995858085225,0.4761482222626061
level considering institution,1,0,4.784995858085225,0.4761482222626061
followed strategy contribution,1,0,4.784995858085225,0.4761482222626061
current payoff given,1,0,4.784995858085225,0.4761482222626061
history high marginal,1,0,4.784995858085225,0.4761482222626061
contribution reward deviate,1,0,4.784995858085225,0.4761482222626061
stage budgets contribution,1,0,4.784995858085225,0.4761482222626061
contribution reduce stage,1,0,4.784995858085225,0.4761482222626061
moderate amount historical,1,0,4.784995858085225,0.4761482222626061
earn significant mcpr,1,0,4.784995858085225,0.4761482222626061
maintain high cumulative,1,0,4.784995858085225,0.4761482222626061
others free-ride contribute,1,0,4.784995858085225,0.4761482222626061
billion dollars aligns,1,0,4.784995858085225,0.4761482222626061
emissions marginal return,1,0,4.784995858085225,0.4761482222626061
strategy either contribution,1,0,4.784995858085225,0.4761482222626061
chose contribute average,1,0,4.784995858085225,0.4761482222626061
high-contributing mostly cooperate,1,0,4.784995858085225,0.4761482222626061
stage payoff considering,1,0,4.784995858085225,0.4761482222626061
amount balances desire,1,0,4.784995858085225,0.4761482222626061
cooperate within institution,1,0,4.784995858085225,0.4761482222626061
return significant wealth,1,0,4.784995858085225,0.4761482222626061
see peers contribution,1,0,4.784995858085225,0.4761482222626061
contribution outcomes choose,1,0,4.784995858085225,0.4761482222626061
recent contribution level,1,0,4.784995858085225,0.4761482222626061
around billion contribution,1,0,4.784995858085225,0.4761482222626061
contribution low marginal,1,0,4.784995858085225,0.4761482222626061
payoff balancing self-interest,1,0,4.784995858085225,0.4761482222626061
due high group,1,0,4.784995858085225,0.4761482222626061
selfish inspection sfi,1,0,4.784995858085225,0.4761482222626061
high enough justify,1,0,4.784995858085225,0.4761482222626061
institution credibility given,1,0,4.784995858085225,0.4761482222626061
peers framework sfi,1,0,4.784995858085225,0.4761482222626061
choosing low contribution,1,0,4.784995858085225,0.4761482222626061
significant return investment,1,0,4.784995858085225,0.4761482222626061
contribution mostly sfi,1,0,4.784995858085225,0.4761482222626061
peers mostly following,1,0,4.784995858085225,0.4761482222626061
long-term climate goals,1,0,4.784995858085225,0.4761482222626061
countries contribute significantly,1,0,4.784995858085225,0.4761482222626061
high mcpr considering,1,0,4.784995858085225,0.4761482222626061
less budget mcpr,1,0,4.784995858085225,0.4761482222626061
previous contribution institution,1,0,4.784995858085225,0.4761482222626061
significantly contribution allows,1,0,4.784995858085225,0.4761482222626061
contributors follow self-interest,1,0,4.784995858085225,0.4761482222626061
high contribution amount,1,0,4.784995858085225,0.4761482222626061
risk punishment negative,1,0,4.784995858085225,0.4761482222626061
institution sfi framework,1,0,4.784995858085225,0.4761482222626061
return institution history,1,0,4.784995858085225,0.4761482222626061
moderate amount support,1,0,4.784995858085225,0.4761482222626061
consistency avoid free-rider,1,0,4.784995858085225,0.4761482222626061
average previous rounds,1,0,4.784995858085225,0.4761482222626061
strategy contribution significantly,1,0,4.784995858085225,0.4761482222626061
contribution balancing self-interest,1,0,4.784995858085225,0.4761482222626061
higher previous group,1,0,4.784995858085225,0.4761482222626061
aligns institution behavior,1,0,4.784995858085225,0.4761482222626061
institution setting free-riders,1,0,4.784995858085225,0.4761482222626061
credibility maximizing cumulative,1,0,4.784995858085225,0.4761482222626061
support long-run climate,1,0,4.784995858085225,0.4761482222626061
wealth significant risk,1,0,4.784995858085225,0.4761482222626061
payoff mcpr previous-round,1,0,4.784995858085225,0.4761482222626061
strategy historical contribution,1,0,4.784995858085225,0.4761482222626061
current contribution future,1,0,4.784995858085225,0.4761482222626061
amount maximize stage,1,0,4.784995858085225,0.4761482222626061
contributors sfi distrusted,1,0,4.784995858085225,0.4761482222626061
options avoid immediate,1,0,4.784995858085225,0.4761482222626061
recent history considering,1,0,4.784995858085225,0.4761482222626061
typical behavior maximizes,1,0,4.784995858085225,0.4761482222626061
benefit mcpr avoid,1,0,4.784995858085225,0.4761482222626061
amount consistent previous,1,0,4.784995858085225,0.4761482222626061
self-interested strategy maximizes,1,0,4.784995858085225,0.4761482222626061
contributors often high,1,0,4.784995858085225,0.4761482222626061
contribution align institution,1,0,4.784995858085225,0.4761482222626061
average achieve cooperate,1,0,4.784995858085225,0.4761482222626061
cumulative payoff much,1,0,4.784995858085225,0.4761482222626061
fair institution sfi,1,0,4.784995858085225,0.4761482222626061
credibility support emissions,1,0,4.784995858085225,0.4761482222626061
contribution amount aligns,1,0,4.784995858085225,0.4761482222626061
emissions contribution fully,1,0,4.784995858085225,0.4761482222626061
historical strategy marginal,1,0,4.784995858085225,0.4761482222626061
maximum possible amount,1,0,4.784995858085225,0.4761482222626061
low due high,1,0,4.784995858085225,0.4761482222626061
contribution zero allow,1,0,4.784995858085225,0.4761482222626061
higher cumulative payoff,1,0,4.784995858085225,0.4761482222626061
moderate amount previous,1,0,4.784995858085225,0.4761482222626061
see others respond,1,0,4.784995858085225,0.4761482222626061
self-interested strategy deviate,1,0,4.784995858085225,0.4761482222626061
recent average high,1,0,4.784995858085225,0.4761482222626061
amount maintain trend,1,0,4.784995858085225,0.4761482222626061
significant marginal return,1,0,4.784995858085225,0.4761482222626061
already high reason,1,0,4.784995858085225,0.4761482222626061
credibility follow strategy,1,0,4.784995858085225,0.4761482222626061
institution credibility considering,1,0,4.784995858085225,0.4761482222626061
mcpr previous-round peer,1,0,4.784995858085225,0.4761482222626061
consistent previous rounds,1,0,4.784995858085225,0.4761482222626061
strategy incentivizing framework,1,0,4.784995858085225,0.4761482222626061
strategy past behavior,1,0,4.784995858085225,0.4761482222626061
potential impact future,1,0,4.784995858085225,0.4761482222626061
advantage mcpr maintain,1,0,4.784995858085225,0.4761482222626061
significantly contribution zero,1,0,4.784995858085225,0.4761482222626061
strategy previous-round data,1,0,4.784995858085225,0.4761482222626061
respond considering potential,1,0,4.784995858085225,0.4761482222626061
high history contribution,1,0,4.784995858085225,0.4761482222626061
self-interested strategy considering,1,0,4.784995858085225,0.4761482222626061
follow strategy likely,1,0,4.784995858085225,0.4761482222626061
mcpr set example,1,0,4.784995858085225,0.4761482222626061
contribution high want,1,0,4.784995858085225,0.4761482222626061
strong position future,1,0,4.784995858085225,0.4761482222626061
developed countries contribute,1,0,4.784995858085225,0.4761482222626061
possible amount within,1,0,4.784995858085225,0.4761482222626061
ride still maintaining,1,0,4.784995858085225,0.4761482222626061
high contribution stand,1,0,4.784995858085225,0.4761482222626061
mcpr high enough,1,0,4.784995858085225,0.4761482222626061
vulnerability index less,1,0,4.784995858085225,0.4761482222626061
less beneficial contribute,1,0,4.784995858085225,0.4761482222626061
interests considering high,1,0,4.784995858085225,0.4761482222626061
players choose between,1,0,4.784995858085225,0.4761482222626061
self-interested strategy varying,1,0,4.784995858085225,0.4761482222626061
self-interest moderate contribution,1,0,4.784995858085225,0.4761482222626061
recent contribution around,1,0,4.784995858085225,0.4761482222626061
contributors self-focused institution,1,0,4.784995858085225,0.4761482222626061
contribution peer others,1,0,4.784995858085225,0.4761482222626061
low contributors 5-10,1,0,4.784995858085225,0.4761482222626061
data believe cooperate,1,0,4.784995858085225,0.4761482222626061
used strategy given,1,0,4.784995858085225,0.4761482222626061
above group average,1,0,4.784995858085225,0.4761482222626061
amount set example,1,0,4.784995858085225,0.4761482222626061
mcpr maintain consistent,1,0,4.784995858085225,0.4761482222626061
potentially influence others,1,0,4.784995858085225,0.4761482222626061
payoff avoid punishment,1,0,4.784995858085225,0.4761482222626061
contribute moderate level,1,0,4.784995858085225,0.4761482222626061
high mcpr set,1,0,4.784995858085225,0.4761482222626061
amount advantage free-riding,1,0,4.784995858085225,0.4761482222626061
high budget likely,1,0,4.784995858085225,0.4761482222626061
contribute level similar,1,0,4.784995858085225,0.4761482222626061
contribution enough earn,1,0,4.784995858085225,0.4761482222626061
potential benefits cooperate,1,0,4.784995858085225,0.4761482222626061
mcpr considering institution,1,0,4.784995858085225,0.4761482222626061
payoff considering marginal,1,0,4.784995858085225,0.4761482222626061
nothing initially observe,1,0,4.784995858085225,0.4761482222626061
much possible given,1,0,4.784995858085225,0.4761482222626061
strategy following strategy,1,0,4.784995858085225,0.4761482222626061
contribute significantly standard,1,0,4.784995858085225,0.4761482222626061
low-contributors mostly defectors,1,0,4.784995858085225,0.4761482222626061
institution strategy group,1,0,4.784995858085225,0.4761482222626061
payoff maintain consistency,1,0,4.784995858085225,0.4761482222626061
self-interest climate role,1,0,4.784995858085225,0.4761482222626061
low contributors labeled,1,0,4.784995858085225,0.4761482222626061
avoid immediate loss,1,0,4.784995858085225,0.4761482222626061
large amount advantage,1,0,4.784995858085225,0.4761482222626061
rounds contribution peers,1,0,4.784995858085225,0.4761482222626061
maintain long-term credibility,1,0,4.784995858085225,0.4761482222626061
contribution current marginal,1,0,4.784995858085225,0.4761482222626061
strategy likely due,1,0,4.784995858085225,0.4761482222626061
contribution choosing moderate,1,0,4.784995858085225,0.4761482222626061
considering potential reward,1,0,4.784995858085225,0.4761482222626061
still maintaining good,1,0,4.784995858085225,0.4761482222626061
framework choose contribute,1,0,4.784995858085225,0.4761482222626061
cooperate maximize cumulative,1,0,4.784995858085225,0.4761482222626061
rounds maintain institution,1,0,4.784995858085225,0.4761482222626061
billion maximizes payoff,1,0,4.784995858085225,0.4761482222626061
emerge low contributors,1,0,4.784995858085225,0.4761482222626061
return group multiplier,1,0,4.784995858085225,0.4761482222626061
group historical emissions,1,0,4.784995858085225,0.4761482222626061
contribution enough advantage,1,0,4.784995858085225,0.4761482222626061
significantly maintain credibility,1,0,4.784995858085225,0.4761482222626061
average contribution institution,1,0,4.784995858085225,0.4761482222626061
strategy contribution nothing,1,0,4.784995858085225,0.4761482222626061
contribution billion rational,1,0,4.784995858085225,0.4761482222626061
contribution past performance,1,0,4.784995858085225,0.4761482222626061
chose contribute maximum,1,0,4.784995858085225,0.4761482222626061
use strategy incentives,1,0,4.784995858085225,0.4761482222626061
strategy incentivization approach,1,0,4.784995858085225,0.4761482222626061
overall group average,1,0,4.784995858085225,0.4761482222626061
contribution low due,1,0,4.784995858085225,0.4761482222626061
given current decision,1,0,4.784995858085225,0.4761482222626061
guidance developed countries,1,0,4.784995858085225,0.4761482222626061
contribution amount maximize,1,0,4.784995858085225,0.4761482222626061
past contribution maintain,1,0,4.784995858085225,0.4761482222626061
supporting climate goals,1,0,4.784995858085225,0.4761482222626061
strategy previous contribution,1,0,4.784995858085225,0.4761482222626061
common low contributors,1,0,4.784995858085225,0.4761482222626061
zero maximizes payoff,1,0,4.784995858085225,0.4761482222626061
institution interaction defection,1,0,4.784995858085225,0.4761482222626061
institution common low,1,0,4.784995858085225,0.4761482222626061
explore options avoid,1,0,4.784995858085225,0.4761482222626061
budget significant risk,1,0,4.784995858085225,0.4761482222626061
observations high contribution,1,0,4.784995858085225,0.4761482222626061
contributors defectors identified,1,0,4.784995858085225,0.4761482222626061
players strategy-institution framework,1,0,4.784995858085225,0.4761482222626061
others maximize cumulative,1,0,4.784995858085225,0.4761482222626061
determined contribution zero,1,0,4.784995858085225,0.4761482222626061
contribution peers high,1,0,4.784995858085225,0.4761482222626061
myself insufficient funds,1,0,4.784995858085225,0.4761482222626061
billion contribution similar,1,0,4.784995858085225,0.4761482222626061
want maintain balance,1,0,4.784995858085225,0.4761482222626061
strategy previous data,1,0,4.784995858085225,0.4761482222626061
cooperate low-contributors defectors,1,0,4.784995858085225,0.4761482222626061
funding initiative sfi,1,0,4.784995858085225,0.4761482222626061
credibility considering overall,1,0,4.784995858085225,0.4761482222626061
recent contribution peers,1,0,4.784995858085225,0.4761482222626061
considering long-term impact,1,0,4.784995858085225,0.4761482222626061
between individual collective,1,0,4.784995858085225,0.4761482222626061
cooperate low-contributors mostly,1,0,4.784995858085225,0.4761482222626061
many contributors strategy,1,0,4.784995858085225,0.4761482222626061
zero expect others,1,0,4.784995858085225,0.4761482222626061
maintain credibility overextending,1,0,4.784995858085225,0.4761482222626061
amount exceeding budget,1,0,4.784995858085225,0.4761482222626061
card contribute moderate,1,0,4.784995858085225,0.4761482222626061
contributors emerged setting,1,0,4.784995858085225,0.4761482222626061
free-riders present population,1,0,4.784995858085225,0.4761482222626061
low contribute small,1,0,4.784995858085225,0.4761482222626061
beliefs expect developed,1,0,4.784995858085225,0.4761482222626061
possible directly affects,1,0,4.784995858085225,0.4761482222626061
budget allows significant,1,0,4.784995858085225,0.4761482222626061
suggests contributors follow,1,0,4.784995858085225,0.4761482222626061
investment maximize cumulative,1,0,4.784995858085225,0.4761482222626061
high contribution significant,1,0,4.784995858085225,0.4761482222626061
return shift net,1,0,4.784995858085225,0.4761482222626061
self-interest cooperate action,1,0,4.784995858085225,0.4761482222626061
strict fair institution,1,0,4.784995858085225,0.4761482222626061
institution prevalent low,1,0,4.784995858085225,0.4761482222626061
group contribution balances,1,0,4.784995858085225,0.4761482222626061
contribution maintain consistent,1,0,4.784995858085225,0.4761482222626061
reason contribute necessary,1,0,4.784995858085225,0.4761482222626061
following strategy low-contributors,1,0,4.784995858085225,0.4761482222626061
significant amount observed,1,0,4.784995858085225,0.4761482222626061
contribution indicate high,1,0,4.784995858085225,0.4761482222626061
self-interest considering high,1,0,4.784995858085225,0.4761482222626061
contribute significantly observed,1,0,4.784995858085225,0.4761482222626061
institution trust self-interest,1,0,4.784995858085225,0.4761482222626061
mcpr much leave,1,0,4.784995858085225,0.4761482222626061
contribute significantly group,1,0,4.784995858085225,0.4761482222626061
peers mostly cooperate,1,0,4.784995858085225,0.4761482222626061
meaningfully considering potential,1,0,4.784995858085225,0.4761482222626061
institution credibility institution,1,0,4.784995858085225,0.4761482222626061
wealth already high,1,0,4.784995858085225,0.4761482222626061
follows sfi strategy,1,0,4.784995858085225,0.4761482222626061
strategy observations high,1,0,4.784995858085225,0.4761482222626061
contribution allows free,1,0,4.784995858085225,0.4761482222626061
strict institution except,1,0,4.784995858085225,0.4761482222626061
benefits considering impact,1,0,4.784995858085225,0.4761482222626061
index institution strategy,1,0,4.784995858085225,0.4761482222626061
contributors receive little,1,0,4.784995858085225,0.4761482222626061
future benefits considering,1,0,4.784995858085225,0.4761482222626061
contribution considering marginal,1,0,4.784995858085225,0.4761482222626061
enough justify significant,1,0,4.784995858085225,0.4761482222626061
contributors labeled defectors,1,0,4.784995858085225,0.4761482222626061
balance between stage,1,0,4.784995858085225,0.4761482222626061
budgets contribution billion,1,0,4.784995858085225,0.4761482222626061
possible advantage high,1,0,4.784995858085225,0.4761482222626061
beliefs contribute maintain,1,0,4.784995858085225,0.4761482222626061
full budget maximizes,1,0,4.784995858085225,0.4761482222626061
considering historical emissions,1,0,4.784995858085225,0.4761482222626061
strategy peer behavior,1,0,4.784995858085225,0.4761482222626061
fully maximize cumulative,1,0,4.784995858085225,0.4761482222626061
following strategy high,1,0,4.784995858085225,0.4761482222626061
contribution similar historical,1,0,4.784995858085225,0.4761482222626061
members contribute significantly,1,0,4.784995858085225,0.4761482222626061
maintain credibility maximizing,1,0,4.784995858085225,0.4761482222626061
institution history significant,1,0,4.784995858085225,0.4761482222626061
contribution higher previous,1,0,4.784995858085225,0.4761482222626061
beliefs contributors follow,1,0,4.784995858085225,0.4761482222626061
marginal return shift,1,0,4.784995858085225,0.4761482222626061
likely cooperate approach,1,0,4.784995858085225,0.4761482222626061
amount within stage,1,0,4.784995858085225,0.4761482222626061
maintain consistency group,1,0,4.784995858085225,0.4761482222626061
reducing emissions preserving,1,0,4.784995858085225,0.4761482222626061
payoff contribute value,1,0,4.784995858085225,0.4761482222626061
above recent average,1,0,4.784995858085225,0.4761482222626061
history contribution around,1,0,4.784995858085225,0.4761482222626061
high wealth institution,1,0,4.784995858085225,0.4761482222626061
mcpr avoid punishment,1,0,4.784995858085225,0.4761482222626061
cumulative payoff maintaining,1,0,4.784995858085225,0.4761482222626061
mcpr set precedent,1,0,4.784995858085225,0.4761482222626061
moderate amount internal,1,0,4.784995858085225,0.4761482222626061
contribute maximum possible,1,0,4.784995858085225,0.4761482222626061
previous rounds avoid,1,0,4.784995858085225,0.4761482222626061
contributors selfish inspection,1,0,4.784995858085225,0.4761482222626061
contribution institution settings,1,0,4.784995858085225,0.4761482222626061
contribution billion dollars,1,0,4.784995858085225,0.4761482222626061
strategy varying contribution,1,0,4.784995858085225,0.4761482222626061
following self-interested strategy,1,0,4.784995858085225,0.4761482222626061
contribution significantly low,1,0,4.784995858085225,0.4761482222626061
receive little reward,1,0,4.784995858085225,0.4761482222626061
align past behavior,1,0,4.784995858085225,0.4761482222626061
index contribution significant,1,0,4.784995858085225,0.4761482222626061
high mcpr choose,1,0,4.784995858085225,0.4761482222626061
maintain credibility align,1,0,4.784995858085225,0.4761482222626061
strategy follow choosing,1,0,4.784995858085225,0.4761482222626061
emerged setting low,1,0,4.784995858085225,0.4761482222626061
high-contributors deviated expected,1,0,4.784995858085225,0.4761482222626061
maximize payoff supporting,1,0,4.784995858085225,0.4761482222626061
average want maintain,1,0,4.784995858085225,0.4761482222626061
considering potential future,1,0,4.784995858085225,0.4761482222626061
trust low contributors,1,0,4.784995858085225,0.4761482222626061
follow-through long-term climate,1,0,4.784995858085225,0.4761482222626061
high-contributor strategy choose,1,0,4.784995858085225,0.4761482222626061
high amount choose,1,0,4.784995858085225,0.4761482222626061
reduction maintaining sufficient,1,0,4.784995858085225,0.4761482222626061
maintain cooperate stability,1,0,4.784995858085225,0.4761482222626061
data contribute nothing,1,0,4.784995858085225,0.4761482222626061
maintaining high cumulative,1,0,4.784995858085225,0.4761482222626061
contributors observed players,1,0,4.784995858085225,0.4761482222626061
contribution advantage high,1,0,4.784995858085225,0.4761482222626061
emissions contribution significant,1,0,4.784995858085225,0.4761482222626061
contribution low expect,1,0,4.784995858085225,0.4761482222626061
significantly less budget,1,0,4.784995858085225,0.4761482222626061
desire contribute meaningfully,1,0,4.784995858085225,0.4761482222626061
maintain cooperate follow,1,0,4.784995858085225,0.4761482222626061
demonstrate commitment follow-through,1,0,4.784995858085225,0.4761482222626061
free-riders institution sfi,1,0,4.784995858085225,0.4761482222626061
contribution amount maximizes,1,0,4.784995858085225,0.4761482222626061
avoiding excessive costs,1,0,4.784995858085225,0.4761482222626061
strategy moderate contribution,1,0,4.784995858085225,0.4761482222626061
high average contribution,1,0,4.784995858085225,0.4761482222626061
contribution except defectors,1,0,4.784995858085225,0.4761482222626061
rounds maximize cumulative,1,0,4.784995858085225,0.4761482222626061
mostly institution free-riders,1,0,4.784995858085225,0.4761482222626061
low contributors self-focused,1,0,4.784995858085225,0.4761482222626061
previous rounds maintain,1,0,4.784995858085225,0.4761482222626061
contributors strategy-institution framework,1,0,4.784995858085225,0.4761482222626061
maintain consistency follow,1,0,4.784995858085225,0.4761482222626061
nothing maintain flexibility,1,0,4.784995858085225,0.4761482222626061
long-term stability institution,1,0,4.784995858085225,0.4761482222626061
amount past rounds,1,0,4.784995858085225,0.4761482222626061
stability institution credibility,1,0,4.784995858085225,0.4761482222626061
indicate high contributors,1,0,4.784995858085225,0.4761482222626061
institution contribute significantly,1,0,4.784995858085225,0.4761482222626061
allows significant contribution,1,0,4.784995858085225,0.4761482222626061
setting low contributors,1,0,4.784995858085225,0.4761482222626061
decision card contribute,1,0,4.784995858085225,0.4761482222626061
return previous rounds,1,0,4.784995858085225,0.4761482222626061
expect others free,1,0,4.784995858085225,0.4761482222626061
within stage budget,1,0,4.784995858085225,0.4761482222626061
average previous group,1,0,4.784995858085225,0.4761482222626061
balancing between cooperate,1,0,4.784995858085225,0.4761482222626061
follow either sfi,1,0,4.784995858085225,0.4761482222626061
strategy inference approach,1,0,4.784995858085225,0.4761482222626061
considering overall group,1,0,4.784995858085225,0.4761482222626061
cooperate high contribution,1,0,4.784995858085225,0.4761482222626061
cooperate considering interests,1,0,4.784995858085225,0.4761482222626061
institution free-riders institution,1,0,4.784995858085225,0.4761482222626061
balances individual interests,1,0,4.784995858085225,0.4761482222626061
follow pattern contribution,1,0,4.784995858085225,0.4761482222626061
shows high average,1,0,4.784995858085225,0.4761482222626061
contribute significantly except,1,0,4.784995858085225,0.4761482222626061
institution credibility cooperate,1,0,4.784995858085225,0.4761482222626061
credibility long-term climate,1,0,4.784995858085225,0.4761482222626061
riding valid strategy,1,0,4.784995858085225,0.4761482222626061
aligns past contribution,1,0,4.784995858085225,0.4761482222626061
contributors receive payoff,1,0,4.784995858085225,0.4761482222626061
rounds data suggest,1,0,4.784995858085225,0.4761482222626061
peers contribution significantly,1,0,4.784995858085225,0.4761482222626061
stage stage budgets,1,0,4.784995858085225,0.4761482222626061
data conclude contribution,1,0,4.784995858085225,0.4761482222626061
allows future cooperate,1,0,4.784995858085225,0.4761482222626061
contributors used strong,1,0,4.784995858085225,0.4761482222626061
following low-contributors deviate,1,0,4.784995858085225,0.4761482222626061
simple institution strategy,1,0,4.784995858085225,0.4761482222626061
budget considering mcpr,1,0,4.784995858085225,0.4761482222626061
high-contributors institution emerging,1,0,4.784995858085225,0.4761482222626061
maximum amount best,1,0,4.784995858085225,0.4761482222626061
maintaining cooperate peers,1,0,4.784995858085225,0.4761482222626061
return institution strategy,1,0,4.784995858085225,0.4761482222626061
strategy maximizing cumulative,1,0,4.784995858085225,0.4761482222626061
reward choose contribute,1,0,4.784995858085225,0.4761482222626061
contribute significantly emissions,1,0,4.784995858085225,0.4761482222626061
contribution similar high,1,0,4.784995858085225,0.4761482222626061
choose contribution higher,1,0,4.784995858085225,0.4761482222626061
high contribution benefit,1,0,4.784995858085225,0.4761482222626061
high contributors trust,1,0,4.784995858085225,0.4761482222626061
current wealth significant,1,0,4.784995858085225,0.4761482222626061
payoff considering group,1,0,4.784995858085225,0.4761482222626061
maintain cooperate consistency,1,0,4.784995858085225,0.4761482222626061
balance between reducing,1,0,4.784995858085225,0.4761482222626061
mcpr demonstrate cooperate,1,0,4.784995858085225,0.4761482222626061
punishment negative consequences,1,0,4.784995858085225,0.4761482222626061
rounds contribution internal,1,0,4.784995858085225,0.4761482222626061
cooperate strategy historical,1,0,4.784995858085225,0.4761482222626061
valid strategy given,1,0,4.784995858085225,0.4761482222626061
internal beliefs observed,1,0,4.784995858085225,0.4761482222626061
except institution strategy,1,0,4.784995858085225,0.4761482222626061
beliefs contributors following,1,0,4.784995858085225,0.4761482222626061
amount choose contribute,1,0,4.784995858085225,0.4761482222626061
credibility overextending myself,1,0,4.784995858085225,0.4761482222626061
either sfi strategies,1,0,4.784995858085225,0.4761482222626061
players followed strategy,1,0,4.784995858085225,0.4761482222626061
contribution future stage,1,0,4.784995858085225,0.4761482222626061
peers contribution high,1,0,4.784995858085225,0.4761482222626061
observed many contributors,1,0,4.784995858085225,0.4761482222626061
behavior historical contribution,1,0,4.784995858085225,0.4761482222626061
contribution maximizes current,1,0,4.784995858085225,0.4761482222626061
contribution nothing contribution,1,0,4.784995858085225,0.4761482222626061
mcpr influence group,1,0,4.784995858085225,0.4761482222626061
contribution high vulnerability,1,0,4.784995858085225,0.4761482222626061
contributors emerging free-riding,1,0,4.784995858085225,0.4761482222626061
experience high mcpr,1,0,4.784995858085225,0.4761482222626061
consistently contribution high,1,0,4.784995858085225,0.4761482222626061
waters see others,1,0,4.784995858085225,0.4761482222626061
emissions index institution,1,0,4.784995858085225,0.4761482222626061
past behavior members,1,0,4.784995858085225,0.4761482222626061
payoff considering past,1,0,4.784995858085225,0.4761482222626061
contribution low contributor,1,0,4.784995858085225,0.4761482222626061
contribute amount slightly,1,0,4.784995858085225,0.4761482222626061
deviate simple funding,1,0,4.784995858085225,0.4761482222626061
contributors selfish institution,1,0,4.784995858085225,0.4761482222626061
free-riding opportunities marginal,1,0,4.784995858085225,0.4761482222626061
amount align peers,1,0,4.784995858085225,0.4761482222626061
billion rational choice,1,0,4.784995858085225,0.4761482222626061
mcpr large budget,1,0,4.784995858085225,0.4761482222626061
payoff maintaining cooperate,1,0,4.784995858085225,0.4761482222626061
contributors 5-10 1-2,1,0,4.784995858085225,0.4761482222626061
contribute substantial amount,1,0,4.784995858085225,0.4761482222626061
consistent strategy moderate,1,0,4.784995858085225,0.4761482222626061
high contributor emissions,1,0,4.784995858085225,0.4761482222626061
contribute group mutual,1,0,4.784995858085225,0.4761482222626061
significantly low contributors,1,0,4.784995858085225,0.4761482222626061
cooperate justify significant,1,0,4.784995858085225,0.4761482222626061
outcomes through contribution,1,0,4.784995858085225,0.4761482222626061
contribute according institution,1,0,4.784995858085225,0.4761482222626061
contributors strategy incentivizing,1,0,4.784995858085225,0.4761482222626061
goals potentially influence,1,0,4.784995858085225,0.4761482222626061
following sfi strategy,1,0,4.784995858085225,0.4761482222626061
benefits contribution loss,1,0,4.784995858085225,0.4761482222626061
typical strategy contribution,1,0,4.784995858085225,0.4761482222626061
except use simple,1,0,4.784995858085225,0.4761482222626061
institution strategy consistently,1,0,4.784995858085225,0.4761482222626061
budget provide significant,1,0,4.784995858085225,0.4761482222626061
unit contribution contribution,1,0,4.784995858085225,0.4761482222626061
contribution zero expect,1,0,4.784995858085225,0.4761482222626061
consistency follow strategy,1,0,4.784995858085225,0.4761482222626061
budget developed country,1,0,4.784995858085225,0.4761482222626061
cumulative payoff demonstrating,1,0,4.784995858085225,0.4761482222626061
history considering mcpr,1,0,4.784995858085225,0.4761482222626061
contribution choose high,1,0,4.784995858085225,0.4761482222626061
mostly following self-interested,1,0,4.784995858085225,0.4761482222626061
relatively high contribution,1,0,4.784995858085225,0.4761482222626061
consistent recent contribution,1,0,4.784995858085225,0.4761482222626061
high wealth historical,1,0,4.784995858085225,0.4761482222626061
between individual gain,1,0,4.784995858085225,0.4761482222626061
contribution optimal due,1,0,4.784995858085225,0.4761482222626061
considering impact stage,1,0,4.784995858085225,0.4761482222626061
historical emissions contribute,1,0,4.784995858085225,0.4761482222626061
contribution high history,1,0,4.784995858085225,0.4761482222626061
return peer contribution,1,0,4.784995858085225,0.4761482222626061
contribution observe others,1,0,4.784995858085225,0.4761482222626061
contribute moderately maintain,1,0,4.784995858085225,0.4761482222626061
strategy either sfi,1,0,4.784995858085225,0.4761482222626061
commitment maximize cumulative,1,0,4.784995858085225,0.4761482222626061
demonstrate commitment maximize,1,0,4.784995858085225,0.4761482222626061
framework peers simple,1,0,4.784995858085225,0.4761482222626061
contribution significantly less,1,0,4.784995858085225,0.4761482222626061
contribution contribution amount,1,0,4.784995858085225,0.4761482222626061
strong institution strategy,1,0,4.784995858085225,0.4761482222626061
pattern contribution significant,1,0,4.784995858085225,0.4761482222626061
expect follow strategy,1,0,4.784995858085225,0.4761482222626061
directly affects wealth,1,0,4.784995858085225,0.4761482222626061
contribution self-interested strategy,1,0,4.784995858085225,0.4761482222626061
cooperate current high,1,0,4.784995858085225,0.4761482222626061
outcomes choose contribute,1,0,4.784995858085225,0.4761482222626061
given high fiscal,1,0,4.784995858085225,0.4761482222626061
institution credibility group,1,0,4.784995858085225,0.4761482222626061
selfish institution setting,1,0,4.784995858085225,0.4761482222626061
contribution outcomes contribute,1,0,4.784995858085225,0.4761482222626061
beliefs contribution significant,1,0,4.784995858085225,0.4761482222626061
precedent future contribution,1,0,4.784995858085225,0.4761482222626061
climate stability considering,1,0,4.784995858085225,0.4761482222626061
group past behavior,1,0,4.784995858085225,0.4761482222626061
maximizes payoff due,1,0,4.784995858085225,0.4761482222626061
impact future stage,1,0,4.784995858085225,0.4761482222626061
average internal beliefs,1,0,4.784995858085225,0.4761482222626061
aligns self-interest climate,1,0,4.784995858085225,0.4761482222626061
peer others contribute,1,0,4.784995858085225,0.4761482222626061
high mcpr ensure,1,0,4.784995858085225,0.4761482222626061
expected others high,1,0,4.784995858085225,0.4761482222626061
chose contribute full,1,0,4.784995858085225,0.4761482222626061
fund considering potential,1,0,4.784995858085225,0.4761482222626061
contributors mostly selfish,1,0,4.784995858085225,0.4761482222626061
lower expected others,1,0,4.784995858085225,0.4761482222626061
contribution peers following,1,0,4.784995858085225,0.4761482222626061
similar previous contribution,1,0,4.784995858085225,0.4761482222626061
credibility support long-term,1,0,4.784995858085225,0.4761482222626061
significant contribution history,1,0,4.784995858085225,0.4761482222626061
institution strategy low,1,0,4.784995858085225,0.4761482222626061
significant past contribution,1,0,4.784995858085225,0.4761482222626061
similar historical average,1,0,4.784995858085225,0.4761482222626061
significantly institution choose,1,0,4.784995858085225,0.4761482222626061
takes account high,1,0,4.784995858085225,0.4761482222626061
peers defectors low,1,0,4.784995858085225,0.4761482222626061
slightly above recent,1,0,4.784995858085225,0.4761482222626061
contribution deviate far,1,0,4.784995858085225,0.4761482222626061
significant payoffs low,1,0,4.784995858085225,0.4761482222626061
over-contributing aligns recent,1,0,4.784995858085225,0.4761482222626061
contribution maintaining consistency,1,0,4.784995858085225,0.4761482222626061
pattern maximize cumulative,1,0,4.784995858085225,0.4761482222626061
advantage mcpr set,1,0,4.784995858085225,0.4761482222626061
strategy low-contributors sfi,1,0,4.784995858085225,0.4761482222626061
contribute value slightly,1,0,4.784995858085225,0.4761482222626061
avoid seen defector,1,0,4.784995858085225,0.4761482222626061
gain collective good,1,0,4.784995858085225,0.4761482222626061
contribution history contribution,1,0,4.784995858085225,0.4761482222626061
setting free-riders selfish,1,0,4.784995858085225,0.4761482222626061
aligns observed peer,1,0,4.784995858085225,0.4761482222626061
contributors strategy follow,1,0,4.784995858085225,0.4761482222626061
potential reward effect,1,0,4.784995858085225,0.4761482222626061
past peer contribution,1,0,4.784995858085225,0.4761482222626061
presence institution contribute,1,0,4.784995858085225,0.4761482222626061
peers cooperate free-ride,1,0,4.784995858085225,0.4761482222626061
low contribution observe,1,0,4.784995858085225,0.4761482222626061
past contribution maintaining,1,0,4.784995858085225,0.4761482222626061
maintain credibility avoiding,1,0,4.784995858085225,0.4761482222626061
credibility align peers,1,0,4.784995858085225,0.4761482222626061
significantly standard institution,1,0,4.784995858085225,0.4761482222626061
significant benefit contribution,1,0,4.784995858085225,0.4761482222626061
considering group well-being,1,0,4.784995858085225,0.4761482222626061
necessary maintain credibility,1,0,4.784995858085225,0.4761482222626061
playing snowdrift institution,1,0,4.784995858085225,0.4761482222626061
previous balances self-interest,1,0,4.784995858085225,0.4761482222626061
amount previous data,1,0,4.784995858085225,0.4761482222626061
through contribution payouts,1,0,4.784995858085225,0.4761482222626061
developed country high,1,0,4.784995858085225,0.4761482222626061
notable peers deviated,1,0,4.784995858085225,0.4761482222626061
peers high vulnerability,1,0,4.784995858085225,0.4761482222626061
contribution relatively high,1,0,4.784995858085225,0.4761482222626061
group average achieve,1,0,4.784995858085225,0.4761482222626061
rational choice maximize,1,0,4.784995858085225,0.4761482222626061
suggests significant benefit,1,0,4.784995858085225,0.4761482222626061
advantage free-riding opportunities,1,0,4.784995858085225,0.4761482222626061
framework sfi peers,1,0,4.784995858085225,0.4761482222626061
credibility considering current,1,0,4.784995858085225,0.4761482222626061
commitment climate goals,1,0,4.784995858085225,0.4761482222626061
maximize stage payoff,1,0,4.784995858085225,0.4761482222626061
high contributors strong,1,0,4.784995858085225,0.4761482222626061
receive minimal reward,1,0,4.784995858085225,0.4761482222626061
slightly above group,1,0,4.784995858085225,0.4761482222626061
amount internal beliefs,1,0,4.784995858085225,0.4761482222626061
contribute significantly others,1,0,4.784995858085225,0.4761482222626061
significant amount slightly,1,0,4.784995858085225,0.4761482222626061
contribute average previous,1,0,4.784995858085225,0.4761482222626061
contributors strong presence,1,0,4.784995858085225,0.4761482222626061
institution credibility long-run,1,0,4.784995858085225,0.4761482222626061
use sfi high,1,0,4.784995858085225,0.4761482222626061
payoff contribute large,1,0,4.784995858085225,0.4761482222626061
set precedent future,1,0,4.784995858085225,0.4761482222626061
contribution lack consistent,1,0,4.784995858085225,0.4761482222626061
recent contribution considering,1,0,4.784995858085225,0.4761482222626061
free-riders selfish institution,1,0,4.784995858085225,0.4761482222626061
peers framework peers,1,0,4.784995858085225,0.4761482222626061
marginal return peer,1,0,4.784995858085225,0.4761482222626061
low expect others,1,0,4.784995858085225,0.4761482222626061
maintain consistency align,1,0,4.784995858085225,0.4761482222626061
contribution want maintain,1,0,4.784995858085225,0.4761482222626061
high contributors often,1,0,4.784995858085225,0.4761482222626061
contributors selfish framework,1,0,4.784995858085225,0.4761482222626061
following low-contributors use,1,0,4.784995858085225,0.4761482222626061
climate role guidance,1,0,4.784995858085225,0.4761482222626061
stage budget provide,1,0,4.784995858085225,0.4761482222626061
behavior historical emissions,1,0,4.784995858085225,0.4761482222626061
high contributors used,1,0,4.784995858085225,0.4761482222626061
much possible within,1,0,4.784995858085225,0.4761482222626061
payoff due high,1,0,4.784995858085225,0.4761482222626061
strategy maintain flexibility,1,0,4.784995858085225,0.4761482222626061
significantly except institution,1,0,4.784995858085225,0.4761482222626061
budget mcpr relatively,1,0,4.784995858085225,0.4761482222626061
strategies maintain flexibility,1,0,4.784995858085225,0.4761482222626061
cooperate institution strategy,1,0,4.784995858085225,0.4761482222626061
institution peer behavior,1,0,4.784995858085225,0.4761482222626061
impact stage budget,1,0,4.784995858085225,0.4761482222626061
contributors strategy considering,1,0,4.784995858085225,0.4761482222626061
high member institution,1,0,4.784995858085225,0.4761482222626061
contribution suggest cooperate,1,0,4.784995858085225,0.4761482222626061
mostly sfi contribution,1,0,4.784995858085225,0.4761482222626061
possible emissions reduction,1,0,4.784995858085225,0.4761482222626061
contribute nothing explore,1,0,4.784995858085225,0.4761482222626061
credibility balancing self-interest,1,0,4.784995858085225,0.4761482222626061
much possible advantage,1,0,4.784995858085225,0.4761482222626061
payoff much depletes,1,0,4.784995858085225,0.4761482222626061
high mcpr demonstrate,1,0,4.784995858085225,0.4761482222626061
institution strategy maximizing,1,0,4.784995858085225,0.4761482222626061
credibility group stability,1,0,4.784995858085225,0.4761482222626061
follow choosing moderate,1,0,4.784995858085225,0.4761482222626061
budget maintain credibility,1,0,4.784995858085225,0.4761482222626061
zero optimal due,1,0,4.784995858085225,0.4761482222626061
emissions reduction choose,1,0,4.784995858085225,0.4761482222626061
benefit contribution substantial,1,0,4.784995858085225,0.4761482222626061
institution cooperate strategy,1,0,4.784995858085225,0.4761482222626061
wealth significant past,1,0,4.784995858085225,0.4761482222626061
contribute nothing maintain,1,0,4.784995858085225,0.4761482222626061
value slightly above,1,0,4.784995858085225,0.4761482222626061
maximizes payoff balancing,1,0,4.784995858085225,0.4761482222626061
necessarily correlate higher,1,0,4.784995858085225,0.4761482222626061
allowed maximize mcpr,1,0,4.784995858085225,0.4761482222626061
contribution low contribute,1,0,4.784995858085225,0.4761482222626061
funding institution sfi,1,0,4.784995858085225,0.4761482222626061
achieve level cooperate,1,0,4.784995858085225,0.4761482222626061
credibility institution reputation,1,0,4.784995858085225,0.4761482222626061
left insufficient funds,1,0,4.784995858085225,0.4761482222626061
contributors sfi receive,1,0,4.784995858085225,0.4761482222626061
selfish framework incentives,1,0,4.784995858085225,0.4761482222626061
contribute little choose,1,0,4.784995858085225,0.4761482222626061
sufficient wealth future,1,0,4.784995858085225,0.4761482222626061
behavior contribute moderate,1,0,4.784995858085225,0.4761482222626061
behavior contribution choose,1,0,4.784995858085225,0.4761482222626061
support emissions reduction,1,0,4.784995858085225,0.4761482222626061
achieve cooperate maximize,1,0,4.784995858085225,0.4761482222626061
maintaining institution credibility,1,0,4.784995858085225,0.4761482222626061
follow except low-contributors,1,0,4.784995858085225,0.4761482222626061
return previous contribution,1,0,4.784995858085225,0.4761482222626061
high wealth significant,1,0,4.784995858085225,0.4761482222626061
mostly following sfi,1,0,4.784995858085225,0.4761482222626061
interests collective goals,1,0,4.784995858085225,0.4761482222626061
current high marginal,1,0,4.784995858085225,0.4761482222626061
immediate loss considering,1,0,4.784995858085225,0.4761482222626061
position future rounds,1,0,4.784995858085225,0.4761482222626061
contribution benefit mcpr,1,0,4.784995858085225,0.4761482222626061
average contribution maximize,1,0,4.784995858085225,0.4761482222626061
institution interaction strict,1,0,4.784995858085225,0.4761482222626061
mostly selfish institution,1,0,4.784995858085225,0.4761482222626061
previous rounds indicating,1,0,4.784995858085225,0.4761482222626061
high contributors framework,1,0,4.784995858085225,0.4761482222626061
possible given high,1,0,4.784995858085225,0.4761482222626061
unit contribution want,1,0,4.784995858085225,0.4761482222626061
contribution little made,1,0,4.784995858085225,0.4761482222626061
cooperate strategy high,1,0,4.784995858085225,0.4761482222626061
standard inspection institution,1,0,4.784995858085225,0.4761482222626061
past contribution choosing,1,0,4.784995858085225,0.4761482222626061
peers contribute little,1,0,4.784995858085225,0.4761482222626061
selfish-institutional observing high,1,0,4.784995858085225,0.4761482222626061
beneficial due low,1,0,4.784995858085225,0.4761482222626061
observed sfi institution,1,0,4.784995858085225,0.4761482222626061
prioritize maximizing payoff,1,0,4.784995858085225,0.4761482222626061
history cooperate justify,1,0,4.784995858085225,0.4761482222626061
low-contributors defectors free-riders,1,0,4.784995858085225,0.4761482222626061
minimizing financial burden,1,0,4.784995858085225,0.4761482222626061
aligns recent contribution,1,0,4.784995858085225,0.4761482222626061
free ride still,1,0,4.784995858085225,0.4761482222626061
cumulative payoff maintain,1,0,4.784995858085225,0.4761482222626061
demonstrate commitment climate,1,0,4.784995858085225,0.4761482222626061
maximizes payoff aligns,1,0,4.784995858085225,0.4761482222626061
zero allow free,1,0,4.784995858085225,0.4761482222626061
opportunities marginal return,1,0,4.784995858085225,0.4761482222626061
average contribution recent,1,0,4.784995858085225,0.4761482222626061
average contribution deviate,1,0,4.784995858085225,0.4761482222626061
typical behavior considering,1,0,4.784995858085225,0.4761482222626061
cooperate developed country,1,0,4.784995858085225,0.4761482222626061
maximizing contribution achieve,1,0,4.784995858085225,0.4761482222626061
strategy given high,1,0,4.784995858085225,0.4761482222626061
contributors strategy incentives,1,0,4.784995858085225,0.4761482222626061
mcpr ensure strong,1,0,4.784995858085225,0.4761482222626061
high mcpr large,1,0,4.784995858085225,0.4761482222626061
average previous suggests,1,0,4.784995858085225,0.4761482222626061
contributors emerging deviate,1,0,4.784995858085225,0.4761482222626061
simple funding institution,1,0,4.784995858085225,0.4761482222626061
past performance mcpr,1,0,4.784995858085225,0.4761482222626061
strategy necessarily correlate,1,0,4.784995858085225,0.4761482222626061
peers contribution choose,1,0,4.784995858085225,0.4761482222626061
others strategies maintain,1,0,4.784995858085225,0.4761482222626061
amount balancing self-interest,1,0,4.784995858085225,0.4761482222626061
contribution peers exceptions,1,0,4.784995858085225,0.4761482222626061
focusing moderate contribution,1,0,4.784995858085225,0.4761482222626061
strategy sfi strategy,1,0,4.784995858085225,0.4761482222626061
enough achieve level,1,0,4.784995858085225,0.4761482222626061
history cooperate behavior,1,0,4.784995858085225,0.4761482222626061
reward deviate norm,1,0,4.784995858085225,0.4761482222626061
similar amount aligns,1,0,4.784995858085225,0.4761482222626061
mostly standard institution,1,0,4.784995858085225,0.4761482222626061
mostly following institution,1,0,4.784995858085225,0.4761482222626061
member institution history,1,0,4.784995858085225,0.4761482222626061
expected contribute according,1,0,4.784995858085225,0.4761482222626061
cooperate achieve moderate,1,0,4.784995858085225,0.4761482222626061
reduce stage budget,1,0,4.784995858085225,0.4761482222626061
according institution strategy,1,0,4.784995858085225,0.4761482222626061
level similar previous,1,0,4.784995858085225,0.4761482222626061
contribution explore options,1,0,4.784995858085225,0.4761482222626061
peers except sfi,1,0,4.784995858085225,0.4761482222626061
balance individual interests,1,0,4.784995858085225,0.4761482222626061
mostly free-riders sfi,1,0,4.784995858085225,0.4761482222626061
possible within allowed,1,0,4.784995858085225,0.4761482222626061
beliefs peers contribute,1,0,4.784995858085225,0.4761482222626061
simple funding initiative,1,0,4.784995858085225,0.4761482222626061
peers simple funding,1,0,4.784995858085225,0.4761482222626061
institution except sfi,1,0,4.784995858085225,0.4761482222626061
high contributors doing,1,0,4.784995858085225,0.4761482222626061
payoff lower expected,1,0,4.784995858085225,0.4761482222626061
aligns institution typical,1,0,4.784995858085225,0.4761482222626061
mcpr considering group,1,0,4.784995858085225,0.4761482222626061
group average considering,1,0,4.784995858085225,0.4761482222626061
size vulnerability index,1,0,4.784995858085225,0.4761482222626061
significant impact cumulative,1,0,4.784995858085225,0.4761482222626061
given high current,1,0,4.784995858085225,0.4761482222626061
strategy follow pattern,1,0,4.784995858085225,0.4761482222626061
previous average contribution,1,0,4.784995858085225,0.4761482222626061
peers strategy sfi,1,0,4.784995858085225,0.4761482222626061
support long-term climate,1,0,4.784995858085225,0.4761482222626061
historical emissions contribution,1,0,4.784995858085225,0.4761482222626061
peers contribution zero,1,0,4.784995858085225,0.4761482222626061
sfi framework low,1,0,4.784995858085225,0.4761482222626061
choose contribution balances,1,0,4.784995858085225,0.4761482222626061
higher cumulative payoffs,1,0,4.784995858085225,0.4761482222626061
data shows high,1,0,4.784995858085225,0.4761482222626061
level maintain cooperate,1,0,4.784995858085225,0.4761482222626061
contributors mostly standard,1,0,4.784995858085225,0.4761482222626061
without immediate costs,1,0,4.784995858085225,0.4761482222626061
peer contribution nothing,1,0,4.784995858085225,0.4761482222626061
use institution strategies,1,0,4.784995858085225,0.4761482222626061
average contribution million,1,0,4.784995858085225,0.4761482222626061
follow strict institution,1,0,4.784995858085225,0.4761482222626061
beliefs contribution billion,1,0,4.784995858085225,0.4761482222626061
cooperate beneficial due,1,0,4.784995858085225,0.4761482222626061
peers deviated expected,1,0,4.784995858085225,0.4761482222626061
contribution align pattern,1,0,4.784995858085225,0.4761482222626061
align previous rounds,1,0,4.784995858085225,0.4761482222626061
interests considering institution,1,0,4.784995858085225,0.4761482222626061
history significant contribution,1,0,4.784995858085225,0.4761482222626061
amount necessary maintain,1,0,4.784995858085225,0.4761482222626061
data expect others,1,0,4.784995858085225,0.4761482222626061
credibility institution stability,1,0,4.784995858085225,0.4761482222626061
contributors follow standard,1,0,4.784995858085225,0.4761482222626061
payoff aligns strategy,1,0,4.784995858085225,0.4761482222626061
following strategy choose,1,0,4.784995858085225,0.4761482222626061
account high marginal,1,0,4.784995858085225,0.4761482222626061
cooperate choose contribute,1,0,4.784995858085225,0.4761482222626061
follow except defectors,1,0,4.784995858085225,0.4761482222626061
ride maintain high,1,0,4.784995858085225,0.4761482222626061
loss considering long-term,1,0,4.784995858085225,0.4761482222626061
payoff supporting climate,1,0,4.784995858085225,0.4761482222626061
high-contributors mostly free-riders,1,0,4.784995858085225,0.4761482222626061
conclude contribution zero,1,0,4.784995858085225,0.4761482222626061
peers strategy previous-round,1,0,4.784995858085225,0.4761482222626061
nothing rational choice,1,0,4.784995858085225,0.4761482222626061
maintaining good reputation,1,0,4.784995858085225,0.4761482222626061
often high payoffs,1,0,4.784995858085225,0.4761482222626061
strategy current decision,1,0,4.784995858085225,0.4761482222626061
high current wealth,1,0,4.784995858085225,0.4761482222626061
choose contribute substantial,1,0,4.784995858085225,0.4761482222626061
contribution reward choose,1,0,4.784995858085225,0.4761482222626061
moderate amount marginal,1,0,4.784995858085225,0.4761482222626061
considering previous group,1,0,4.784995858085225,0.4761482222626061
contributors strategy inference,1,0,4.784995858085225,0.4761482222626061
emissions contribute moderate,1,0,4.784995858085225,0.4761482222626061
contribute large amount,1,0,4.784995858085225,0.4761482222626061
leave myself insufficient,1,0,4.784995858085225,0.4761482222626061
institution self-interested strategy,1,0,4.784995858085225,0.4761482222626061
want maintain consistency,1,0,4.784995858085225,0.4761482222626061
emerging deviate norm,1,0,4.784995858085225,0.4761482222626061
contributors follow similar,1,0,4.784995858085225,0.4761482222626061
data high contributors,1,0,4.784995858085225,0.4761482222626061
prevalent low contributors,1,0,4.784995858085225,0.4761482222626061
reduction choose high,1,0,4.784995858085225,0.4761482222626061
nothing maximizes current,1,0,4.784995858085225,0.4761482222626061
significant amount balancing,1,0,4.784995858085225,0.4761482222626061
history cooperate choose,1,0,4.784995858085225,0.4761482222626061
expect developed countries,1,0,4.784995858085225,0.4761482222626061
strategy consistently contribution,1,0,4.784995858085225,0.4761482222626061
consistency cooperate within,1,0,4.784995858085225,0.4761482222626061
consistency avoid standing,1,0,4.784995858085225,0.4761482222626061
high mcpr influence,1,0,4.784995858085225,0.4761482222626061
observed trend high,1,0,4.784995858085225,0.4761482222626061
contribution aligns observed,1,0,4.784995858085225,0.4761482222626061
except low-contrib sfi,1,0,4.784995858085225,0.4761482222626061
choosing contribute similar,1,0,4.784995858085225,0.4761482222626061
aligns institution self-interested,1,0,4.784995858085225,0.4761482222626061
contributors free-riders present,1,0,4.784995858085225,0.4761482222626061
level similar aligns,1,0,4.784995858085225,0.4761482222626061
individual interests institution,1,0,4.784995858085225,0.4761482222626061
either contribution highly,1,0,4.784995858085225,0.4761482222626061
maintaining sufficient wealth,1,0,4.784995858085225,0.4761482222626061
contributors framework choose,1,0,4.784995858085225,0.4761482222626061
contributor emissions reduction,1,0,4.784995858085225,0.4761482222626061
institution choose moderate,1,0,4.784995858085225,0.4761482222626061
data observed many,1,0,4.784995858085225,0.4761482222626061
contribution reward significant,1,0,4.784995858085225,0.4761482222626061
high contribution nothing,1,0,4.784995858085225,0.4761482222626061
contribute except low-contrib,1,0,4.784995858085225,0.4761482222626061
contribution level similar,1,0,4.784995858085225,0.4761482222626061
prior experience high,1,0,4.784995858085225,0.4761482222626061
low contributors identified,1,0,4.784995858085225,0.4761482222626061
average considering institution,1,0,4.784995858085225,0.4761482222626061
avoid standing defector,1,0,4.784995858085225,0.4761482222626061
strategy group past,1,0,4.784995858085225,0.4761482222626061
choose contribute similar,1,0,4.784995858085225,0.4761482222626061
previous data determined,1,0,4.784995858085225,0.4761482222626061
high contribution reduce,1,0,4.784995858085225,0.4761482222626061
credibility given high,1,0,4.784995858085225,0.4761482222626061
contributors institution common,1,0,4.784995858085225,0.4761482222626061
relatively low vulnerability,1,0,4.784995858085225,0.4761482222626061
top peers defectors,1,0,4.784995858085225,0.4761482222626061
small contribution explore,1,0,4.784995858085225,0.4761482222626061
mcpr recent contribution,1,0,4.784995858085225,0.4761482222626061
climate goals potentially,1,0,4.784995858085225,0.4761482222626061
contribute meaningfully considering,1,0,4.784995858085225,0.4761482222626061
strategy institution cooperate,1,0,4.784995858085225,0.4761482222626061
strong presence institution,1,0,4.784995858085225,0.4761482222626061
credibility minimizing loss,1,0,4.784995858085225,0.4761482222626061
level maintain credibility,1,0,4.784995858085225,0.4761482222626061
peer data conclude,1,0,4.784995858085225,0.4761482222626061
behavior allows future,1,0,4.784995858085225,0.4761482222626061
mcpr much left,1,0,4.784995858085225,0.4761482222626061
maintain credibility institution,1,0,4.784995858085225,0.4761482222626061
past behavior takes,1,0,4.784995858085225,0.4761482222626061
group average internal,1,0,4.784995858085225,0.4761482222626061
previous contribution indicate,1,0,4.784995858085225,0.4761482222626061
strategy observations previous,1,0,4.784995858085225,0.4761482222626061
shift net outcomes,1,0,4.784995858085225,0.4761482222626061
players expected contribute,1,0,4.784995858085225,0.4761482222626061
contribution mcpr large,1,0,4.784995858085225,0.4761482222626061
varying contribution levels,1,0,4.784995858085225,0.4761482222626061
emissions preserving wealth,1,0,4.784995858085225,0.4761482222626061
considering high wealth,1,0,4.784995858085225,0.4761482222626061
large contribution budget,1,0,4.784995858085225,0.4761482222626061
previous contribution suggest,1,0,4.784995858085225,0.4761482222626061
amount historical emissions,1,0,4.784995858085225,0.4761482222626061
individual gain collective,1,0,4.784995858085225,0.4761482222626061
budget likely cooperate,1,0,4.784995858085225,0.4761482222626061
high group size,1,0,4.784995858085225,0.4761482222626061
significantly observed previous,1,0,4.784995858085225,0.4761482222626061
follow established norms,1,0,4.784995858085225,0.4761482222626061
observing high contribution,1,0,4.784995858085225,0.4761482222626061
enough earn significant,1,0,4.784995858085225,0.4761482222626061
history contribute significant,1,0,4.784995858085225,0.4761482222626061
contribute highly others,1,0,4.784995858085225,0.4761482222626061
amount support global,1,0,4.784995858085225,0.4761482222626061
maximizes payoff mcpr,1,0,4.784995858085225,0.4761482222626061
around billion usd,1,0,4.784995858085225,0.4761482222626061
amount considering potential,1,0,4.784995858085225,0.4761482222626061
strategy contribute little,1,0,4.784995858085225,0.4761482222626061
demonstrate cooperate developed,1,0,4.784995858085225,0.4761482222626061
similar strategy deviate,1,0,4.784995858085225,0.4761482222626061
interaction strict fair,1,0,4.784995858085225,0.4761482222626061
emissions receive higher,1,0,4.784995858085225,0.4761482222626061
strategy considering recent,1,0,4.784995858085225,0.4761482222626061
enough advantage mcpr,1,0,4.784995858085225,0.4761482222626061
long-term credibility institution,1,0,4.784995858085225,0.4761482222626061
high amount similar,1,0,4.784995858085225,0.4761482222626061
stage budget without,1,0,4.784995858085225,0.4761482222626061
reduce emissions receive,1,0,4.784995858085225,0.4761482222626061
beliefs choose contribution,1,0,4.784995858085225,0.4761482222626061
maximizing payoff maintaining,1,0,4.784995858085225,0.4761482222626061
contribution global effort,1,0,4.784995858085225,0.4761482222626061
payoff given current,1,0,4.784995858085225,0.4761482222626061
strategy selfish-institutional observing,1,0,4.784995858085225,0.4761482222626061
suggest consistent strategy,1,0,4.784995858085225,0.4761482222626061
example others maximize,1,0,4.784995858085225,0.4761482222626061
nothing explore options,1,0,4.784995858085225,0.4761482222626061
consistency high contribution,1,0,4.784995858085225,0.4761482222626061
high-contributors mostly cooperate,1,0,4.784995858085225,0.4761482222626061
credibility avoiding excessive,1,0,4.784995858085225,0.4761482222626061
usd choosing contribute,1,0,4.784995858085225,0.4761482222626061
significant contribution marginal,1,0,4.784995858085225,0.4761482222626061
contributors mostly follow,1,0,4.784995858085225,0.4761482222626061
considering long-term stability,1,0,4.784995858085225,0.4761482222626061
trust self-interest sfi,1,0,4.784995858085225,0.4761482222626061
return group size,1,0,4.784995858085225,0.4761482222626061
previous-round data shows,1,0,4.784995858085225,0.4761482222626061
players still contribute,1,0,4.784995858085225,0.4761482222626061
low prioritize maximizing,1,0,4.784995858085225,0.4761482222626061
allows free ride,1,0,4.784995858085225,0.4761482222626061
reduce emissions increase,1,0,4.784995858085225,0.4761482222626061
rounds indicating high,1,0,4.784995858085225,0.4761482222626061
between stage stage,1,0,4.784995858085225,0.4761482222626061
contribution maintain consistency,1,0,4.784995858085225,0.4761482222626061
payoff align past,1,0,4.784995858085225,0.4761482222626061
payoff demonstrating cooperate,1,0,4.784995858085225,0.4761482222626061
peers follow similar,1,0,4.784995858085225,0.4761482222626061
high contribution relatively,1,0,4.784995858085225,0.4761482222626061
used strong institution,1,0,4.784995858085225,0.4761482222626061
amount possible directly,1,0,4.784995858085225,0.4761482222626061
allow free ride,1,0,4.784995858085225,0.4761482222626061
average balances self-interest,1,0,4.784995858085225,0.4761482222626061
payoff maintaining institution,1,0,4.784995858085225,0.4761482222626061
contribution substantial amount,1,0,4.784995858085225,0.4761482222626061
institution behavior maximizes,1,0,4.784995858085225,0.4761482222626061
wealth future decisions,1,0,4.784995858085225,0.4761482222626061
much depletes wealth,1,0,4.784995858085225,0.4761482222626061
sfi receive minimal,1,0,4.784995858085225,0.4761482222626061
behavior considering mcpr,1,0,4.784995858085225,0.4761482222626061
maintain credibility long-term,1,0,4.784995858085225,0.4761482222626061
institution strategy selfish-institutional,1,0,4.784995858085225,0.4761482222626061
behavior allows balance,1,0,4.784995858085225,0.4761482222626061
contribution suggests significant,1,0,4.784995858085225,0.4761482222626061
previous data contribute,1,0,4.784995858085225,0.4761482222626061
contribution peers follow,1,0,4.784995858085225,0.4761482222626061
contribution sfi peer,1,0,4.784995858085225,0.4761482222626061
previous data choose,1,0,4.784995858085225,0.4761482222626061
high contribution internal,1,0,4.784995858085225,0.4761482222626061
unit contribution lack,1,0,4.784995858085225,0.4761482222626061
historical average balances,1,0,4.784995858085225,0.4761482222626061
group size vulnerability,1,0,4.784995858085225,0.4761482222626061
mcpr contribution nothing,1,0,4.784995858085225,0.4761482222626061
return high contribution,1,0,4.784995858085225,0.4761482222626061
contribution fully maximize,1,0,4.784995858085225,0.4761482222626061
strategy deviate simple,1,0,4.784995858085225,0.4761482222626061
fraction budget maintain,1,0,4.784995858085225,0.4761482222626061
high contributors observed,1,0,4.784995858085225,0.4761482222626061
correlate higher cumulative,1,0,4.784995858085225,0.4761482222626061
maintain credibility influence,1,0,4.784995858085225,0.4761482222626061
observed peer data,1,0,4.784995858085225,0.4761482222626061
dollars aligns goal,1,0,4.784995858085225,0.4761482222626061
provide significant return,1,0,4.784995858085225,0.4761482222626061
large budget allows,1,0,4.784995858085225,0.4761482222626061
average high avoid,1,0,4.784995858085225,0.4761482222626061
high-contributor strategy maximize,1,0,4.784995858085225,0.4761482222626061
average previous balances,1,0,4.784995858085225,0.4761482222626061
higher emissions contribution,1,0,4.784995858085225,0.4761482222626061
between reducing emissions,1,0,4.784995858085225,0.4761482222626061
observed players still,1,0,4.784995858085225,0.4761482222626061
peers follow self-interest,1,0,4.784995858085225,0.4761482222626061
high want maximize,1,0,4.784995858085225,0.4761482222626061
strategy peers contribution,1,0,4.784995858085225,0.4761482222626061
level considering group,1,0,4.784995858085225,0.4761482222626061
reduction considering potential,1,0,4.784995858085225,0.4761482222626061
over-contributing aligns past,1,0,4.784995858085225,0.4761482222626061
previous maintain consistency,1,0,4.784995858085225,0.4761482222626061
contribution history contribute,1,0,4.784995858085225,0.4761482222626061
return contribution low,1,0,4.784995858085225,0.4761482222626061
align pattern maximize,1,0,4.784995858085225,0.4761482222626061
card previous-round peer,1,0,4.784995858085225,0.4761482222626061
aligns institution cooperate,1,0,4.784995858085225,0.4761482222626061
historical emissions marginal,1,0,4.784995858085225,0.4761482222626061
significant amount exceeding,1,0,4.784995858085225,0.4761482222626061
payoff contribution high,1,0,4.784995858085225,0.4761482222626061
contribution balances individual,1,0,4.784995858085225,0.4761482222626061
return investment maximize,1,0,4.784995858085225,0.4761482222626061
individual interests collective,1,0,4.784995858085225,0.4761482222626061
interest given mcpr,1,0,4.784995858085225,0.4761482222626061
payoff requires significant,1,0,4.784995858085225,0.4761482222626061
interests institution credibility,1,0,4.784995858085225,0.4761482222626061
contribution billion maximizes,1,0,4.784995858085225,0.4761482222626061
high avoid punishment,1,0,4.784995858085225,0.4761482222626061
higher marginal return,1,0,4.784995858085225,0.4761482222626061
rounds avoid seen,1,0,4.784995858085225,0.4761482222626061
moderate contribution aligns,1,0,4.784995858085225,0.4761482222626061
balance between current,1,0,4.784995858085225,0.4761482222626061
previous suggests contributors,1,0,4.784995858085225,0.4761482222626061
contribution high member,1,0,4.784995858085225,0.4761482222626061
cooperate set example,1,0,4.784995858085225,0.4761482222626061
history cooperate high,1,0,4.784995858085225,0.4761482222626061
significant contribution advantage,1,0,4.784995858085225,0.4761482222626061
strategy current budget,1,0,4.784995858085225,0.4761482222626061
commitment follow-through long-term,1,0,4.784995858085225,0.4761482222626061
observations previous rounds,1,0,4.784995858085225,0.4761482222626061
influence group average,1,0,4.784995858085225,0.4761482222626061
data expect members,1,0,4.784995858085225,0.4761482222626061
little choose contribute,1,0,4.784995858085225,0.4761482222626061
strategy institution trust,1,0,4.784995858085225,0.4761482222626061
use simple institution,1,0,4.784995858085225,0.4761482222626061
significantly maintain long-term,1,0,4.784995858085225,0.4761482222626061
best interest given,1,0,4.784995858085225,0.4761482222626061
equal previous group,1,0,4.784995858085225,0.4761482222626061
current wealth already,1,0,4.784995858085225,0.4761482222626061
self-interested choice maximize,1,0,4.784995858085225,0.4761482222626061
free ride maintain,1,0,4.784995858085225,0.4761482222626061
contributors emerge low,1,0,4.784995858085225,0.4761482222626061
ensure strong position,1,0,4.784995858085225,0.4761482222626061
similar high budget,1,0,4.784995858085225,0.4761482222626061
within allowed budget,1,0,4.784995858085225,0.4761482222626061
cooperate self-interest moderate,1,0,4.784995858085225,0.4761482222626061
indicating high contributors,1,0,4.784995858085225,0.4761482222626061
maintaining high mcpr,1,0,4.784995858085225,0.4761482222626061
amount observed previous,1,0,4.784995858085225,0.4761482222626061
choose contribute similarly,1,0,4.784995858085225,0.4761482222626061
high contributors deviate,1,0,4.784995858085225,0.4761482222626061
contribution enough achieve,1,0,4.784995858085225,0.4761482222626061
half budget maximizes,1,0,4.784995858085225,0.4761482222626061
peers cooperate standard,1,0,4.784995858085225,0.4761482222626061
contribution loss damage,1,0,4.784995858085225,0.4761482222626061
mcpr relatively low,1,0,4.784995858085225,0.4761482222626061
considering institution peer,1,0,4.784995858085225,0.4761482222626061
moderately maintain credibility,1,0,4.784995858085225,0.4761482222626061
contribute billion maximize,1,0,4.784995858085225,0.4761482222626061
previous rounds maximize,1,0,4.784995858085225,0.4761482222626061
much left insufficient,1,0,4.784995858085225,0.4761482222626061
self-interested strategy except,1,0,4.784995858085225,0.4761482222626061
maintaining consistency high,1,0,4.784995858085225,0.4761482222626061
situation mcpr contribution,1,0,4.784995858085225,0.4761482222626061
amount marginal return,1,0,4.784995858085225,0.4761482222626061
without significant marginal,1,0,4.784995858085225,0.4761482222626061
much possible emissions,1,0,4.784995858085225,0.4761482222626061
previous member institution,1,0,4.784995858085225,0.4761482222626061
payoff considering strategy,1,0,4.784995858085225,0.4761482222626061
following observed trend,1,0,4.784995858085225,0.4761482222626061
significant amount set,1,0,4.784995858085225,0.4761482222626061
net outcomes through,1,0,4.784995858085225,0.4761482222626061
outcomes contribute moderate,1,0,4.784995858085225,0.4761482222626061
believe cooperate beneficial,1,0,4.784995858085225,0.4761482222626061
free-ride contribute little,1,0,4.784995858085225,0.4761482222626061
data see peers,1,0,4.784995858085225,0.4761482222626061
contribution peers contribute,1,0,4.784995858085225,0.4761482222626061
data determined contribution,1,0,4.784995858085225,0.4761482222626061
peer contribution institution,1,0,4.784995858085225,0.4761482222626061
achieve moderate payoff,1,0,4.784995858085225,0.4761482222626061
significant mcpr much,1,0,4.784995858085225,0.4761482222626061
choose contribute full,1,0,4.784995858085225,0.4761482222626061
data suggest cooperate,1,0,4.784995858085225,0.4761482222626061
current situation mcpr,1,0,4.784995858085225,0.4761482222626061
contributors trust low,1,0,4.784995858085225,0.4761482222626061
framework incentives sfi,1,0,4.784995858085225,0.4761482222626061
considering institution credibility,1,0,4.784995858085225,0.4761482222626061
reward higher payoff,1,0,4.784995858085225,0.4761482222626061
considering potential impact,1,0,4.784995858085225,0.4761482222626061
beliefs observed peer,1,0,4.784995858085225,0.4761482222626061
choose contribute level,1,0,4.784995858085225,0.4761482222626061
historical strategy peers,1,0,4.784995858085225,0.4761482222626061
maintain cooperate set,1,0,4.784995858085225,0.4761482222626061
balancing between self-interest,1,0,4.784995858085225,0.4761482222626061
credibility minimizing financial,1,0,4.784995858085225,0.4761482222626061
large payoffs low,1,0,4.784995858085225,0.4761482222626061
higher payoffs low,1,0,4.784995858085225,0.4761482222626061
previous group contribution,1,0,4.784995858085225,0.4761482222626061
contribution maximize mcpr,1,0,4.784995858085225,0.4761482222626061
much leave myself,1,0,4.784995858085225,0.4761482222626061
maintain credibility balancing,1,0,4.784995858085225,0.4761482222626061
fund considering long-term,1,0,4.784995858085225,0.4761482222626061
full budget developed,1,0,4.784995858085225,0.4761482222626061
long-term impact cumulative,1,0,4.784995858085225,0.4761482222626061
contribution moderately payoff,1,0,4.784995858085225,0.4761482222626061
previous contribution reward,1,0,4.784995858085225,0.4761482222626061
observe players strategies,1,0,4.784995858085225,0.4761482222626061
similar aligns institution,1,0,4.784995858085225,0.4761482222626061
billion usd choosing,1,0,4.784995858085225,0.4761482222626061
high budget significant,1,0,4.784995858085225,0.4761482222626061
high mcpr recent,1,0,4.784995858085225,0.4761482222626061
institution strategies sfi,1,0,4.784995858085225,0.4761482222626061
considering strategy high,1,0,4.784995858085225,0.4761482222626061
maintain balance between,1,0,4.784995858085225,0.4761482222626061
consistency align institution,1,0,4.784995858085225,0.4761482222626061
amount best interest,1,0,4.784995858085225,0.4761482222626061
past contribution contribute,1,0,4.784995858085225,0.4761482222626061
choose between sfi,1,0,4.784995858085225,0.4761482222626061
expect members contribute,1,0,4.784995858085225,0.4761482222626061
wealth historical emissions,1,0,4.784995858085225,0.4761482222626061
strategy given current,1,0,4.784995858085225,0.4761482222626061
given recent contribution,1,0,4.784995858085225,0.4761482222626061
likely due institution,1,0,4.784995858085225,0.4761482222626061
behavior takes account,1,0,4.784995858085225,0.4761482222626061
maintain cooperate achieve,1,0,4.784995858085225,0.4761482222626061
mostly follow strategy,1,0,4.784995858085225,0.4761482222626061
maintain credibility follow,1,0,4.784995858085225,0.4761482222626061
payoff contribution significant,1,0,4.784995858085225,0.4761482222626061
achieve higher cumulative,1,0,4.784995858085225,0.4761482222626061
notable peers contribution,1,0,4.784995858085225,0.4761482222626061
expect others free-ride,1,0,4.784995858085225,0.4761482222626061
significant amount rational,1,0,4.784995858085225,0.4761482222626061
high contributors strategy,1,0,4.784995858085225,0.4761482222626061
cooperate follow established,1,0,4.784995858085225,0.4761482222626061
group average want,1,0,4.784995858085225,0.4761482222626061
maximum allowed maximize,1,0,4.784995858085225,0.4761482222626061
high-contributing tend follow,1,0,4.784995858085225,0.4761482222626061
others high contribution,1,0,4.784995858085225,0.4761482222626061
framework sfi penalized,1,0,4.784995858085225,0.4761482222626061
initially observe players,1,0,4.784995858085225,0.4761482222626061
low contribution mostly,1,0,4.784995858085225,0.4761482222626061
cooperate standard inspection,1,0,4.784995858085225,0.4761482222626061
emissions reduction goal,1,0,4.784995858085225,0.4761482222626061
others respond considering,1,0,4.784995858085225,0.4761482222626061
trend high contributors,1,0,4.784995858085225,0.4761482222626061
requires significant contribution,1,0,4.784995858085225,0.4761482222626061
loss damage fund,1,0,4.784995858085225,0.4761482222626061
since prior experience,1,0,4.784995858085225,0.4761482222626061
role guidance developed,1,0,4.784995858085225,0.4761482222626061
others free ride,1,0,4.784995858085225,0.4761482222626061
due institution pressures,1,0,4.784995858085225,0.4761482222626061
options without immediate,1,0,4.784995858085225,0.4761482222626061
nothing contribution low,1,0,4.784995858085225,0.4761482222626061
stability considering institution,1,0,4.784995858085225,0.4761482222626061
strategy considering previous,1,0,4.784995858085225,0.4761482222626061
advantage mcpr much,1,0,4.784995858085225,0.4761482222626061
institution sfi contribute,1,0,4.784995858085225,0.4761482222626061
contribution equal previous,1,0,4.784995858085225,0.4761482222626061
contribute nothing initially,1,0,4.784995858085225,0.4761482222626061
sfi peers contribute,1,0,4.784995858085225,0.4761482222626061
mostly low-contributors use,1,0,4.784995858085225,0.4761482222626061
budget without significant,1,0,4.784995858085225,0.4761482222626061
players use institution,1,0,4.784995858085225,0.4761482222626061
contribution nothing rational,1,0,4.784995858085225,0.4761482222626061
peers strategy necessarily,1,0,4.784995858085225,0.4761482222626061
affects wealth future,1,0,4.784995858085225,0.4761482222626061
balances desire contribute,1,0,4.784995858085225,0.4761482222626061
following internal beliefs,1,0,4.784995858085225,0.4761482222626061
peers contribute significantly,15,15,0.17006974770954209,0.4659104117105934
low contributors mostly,22,23,0.1256741223802642,0.4215134590966183
mcpr choose contribute,8,8,0.16991146108768973,0.3400352451715245
amount advantage high,14,15,0.1009797519423099,0.27182851290141036
given low marginal,5,5,0.16984371434055312,0.2688149041422248
global emissions reduction,5,5,0.16984371434055312,0.2688149041422248
mostly found sfi,4,4,0.1698211441240094,0.24046338201092712
following recent contribution,4,4,0.1698211441240094,0.24046338201092712
institution strategy sfi,4,4,0.1698211441240094,0.24046338201092712
advantage high marginal,4,4,0.1698211441240094,0.24046338201092712
climate ldf mode,360,420,0.016431612923941685,0.22877808696464952
ldf mode defaults,360,420,0.016431612923941685,0.22877808696464952
found sfi institution,3,3,0.16979857991969993,0.2083062514732427
internal beliefs contribute,3,3,0.16979857991969993,0.2083062514732427
past contribution internal,3,3,0.16979857991969993,0.2083062514732427
given past contribution,3,3,0.16979857991969993,0.2083062514732427
previous rounds data,10,11,0.0746152778695297,0.17085280096613084
contribution maximize payoff,2,2,0.16977602172521955,0.1701999325517094
contribute significantly contribution,2,2,0.16977602172521955,0.1701999325517094
amount emissions reduction,2,2,0.16977602172521955,0.1701999325517094
consistency previous rounds,2,2,0.16977602172521955,0.1701999325517094
contribution mcpr institution,2,2,0.16977602172521955,0.1701999325517094
institution strategy choose,2,2,0.16977602172521955,0.1701999325517094
high mcpr previous,2,2,0.16977602172521955,0.1701999325517094
maximizes payoff given,2,2,0.16977602172521955,0.1701999325517094
wealth future rounds,2,2,0.16977602172521955,0.1701999325517094
contribution global emissions,2,2,0.16977602172521955,0.1701999325517094
low-contributors mostly sfi,2,2,0.16977602172521955,0.1701999325517094
typical behavior contribution,2,2,0.16977602172521955,0.1701999325517094
potential future benefits,2,2,0.16977602172521955,0.1701999325517094
low contributors receive,2,2,0.16977602172521955,0.1701999325517094
choosing contribution slightly,2,2,0.16977602172521955,0.1701999325517094
expect moderate contribution,2,2,0.16977602172521955,0.1701999325517094
contribution previous rounds,2,2,0.16977602172521955,0.1701999325517094
amount global emissions,2,2,0.16977602172521955,0.1701999325517094
strategy marginal return,1,1,0.1697534695381595,0.12063250562026238
preserving wealth future,1,1,0.1697534695381595,0.12063250562026238
sfi strategy contribute,1,1,0.1697534695381595,0.12063250562026238
institution history marginal,1,1,0.1697534695381595,0.12063250562026238
given high mcpr,1,1,0.1697534695381595,0.12063250562026238
payoff align previous,1,1,0.1697534695381595,0.12063250562026238
significant amount align,1,1,0.1697534695381595,0.12063250562026238
amount balance between,1,1,0.1697534695381595,0.12063250562026238
strategy except follows,1,1,0.1697534695381595,0.12063250562026238
contributors free-riders penalized,1,1,0.1697534695381595,0.12063250562026238
institution strategy following,1,1,0.1697534695381595,0.12063250562026238
rounds data choose,1,1,0.1697534695381595,0.12063250562026238
close previous group,1,1,0.1697534695381595,0.12063250562026238
payoff considering mcpr,1,1,0.1697534695381595,0.12063250562026238
maximize payoff contribute,1,1,0.1697534695381595,0.12063250562026238
institution strategy follow,1,1,0.1697534695381595,0.12063250562026238
contributors made significant,1,1,0.1697534695381595,0.12063250562026238
contributors institution prevalent,1,1,0.1697534695381595,0.12063250562026238
contribution current group,1,1,0.1697534695381595,0.12063250562026238
self-interested choice given,1,1,0.1697534695381595,0.12063250562026238
contribution current budget,1,1,0.1697534695381595,0.12063250562026238
contributors significant impact,1,1,0.1697534695381595,0.12063250562026238
observe others strategies,1,1,0.1697534695381595,0.12063250562026238
want maximize payoff,1,1,0.1697534695381595,0.12063250562026238
high contribution payoff,1,1,0.1697534695381595,0.12063250562026238
contribute high amount,1,1,0.1697534695381595,0.12063250562026238
similar amount maintain,1,1,0.1697534695381595,0.12063250562026238
payoff contribute high,1,1,0.1697534695381595,0.12063250562026238
low contributors detected,1,1,0.1697534695381595,0.12063250562026238
high contributors made,1,1,0.1697534695381595,0.12063250562026238
strategy maximizes payoff,1,1,0.1697534695381595,0.12063250562026238
given current situation,1,1,0.1697534695381595,0.12063250562026238
past peer behavior,1,1,0.1697534695381595,0.12063250562026238
payoff considering high,1,1,0.1697534695381595,0.12063250562026238
contribution current decision,1,1,0.1697534695381595,0.12063250562026238
institution strategy contribute,1,1,0.1697534695381595,0.12063250562026238
contributors defectors mostly,1,1,0.1697534695381595,0.12063250562026238
high contributors emerge,1,1,0.1697534695381595,0.12063250562026238
contribution institution history,1,1,0.1697534695381595,0.12063250562026238
similar recent history,1,1,0.1697534695381595,0.12063250562026238
contribution similar amount,1,1,0.1697534695381595,0.12063250562026238
historical contribution current,1,1,0.1697534695381595,0.12063250562026238
mcpr institution typical,1,1,0.1697534695381595,0.12063250562026238
high contributors high,1,1,0.1697534695381595,0.12063250562026238
contribution previous group,1,1,0.1697534695381595,0.12063250562026238
considering institution historical,1,1,0.1697534695381595,0.12063250562026238
choosing contribute significant,1,1,0.1697534695381595,0.12063250562026238
moderate amount emissions,1,1,0.1697534695381595,0.12063250562026238
peer data consider,1,1,0.1697534695381595,0.12063250562026238
mostly institution sfi,1,1,0.1697534695381595,0.12063250562026238
institution strategy previous,1,1,0.1697534695381595,0.12063250562026238
history cooperate current,1,1,0.1697534695381595,0.12063250562026238
level maximize cumulative,1,1,0.1697534695381595,0.12063250562026238
contributors follow selfish-institutional,1,1,0.1697534695381595,0.12063250562026238
observed high contributors,1,1,0.1697534695381595,0.12063250562026238
typical behavior contribute,1,1,0.1697534695381595,0.12063250562026238
emissions increase mcpr,1,1,0.1697534695381595,0.12063250562026238
contribute fraction budget,1,1,0.1697534695381595,0.12063250562026238
mostly sfi high,1,1,0.1697534695381595,0.12063250562026238
contribution previous contribution,1,1,0.1697534695381595,0.12063250562026238
contribution mcpr suggests,1,1,0.1697534695381595,0.12063250562026238
contribution significantly emissions,1,1,0.1697534695381595,0.12063250562026238
follow defect sfi,1,1,0.1697534695381595,0.12063250562026238
beliefs expect others,1,1,0.1697534695381595,0.12063250562026238
defectors low contributors,1,1,0.1697534695381595,0.12063250562026238
payoff contribute amount,1,1,0.1697534695381595,0.12063250562026238
contribution peers contribution,1,1,0.1697534695381595,0.12063250562026238
mcpr institution history,1,1,0.1697534695381595,0.12063250562026238
contributors sfi contribution,1,1,0.1697534695381595,0.12063250562026238
amount align institution,1,1,0.1697534695381595,0.12063250562026238
strategy low contribution,1,1,0.1697534695381595,0.12063250562026238
suggests moderate level,1,1,0.1697534695381595,0.12063250562026238
current marginal return,1,1,0.1697534695381595,0.12063250562026238
institution strategy maintain,1,1,0.1697534695381595,0.12063250562026238
amount due high,1,1,0.1697534695381595,0.12063250562026238
cumulative payoff avoid,1,1,0.1697534695381595,0.12063250562026238
group average maximize,1,1,0.1697534695381595,0.12063250562026238
choices suggest consistent,1,1,0.1697534695381595,0.12063250562026238
significant amount emissions,1,1,0.1697534695381595,0.12063250562026238
defectors mostly sfi,1,1,0.1697534695381595,0.12063250562026238
moderately high low,1,1,0.1697534695381595,0.12063250562026238
average level maximize,1,1,0.1697534695381595,0.12063250562026238
moderate contribution past,1,1,0.1697534695381595,0.12063250562026238
contribute maximize stage,1,1,0.1697534695381595,0.12063250562026238
emissions reduction considering,1,1,0.1697534695381595,0.12063250562026238
amount aligns self-interest,1,1,0.1697534695381595,0.12063250562026238
maximize stage budget,1,1,0.1697534695381595,0.12063250562026238
marginal return significant,1,1,0.1697534695381595,0.12063250562026238
found sfi low,1,1,0.1697534695381595,0.12063250562026238
choose contribute significantly,1,1,0.1697534695381595,0.12063250562026238
moderate level contribution,1,1,0.1697534695381595,0.12063250562026238
moderate amount considering,1,1,0.1697534695381595,0.12063250562026238
contributors follow selfish-institution,1,1,0.1697534695381595,0.12063250562026238
high contribution history,1,1,0.1697534695381595,0.12063250562026238
typical behavior high,1,1,0.1697534695381595,0.12063250562026238
institution strategy peer,1,1,0.1697534695381595,0.12063250562026238
contribution similar previous,1,1,0.1697534695381595,0.12063250562026238
payoff given low,1,1,0.1697534695381595,0.12063250562026238
high amount advantage,1,1,0.1697534695381595,0.12063250562026238
contribution considering high,1,1,0.1697534695381595,0.12063250562026238
contributors high contribution,1,1,0.1697534695381595,0.12063250562026238
considering recent contribution,1,1,0.1697534695381595,0.12063250562026238
institution strategy maximize,1,1,0.1697534695381595,0.12063250562026238
choosing contribution level,1,1,0.1697534695381595,0.12063250562026238
amount high budget,1,1,0.1697534695381595,0.12063250562026238
advantage mcpr considering,1,1,0.1697534695381595,0.12063250562026238
starting small contribution,1,1,0.1697534695381595,0.12063250562026238
maximize payoff considering,1,1,0.1697534695381595,0.12063250562026238
significant contribution low,1,1,0.1697534695381595,0.12063250562026238
support global emissions,1,1,0.1697534695381595,0.12063250562026238
contribution close previous,1,1,0.1697534695381595,0.12063250562026238
potential benefits contribution,1,1,0.1697534695381595,0.12063250562026238
amount given prior,1,1,0.1697534695381595,0.12063250562026238
contribution test waters,1,1,0.1697534695381595,0.12063250562026238
contribute moderately high,1,1,0.1697534695381595,0.12063250562026238
payoff given high,1,1,0.1697534695381595,0.12063250562026238
unit contribution group,1,1,0.1697534695381595,0.12063250562026238
choosing contribution close,1,1,0.1697534695381595,0.12063250562026238
contribution reward high,1,1,0.1697534695381595,0.12063250562026238
given prior experience,1,1,0.1697534695381595,0.12063250562026238
significant amount necessary,1,1,0.1697534695381595,0.12063250562026238
cumulative payoff contribution,1,1,0.1697534695381595,0.12063250562026238
average maximize cumulative,1,1,0.1697534695381595,0.12063250562026238
mcpr suggests moderate,1,1,0.1697534695381595,0.12063250562026238
contribution sfi institution,1,1,0.1697534695381595,0.12063250562026238
maximum amount high,1,1,0.1697534695381595,0.12063250562026238
due high contribution,1,1,0.1697534695381595,0.12063250562026238
stage budget considering,1,1,0.1697534695381595,0.12063250562026238
moderate amount consistent,1,1,0.1697534695381595,0.12063250562026238
level cooperate considering,1,1,0.1697534695381595,0.12063250562026238
considering current budget,1,1,0.1697534695381595,0.12063250562026238
maximum amount possible,1,1,0.1697534695381595,0.12063250562026238
strategy previous rounds,1,1,0.1697534695381595,0.12063250562026238
previous data believe,1,1,0.1697534695381595,0.12063250562026238
contribution similar recent,1,1,0.1697534695381595,0.12063250562026238
contribution low prioritize,1,1,0.1697534695381595,0.12063250562026238
history marginal return,1,1,0.1697534695381595,0.12063250562026238
low contribution several,1,1,0.1697534695381595,0.12063250562026238
institution strategy deviate,1,1,0.1697534695381595,0.12063250562026238
contributors reward significant,1,1,0.1697534695381595,0.12063250562026238
high contributors significant,1,1,0.1697534695381595,0.12063250562026238
significant amount due,1,1,0.1697534695381595,0.12063250562026238
deviated expected contribution,1,1,0.1697534695381595,0.12063250562026238
players high contribution,1,1,0.1697534695381595,0.12063250562026238
contribution choose contribute,7,8,0.03641383702264456,0.07040552556961281
contribute significantly institution,11,13,0.0028208347375571208,0.006888480754769005
choose moderate contribution,11,13,0.0028208347375571208,0.006888480754769005
significant amount aligns,5,6,-0.012267065124438759,-0.020277106051481402
choosing moderate contribution,35,42,-0.012607392888742908,-0.05509293711857889
high-contributors mostly low-contributors,4,5,-0.05294546079992024,-0.07901626784723094
return choose contribute,3,4,-0.11717449891823506,-0.15364554880707948
marginal return choose,3,4,-0.11717449891823506,-0.15364554880707948
considering high marginal,3,4,-0.11717449891823506,-0.15364554880707948
follow institution strategy,6,8,-0.1176436586122751,-0.21799574130127275
considering institution strategy,6,8,-0.1176436586122751,-0.21799574130127275
maximizing payoff requires,2,3,-0.23415123638305424,-0.2570548919603741
emissions reduction fund,2,3,-0.23415123638305424,-0.2570548919603741
consistent past behavior,2,3,-0.23415123638305424,-0.2570548919603741
sfi high contributors,2,3,-0.23415123638305424,-0.2570548919603741
vulnerability index justify,2,3,-0.23415123638305424,-0.2570548919603741
index justify moderate,2,3,-0.23415123638305424,-0.2570548919603741
internal beliefs expect,2,3,-0.23415123638305424,-0.2570548919603741
rounds data expect,2,3,-0.23415123638305424,-0.2570548919603741
consistent contribution level,2,3,-0.23415123638305424,-0.2570548919603741
justify moderate contribution,2,3,-0.23415123638305424,-0.2570548919603741
mcpr previous data,2,3,-0.23415123638305424,-0.2570548919603741
past contribution institution,2,3,-0.23415123638305424,-0.2570548919603741
follow selfish-institution strategy,2,3,-0.23415123638305424,-0.2570548919603741
beliefs contribute moderate,2,3,-0.23415123638305424,-0.2570548919603741
contribution high marginal,2,3,-0.23415123638305424,-0.2570548919603741
moderate amount past,2,3,-0.23415123638305424,-0.2570548919603741
beliefs choose moderate,2,3,-0.23415123638305424,-0.2570548919603741
marginal return investment,2,3,-0.23415123638305424,-0.2570548919603741
peers contribute except,2,3,-0.23415123638305424,-0.2570548919603741
considering mcpr choose,2,3,-0.23415123638305424,-0.2570548919603741
contribution peers low,9,12,-0.11783657034050421,-0.2673607415616534
contributors mostly strategy,4,6,-0.23505624026491212,-0.364541811074033
contribution half budget,1,2,-0.5185528082399848,-0.42515592387753715
contribution relatively low,1,2,-0.5185528082399848,-0.42515592387753715
contribution consistent past,1,2,-0.5185528082399848,-0.42515592387753715
chose moderate contribution,1,2,-0.5185528082399848,-0.42515592387753715
amount considering institution,1,2,-0.5185528082399848,-0.42515592387753715
past contribution mcpr,1,2,-0.5185528082399848,-0.42515592387753715
maximum amount given,1,2,-0.5185528082399848,-0.42515592387753715
past behavior marginal,1,2,-0.5185528082399848,-0.42515592387753715
choice given low,1,2,-0.5185528082399848,-0.42515592387753715
institution choices suggest,1,2,-0.5185528082399848,-0.42515592387753715
unit contribution relatively,1,2,-0.5185528082399848,-0.42515592387753715
nothing marginal return,1,2,-0.5185528082399848,-0.42515592387753715
institution strategy except,1,2,-0.5185528082399848,-0.42515592387753715
significant amount considering,1,2,-0.5185528082399848,-0.42515592387753715
contribution observed institution,1,2,-0.5185528082399848,-0.42515592387753715
high contribution likely,1,2,-0.5185528082399848,-0.42515592387753715
amount past contribution,1,2,-0.5185528082399848,-0.42515592387753715
contribute nothing marginal,1,2,-0.5185528082399848,-0.42515592387753715
unit contribution institution,1,2,-0.5185528082399848,-0.42515592387753715
behavior marginal return,1,2,-0.5185528082399848,-0.42515592387753715
current group average,1,2,-0.5185528082399848,-0.42515592387753715
significantly others contribute,1,2,-0.5185528082399848,-0.42515592387753715
rounds data observed,1,2,-0.5185528082399848,-0.42515592387753715
amount maximizes payoff,1,2,-0.5185528082399848,-0.42515592387753715
except high contributors,1,2,-0.5185528082399848,-0.42515592387753715
choosing contribute maximum,1,2,-0.5185528082399848,-0.42515592387753715
peers follow selfish-institution,1,2,-0.5185528082399848,-0.42515592387753715
contribution likely cooperate,1,2,-0.5185528082399848,-0.42515592387753715
moderate contribution test,1,2,-0.5185528082399848,-0.42515592387753715
contribute maximum allowed,1,2,-0.5185528082399848,-0.42515592387753715
contribution zero maximizes,1,2,-0.5185528082399848,-0.42515592387753715
sfi low contribution,1,2,-0.5185528082399848,-0.42515592387753715
except sfi defectors,1,2,-0.5185528082399848,-0.42515592387753715
contributors used strategy,1,2,-0.5185528082399848,-0.42515592387753715
choose contribute due,1,2,-0.5185528082399848,-0.42515592387753715
moderate contribution balances,1,2,-0.5185528082399848,-0.42515592387753715
significantly choose contribute,0,1,-4.44551146519095,-0.4423666067802484
suggests contribution minimal,0,1,-4.44551146519095,-0.4423666067802484
significantly following institution,0,1,-4.44551146519095,-0.4423666067802484
need high contribution,0,1,-4.44551146519095,-0.4423666067802484
notice sfi members,0,1,-4.44551146519095,-0.4423666067802484
sfi others varied,0,1,-4.44551146519095,-0.4423666067802484
current wealth cooperate,0,1,-4.44551146519095,-0.4423666067802484
emissions reduction preserving,0,1,-4.44551146519095,-0.4423666067802484
contribution balance cooperate,0,1,-4.44551146519095,-0.4423666067802484
low contribution excessively,0,1,-4.44551146519095,-0.4423666067802484
maximize payoff balance,0,1,-4.44551146519095,-0.4423666067802484
past performance current,0,1,-4.44551146519095,-0.4423666067802484
high mcpr significant,0,1,-4.44551146519095,-0.4423666067802484
sfi institution strategy,0,1,-4.44551146519095,-0.4423666067802484
sfi members balance,0,1,-4.44551146519095,-0.4423666067802484
group average million,0,1,-4.44551146519095,-0.4423666067802484
contribution maximizes payoff,0,1,-4.44551146519095,-0.4423666067802484
return fact peers,0,1,-4.44551146519095,-0.4423666067802484
equally except high-contributors,0,1,-4.44551146519095,-0.4423666067802484
payoff mcpr low,0,1,-4.44551146519095,-0.4423666067802484
behavior maintaining significant,0,1,-4.44551146519095,-0.4423666067802484
historical contribution maximizes,0,1,-4.44551146519095,-0.4423666067802484
return contribution maximum,0,1,-4.44551146519095,-0.4423666067802484
contribution peers peers,0,1,-4.44551146519095,-0.4423666067802484
maximum amount allowed,0,1,-4.44551146519095,-0.4423666067802484
marginal return understand,0,1,-4.44551146519095,-0.4423666067802484
previous contribution maximize,0,1,-4.44551146519095,-0.4423666067802484
contributors sfi zero,0,1,-4.44551146519095,-0.4423666067802484
except low contributors,0,1,-4.44551146519095,-0.4423666067802484
others cooperate actions,0,1,-4.44551146519095,-0.4423666067802484
mcpr significant risk,0,1,-4.44551146519095,-0.4423666067802484
others made low,0,1,-4.44551146519095,-0.4423666067802484
contributors defectors observed,0,1,-4.44551146519095,-0.4423666067802484
contribution indicating trend,0,1,-4.44551146519095,-0.4423666067802484
strategy except defectors,0,1,-4.44551146519095,-0.4423666067802484
8-10 made low,0,1,-4.44551146519095,-0.4423666067802484
past contribution high,0,1,-4.44551146519095,-0.4423666067802484
scattered across institution,0,1,-4.44551146519095,-0.4423666067802484
data choosing moderate,0,1,-4.44551146519095,-0.4423666067802484
sfi strategy observed,0,1,-4.44551146519095,-0.4423666067802484
investment relatively low,0,1,-4.44551146519095,-0.4423666067802484
average contribution maintaining,0,1,-4.44551146519095,-0.4423666067802484
amount past performance,0,1,-4.44551146519095,-0.4423666067802484
institution relatively low,0,1,-4.44551146519095,-0.4423666067802484
less members since,0,1,-4.44551146519095,-0.4423666067802484
choices indicates consistent,0,1,-4.44551146519095,-0.4423666067802484
afford affect future,0,1,-4.44551146519095,-0.4423666067802484
stage budget amount,0,1,-4.44551146519095,-0.4423666067802484
sfi high contributers,0,1,-4.44551146519095,-0.4423666067802484
current budget contribution,0,1,-4.44551146519095,-0.4423666067802484
high low nothing,0,1,-4.44551146519095,-0.4423666067802484
index aligning previous,0,1,-4.44551146519095,-0.4423666067802484
high-contributors reward large,0,1,-4.44551146519095,-0.4423666067802484
actions stated intent,0,1,-4.44551146519095,-0.4423666067802484
significant contribution institution,0,1,-4.44551146519095,-0.4423666067802484
cumulative payoff given,0,1,-4.44551146519095,-0.4423666067802484
following previous contribution,0,1,-4.44551146519095,-0.4423666067802484
dollars maximize payoff,0,1,-4.44551146519095,-0.4423666067802484
peers peers sfi,0,1,-4.44551146519095,-0.4423666067802484
rounds data institution,0,1,-4.44551146519095,-0.4423666067802484
responsible institution sfi,0,1,-4.44551146519095,-0.4423666067802484
maintain reputation keep,0,1,-4.44551146519095,-0.4423666067802484
follow high-contribution strategy,0,1,-4.44551146519095,-0.4423666067802484
typical behavior past,0,1,-4.44551146519095,-0.4423666067802484
payoff given institution,0,1,-4.44551146519095,-0.4423666067802484
payoff advantage stage,0,1,-4.44551146519095,-0.4423666067802484
consistent level cooperate,0,1,-4.44551146519095,-0.4423666067802484
follow sfi strategies,0,1,-4.44551146519095,-0.4423666067802484
incentives considering previous,0,1,-4.44551146519095,-0.4423666067802484
marginal return sufficient,0,1,-4.44551146519095,-0.4423666067802484
sfi lag behind,0,1,-4.44551146519095,-0.4423666067802484
reduce global emissions,0,1,-4.44551146519095,-0.4423666067802484
follow contribute little,0,1,-4.44551146519095,-0.4423666067802484
average contribution expected,0,1,-4.44551146519095,-0.4423666067802484
index indicated internal,0,1,-4.44551146519095,-0.4423666067802484
moderate return unit,0,1,-4.44551146519095,-0.4423666067802484
maintaining significant contribution,0,1,-4.44551146519095,-0.4423666067802484
high contrib low,0,1,-4.44551146519095,-0.4423666067802484
recent history institution,0,1,-4.44551146519095,-0.4423666067802484
consistent level effort,0,1,-4.44551146519095,-0.4423666067802484
moderate amount given,0,1,-4.44551146519095,-0.4423666067802484
rational contribute zero,0,1,-4.44551146519095,-0.4423666067802484
peers sfi low,0,1,-4.44551146519095,-0.4423666067802484
contribution low high,0,1,-4.44551146519095,-0.4423666067802484
strategy deviate high-contribution,0,1,-4.44551146519095,-0.4423666067802484
billion usd balancing,0,1,-4.44551146519095,-0.4423666067802484
consistent recent choices,0,1,-4.44551146519095,-0.4423666067802484
contributors mostly belong,0,1,-4.44551146519095,-0.4423666067802484
defectors free riders,0,1,-4.44551146519095,-0.4423666067802484
sfi mostly free-ride,0,1,-4.44551146519095,-0.4423666067802484
zero aligns internal,0,1,-4.44551146519095,-0.4423666067802484
low contributors institution,0,1,-4.44551146519095,-0.4423666067802484
reward sfi average,0,1,-4.44551146519095,-0.4423666067802484
follow except high,0,1,-4.44551146519095,-0.4423666067802484
return contribution half,0,1,-4.44551146519095,-0.4423666067802484
contributors mostly top,0,1,-4.44551146519095,-0.4423666067802484
choices reflects balance,0,1,-4.44551146519095,-0.4423666067802484
vulnerability index makes,0,1,-4.44551146519095,-0.4423666067802484
significantly contribution irrelevant,0,1,-4.44551146519095,-0.4423666067802484
except defectors low,0,1,-4.44551146519095,-0.4423666067802484
used selfish-institution strategy,0,1,-4.44551146519095,-0.4423666067802484
peers follow high-contribution,0,1,-4.44551146519095,-0.4423666067802484
impact overall payoff,0,1,-4.44551146519095,-0.4423666067802484
members balance immediate,0,1,-4.44551146519095,-0.4423666067802484
contribution fact high,0,1,-4.44551146519095,-0.4423666067802484
behavior observed marginal,0,1,-4.44551146519095,-0.4423666067802484
zero optimal interests,0,1,-4.44551146519095,-0.4423666067802484
mostly seen institution,0,1,-4.44551146519095,-0.4423666067802484
waters understand dynamics,0,1,-4.44551146519095,-0.4423666067802484
contribute emissions reduction,0,1,-4.44551146519095,-0.4423666067802484
contribute defect sfi,0,1,-4.44551146519095,-0.4423666067802484
institution high contributors,0,1,-4.44551146519095,-0.4423666067802484
significantly contribution negligible,0,1,-4.44551146519095,-0.4423666067802484
choose relatively low,0,1,-4.44551146519095,-0.4423666067802484
affect current wealth,0,1,-4.44551146519095,-0.4423666067802484
contribution successful strategy,0,1,-4.44551146519095,-0.4423666067802484
history past contribution,0,1,-4.44551146519095,-0.4423666067802484
peers sfi present,0,1,-4.44551146519095,-0.4423666067802484
return understand dynamics,0,1,-4.44551146519095,-0.4423666067802484
free-riding rational choice,0,1,-4.44551146519095,-0.4423666067802484
maximum allowed stage,0,1,-4.44551146519095,-0.4423666067802484
contribute consistent amount,0,1,-4.44551146519095,-0.4423666067802484
align institution typical,0,1,-4.44551146519095,-0.4423666067802484
developing country context,0,1,-4.44551146519095,-0.4423666067802484
contribution balance vulnerability,0,1,-4.44551146519095,-0.4423666067802484
value considering institution,0,1,-4.44551146519095,-0.4423666067802484
previous rounds maximizing,0,1,-4.44551146519095,-0.4423666067802484
recent history contribution,0,1,-4.44551146519095,-0.4423666067802484
cumulative payoff maximum,0,1,-4.44551146519095,-0.4423666067802484
indicates moderate return,0,1,-4.44551146519095,-0.4423666067802484
institution tendency towards,0,1,-4.44551146519095,-0.4423666067802484
index historical emissions,0,1,-4.44551146519095,-0.4423666067802484
defect contribute low,0,1,-4.44551146519095,-0.4423666067802484
low contributors scattered,0,1,-4.44551146519095,-0.4423666067802484
institution past low,0,1,-4.44551146519095,-0.4423666067802484
current wealth budget,0,1,-4.44551146519095,-0.4423666067802484
keep options open,0,1,-4.44551146519095,-0.4423666067802484
significant amount maximizes,0,1,-4.44551146519095,-0.4423666067802484
contribute institution strategy,0,1,-4.44551146519095,-0.4423666067802484
members mcpr suggests,0,1,-4.44551146519095,-0.4423666067802484
choosing contribute significantly,0,1,-4.44551146519095,-0.4423666067802484
institution tendency lower,0,1,-4.44551146519095,-0.4423666067802484
contribution necessary due,0,1,-4.44551146519095,-0.4423666067802484
sfi contribute minimally,0,1,-4.44551146519095,-0.4423666067802484
contributors chose strategy-institution,0,1,-4.44551146519095,-0.4423666067802484
vulnerability index per,0,1,-4.44551146519095,-0.4423666067802484
recent history maintain,0,1,-4.44551146519095,-0.4423666067802484
relatively low contribute,0,1,-4.44551146519095,-0.4423666067802484
selfish iteration sfi,0,1,-4.44551146519095,-0.4423666067802484
demonstrate commitment balance,0,1,-4.44551146519095,-0.4423666067802484
payoffs institution sfi,0,1,-4.44551146519095,-0.4423666067802484
rounds data choosing,0,1,-4.44551146519095,-0.4423666067802484
contribution others contribution,0,1,-4.44551146519095,-0.4423666067802484
consistency maximize cumulative,0,1,-4.44551146519095,-0.4423666067802484
credibility contribute emissions,0,1,-4.44551146519095,-0.4423666067802484
strategy observed contribution,0,1,-4.44551146519095,-0.4423666067802484
low contribution amount,0,1,-4.44551146519095,-0.4423666067802484
behavior current budget,0,1,-4.44551146519095,-0.4423666067802484
contribution low peer,0,1,-4.44551146519095,-0.4423666067802484
sfi institution contribution,0,1,-4.44551146519095,-0.4423666067802484
contribution achieve highest,0,1,-4.44551146519095,-0.4423666067802484
contribution billion usd,0,1,-4.44551146519095,-0.4423666067802484
institution sfi group,0,1,-4.44551146519095,-0.4423666067802484
contribution mostly strategy,0,1,-4.44551146519095,-0.4423666067802484
considering institution relatively,0,1,-4.44551146519095,-0.4423666067802484
use except sfi,0,1,-4.44551146519095,-0.4423666067802484
index group multiplier,0,1,-4.44551146519095,-0.4423666067802484
return past contribution,0,1,-4.44551146519095,-0.4423666067802484
contributors used selfish-institution,0,1,-4.44551146519095,-0.4423666067802484
highly except sfi,0,1,-4.44551146519095,-0.4423666067802484
emissions reduction contribute,0,1,-4.44551146519095,-0.4423666067802484
level return per,0,1,-4.44551146519095,-0.4423666067802484
high sfi low,0,1,-4.44551146519095,-0.4423666067802484
low contribution maintain,0,1,-4.44551146519095,-0.4423666067802484
commitment considering group,0,1,-4.44551146519095,-0.4423666067802484
mostly selfish-frugal-institutional sfi,0,1,-4.44551146519095,-0.4423666067802484
contributers sfi high,0,1,-4.44551146519095,-0.4423666067802484
contribution maintaining flexibility,0,1,-4.44551146519095,-0.4423666067802484
interests acknowledging potential,0,1,-4.44551146519095,-0.4423666067802484
contribution significantly indicating,0,1,-4.44551146519095,-0.4423666067802484
amount similar recent,0,1,-4.44551146519095,-0.4423666067802484
use contribute highly,0,1,-4.44551146519095,-0.4423666067802484
cumulative payoff choose,0,1,-4.44551146519095,-0.4423666067802484
high contributors socially,0,1,-4.44551146519095,-0.4423666067802484
apparent need high,0,1,-4.44551146519095,-0.4423666067802484
level balances interests,0,1,-4.44551146519095,-0.4423666067802484
contributers low contributers,0,1,-4.44551146519095,-0.4423666067802484
selfish-frugal-institutional sfi group,0,1,-4.44551146519095,-0.4423666067802484
behavior contribution considering,0,1,-4.44551146519095,-0.4423666067802484
contributors follow sfi,0,1,-4.44551146519095,-0.4423666067802484
sfi associated low,0,1,-4.44551146519095,-0.4423666067802484
contribution significantly free-rider,0,1,-4.44551146519095,-0.4423666067802484
balance institution historical,0,1,-4.44551146519095,-0.4423666067802484
contribution need support,0,1,-4.44551146519095,-0.4423666067802484
contribute less marginal,0,1,-4.44551146519095,-0.4423666067802484
behavior increase cumulative,0,1,-4.44551146519095,-0.4423666067802484
return maintain consistent,0,1,-4.44551146519095,-0.4423666067802484
cumulative payoff mcpr,0,1,-4.44551146519095,-0.4423666067802484
low contribution observed,0,1,-4.44551146519095,-0.4423666067802484
use low-contributors mostly,0,1,-4.44551146519095,-0.4423666067802484
test system understand,0,1,-4.44551146519095,-0.4423666067802484
contribution mostly seen,0,1,-4.44551146519095,-0.4423666067802484
contribution 10m contribution,0,1,-4.44551146519095,-0.4423666067802484
cooperate others contribute,0,1,-4.44551146519095,-0.4423666067802484
peers cooperate high,0,1,-4.44551146519095,-0.4423666067802484
contribute amount close,0,1,-4.44551146519095,-0.4423666067802484
avoid standing free-rider,0,1,-4.44551146519095,-0.4423666067802484
maximum stage budget,0,1,-4.44551146519095,-0.4423666067802484
contributors mostly contribute,0,1,-4.44551146519095,-0.4423666067802484
contribution observed peers,0,1,-4.44551146519095,-0.4423666067802484
budget maximum amount,0,1,-4.44551146519095,-0.4423666067802484
low-contributors scattered across,0,1,-4.44551146519095,-0.4423666067802484
positive amount balance,0,1,-4.44551146519095,-0.4423666067802484
contribution test marginal,0,1,-4.44551146519095,-0.4423666067802484
institution history past,0,1,-4.44551146519095,-0.4423666067802484
beliefs low marginal,0,1,-4.44551146519095,-0.4423666067802484
contribution consistent recent,0,1,-4.44551146519095,-0.4423666067802484
institution high contribution,0,1,-4.44551146519095,-0.4423666067802484
want observe others,0,1,-4.44551146519095,-0.4423666067802484
contributors detected sfi,0,1,-4.44551146519095,-0.4423666067802484
sfi members mcpr,0,1,-4.44551146519095,-0.4423666067802484
behavior considering current,0,1,-4.44551146519095,-0.4423666067802484
similar recent contribution,0,1,-4.44551146519095,-0.4423666067802484
members since institution,0,1,-4.44551146519095,-0.4423666067802484
high-contributor strategy choosing,0,1,-4.44551146519095,-0.4423666067802484
strategy cooperate institution,0,1,-4.44551146519095,-0.4423666067802484
suggest moderate level,0,1,-4.44551146519095,-0.4423666067802484
cooperate immediate resilience,0,1,-4.44551146519095,-0.4423666067802484
group average balance,0,1,-4.44551146519095,-0.4423666067802484
considering ldf role,0,1,-4.44551146519095,-0.4423666067802484
budget low marginal,0,1,-4.44551146519095,-0.4423666067802484
optimizing maximum cumulative,0,1,-4.44551146519095,-0.4423666067802484
observed peers institution,0,1,-4.44551146519095,-0.4423666067802484
cooperate avoid seen,0,1,-4.44551146519095,-0.4423666067802484
unit contribution apparent,0,1,-4.44551146519095,-0.4423666067802484
given institution developing,0,1,-4.44551146519095,-0.4423666067802484
without considering punishment,0,1,-4.44551146519095,-0.4423666067802484
marginal return peers,0,1,-4.44551146519095,-0.4423666067802484
necessary balance immediate,0,1,-4.44551146519095,-0.4423666067802484
recent history high,0,1,-4.44551146519095,-0.4423666067802484
actions intent maximizing,0,1,-4.44551146519095,-0.4423666067802484
performance group size,0,1,-4.44551146519095,-0.4423666067802484
rounds data notice,0,1,-4.44551146519095,-0.4423666067802484
mostly sfi lower,0,1,-4.44551146519095,-0.4423666067802484
large payoffs low-contributors,0,1,-4.44551146519095,-0.4423666067802484
sfi others contribution,0,1,-4.44551146519095,-0.4423666067802484
ldf role disaster,0,1,-4.44551146519095,-0.4423666067802484
significant impact overall,0,1,-4.44551146519095,-0.4423666067802484
observed institution label,0,1,-4.44551146519095,-0.4423666067802484
contribution institution norm,0,1,-4.44551146519095,-0.4423666067802484
contribution significantly 1-5,0,1,-4.44551146519095,-0.4423666067802484
rounds high contribution,0,1,-4.44551146519095,-0.4423666067802484
observed peers sfi,0,1,-4.44551146519095,-0.4423666067802484
around budget optimal,0,1,-4.44551146519095,-0.4423666067802484
contribution level balances,0,1,-4.44551146519095,-0.4423666067802484
history contribution amount,0,1,-4.44551146519095,-0.4423666067802484
history contribution moderately,0,1,-4.44551146519095,-0.4423666067802484
billion aligns self-interest,0,1,-4.44551146519095,-0.4423666067802484
history mcpr choose,0,1,-4.44551146519095,-0.4423666067802484
recent contribution marginal,0,1,-4.44551146519095,-0.4423666067802484
except use sfi,0,1,-4.44551146519095,-0.4423666067802484
open future rounds,0,1,-4.44551146519095,-0.4423666067802484
contribution peers 1-5,0,1,-4.44551146519095,-0.4423666067802484
ignoring high contribution,0,1,-4.44551146519095,-0.4423666067802484
maximum amount aligns,0,1,-4.44551146519095,-0.4423666067802484
consistency previous contribution,0,1,-4.44551146519095,-0.4423666067802484
strategy maximize payoff,0,1,-4.44551146519095,-0.4423666067802484
contribution indicates consistent,0,1,-4.44551146519095,-0.4423666067802484
going debt help,0,1,-4.44551146519095,-0.4423666067802484
fact peers follow,0,1,-4.44551146519095,-0.4423666067802484
dominate sfi inactive,0,1,-4.44551146519095,-0.4423666067802484
contributors institution free-riders,0,1,-4.44551146519095,-0.4423666067802484
vulnerability index historical,0,1,-4.44551146519095,-0.4423666067802484
previous member sfi,0,1,-4.44551146519095,-0.4423666067802484
achieve highest marginal,0,1,-4.44551146519095,-0.4423666067802484
billion usd emissions,0,1,-4.44551146519095,-0.4423666067802484
past behavior mcpr,0,1,-4.44551146519095,-0.4423666067802484
contribution institution choices,0,1,-4.44551146519095,-0.4423666067802484
peers strategy iterated,0,1,-4.44551146519095,-0.4423666067802484
sfi participating stage,0,1,-4.44551146519095,-0.4423666067802484
sfi except contributes,0,1,-4.44551146519095,-0.4423666067802484
contributors low contribution,0,1,-4.44551146519095,-0.4423666067802484
amount close group,0,1,-4.44551146519095,-0.4423666067802484
contribution seen peers,0,1,-4.44551146519095,-0.4423666067802484
consistent internal beliefs,0,1,-4.44551146519095,-0.4423666067802484
cooperate avoiding free,0,1,-4.44551146519095,-0.4423666067802484
low high contribution,0,1,-4.44551146519095,-0.4423666067802484
past contribution group,0,1,-4.44551146519095,-0.4423666067802484
observed low contribution,0,1,-4.44551146519095,-0.4423666067802484
indicate consistent level,0,1,-4.44551146519095,-0.4423666067802484
stage best option,0,1,-4.44551146519095,-0.4423666067802484
balance interests cooperate,0,1,-4.44551146519095,-0.4423666067802484
zero dollars maximize,0,1,-4.44551146519095,-0.4423666067802484
participate stage see,0,1,-4.44551146519095,-0.4423666067802484
others contribute less,0,1,-4.44551146519095,-0.4423666067802484
budget considering high,0,1,-4.44551146519095,-0.4423666067802484
mcpr past contribution,0,1,-4.44551146519095,-0.4423666067802484
contributors socially responsible,0,1,-4.44551146519095,-0.4423666067802484
vulnerability index recent,0,1,-4.44551146519095,-0.4423666067802484
follow except deviants,0,1,-4.44551146519095,-0.4423666067802484
past rounds data,0,1,-4.44551146519095,-0.4423666067802484
beliefs choose relatively,0,1,-4.44551146519095,-0.4423666067802484
peer contribution significantly,0,1,-4.44551146519095,-0.4423666067802484
contribution high contribute,0,1,-4.44551146519095,-0.4423666067802484
vulnerability index free,0,1,-4.44551146519095,-0.4423666067802484
free riding self-interested,0,1,-4.44551146519095,-0.4423666067802484
mcpr suggests contribution,0,1,-4.44551146519095,-0.4423666067802484
justified high enough,0,1,-4.44551146519095,-0.4423666067802484
follow sfi present,0,1,-4.44551146519095,-0.4423666067802484
billion aligns previous,0,1,-4.44551146519095,-0.4423666067802484
low budget want,0,1,-4.44551146519095,-0.4423666067802484
data expect mix,0,1,-4.44551146519095,-0.4423666067802484
contributors strategy ignoring,0,1,-4.44551146519095,-0.4423666067802484
institution low average,0,1,-4.44551146519095,-0.4423666067802484
recent contribution indicate,0,1,-4.44551146519095,-0.4423666067802484
institution history peer,0,1,-4.44551146519095,-0.4423666067802484
marginal return considering,0,1,-4.44551146519095,-0.4423666067802484
index choose moderate,0,1,-4.44551146519095,-0.4423666067802484
contribute around amount,0,1,-4.44551146519095,-0.4423666067802484
peers cooperate defect,0,1,-4.44551146519095,-0.4423666067802484
balance institution tendency,0,1,-4.44551146519095,-0.4423666067802484
high enough marginal,0,1,-4.44551146519095,-0.4423666067802484
contribution test system,0,1,-4.44551146519095,-0.4423666067802484
institution interests contribution,0,1,-4.44551146519095,-0.4423666067802484
fraction budget considering,0,1,-4.44551146519095,-0.4423666067802484
contribute positive amount,0,1,-4.44551146519095,-0.4423666067802484
contribute defect contribute,0,1,-4.44551146519095,-0.4423666067802484
observed marginal return,0,1,-4.44551146519095,-0.4423666067802484
guaranteed value considering,0,1,-4.44551146519095,-0.4423666067802484
chose contribute group,0,1,-4.44551146519095,-0.4423666067802484
contributors mostly selfish-frugal-institutional,0,1,-4.44551146519095,-0.4423666067802484
low want preserve,0,1,-4.44551146519095,-0.4423666067802484
contribution moderate balancing,0,1,-4.44551146519095,-0.4423666067802484
free-riding rational due,0,1,-4.44551146519095,-0.4423666067802484
considering ldf implications,0,1,-4.44551146519095,-0.4423666067802484
optimal maximize payoff,0,1,-4.44551146519095,-0.4423666067802484
contribution amount similar,0,1,-4.44551146519095,-0.4423666067802484
history contribution global,0,1,-4.44551146519095,-0.4423666067802484
developing country institution,0,1,-4.44551146519095,-0.4423666067802484
riding self-interested choice,0,1,-4.44551146519095,-0.4423666067802484
past contribution fact,0,1,-4.44551146519095,-0.4423666067802484
institution contribution significantly,0,1,-4.44551146519095,-0.4423666067802484
sfi group type,0,1,-4.44551146519095,-0.4423666067802484
amount aligns balance,0,1,-4.44551146519095,-0.4423666067802484
contribution amount unprofitable,0,1,-4.44551146519095,-0.4423666067802484
payoff choose moderate,0,1,-4.44551146519095,-0.4423666067802484
mcpr free-rider incentives,0,1,-4.44551146519095,-0.4423666067802484
cooperate leaving room,0,1,-4.44551146519095,-0.4423666067802484
per internal beliefs,0,1,-4.44551146519095,-0.4423666067802484
return sufficient budget,0,1,-4.44551146519095,-0.4423666067802484
significant benefits contribution,0,1,-4.44551146519095,-0.4423666067802484
choosing contribution consistent,0,1,-4.44551146519095,-0.4423666067802484
maintain cooperate avoid,0,1,-4.44551146519095,-0.4423666067802484
peers follow high-contrib,0,1,-4.44551146519095,-0.4423666067802484
developing country group,0,1,-4.44551146519095,-0.4423666067802484
contributors strategy imprisonment,0,1,-4.44551146519095,-0.4423666067802484
contribute minimal amount,0,1,-4.44551146519095,-0.4423666067802484
contribution peers suggests,0,1,-4.44551146519095,-0.4423666067802484
fixed amount affect,0,1,-4.44551146519095,-0.4423666067802484
typical behavior increase,0,1,-4.44551146519095,-0.4423666067802484
considering current mcpr,0,1,-4.44551146519095,-0.4423666067802484
index marginal return,0,1,-4.44551146519095,-0.4423666067802484
iteration sfi institution,0,1,-4.44551146519095,-0.4423666067802484
beliefs expect moderate,0,1,-4.44551146519095,-0.4423666067802484
small contribution test,0,1,-4.44551146519095,-0.4423666067802484
performance current decision,0,1,-4.44551146519095,-0.4423666067802484
return considering past,0,1,-4.44551146519095,-0.4423666067802484
contribute maximize cumulative,0,1,-4.44551146519095,-0.4423666067802484
return low want,0,1,-4.44551146519095,-0.4423666067802484
contribution significantly choose,0,1,-4.44551146519095,-0.4423666067802484
avoid free-riding overextending,0,1,-4.44551146519095,-0.4423666067802484
rounds contribution moderate,0,1,-4.44551146519095,-0.4423666067802484
contribution previous data,0,1,-4.44551146519095,-0.4423666067802484
incentives considering recent,0,1,-4.44551146519095,-0.4423666067802484
past contribution vulnerability,0,1,-4.44551146519095,-0.4423666067802484
suggests tend contribute,0,1,-4.44551146519095,-0.4423666067802484
afford without going,0,1,-4.44551146519095,-0.4423666067802484
amount affect current,0,1,-4.44551146519095,-0.4423666067802484
amount contribution without,0,1,-4.44551146519095,-0.4423666067802484
contributors sfi high,0,1,-4.44551146519095,-0.4423666067802484
reduction preserving wealth,0,1,-4.44551146519095,-0.4423666067802484
mostly top performers,0,1,-4.44551146519095,-0.4423666067802484
peer contribution low,0,1,-4.44551146519095,-0.4423666067802484
leaving room future,0,1,-4.44551146519095,-0.4423666067802484
contribution peers still,0,1,-4.44551146519095,-0.4423666067802484
mcpr given current,0,1,-4.44551146519095,-0.4423666067802484
intent maximizing cumulative,0,1,-4.44551146519095,-0.4423666067802484
amount allowed stage,0,1,-4.44551146519095,-0.4423666067802484
free-riding overextending budget,0,1,-4.44551146519095,-0.4423666067802484
return peers cooperate,0,1,-4.44551146519095,-0.4423666067802484
contribution indicate consistent,0,1,-4.44551146519095,-0.4423666067802484
return investment mcpr,0,1,-4.44551146519095,-0.4423666067802484
previous contribution mcpr,0,1,-4.44551146519095,-0.4423666067802484
role disaster payouts,0,1,-4.44551146519095,-0.4423666067802484
history institution behavior,0,1,-4.44551146519095,-0.4423666067802484
peers sfi institution,0,1,-4.44551146519095,-0.4423666067802484
contribute due institution,0,1,-4.44551146519095,-0.4423666067802484
balance institution low,0,1,-4.44551146519095,-0.4423666067802484
contributors emerging institution,0,1,-4.44551146519095,-0.4423666067802484
good defect contribute,0,1,-4.44551146519095,-0.4423666067802484
contribution institution common,0,1,-4.44551146519095,-0.4423666067802484
incentives contribution significant,0,1,-4.44551146519095,-0.4423666067802484
contribution moderate level,0,1,-4.44551146519095,-0.4423666067802484
significantly across institution,0,1,-4.44551146519095,-0.4423666067802484
contribution protect institution,0,1,-4.44551146519095,-0.4423666067802484
index developing countries,0,1,-4.44551146519095,-0.4423666067802484
stage budget minimizing,0,1,-4.44551146519095,-0.4423666067802484
considering fact peers,0,1,-4.44551146519095,-0.4423666067802484
followers sfi strategy,0,1,-4.44551146519095,-0.4423666067802484
level past behavior,0,1,-4.44551146519095,-0.4423666067802484
pattern aiming moderate,0,1,-4.44551146519095,-0.4423666067802484
best option given,0,1,-4.44551146519095,-0.4423666067802484
towards low contribution,0,1,-4.44551146519095,-0.4423666067802484
budget maximize immediate,0,1,-4.44551146519095,-0.4423666067802484
budget considering ldf,0,1,-4.44551146519095,-0.4423666067802484
maximum amount afford,0,1,-4.44551146519095,-0.4423666067802484
institution free-riders sfi,0,1,-4.44551146519095,-0.4423666067802484
contribute significantly following,0,1,-4.44551146519095,-0.4423666067802484
mostly low-contributors scattered,0,1,-4.44551146519095,-0.4423666067802484
unit contribution incentivizes,0,1,-4.44551146519095,-0.4423666067802484
past behavior internal,0,1,-4.44551146519095,-0.4423666067802484
contribution moderately sfi,0,1,-4.44551146519095,-0.4423666067802484
amount optimal maximize,0,1,-4.44551146519095,-0.4423666067802484
strategy observed peer,0,1,-4.44551146519095,-0.4423666067802484
significant amount maximum,0,1,-4.44551146519095,-0.4423666067802484
high contribution follows,0,1,-4.44551146519095,-0.4423666067802484
strategy previous-round peer,0,1,-4.44551146519095,-0.4423666067802484
contribution public goods,0,1,-4.44551146519095,-0.4423666067802484
close group average,0,1,-4.44551146519095,-0.4423666067802484
peers still defect,0,1,-4.44551146519095,-0.4423666067802484
contribution pattern considering,0,1,-4.44551146519095,-0.4423666067802484
contribution significantly contribute,0,1,-4.44551146519095,-0.4423666067802484
contribution reduce global,0,1,-4.44551146519095,-0.4423666067802484
advantage mcpr shift,0,1,-4.44551146519095,-0.4423666067802484
return investment relatively,0,1,-4.44551146519095,-0.4423666067802484
moderately sfi institution,0,1,-4.44551146519095,-0.4423666067802484
incentives contribution moderate,0,1,-4.44551146519095,-0.4423666067802484
maximizing contribution balance,0,1,-4.44551146519095,-0.4423666067802484
institution choices indicates,0,1,-4.44551146519095,-0.4423666067802484
contribution high sfi,0,1,-4.44551146519095,-0.4423666067802484
strategies before move,0,1,-4.44551146519095,-0.4423666067802484
high contribution considered,0,1,-4.44551146519095,-0.4423666067802484
average million usd,0,1,-4.44551146519095,-0.4423666067802484
rounds trends institution,0,1,-4.44551146519095,-0.4423666067802484
aligns previous rounds,0,1,-4.44551146519095,-0.4423666067802484
helps balance immediate,0,1,-4.44551146519095,-0.4423666067802484
balance cooperate immediate,0,1,-4.44551146519095,-0.4423666067802484
enough marginal return,0,1,-4.44551146519095,-0.4423666067802484
non-participation low marginal,0,1,-4.44551146519095,-0.4423666067802484
amount balancing institution,0,1,-4.44551146519095,-0.4423666067802484
average previous million,0,1,-4.44551146519095,-0.4423666067802484
made high contribution,0,1,-4.44551146519095,-0.4423666067802484
institution strategy marginal,0,1,-4.44551146519095,-0.4423666067802484
aligns past actions,0,1,-4.44551146519095,-0.4423666067802484
contribute defect free-ride,0,1,-4.44551146519095,-0.4423666067802484
institution peers past,0,1,-4.44551146519095,-0.4423666067802484
contribute public good,0,1,-4.44551146519095,-0.4423666067802484
average previous balance,0,1,-4.44551146519095,-0.4423666067802484
following institution pattern,0,1,-4.44551146519095,-0.4423666067802484
follow defect cheat,0,1,-4.44551146519095,-0.4423666067802484
players cooperate others,0,1,-4.44551146519095,-0.4423666067802484
low prioritize immediate,0,1,-4.44551146519095,-0.4423666067802484
marginal return fact,0,1,-4.44551146519095,-0.4423666067802484
vulnerability index rational,0,1,-4.44551146519095,-0.4423666067802484
still received negative,0,1,-4.44551146519095,-0.4423666067802484
vulnerability index developing,0,1,-4.44551146519095,-0.4423666067802484
maintain cooperate balance,0,1,-4.44551146519095,-0.4423666067802484
contribution significantly institution,0,1,-4.44551146519095,-0.4423666067802484
contribution institution past,0,1,-4.44551146519095,-0.4423666067802484
highly standard institution,0,1,-4.44551146519095,-0.4423666067802484
cumulative payoff exploit,0,1,-4.44551146519095,-0.4423666067802484
behavior contribute want,0,1,-4.44551146519095,-0.4423666067802484
slightly below group,0,1,-4.44551146519095,-0.4423666067802484
stage see significant,0,1,-4.44551146519095,-0.4423666067802484
maximum afford without,0,1,-4.44551146519095,-0.4423666067802484
required participate stage,0,1,-4.44551146519095,-0.4423666067802484
received negative payoff,0,1,-4.44551146519095,-0.4423666067802484
strategy contribution moderate,0,1,-4.44551146519095,-0.4423666067802484
sfi zero contribution,0,1,-4.44551146519095,-0.4423666067802484
requires contribution moderate,0,1,-4.44551146519095,-0.4423666067802484
help avoid potential,0,1,-4.44551146519095,-0.4423666067802484
return unit contribution,0,1,-4.44551146519095,-0.4423666067802484
contribution aligns recent,0,1,-4.44551146519095,-0.4423666067802484
budget contribution moderate,0,1,-4.44551146519095,-0.4423666067802484
behavior low contribution,0,1,-4.44551146519095,-0.4423666067802484
payoffs low-contributors sfi,0,1,-4.44551146519095,-0.4423666067802484
budget want observe,0,1,-4.44551146519095,-0.4423666067802484
contribution history mcpr,0,1,-4.44551146519095,-0.4423666067802484
aligns self-interest allows,0,1,-4.44551146519095,-0.4423666067802484
reputation keep options,0,1,-4.44551146519095,-0.4423666067802484
below group average,0,1,-4.44551146519095,-0.4423666067802484
rational due low,0,1,-4.44551146519095,-0.4423666067802484
previous contribution pattern,0,1,-4.44551146519095,-0.4423666067802484
align previous actions,0,1,-4.44551146519095,-0.4423666067802484
contribution moderately given,0,1,-4.44551146519095,-0.4423666067802484
aligns institution historical,0,1,-4.44551146519095,-0.4423666067802484
high mcpr free-rider,0,1,-4.44551146519095,-0.4423666067802484
highest marginal return,0,1,-4.44551146519095,-0.4423666067802484
members tend contribute,0,1,-4.44551146519095,-0.4423666067802484
test waters understand,0,1,-4.44551146519095,-0.4423666067802484
higher payoffs institution,0,1,-4.44551146519095,-0.4423666067802484
optimal due high,0,1,-4.44551146519095,-0.4423666067802484
institution sfi required,0,1,-4.44551146519095,-0.4423666067802484
choose contribute stage,0,1,-4.44551146519095,-0.4423666067802484
moderate amount maximizes,0,1,-4.44551146519095,-0.4423666067802484
maintain cooperate leaving,0,1,-4.44551146519095,-0.4423666067802484
increase mcpr considering,0,1,-4.44551146519095,-0.4423666067802484
payoff advantage mcpr,0,1,-4.44551146519095,-0.4423666067802484
follow except follow,0,1,-4.44551146519095,-0.4423666067802484
contribution minimally previous,0,1,-4.44551146519095,-0.4423666067802484
investment mcpr given,0,1,-4.44551146519095,-0.4423666067802484
minimal impact payoff,0,1,-4.44551146519095,-0.4423666067802484
payoff exploit others,0,1,-4.44551146519095,-0.4423666067802484
index irrational invest,0,1,-4.44551146519095,-0.4423666067802484
consistent level commitment,0,1,-4.44551146519095,-0.4423666067802484
shift group average,0,1,-4.44551146519095,-0.4423666067802484
choosing contribution maximizes,0,1,-4.44551146519095,-0.4423666067802484
vulnerability index marginal,0,1,-4.44551146519095,-0.4423666067802484
average balance immediate,0,1,-4.44551146519095,-0.4423666067802484
indicating trend towards,0,1,-4.44551146519095,-0.4423666067802484
option given current,0,1,-4.44551146519095,-0.4423666067802484
past actions intent,0,1,-4.44551146519095,-0.4423666067802484
contribution considered trustworthy,0,1,-4.44551146519095,-0.4423666067802484
contribute zero marginal,0,1,-4.44551146519095,-0.4423666067802484
expect mix cooperate,0,1,-4.44551146519095,-0.4423666067802484
considering institution tendency,0,1,-4.44551146519095,-0.4423666067802484
tend contribute around,0,1,-4.44551146519095,-0.4423666067802484
mostly use low-contributors,0,1,-4.44551146519095,-0.4423666067802484
follow high-contrib strategy,0,1,-4.44551146519095,-0.4423666067802484
relatively low choosing,0,1,-4.44551146519095,-0.4423666067802484
behavior group average,0,1,-4.44551146519095,-0.4423666067802484
typical contribution patterns,0,1,-4.44551146519095,-0.4423666067802484
institution sfi choose,0,1,-4.44551146519095,-0.4423666067802484
contributors emerge sfi,0,1,-4.44551146519095,-0.4423666067802484
past behavior group,0,1,-4.44551146519095,-0.4423666067802484
strategy infection approach,0,1,-4.44551146519095,-0.4423666067802484
contribution made institution,0,1,-4.44551146519095,-0.4423666067802484
institution sfi typical,0,1,-4.44551146519095,-0.4423666067802484
high contribution successful,0,1,-4.44551146519095,-0.4423666067802484
vulnerability index irrational,0,1,-4.44551146519095,-0.4423666067802484
use strategy except,0,1,-4.44551146519095,-0.4423666067802484
consistent recent history,0,1,-4.44551146519095,-0.4423666067802484
internal beliefs low,0,1,-4.44551146519095,-0.4423666067802484
mcpr considering fact,0,1,-4.44551146519095,-0.4423666067802484
low choosing contribution,0,1,-4.44551146519095,-0.4423666067802484
peers use except,0,1,-4.44551146519095,-0.4423666067802484
group overall behavior,0,1,-4.44551146519095,-0.4423666067802484
incentive contribute zero,0,1,-4.44551146519095,-0.4423666067802484
minimal amount maintain,0,1,-4.44551146519095,-0.4423666067802484
budget maximum afford,0,1,-4.44551146519095,-0.4423666067802484
amount necessary balance,0,1,-4.44551146519095,-0.4423666067802484
low contribution seen,0,1,-4.44551146519095,-0.4423666067802484
contribution observed low,0,1,-4.44551146519095,-0.4423666067802484
reduction considering vulnerability,0,1,-4.44551146519095,-0.4423666067802484
recent contribution indicates,0,1,-4.44551146519095,-0.4423666067802484
contribution need cooperate,0,1,-4.44551146519095,-0.4423666067802484
usd emissions reduction,0,1,-4.44551146519095,-0.4423666067802484
average contribution upwards,0,1,-4.44551146519095,-0.4423666067802484
acknowledging potential benefits,0,1,-4.44551146519095,-0.4423666067802484
mix cooperate free-riding,0,1,-4.44551146519095,-0.4423666067802484
prioritize immediate resilience,0,1,-4.44551146519095,-0.4423666067802484
sfi recent history,0,1,-4.44551146519095,-0.4423666067802484
budget minimizing punishment,0,1,-4.44551146519095,-0.4423666067802484
selfish-institutional sfi strategy,0,1,-4.44551146519095,-0.4423666067802484
indicated internal beliefs,0,1,-4.44551146519095,-0.4423666067802484
maximize contribution achieve,0,1,-4.44551146519095,-0.4423666067802484
tendency towards low,0,1,-4.44551146519095,-0.4423666067802484
index consistent internal,0,1,-4.44551146519095,-0.4423666067802484
strategy following approach,0,1,-4.44551146519095,-0.4423666067802484
low contribution need,0,1,-4.44551146519095,-0.4423666067802484
past contribution marginal,0,1,-4.44551146519095,-0.4423666067802484
balances interests cooperate,0,1,-4.44551146519095,-0.4423666067802484
due institution non-participation,0,1,-4.44551146519095,-0.4423666067802484
suggests contribution around,0,1,-4.44551146519095,-0.4423666067802484
strategy sfi contribute,0,1,-4.44551146519095,-0.4423666067802484
low choosing moderate,0,1,-4.44551146519095,-0.4423666067802484
incentives given high,0,1,-4.44551146519095,-0.4423666067802484
players strategy iteration,0,1,-4.44551146519095,-0.4423666067802484
amount considering vulnerability,0,1,-4.44551146519095,-0.4423666067802484
choose moderate level,0,1,-4.44551146519095,-0.4423666067802484
contribution vary significantly,0,1,-4.44551146519095,-0.4423666067802484
historical contribution mcpr,0,1,-4.44551146519095,-0.4423666067802484
maintaining flexibility future,0,1,-4.44551146519095,-0.4423666067802484
contributors social identity,0,1,-4.44551146519095,-0.4423666067802484
previous contribution developing,0,1,-4.44551146519095,-0.4423666067802484
unit contribution balancing,0,1,-4.44551146519095,-0.4423666067802484
vulnerability index high,0,1,-4.44551146519095,-0.4423666067802484
strategy deviate selfish-institutional,0,1,-4.44551146519095,-0.4423666067802484
contribute less members,0,1,-4.44551146519095,-0.4423666067802484
maximum due high,0,1,-4.44551146519095,-0.4423666067802484
data observed peers,0,1,-4.44551146519095,-0.4423666067802484
commitment balance immediate,0,1,-4.44551146519095,-0.4423666067802484
others low contributors,0,1,-4.44551146519095,-0.4423666067802484
behavior mcpr choose,0,1,-4.44551146519095,-0.4423666067802484
follow selfish-iterated sfi,0,1,-4.44551146519095,-0.4423666067802484
affect future contribution,0,1,-4.44551146519095,-0.4423666067802484
stage budget fixed,0,1,-4.44551146519095,-0.4423666067802484
avoiding free riding,0,1,-4.44551146519095,-0.4423666067802484
contribution payoff suggest,0,1,-4.44551146519095,-0.4423666067802484
amount consistent recent,0,1,-4.44551146519095,-0.4423666067802484
use contribute little,0,1,-4.44551146519095,-0.4423666067802484
contribution except sfi,0,1,-4.44551146519095,-0.4423666067802484
index makes contribution,0,1,-4.44551146519095,-0.4423666067802484
cooperate free-riding behavior,0,1,-4.44551146519095,-0.4423666067802484
without going debt,0,1,-4.44551146519095,-0.4423666067802484
institution developing country,0,1,-4.44551146519095,-0.4423666067802484
significantly 1-5 8-10,0,1,-4.44551146519095,-0.4423666067802484
sfi required participate,0,1,-4.44551146519095,-0.4423666067802484
indicates consistent strategy,0,1,-4.44551146519095,-0.4423666067802484
group type characteristics,0,1,-4.44551146519095,-0.4423666067802484
present sfi institution,0,1,-4.44551146519095,-0.4423666067802484
fact peers contribute,0,1,-4.44551146519095,-0.4423666067802484
allows maximize cumulative,0,1,-4.44551146519095,-0.4423666067802484
mostly low defectors,0,1,-4.44551146519095,-0.4423666067802484
amount aligns maximizing,0,1,-4.44551146519095,-0.4423666067802484
need support global,0,1,-4.44551146519095,-0.4423666067802484
contributors selfish-institution strategy,0,1,-4.44551146519095,-0.4423666067802484
minimally previous contribution,0,1,-4.44551146519095,-0.4423666067802484
cooperate current group,0,1,-4.44551146519095,-0.4423666067802484
high-contrib strategy institution,0,1,-4.44551146519095,-0.4423666067802484
strategy choosing contribution,0,1,-4.44551146519095,-0.4423666067802484
previous balance immediate,0,1,-4.44551146519095,-0.4423666067802484
allowed stage decision,0,1,-4.44551146519095,-0.4423666067802484
maximize immediate payoff,0,1,-4.44551146519095,-0.4423666067802484
cooperate defect free-ride,0,1,-4.44551146519095,-0.4423666067802484
peer high contributors,0,1,-4.44551146519095,-0.4423666067802484
system understand institution,0,1,-4.44551146519095,-0.4423666067802484
budget fixed amount,0,1,-4.44551146519095,-0.4423666067802484
allowed stage best,0,1,-4.44551146519095,-0.4423666067802484
resilience needs considering,0,1,-4.44551146519095,-0.4423666067802484
following previous rounds,0,1,-4.44551146519095,-0.4423666067802484
seen peers institution,0,1,-4.44551146519095,-0.4423666067802484
advantage stage budget,0,1,-4.44551146519095,-0.4423666067802484
moderate amount avoid,0,1,-4.44551146519095,-0.4423666067802484
top performers sfi,0,1,-4.44551146519095,-0.4423666067802484
except free-riders defectors,0,1,-4.44551146519095,-0.4423666067802484
interests contribution global,0,1,-4.44551146519095,-0.4423666067802484
maximize payoff advantage,0,1,-4.44551146519095,-0.4423666067802484
past performance group,0,1,-4.44551146519095,-0.4423666067802484
amount want maximize,0,1,-4.44551146519095,-0.4423666067802484
average contribution choose,0,1,-4.44551146519095,-0.4423666067802484
chose strategy-institution framework,0,1,-4.44551146519095,-0.4423666067802484
needs considering long-run,0,1,-4.44551146519095,-0.4423666067802484
contribution seen sfi,0,1,-4.44551146519095,-0.4423666067802484
aligns recent history,0,1,-4.44551146519095,-0.4423666067802484
contribution follows sfi,0,1,-4.44551146519095,-0.4423666067802484
peer data believe,0,1,-4.44551146519095,-0.4423666067802484
contribution nothing aligns,0,1,-4.44551146519095,-0.4423666067802484
understand institution strategy,0,1,-4.44551146519095,-0.4423666067802484
strategy contribute moderate,0,1,-4.44551146519095,-0.4423666067802484
align previous contribution,0,1,-4.44551146519095,-0.4423666067802484
aligning previous behavior,0,1,-4.44551146519095,-0.4423666067802484
significantly indicating cooperate,0,1,-4.44551146519095,-0.4423666067802484
follow except free-riders,0,1,-4.44551146519095,-0.4423666067802484
sfi others contribute,0,1,-4.44551146519095,-0.4423666067802484
want preserve wealth,0,1,-4.44551146519095,-0.4423666067802484
mostly belong institution,0,1,-4.44551146519095,-0.4423666067802484
except contributes slightly,0,1,-4.44551146519095,-0.4423666067802484
marginal return maintain,0,1,-4.44551146519095,-0.4423666067802484
selfish institution high,0,1,-4.44551146519095,-0.4423666067802484
institution non-participation low,0,1,-4.44551146519095,-0.4423666067802484
peers sfi high,0,1,-4.44551146519095,-0.4423666067802484
past behavior considering,0,1,-4.44551146519095,-0.4423666067802484
considering institution peers,0,1,-4.44551146519095,-0.4423666067802484
others contribution highly,0,1,-4.44551146519095,-0.4423666067802484
low average contribution,0,1,-4.44551146519095,-0.4423666067802484
past contribution developing,0,1,-4.44551146519095,-0.4423666067802484
amount afford affect,0,1,-4.44551146519095,-0.4423666067802484
contribution sfi others,0,1,-4.44551146519095,-0.4423666067802484
indicates consistent level,0,1,-4.44551146519095,-0.4423666067802484
payoff benefit mcpr,0,1,-4.44551146519095,-0.4423666067802484
contribution justified high,0,1,-4.44551146519095,-0.4423666067802484
balance vulnerability index,0,1,-4.44551146519095,-0.4423666067802484
selfish-investment sfi strategy,0,1,-4.44551146519095,-0.4423666067802484
moderately given institution,0,1,-4.44551146519095,-0.4423666067802484
increase cumulative payoff,0,1,-4.44551146519095,-0.4423666067802484
usd balancing immediate,0,1,-4.44551146519095,-0.4423666067802484
emerge sfi contribute,0,1,-4.44551146519095,-0.4423666067802484
low contribution public,0,1,-4.44551146519095,-0.4423666067802484
less marginal return,0,1,-4.44551146519095,-0.4423666067802484
strategy iteration selfish,0,1,-4.44551146519095,-0.4423666067802484
considering mcpr past,0,1,-4.44551146519095,-0.4423666067802484
sfi tends follow,0,1,-4.44551146519095,-0.4423666067802484
high contribution similar,0,1,-4.44551146519095,-0.4423666067802484
historical contribution marginal,0,1,-4.44551146519095,-0.4423666067802484
significantly others low,0,1,-4.44551146519095,-0.4423666067802484
data institution strategy,0,1,-4.44551146519095,-0.4423666067802484
low contribution nothing,0,1,-4.44551146519095,-0.4423666067802484
public good defect,0,1,-4.44551146519095,-0.4423666067802484
institution strategy previous-round,0,1,-4.44551146519095,-0.4423666067802484
contribution mcpr indicates,0,1,-4.44551146519095,-0.4423666067802484
previous rounds group,0,1,-4.44551146519095,-0.4423666067802484
marginal return balance,0,1,-4.44551146519095,-0.4423666067802484
high contribution expected,0,1,-4.44551146519095,-0.4423666067802484
contribution minimal impact,0,1,-4.44551146519095,-0.4423666067802484
others low contribution,0,1,-4.44551146519095,-0.4423666067802484
showing contributors institution,0,1,-4.44551146519095,-0.4423666067802484
amount aligns previous,0,1,-4.44551146519095,-0.4423666067802484
contributors sfi underrepresented,0,1,-4.44551146519095,-0.4423666067802484
dollars rational choice,0,1,-4.44551146519095,-0.4423666067802484
contribution incentivizes cooperate,0,1,-4.44551146519095,-0.4423666067802484
debt help avoid,0,1,-4.44551146519095,-0.4423666067802484
minimizing punishment effects,0,1,-4.44551146519095,-0.4423666067802484
institution contribute high,0,1,-4.44551146519095,-0.4423666067802484
contribute highly standard,0,1,-4.44551146519095,-0.4423666067802484
expect high contribution,0,1,-4.44551146519095,-0.4423666067802484
choosing contribute fraction,0,1,-4.44551146519095,-0.4423666067802484
mostly contribute little,0,1,-4.44551146519095,-0.4423666067802484
strategy past rounds,0,1,-4.44551146519095,-0.4423666067802484
public goods game,0,1,-4.44551146519095,-0.4423666067802484
average contribution high,0,1,-4.44551146519095,-0.4423666067802484
relatively low budget,0,1,-4.44551146519095,-0.4423666067802484
contributors reward sfi,0,1,-4.44551146519095,-0.4423666067802484
average previous developing,0,1,-4.44551146519095,-0.4423666067802484
preserve wealth future,0,1,-4.44551146519095,-0.4423666067802484
history contribution minimally,0,1,-4.44551146519095,-0.4423666067802484
aiming moderate contribution,0,1,-4.44551146519095,-0.4423666067802484
amount maximum due,0,1,-4.44551146519095,-0.4423666067802484
sfi lower contribution,0,1,-4.44551146519095,-0.4423666067802484
contribute maximum stage,0,1,-4.44551146519095,-0.4423666067802484
moderate balancing immediate,0,1,-4.44551146519095,-0.4423666067802484
previous developing country,0,1,-4.44551146519095,-0.4423666067802484
moderate contribution protect,0,1,-4.44551146519095,-0.4423666067802484
past behavior observed,0,1,-4.44551146519095,-0.4423666067802484
maximum amount contribution,0,1,-4.44551146519095,-0.4423666067802484
expect others contribute,0,1,-4.44551146519095,-0.4423666067802484
global emissions increase,0,1,-4.44551146519095,-0.4423666067802484
group recent contribution,0,1,-4.44551146519095,-0.4423666067802484
high contributers mostly,0,1,-4.44551146519095,-0.4423666067802484
free riders sfi,0,1,-4.44551146519095,-0.4423666067802484
follow selfish-institutional sfi,0,1,-4.44551146519095,-0.4423666067802484
contribution choose contribution,0,1,-4.44551146519095,-0.4423666067802484
index recent contribution,0,1,-4.44551146519095,-0.4423666067802484
mcpr shift group,0,1,-4.44551146519095,-0.4423666067802484
test marginal return,0,1,-4.44551146519095,-0.4423666067802484
1-5 8-10 made,0,1,-4.44551146519095,-0.4423666067802484
sfi strategies play,0,1,-4.44551146519095,-0.4423666067802484
contribution slightly below,0,1,-4.44551146519095,-0.4423666067802484
trends institution strategy,0,1,-4.44551146519095,-0.4423666067802484
cooperate balance immediate,0,1,-4.44551146519095,-0.4423666067802484
maximum cumulative payoff,0,1,-4.44551146519095,-0.4423666067802484
high contribution made,0,1,-4.44551146519095,-0.4423666067802484
contribute little sfi,0,1,-4.44551146519095,-0.4423666067802484
minimal amount balance,0,1,-4.44551146519095,-0.4423666067802484
country group type,0,1,-4.44551146519095,-0.4423666067802484
see significant benefits,0,1,-4.44551146519095,-0.4423666067802484
previous actions maximize,0,1,-4.44551146519095,-0.4423666067802484
performers sfi lag,0,1,-4.44551146519095,-0.4423666067802484
high-contribution strategy institution,0,1,-4.44551146519095,-0.4423666067802484
stage budget significant,0,1,-4.44551146519095,-0.4423666067802484
beliefs expect high,0,1,-4.44551146519095,-0.4423666067802484
institution past performance,0,1,-4.44551146519095,-0.4423666067802484
amount avoid free-riding,0,1,-4.44551146519095,-0.4423666067802484
significantly higher average,0,1,-4.44551146519095,-0.4423666067802484
contribution highly others,0,1,-4.44551146519095,-0.4423666067802484
choices suggest moderate,0,1,-4.44551146519095,-0.4423666067802484
institution previous contribution,0,1,-4.44551146519095,-0.4423666067802484
suggest cooperate behavior,0,1,-4.44551146519095,-0.4423666067802484
follow except use,0,1,-4.44551146519095,-0.4423666067802484
high contributers low,0,1,-4.44551146519095,-0.4423666067802484
previous contribution million,0,1,-4.44551146519095,-0.4423666067802484
indicating cooperate trend,0,1,-4.44551146519095,-0.4423666067802484
sfi recent contribution,0,1,-4.44551146519095,-0.4423666067802484
strategy contribute less,0,1,-4.44551146519095,-0.4423666067802484
contribution maintain flexibility,0,1,-4.44551146519095,-0.4423666067802484
follow strategy cooperate,0,1,-4.44551146519095,-0.4423666067802484
contribution group overall,0,1,-4.44551146519095,-0.4423666067802484
low developing country,0,1,-4.44551146519095,-0.4423666067802484
contribution given current,0,1,-4.44551146519095,-0.4423666067802484
contribution vulnerability index,0,1,-4.44551146519095,-0.4423666067802484
reflects balance between,0,1,-4.44551146519095,-0.4423666067802484
maximizing contribution reduce,0,1,-4.44551146519095,-0.4423666067802484
moderate amount likely,0,1,-4.44551146519095,-0.4423666067802484
considering institution previous,0,1,-4.44551146519095,-0.4423666067802484
cumulative payoff game,0,1,-4.44551146519095,-0.4423666067802484
aligns internal beliefs,0,1,-4.44551146519095,-0.4423666067802484
sfi gaining traction,0,1,-4.44551146519095,-0.4423666067802484
past contribution previous,0,1,-4.44551146519095,-0.4423666067802484
social identity institution,0,1,-4.44551146519095,-0.4423666067802484
exploit others cooperate,0,1,-4.44551146519095,-0.4423666067802484
index free riding,0,1,-4.44551146519095,-0.4423666067802484
cumulative payoff benefit,0,1,-4.44551146519095,-0.4423666067802484
sfi previous contribution,0,1,-4.44551146519095,-0.4423666067802484
low nothing sfi,0,1,-4.44551146519095,-0.4423666067802484
typical behavior mcpr,0,1,-4.44551146519095,-0.4423666067802484
strategy suggests tend,0,1,-4.44551146519095,-0.4423666067802484
institution interests acknowledging,0,1,-4.44551146519095,-0.4423666067802484
low-contributors sfi penalized,0,1,-4.44551146519095,-0.4423666067802484
tends follow cooperate,0,1,-4.44551146519095,-0.4423666067802484
reduction contribute moderate,0,1,-4.44551146519095,-0.4423666067802484
budget significant amount,0,1,-4.44551146519095,-0.4423666067802484
amount maintain reputation,0,1,-4.44551146519095,-0.4423666067802484
past behavior maintaining,0,1,-4.44551146519095,-0.4423666067802484
want follow strategy,0,1,-4.44551146519095,-0.4423666067802484
rounds maximizing cumulative,0,1,-4.44551146519095,-0.4423666067802484
peer contribution vary,0,1,-4.44551146519095,-0.4423666067802484
aligns institution sfi,0,1,-4.44551146519095,-0.4423666067802484
amount fixed guaranteed,0,1,-4.44551146519095,-0.4423666067802484
zero dollars rational,0,1,-4.44551146519095,-0.4423666067802484
institution maximize contribution,0,1,-4.44551146519095,-0.4423666067802484
developing country high,0,1,-4.44551146519095,-0.4423666067802484
room future rounds,0,1,-4.44551146519095,-0.4423666067802484
options open future,0,1,-4.44551146519095,-0.4423666067802484
institution sfi mostly,0,1,-4.44551146519095,-0.4423666067802484
high contribution indicating,0,1,-4.44551146519095,-0.4423666067802484
participating stage limited,0,1,-4.44551146519095,-0.4423666067802484
mostly selfish-infection-free sfi,0,1,-4.44551146519095,-0.4423666067802484
data showing contributors,0,1,-4.44551146519095,-0.4423666067802484
low contribution high,0,1,-4.44551146519095,-0.4423666067802484
balancing institution strategy,0,1,-4.44551146519095,-0.4423666067802484
contributors defectors free,0,1,-4.44551146519095,-0.4423666067802484
significantly sfi except,0,1,-4.44551146519095,-0.4423666067802484
fact high marginal,0,1,-4.44551146519095,-0.4423666067802484
potential punishment effects,0,1,-4.44551146519095,-0.4423666067802484
wealth budget constraints,0,1,-4.44551146519095,-0.4423666067802484
previous actions stated,0,1,-4.44551146519095,-0.4423666067802484
socially responsible institution,0,1,-4.44551146519095,-0.4423666067802484
contribution low choosing,0,1,-4.44551146519095,-0.4423666067802484
mcpr considering ldf,0,1,-4.44551146519095,-0.4423666067802484
past rounds contribution,0,1,-4.44551146519095,-0.4423666067802484
contribution minimal amount,0,1,-4.44551146519095,-0.4423666067802484
moderate level return,0,1,-4.44551146519095,-0.4423666067802484
sfi typical contribution,0,1,-4.44551146519095,-0.4423666067802484
pattern considering mcpr,0,1,-4.44551146519095,-0.4423666067802484
considering long-run cooperate,0,1,-4.44551146519095,-0.4423666067802484
observed contribution peers,0,1,-4.44551146519095,-0.4423666067802484
contribution contribution little,0,1,-4.44551146519095,-0.4423666067802484
peers contribution moderate,0,1,-4.44551146519095,-0.4423666067802484
institution pattern aiming,0,1,-4.44551146519095,-0.4423666067802484
contribution high mcpr,0,1,-4.44551146519095,-0.4423666067802484
aligns maximizing cumulative,0,1,-4.44551146519095,-0.4423666067802484
equally except high,0,1,-4.44551146519095,-0.4423666067802484
choose contribute consistent,0,1,-4.44551146519095,-0.4423666067802484
contribution low sfi,0,1,-4.44551146519095,-0.4423666067802484
high contribution encouraged,0,1,-4.44551146519095,-0.4423666067802484
institution sfi previous,0,1,-4.44551146519095,-0.4423666067802484
except follow sfi,0,1,-4.44551146519095,-0.4423666067802484
makes contribution amount,0,1,-4.44551146519095,-0.4423666067802484
self-interest allows maximize,0,1,-4.44551146519095,-0.4423666067802484
contribute low amounts,0,1,-4.44551146519095,-0.4423666067802484
low peer high,0,1,-4.44551146519095,-0.4423666067802484
sfi strategy deviate,0,1,-4.44551146519095,-0.4423666067802484
towards cooperate considering,0,1,-4.44551146519095,-0.4423666067802484
amount likely optimal,0,1,-4.44551146519095,-0.4423666067802484
contribution around budget,0,1,-4.44551146519095,-0.4423666067802484
vulnerability index indicated,0,1,-4.44551146519095,-0.4423666067802484
maintain cooperate avoiding,0,1,-4.44551146519095,-0.4423666067802484
wealth cooperate action,0,1,-4.44551146519095,-0.4423666067802484
sfi choose contribute,0,1,-4.44551146519095,-0.4423666067802484
index per internal,0,1,-4.44551146519095,-0.4423666067802484
choose contribution similar,0,1,-4.44551146519095,-0.4423666067802484
contributors sfi deviate,0,1,-4.44551146519095,-0.4423666067802484
institution strategy contributors,0,1,-4.44551146519095,-0.4423666067802484
allowed amount advantage,0,1,-4.44551146519095,-0.4423666067802484
contributors selfish-investment sfi,0,1,-4.44551146519095,-0.4423666067802484
contributors mostly selfish-infection-free,0,1,-4.44551146519095,-0.4423666067802484
history maintain consistency,0,1,-4.44551146519095,-0.4423666067802484
strategy maintain consistent,0,1,-4.44551146519095,-0.4423666067802484
contribution helps balance,0,1,-4.44551146519095,-0.4423666067802484
behavior contribution serves,0,1,-4.44551146519095,-0.4423666067802484
lowly sfi institution,0,1,-4.44551146519095,-0.4423666067802484
payoff contribution moderate,0,1,-4.44551146519095,-0.4423666067802484
historical contribution previous,0,1,-4.44551146519095,-0.4423666067802484
previous rounds trends,0,1,-4.44551146519095,-0.4423666067802484
low amounts sfi,0,1,-4.44551146519095,-0.4423666067802484
contribution low developing,0,1,-4.44551146519095,-0.4423666067802484
previous rounds high,0,1,-4.44551146519095,-0.4423666067802484
low incentive contribute,0,1,-4.44551146519095,-0.4423666067802484
high contribution seen,0,1,-4.44551146519095,-0.4423666067802484
high budget low,0,1,-4.44551146519095,-0.4423666067802484
contribution group size,0,1,-4.44551146519095,-0.4423666067802484
institution strategy suggests,0,1,-4.44551146519095,-0.4423666067802484
others strategies before,0,1,-4.44551146519095,-0.4423666067802484
potential future returns,0,1,-4.44551146519095,-0.4423666067802484
peers strategy low,0,1,-4.44551146519095,-0.4423666067802484
cooperate high contributors,0,1,-4.44551146519095,-0.4423666067802484
institution sfi tends,0,1,-4.44551146519095,-0.4423666067802484
unit contribution need,0,1,-4.44551146519095,-0.4423666067802484
return significant loss,0,1,-4.44551146519095,-0.4423666067802484
return low high,0,1,-4.44551146519095,-0.4423666067802484
actions maximize cumulative,0,1,-4.44551146519095,-0.4423666067802484
sfi average contribution,0,1,-4.44551146519095,-0.4423666067802484
stage decision card,0,1,-4.44551146519095,-0.4423666067802484
amount optimal due,0,1,-4.44551146519095,-0.4423666067802484
contribution without considering,0,1,-4.44551146519095,-0.4423666067802484
fund considering high,0,1,-4.44551146519095,-0.4423666067802484
demonstrate commitment considering,0,1,-4.44551146519095,-0.4423666067802484
maintain consistency maximize,0,1,-4.44551146519095,-0.4423666067802484
stage limited budget,0,1,-4.44551146519095,-0.4423666067802484
contributors reward institution,0,1,-4.44551146519095,-0.4423666067802484
contribute high low,0,1,-4.44551146519095,-0.4423666067802484
peers past contribution,0,1,-4.44551146519095,-0.4423666067802484
contribution contribution nothing,0,1,-4.44551146519095,-0.4423666067802484
significant amount want,0,1,-4.44551146519095,-0.4423666067802484
considering punishment reward,0,1,-4.44551146519095,-0.4423666067802484
punishment reward effects,0,1,-4.44551146519095,-0.4423666067802484
previous contribution helps,0,1,-4.44551146519095,-0.4423666067802484
rounds data showing,0,1,-4.44551146519095,-0.4423666067802484
payoff maximum amount,0,1,-4.44551146519095,-0.4423666067802484
strategy ignoring high,0,1,-4.44551146519095,-0.4423666067802484
aligns previous actions,0,1,-4.44551146519095,-0.4423666067802484
high-contributors mostly use,0,1,-4.44551146519095,-0.4423666067802484
sfi except high,0,1,-4.44551146519095,-0.4423666067802484
fixed guaranteed value,0,1,-4.44551146519095,-0.4423666067802484
contribution low incentive,0,1,-4.44551146519095,-0.4423666067802484
previous contribution sfi,0,1,-4.44551146519095,-0.4423666067802484
10m contribution little,0,1,-4.44551146519095,-0.4423666067802484
past behavior low,0,1,-4.44551146519095,-0.4423666067802484
previous million usd,0,1,-4.44551146519095,-0.4423666067802484
contribution little nothing,0,1,-4.44551146519095,-0.4423666067802484
aligns self-interest given,0,1,-4.44551146519095,-0.4423666067802484
low high vulnerability,0,1,-4.44551146519095,-0.4423666067802484
cooperate strategy deviate,0,1,-4.44551146519095,-0.4423666067802484
data notice sfi,0,1,-4.44551146519095,-0.4423666067802484
contribution peers sfi,0,1,-4.44551146519095,-0.4423666067802484
peers cooperate behavior,0,1,-4.44551146519095,-0.4423666067802484
high contribution given,0,1,-4.44551146519095,-0.4423666067802484
strategy follow selfish-iterated,0,1,-4.44551146519095,-0.4423666067802484
return balance immediate,0,1,-4.44551146519095,-0.4423666067802484
contribution apparent need,0,1,-4.44551146519095,-0.4423666067802484
mcpr indicates moderate,0,1,-4.44551146519095,-0.4423666067802484
institution contribute highly,0,1,-4.44551146519095,-0.4423666067802484
associated low contribution,0,1,-4.44551146519095,-0.4423666067802484
self-interest given high,0,1,-4.44551146519095,-0.4423666067802484
strategy peer data,0,1,-4.44551146519095,-0.4423666067802484
behavior past contribution,0,1,-4.44551146519095,-0.4423666067802484
contribute want follow,0,1,-4.44551146519095,-0.4423666067802484
considering current decision,0,1,-4.44551146519095,-0.4423666067802484
peers contribution except,0,1,-4.44551146519095,-0.4423666067802484
balance institution past,0,1,-4.44551146519095,-0.4423666067802484
low contribution highly,0,1,-4.44551146519095,-0.4423666067802484
balance institution history,0,1,-4.44551146519095,-0.4423666067802484
contribution significantly still,0,1,-4.44551146519095,-0.4423666067802484
maintain credibility contribute,0,1,-4.44551146519095,-0.4423666067802484
peers contribute public,0,1,-4.44551146519095,-0.4423666067802484
resilience needs cooperate,0,1,-4.44551146519095,-0.4423666067802484
highly except low,0,1,-4.44551146519095,-0.4423666067802484
incentives considering mcpr,0,1,-4.44551146519095,-0.4423666067802484
high-contributor institution maximize,0,1,-4.44551146519095,-0.4423666067802484
sfi strategy past,0,1,-4.44551146519095,-0.4423666067802484
highly others contribute,0,1,-4.44551146519095,-0.4423666067802484
strategy contributors use,0,1,-4.44551146519095,-0.4423666067802484
vary significantly across,0,1,-4.44551146519095,-0.4423666067802484
sfi members tend,0,1,-4.44551146519095,-0.4423666067802484
suggest consistent level,0,1,-4.44551146519095,-0.4423666067802484
country high vulnerability,0,1,-4.44551146519095,-0.4423666067802484
mcpr previous rounds,0,1,-4.44551146519095,-0.4423666067802484
payoff suggest cooperate,0,1,-4.44551146519095,-0.4423666067802484
zero marginal return,0,1,-4.44551146519095,-0.4423666067802484
institution sfi participating,0,1,-4.44551146519095,-0.4423666067802484
iteration selfish iteration,0,1,-4.44551146519095,-0.4423666067802484
sfi tend contribute,0,1,-4.44551146519095,-0.4423666067802484
low defectors sfi,0,1,-4.44551146519095,-0.4423666067802484
payoff avoid standing,0,1,-4.44551146519095,-0.4423666067802484
peers suggests contribution,0,1,-4.44551146519095,-0.4423666067802484
contribution align previous,0,1,-4.44551146519095,-0.4423666067802484
index group recent,0,1,-4.44551146519095,-0.4423666067802484
budget amount fixed,0,1,-4.44551146519095,-0.4423666067802484
avoid potential punishment,0,1,-4.44551146519095,-0.4423666067802484
considering current marginal,0,1,-4.44551146519095,-0.4423666067802484
since institution sfi,0,1,-4.44551146519095,-0.4423666067802484
average level previous,0,1,-4.44551146519095,-0.4423666067802484
high contribution sfi,0,1,-4.44551146519095,-0.4423666067802484
contribution level past,0,1,-4.44551146519095,-0.4423666067802484
recent choices reflects,0,1,-4.44551146519095,-0.4423666067802484
history peer data,0,1,-4.44551146519095,-0.4423666067802484
follow sfi gaining,0,1,-4.44551146519095,-0.4423666067802484
necessary due low,0,1,-4.44551146519095,-0.4423666067802484
low contrib others,0,1,-4.44551146519095,-0.4423666067802484
trend towards cooperate,0,1,-4.44551146519095,-0.4423666067802484
tendency lower contribution,0,1,-4.44551146519095,-0.4423666067802484
following past behavior,0,1,-4.44551146519095,-0.4423666067802484
contribution serves interests,0,1,-4.44551146519095,-0.4423666067802484
index rational contribute,0,1,-4.44551146519095,-0.4423666067802484
budget maximize cumulative,0,1,-4.44551146519095,-0.4423666067802484
avoid seen free-rider,0,1,-4.44551146519095,-0.4423666067802484
mcpr low vulnerability,0,1,-4.44551146519095,-0.4423666067802484
significantly still received,0,1,-4.44551146519095,-0.4423666067802484
following institution sfi,0,1,-4.44551146519095,-0.4423666067802484
nothing aligns previous,0,1,-4.44551146519095,-0.4423666067802484
contrib low contrib,0,1,-4.44551146519095,-0.4423666067802484
mostly sfi associated,0,1,-4.44551146519095,-0.4423666067802484
low contribute group,0,1,-4.44551146519095,-0.4423666067802484
low contribution peers,3,5,-0.3399411038421629,-0.46614239895407655
following past contribution,3,5,-0.3399411038421629,-0.46614239895407655
moderate amount balances,3,5,-0.3399411038421629,-0.46614239895407655
maintain cooperate incentives,0,2,-5.133817742969095,-0.5121094507192621
tend contribute less,0,2,-5.133817742969095,-0.5121094507192621
amount protect institution,0,2,-5.133817742969095,-0.5121094507192621
maximize marginal return,0,2,-5.133817742969095,-0.5121094507192621
sfi relatively low,0,2,-5.133817742969095,-0.5121094507192621
low contribution history,0,2,-5.133817742969095,-0.5121094507192621
country status high,0,2,-5.133817742969095,-0.5121094507192621
contribution developing country,0,2,-5.133817742969095,-0.5121094507192621
institution group characteristics,0,2,-5.133817742969095,-0.5121094507192621
expect contribute significantly,0,2,-5.133817742969095,-0.5121094507192621
institution historical behavior,0,2,-5.133817742969095,-0.5121094507192621
past behavior current,0,2,-5.133817742969095,-0.5121094507192621
zero maximizes cumulative,0,2,-5.133817742969095,-0.5121094507192621
understand dynamics game,0,2,-5.133817742969095,-0.5121094507192621
zero aligns previous,0,2,-5.133817742969095,-0.5121094507192621
budget balances immediate,0,2,-5.133817742969095,-0.5121094507192621
data expect contribute,0,2,-5.133817742969095,-0.5121094507192621
incentives contribution billion,0,2,-5.133817742969095,-0.5121094507192621
incentives given developing,0,2,-5.133817742969095,-0.5121094507192621
high contribution contribution,0,2,-5.133817742969095,-0.5121094507192621
moderate amount protect,0,2,-5.133817742969095,-0.5121094507192621
aligns previous behavior,0,2,-5.133817742969095,-0.5121094507192621
payoff balancing immediate,0,2,-5.133817742969095,-0.5121094507192621
stage budget maximize,0,2,-5.133817742969095,-0.5121094507192621
choice given high,0,2,-5.133817742969095,-0.5121094507192621
behavior recent contribution,0,2,-5.133817742969095,-0.5121094507192621
index aligns previous,0,2,-5.133817742969095,-0.5121094507192621
strategy cooperate others,0,2,-5.133817742969095,-0.5121094507192621
high contributors notable,0,2,-5.133817742969095,-0.5121094507192621
framework institution sfi,0,2,-5.133817742969095,-0.5121094507192621
given current wealth,0,2,-5.133817742969095,-0.5121094507192621
consistent institution typical,0,2,-5.133817742969095,-0.5121094507192621
contribute equally except,0,2,-5.133817742969095,-0.5121094507192621
vulnerability index group,0,2,-5.133817742969095,-0.5121094507192621
moderate contribution sfi,0,2,-5.133817742969095,-0.5121094507192621
dominate sfi low,0,2,-5.133817742969095,-0.5121094507192621
follow except follows,0,2,-5.133817742969095,-0.5121094507192621
maximum amount optimal,0,2,-5.133817742969095,-0.5121094507192621
believe contribution zero,0,2,-5.133817742969095,-0.5121094507192621
incentives considering past,0,2,-5.133817742969095,-0.5121094507192621
high contributors dominant,0,2,-5.133817742969095,-0.5121094507192621
zero aligns self-interest,0,2,-5.133817742969095,-0.5121094507192621
amount given high,0,2,-5.133817742969095,-0.5121094507192621
half budget balances,0,2,-5.133817742969095,-0.5121094507192621
considering vulnerability index,0,2,-5.133817742969095,-0.5121094507192621
cooperate others cooperate,0,2,-5.133817742969095,-0.5121094507192621
given institution past,0,2,-5.133817742969095,-0.5121094507192621
considering institution group,0,2,-5.133817742969095,-0.5121094507192621
low contributers sfi,0,2,-5.133817742969095,-0.5121094507192621
standard framework institution,0,2,-5.133817742969095,-0.5121094507192621
reward low contribution,0,2,-5.133817742969095,-0.5121094507192621
institution strategy observed,0,2,-5.133817742969095,-0.5121094507192621
payoff advantage high,0,2,-5.133817742969095,-0.5121094507192621
maintain consistent contribution,0,2,-5.133817742969095,-0.5121094507192621
peers contribute equally,0,2,-5.133817742969095,-0.5121094507192621
maximizing contribution considering,0,2,-5.133817742969095,-0.5121094507192621
sfi contribute less,0,2,-5.133817742969095,-0.5121094507192621
highly except free-riders,0,2,-5.133817742969095,-0.5121094507192621
defectors free-riders sfi,0,2,-5.133817742969095,-0.5121094507192621
given previous contribution,0,2,-5.133817742969095,-0.5121094507192621
contribution mcpr choose,0,2,-5.133817742969095,-0.5121094507192621
sfi defect free-ride,0,2,-5.133817742969095,-0.5121094507192621
incentives given institution,0,2,-5.133817742969095,-0.5121094507192621
follow defect free-ride,0,2,-5.133817742969095,-0.5121094507192621
contribution lowly sfi,0,2,-5.133817742969095,-0.5121094507192621
moderate level cooperate,0,2,-5.133817742969095,-0.5121094507192621
stage budget maximum,0,2,-5.133817742969095,-0.5121094507192621
past behavior high,0,2,-5.133817742969095,-0.5121094507192621
rational given low,0,2,-5.133817742969095,-0.5121094507192621
historical behavior current,0,2,-5.133817742969095,-0.5121094507192621
low contribution penalized,0,2,-5.133817742969095,-0.5121094507192621
institution strategy cooperate,0,2,-5.133817742969095,-0.5121094507192621
incentives choose contribute,0,2,-5.133817742969095,-0.5121094507192621
status high vulnerability,0,2,-5.133817742969095,-0.5121094507192621
amount maximize marginal,0,2,-5.133817742969095,-0.5121094507192621
contributors receive nothing,0,2,-5.133817742969095,-0.5121094507192621
mcpr choose moderate,0,2,-5.133817742969095,-0.5121094507192621
contribution sfi peers,0,2,-5.133817742969095,-0.5121094507192621
institution sfi recent,0,2,-5.133817742969095,-0.5121094507192621
strategy selfish institution,0,2,-5.133817742969095,-0.5121094507192621
nothing due high,0,2,-5.133817742969095,-0.5121094507192621
others contribution little,0,2,-5.133817742969095,-0.5121094507192621
strategy choose moderate,0,2,-5.133817742969095,-0.5121094507192621
reduction aligns goals,0,2,-5.133817742969095,-0.5121094507192621
follow defect contribute,0,2,-5.133817742969095,-0.5121094507192621
contribution maximizes cumulative,0,2,-5.133817742969095,-0.5121094507192621
defect contribute little,0,2,-5.133817742969095,-0.5121094507192621
contribute sfi defect,0,2,-5.133817742969095,-0.5121094507192621
high-contributors mostly strategy,0,2,-5.133817742969095,-0.5121094507192621
use strategy infection,0,2,-5.133817742969095,-0.5121094507192621
peers use contribute,0,2,-5.133817742969095,-0.5121094507192621
institution sfi strategy,0,2,-5.133817742969095,-0.5121094507192621
zero optimal choice,0,2,-5.133817742969095,-0.5121094507192621
due high mcpr,0,2,-5.133817742969095,-0.5121094507192621
data believe contribution,0,2,-5.133817742969095,-0.5121094507192621
moderate amount global,0,2,-5.133817742969095,-0.5121094507192621
emissions reduction aligns,0,2,-5.133817742969095,-0.5121094507192621
contribution rational given,0,2,-5.133817742969095,-0.5121094507192621
contribution billion aligns,0,2,-5.133817742969095,-0.5121094507192621
institution strategy selfish,0,2,-5.133817742969095,-0.5121094507192621
given developing country,0,2,-5.133817742969095,-0.5121094507192621
institution sfi relatively,0,2,-5.133817742969095,-0.5121094507192621
contribution zero dollars,0,2,-5.133817742969095,-0.5121094507192621
recent contribution mcpr,0,2,-5.133817742969095,-0.5121094507192621
past behavior recent,0,2,-5.133817742969095,-0.5121094507192621
observations high contributors,0,2,-5.133817742969095,-0.5121094507192621
sfi tend defect,0,2,-5.133817742969095,-0.5121094507192621
given institution sfi,0,2,-5.133817742969095,-0.5121094507192621
tend defect contribute,0,2,-5.133817742969095,-0.5121094507192621
contribution significantly higher,0,2,-5.133817742969095,-0.5121094507192621
contributors defectors free-riders,0,2,-5.133817742969095,-0.5121094507192621
low contributors standard,0,2,-5.133817742969095,-0.5121094507192621
vulnerability index aligns,0,2,-5.133817742969095,-0.5121094507192621
chose contribute zero,0,2,-5.133817742969095,-0.5121094507192621
contributors institution sfi,0,2,-5.133817742969095,-0.5121094507192621
strategy except sfi,0,2,-5.133817742969095,-0.5121094507192621
incentives choose moderate,0,2,-5.133817742969095,-0.5121094507192621
reward high payoff,0,2,-5.133817742969095,-0.5121094507192621
high-contributors mostly sfi,0,2,-5.133817742969095,-0.5121094507192621
contributors follow except,0,2,-5.133817742969095,-0.5121094507192621
follow strategy except,0,2,-5.133817742969095,-0.5121094507192621
institution sfi low,0,2,-5.133817742969095,-0.5121094507192621
index consistent institution,0,2,-5.133817742969095,-0.5121094507192621
interests cooperate incentives,0,2,-5.133817742969095,-0.5121094507192621
significantly sfi others,0,2,-5.133817742969095,-0.5121094507192621
contribution reward low,0,2,-5.133817742969095,-0.5121094507192621
cumulative payoff balancing,0,2,-5.133817742969095,-0.5121094507192621
contributors standard framework,0,2,-5.133817742969095,-0.5121094507192621
peers low contribution,8,12,-0.23562546581353772,-0.5165090688954181
institution typical behavior,11,16,-0.20504063974781594,-0.523704856545742
contributors strategy institutionalization,0,3,-5.537745001077369,-0.552856894671877
contribute sfi except,0,3,-5.537745001077369,-0.552856894671877
aligns previous contribution,0,3,-5.537745001077369,-0.552856894671877
contributors defectors present,0,3,-5.537745001077369,-0.552856894671877
contributors institution low,0,3,-5.537745001077369,-0.552856894671877
high contributors dominate,0,3,-5.537745001077369,-0.552856894671877
contribute nothing institution,0,3,-5.537745001077369,-0.552856894671877
past contribution peers,0,3,-5.537745001077369,-0.552856894671877
rational choice given,0,3,-5.537745001077369,-0.552856894671877
riding rational choice,0,3,-5.537745001077369,-0.552856894671877
given high vulnerability,0,3,-5.537745001077369,-0.552856894671877
relatively low contribution,0,3,-5.537745001077369,-0.552856894671877
free riding rational,0,3,-5.537745001077369,-0.552856894671877
behavior previous contribution,0,3,-5.537745001077369,-0.552856894671877
cumulative payoff balance,0,3,-5.537745001077369,-0.552856894671877
contribution sfi members,0,3,-5.537745001077369,-0.552856894671877
contribute significantly sfi,0,3,-5.537745001077369,-0.552856894671877
contribution highly institution,0,3,-5.537745001077369,-0.552856894671877
defectors present sfi,0,3,-5.537745001077369,-0.552856894671877
defect contribute minimally,0,3,-5.537745001077369,-0.552856894671877
choosing contribution balances,0,3,-5.537745001077369,-0.552856894671877
behavior previous group,0,3,-5.537745001077369,-0.552856894671877
vulnerability index consistent,0,3,-5.537745001077369,-0.552856894671877
return past low,0,3,-5.537745001077369,-0.552856894671877
typical behavior previous,0,3,-5.537745001077369,-0.552856894671877
mostly sfi tend,0,3,-5.537745001077369,-0.552856894671877
sfi institution observed,0,3,-5.537745001077369,-0.552856894671877
contributors strategy infection,0,3,-5.537745001077369,-0.552856894671877
contributors dominate sfi,0,3,-5.537745001077369,-0.552856894671877
peers contribute defect,0,3,-5.537745001077369,-0.552856894671877
choose contribute maximum,0,3,-5.537745001077369,-0.552856894671877
maintaining consistency previous,0,3,-5.537745001077369,-0.552856894671877
contribution considering current,0,3,-5.537745001077369,-0.552856894671877
institution past contribution,0,3,-5.537745001077369,-0.552856894671877
past behavior previous,0,3,-5.537745001077369,-0.552856894671877
nothing institution sfi,0,3,-5.537745001077369,-0.552856894671877
high contribution mostly,0,3,-5.537745001077369,-0.552856894671877
follow sfi strategy,0,3,-5.537745001077369,-0.552856894671877
developing country status,0,3,-5.537745001077369,-0.552856894671877
immediate needs cooperate,0,3,-5.537745001077369,-0.552856894671877
choosing contribute stage,0,3,-5.537745001077369,-0.552856894671877
balances immediate needs,0,3,-5.537745001077369,-0.552856894671877
protect institution interests,0,3,-5.537745001077369,-0.552856894671877
cumulative payoff advantage,0,3,-5.537745001077369,-0.552856894671877
considering institution sfi,0,3,-5.537745001077369,-0.552856894671877
made low contribution,0,3,-5.537745001077369,-0.552856894671877
behavior current decision,0,3,-5.537745001077369,-0.552856894671877
cooperate incentives choose,0,4,-5.8247180799153035,-0.581746889467968
amount balancing immediate,0,4,-5.8247180799153035,-0.581746889467968
aligning institution typical,0,4,-5.8247180799153035,-0.581746889467968
contribute highly except,0,4,-5.8247180799153035,-0.581746889467968
considering institution past,0,4,-5.8247180799153035,-0.581746889467968
mostly found institution,0,4,-5.8247180799153035,-0.581746889467968
cooperate incentives contribution,0,4,-5.8247180799153035,-0.581746889467968
past low contribution,0,4,-5.8247180799153035,-0.581746889467968
peers contribution highly,0,4,-5.8247180799153035,-0.581746889467968
considering high vulnerability,0,4,-5.8247180799153035,-0.581746889467968
marginal return past,0,4,-5.8247180799153035,-0.581746889467968
payoff balance immediate,0,4,-5.8247180799153035,-0.581746889467968
needs cooperate incentives,0,4,-5.8247180799153035,-0.581746889467968
chose contribute nothing,0,4,-5.8247180799153035,-0.581746889467968
low contribution zero,0,4,-5.8247180799153035,-0.581746889467968
index aligning institution,0,4,-5.8247180799153035,-0.581746889467968
contribute due low,0,4,-5.8247180799153035,-0.581746889467968
choose contribute moderate,13,19,-0.20995498535641666,-0.5835058766307516
contributors reward large,2,4,-0.5211243152209892,-0.6029944388385104
requires contribution significant,2,4,-0.5211243152209892,-0.6029944388385104
past contribution considering,2,4,-0.5211243152209892,-0.6029944388385104
considering institution history,2,4,-0.5211243152209892,-0.6029944388385104
maximizes cumulative payoff,2,4,-0.5211243152209892,-0.6029944388385104
peers contribute high,0,5,-6.047484684839233,-0.6041458291030631
incentives considering high,0,5,-6.047484684839233,-0.6041458291030631
contribution zero aligns,0,5,-6.047484684839233,-0.6041458291030631
contribution balance institution,0,5,-6.047484684839233,-0.6041458291030631
peers follow sfi,0,5,-6.047484684839233,-0.6041458291030631
vulnerability index aligning,0,5,-6.047484684839233,-0.6041458291030631
cooperate incentives given,0,5,-6.047484684839233,-0.6041458291030631
high amounts institution,0,5,-6.047484684839233,-0.6041458291030631
contributors strategy iterated,0,5,-6.047484684839233,-0.6041458291030631
contribution balancing immediate,0,6,-6.229595464304225,-0.622441923120078
amount balances immediate,0,6,-6.229595464304225,-0.622441923120078
contribution balances immediate,0,6,-6.229595464304225,-0.622441923120078
follow contribute highly,0,6,-6.229595464304225,-0.622441923120078
institution past behavior,0,6,-6.229595464304225,-0.622441923120078
contribute high amounts,0,6,-6.229595464304225,-0.622441923120078
iterated prisoner dilemma,0,6,-6.229595464304225,-0.622441923120078
except high low,0,6,-6.229595464304225,-0.622441923120078
reward high contribution,0,6,-6.229595464304225,-0.622441923120078
contributors defectors sfi,0,6,-6.229595464304225,-0.622441923120078
chose contribute due,0,6,-6.229595464304225,-0.622441923120078
contribute stage budget,0,6,-6.229595464304225,-0.622441923120078
significantly sfi institution,0,6,-6.229595464304225,-0.622441923120078
high contributors defectors,0,6,-6.229595464304225,-0.622441923120078
requires balancing immediate,0,6,-6.229595464304225,-0.622441923120078
strategy iterated prisoner,0,6,-6.229595464304225,-0.622441923120078
contribute highly sfi,0,7,-6.383630377690903,-0.6379082012042051
peers contribute sfi,0,7,-6.383630377690903,-0.6379082012042051
peers follow contribute,0,7,-6.383630377690903,-0.6379082012042051
between immediate resilience,0,8,-6.51710541348824,-0.6513041112866259
balance between immediate,0,8,-6.51710541348824,-0.6513041112866259
mostly institution low,0,8,-6.51710541348824,-0.6513041112866259
contributors reward high,6,10,-0.34078148702960576,-0.6603877559372435
nothing due low,0,9,-6.634871714671686,-0.6631192827937681
contribution significantly sfi,0,10,-6.740243241905571,-0.6736879007484905
institution low contributors,0,11,-6.835584619727198,-0.6832482470885917
cooperate incentives contribute,0,11,-6.835584619727198,-0.6832482470885917
incentives contribute moderate,0,11,-6.835584619727198,-0.6832482470885917
balances immediate resilience,0,11,-6.835584619727198,-0.6832482470885917
contribute nothing due,0,11,-6.835584619727198,-0.6832482470885917
needs against long-run,0,13,-7.002743047021388,-0.700005330501818
against long-run cooperate,0,13,-7.002743047021388,-0.700005330501818
resilience needs against,0,13,-7.002743047021388,-0.700005330501818
contribute zero due,0,19,-7.382722525180521,-0.7380781491224223
peers contribute moderately,3,6,-0.5220518833071566,-0.739317322228017
current decision card,3,6,-0.5220518833071566,-0.739317322228017
high contribution observed,3,6,-0.5220518833071566,-0.739317322228017
choose contribute zero,0,20,-7.434111671838144,-0.7432254768681454
low contributors defectors,5,9,-0.4175433154918995,-0.7492190078765351
immediate needs long-run,0,23,-7.5741749805326855,-0.7572529672599615
incentives considering institution,0,23,-7.5741749805326855,-0.7572529672599615
balance immediate needs,0,23,-7.5741749805326855,-0.7572529672599615
balancing immediate resilience,0,24,-7.616838700997016,-0.7615253015812562
cooperate incentives considering,0,33,-7.936279437790519,-0.7935077608535837
amount balance immediate,0,35,-7.995347369515752,-0.7994205747839408
vulnerability index low,1,3,-0.9224800663482586,-0.8022096806407699
high contribution institution,1,3,-0.9224800663482586,-0.8022096806407699
history contribution significantly,1,3,-0.9224800663482586,-0.8022096806407699
higher contribution sfi,1,3,-0.9224800663482586,-0.8022096806407699
mcpr potential future,1,3,-0.9224800663482586,-0.8022096806407699
mostly low-contributors sfi,1,3,-0.9224800663482586,-0.8022096806407699
contribute due high,1,3,-0.9224800663482586,-0.8022096806407699
amount maintain cooperate,1,3,-0.9224800663482586,-0.8022096806407699
low contributor sfi,1,3,-0.9224800663482586,-0.8022096806407699
choosing high contribution,1,3,-0.9224800663482586,-0.8022096806407699
behavior high marginal,1,3,-0.9224800663482586,-0.8022096806407699
contribution considering mcpr,1,3,-0.9224800663482586,-0.8022096806407699
recent institution choices,1,3,-0.9224800663482586,-0.8022096806407699
index low marginal,1,3,-0.9224800663482586,-0.8022096806407699
past contribution recent,1,3,-0.9224800663482586,-0.8022096806407699
high-contributors low-contributors sfi,1,3,-0.9224800663482586,-0.8022096806407699
contribute except sfi,1,3,-0.9224800663482586,-0.8022096806407699
contribution recent institution,1,3,-0.9224800663482586,-0.8022096806407699
decision card choose,1,3,-0.9224800663482586,-0.8022096806407699
high mcpr potential,1,3,-0.9224800663482586,-0.8022096806407699
card choose contribute,1,3,-0.9224800663482586,-0.8022096806407699
except follows sfi,1,3,-0.9224800663482586,-0.8022096806407699
recent contribution internal,1,3,-0.9224800663482586,-0.8022096806407699
return contribution choose,1,3,-0.9224800663482586,-0.8022096806407699
contribution significantly others,1,3,-0.9224800663482586,-0.8022096806407699
contributors low contributor,1,3,-0.9224800663482586,-0.8022096806407699
payoff contribute maximum,1,3,-0.9224800663482586,-0.8022096806407699
contribute highly institution,0,38,-8.077930143833173,-0.8076867747544784
contribution balance immediate,0,48,-8.312715245853125,-0.8311849653593179
maximum amount advantage,4,8,-0.5225661894489271,-0.854235306887574
contributors mostly found,4,8,-0.5225661894489271,-0.854235306887574
balance immediate resilience,0,83,-8.864566581829664,-0.8864032684362873
contribution zero rational,2,5,-0.7438909201449189,-0.8909587418371858
marginal return contribution,2,5,-0.7438909201449189,-0.8909587418371858
zero rational choice,2,5,-0.7438909201449189,-0.8909587418371858
reward large payoffs,2,5,-0.7438909201449189,-0.8909587418371858
moderate amount balancing,2,5,-0.7438909201449189,-0.8909587418371858
due high marginal,2,5,-0.7438909201449189,-0.8909587418371858
resilience needs long-run,0,109,-9.140251101164736,-0.9139831890895469
immediate resilience needs,0,128,-9.30326921502899,-0.9302905855753166
needs long-run cooperate,0,132,-9.334533810363666,-0.9334180276407421
long-run cooperate incentives,0,146,-9.437066743767026,-0.943674359528323
contribution maximum amount,7,13,-0.4492237965105019,-0.9588007709288365
contributors follow institution,3,7,-0.6760867966938342,-0.9810945217321779
sfi contribute little,3,7,-0.6760867966938342,-0.9810945217321779
contribution peers institution,11,19,-0.377158643421577,-0.9958718097997475
contribution moderate amount,11,19,-0.377158643421577,-0.9958718097997475
contribute moderate amount,45,65,-0.1993586691263225,-1.0281202068197308
contribution low contribution,15,25,-0.34171097192145616,-1.0465682939064471
countries non-binding agreement,0,420,-10.528257114040233,-1.0528131782868146
mode defaults developing,0,420,-10.528257114040233,-1.0528131782868146
developing countries non-binding,0,420,-10.528257114040233,-1.0528131782868146
defaults developing countries,0,420,-10.528257114040233,-1.0528131782868146
moderate contribution balance,37,55,-0.22796361408111743,-1.0722715521602018
contributors significantly higher,1,4,-1.2094531451861936,-1.086350735848108
mostly sfi low,1,4,-1.2094531451861936,-1.086350735848108
contributors sfi institution,1,4,-1.2094531451861936,-1.086350735848108
behavior institution strategy,1,4,-1.2094531451861936,-1.086350735848108
previous contribution choose,1,4,-1.2094531451861936,-1.086350735848108
contribution zero optimal,1,4,-1.2094531451861936,-1.086350735848108
past behavior institution,1,4,-1.2094531451861936,-1.086350735848108
significantly higher contribution,1,4,-1.2094531451861936,-1.086350735848108
contribution low contributors,1,4,-1.2094531451861936,-1.086350735848108
high contributors significantly,1,4,-1.2094531451861936,-1.086350735848108
contribute maximum maximize,2,6,-0.9260016996099107,-1.1364749417623254
contributors strategy institution,2,6,-0.9260016996099107,-1.1364749417623254
high contributors institution,2,6,-0.9260016996099107,-1.1364749417623254
maximum maximize cumulative,2,6,-0.9260016996099107,-1.1364749417623254
payoff requires balancing,2,6,-0.9260016996099107,-1.1364749417623254
mostly sfi institution,2,6,-0.9260016996099107,-1.1364749417623254
contribution past contribution,2,6,-0.9260016996099107,-1.1364749417623254
contributors mostly sfi,20,34,-0.3619511922327625,-1.2846936628949144
contribute maximum amount,1,5,-1.4322197501101233,-1.313079322747903
starting moderate contribution,1,5,-1.4322197501101233,-1.313079322747903
contribute moderately except,1,5,-1.4322197501101233,-1.313079322747903
institution historical contribution,1,5,-1.4322197501101233,-1.313079322747903
moderately except high,1,5,-1.4322197501101233,-1.313079322747903
follow except sfi,5,12,-0.7053139412096812,-1.3261512437633394
mostly sfi contribute,3,9,-0.9273281336746173,-1.392922152347879
institution history contribution,1,6,-1.6143305295751151,-1.501142175435964
contribution zero due,1,6,-1.6143305295751151,-1.501142175435964
unit contribution low,3,10,-1.0326996609085022,-1.570973390189237
high low contributors,1,7,-1.7683654429617928,-1.6615160128867072
follow deviate sfi,1,7,-1.7683654429617928,-1.6615160128867072
peers follow defect,1,7,-1.7683654429617928,-1.6615160128867072
vulnerability index contribution,3,11,-1.128041038730128,-1.734314281043018
choose contribute nothing,4,13,-1.0082038229820736,-1.7651409753172957
sfi low contributors,1,8,-1.90184047875913,-1.8011412094793686
index contribution zero,2,11,-1.531990855032884,-1.9972957088544634
peers follow except,7,20,-0.8805924213272593,-2.006387550609229
contribution past behavior,1,10,-2.1249783071764607,-2.0353609092743383
low contribution sfi,4,17,-1.2767752866801008,-2.2999715033130514
high contributors mostly,79,133,-0.3559859361068849,-2.506268543377525
moderate amount balance,12,34,-0.873601639978105,-2.602645111679488
mostly low contributors,13,36,-0.850865166163512,-2.630415165772559
contributors mostly low,13,37,-0.8783790436605141,-2.7252623285124082
zero due low,1,25,-3.0425013301408743,-2.997744835235005
contributors low contributors,16,50,-0.9730771957064128,-3.388703944018462
high contributors low,17,54,-0.9897813589322819,-3.559903141112382
peers contribute highly,1,47,-3.6762787598122983,-3.6555537135462273
low contributors sfi,32,87,-0.836270824527908,-4.045427235587028
due low marginal,4,41,-2.1597249373841976,-4.127744130656044
low marginal return,15,67,-1.3324242538210829,-4.665979238743257
contributors mostly institution,13,64,-1.4295409315876988,-4.700644413231957
marginal return high,9,59,-1.715556378723468,-4.796361231422164
return high vulnerability,8,59,-1.8333452741965015,-4.868790829656541
high vulnerability index,10,70,-1.7824445465713232,-5.274895149792798
