run,source_file,round_number,agent_id,agent_group,institution_choice,stage1_payoff,stage2_payoff,payoff,cumulative_payoff,wealth
20260804_024555,results/simulation_llama3.1_8b_Full_scnldf_sh1_ldf1_seed2_26agents_30rounds_20260804_024555.json,1,0,developed,SI,4088408.0,-27745.0,4060663.0,7750663.0,7750663.0
20260804_024555,results/simulation_llama3.1_8b_Full_scnldf_sh1_ldf1_seed2_26agents_30rounds_20260804_024555.json,1,1,developing,SFI,350641.14285714284,0.0,350641.14285714284,469441.14285714284,469441.14285714284
20260804_024555,results/simulation_llama3.1_8b_Full_scnldf_sh1_ldf1_seed2_26agents_30rounds_20260804_024555.json,1,2,developing,SFI,340641.14285714284,0.0,340641.14285714284,748431.1428571428,748431.1428571428
20260804_024555,results/simulation_llama3.1_8b_Full_scnldf_sh1_ldf1_seed2_26agents_30rounds_20260804_024555.json,1,3,developing,SFI,-139358.85714285716,0.0,-139358.85714285716,970641.1428571428,970641.1428571428
20260804_024555,results/simulation_llama3.1_8b_Full_scnldf_sh1_ldf1_seed2_26agents_30rounds_20260804_024555.json,1,4,developed,SI,-15910592.0,18000.0,-15891867.0,12858133.0,12858133.0
20260804_024555,results/simulation_llama3.1_8b_Full_scnldf_sh1_ldf1_seed2_26agents_30rounds_20260804_024555.json,1,5,developing,SFI,358641.14285714284,0.0,358641.14285714284,402821.14285714284,402821.14285714284
20260804_024555,results/simulation_llama3.1_8b_Full_scnldf_sh1_ldf1_seed2_26agents_30rounds_20260804_024555.json,1,6,developed,SI,2509408.0,-12.0,2509396.0,5669396.0,5669396.0
20260804_024555,results/simulation_llama3.1_8b_Full_scnldf_sh1_ldf1_seed2_26agents_30rounds_20260804_024555.json,1,7,developed,SI,2339408.0,-256.0,2339152.0,4099152.0,4099152.0
20260804_024555,results/simulation_llama3.1_8b_Full_scnldf_sh1_ldf1_seed2_26agents_30rounds_20260804_024555.json,1,8,developing,SFI,350641.14285714284,0.0,350641.14285714284,514341.14285714284,514341.14285714284
20260804_024555,results/simulation_llama3.1_8b_Full_scnldf_sh1_ldf1_seed2_26agents_30rounds_20260804_024555.json,1,9,developing,SFI,-172058.85714285716,0.0,-172058.85714285716,360641.14285714284,360641.14285714284
20260804_024555,results/simulation_llama3.1_8b_Full_scnldf_sh1_ldf1_seed2_26agents_30rounds_20260804_024555.json,1,10,developing,SFI,360141.14285714284,0.0,360141.14285714284,723641.1428571428,723641.1428571428
20260804_024555,results/simulation_llama3.1_8b_Full_scnldf_sh1_ldf1_seed2_26agents_30rounds_20260804_024555.json,1,11,developing,SFI,359641.14285714284,0.0,359641.14285714284,361761.14285714284,361761.14285714284
20260804_024555,results/simulation_llama3.1_8b_Full_scnldf_sh1_ldf1_seed2_26agents_30rounds_20260804_024555.json,1,12,developing,SFI,350641.14285714284,0.0,350641.14285714284,728341.1428571428,728341.1428571428
20260804_024555,results/simulation_llama3.1_8b_Full_scnldf_sh1_ldf1_seed2_26agents_30rounds_20260804_024555.json,1,13,developing,SFI,-1639358.8571428573,0.0,-1639358.8571428573,690641.1428571427,690641.1428571427
20260804_024555,results/simulation_llama3.1_8b_Full_scnldf_sh1_ldf1_seed2_26agents_30rounds_20260804_024555.json,1,14,developed,SI,4089408.0,-9362.0,4080046.0,4689206.0,4689206.0
20260804_024555,results/simulation_llama3.1_8b_Full_scnldf_sh1_ldf1_seed2_26agents_30rounds_20260804_024555.json,1,15,developing,SFI,350641.14285714284,0.0,350641.14285714284,730701.1428571428,730701.1428571428
20260804_024555,results/simulation_llama3.1_8b_Full_scnldf_sh1_ldf1_seed2_26agents_30rounds_20260804_024555.json,1,16,developing,SFI,360341.14285714284,0.0,360341.14285714284,366941.14285714284,366941.14285714284
20260804_024555,results/simulation_llama3.1_8b_Full_scnldf_sh1_ldf1_seed2_26agents_30rounds_20260804_024555.json,1,17,developing,SFI,335231.14285714284,0.0,335231.14285714284,360641.14285714284,360641.14285714284
20260804_024555,results/simulation_llama3.1_8b_Full_scnldf_sh1_ldf1_seed2_26agents_30rounds_20260804_024555.json,1,18,developed,SI,2889408.0,-14.0,2889394.0,5129394.0,5129394.0
20260804_024555,results/simulation_llama3.1_8b_Full_scnldf_sh1_ldf1_seed2_26agents_30rounds_20260804_024555.json,1,19,developed,SI,4089408.0,-8465.0,4080943.0,5290943.0,5290943.0
20260804_024555,results/simulation_llama3.1_8b_Full_scnldf_sh1_ldf1_seed2_26agents_30rounds_20260804_024555.json,1,20,developed,SI,3152848.0,-3.0,3152845.0,4089405.0,4089405.0
20260804_024555,results/simulation_llama3.1_8b_Full_scnldf_sh1_ldf1_seed2_26agents_30rounds_20260804_024555.json,1,21,developed,SI,2889408.0,-10.0,2889398.0,5269398.0,5269398.0
20260804_024555,results/simulation_llama3.1_8b_Full_scnldf_sh1_ldf1_seed2_26agents_30rounds_20260804_024555.json,1,22,developed,SI,4086408.0,-3.0,4086405.0,4690125.0,4690125.0
20260804_024555,results/simulation_llama3.1_8b_Full_scnldf_sh1_ldf1_seed2_26agents_30rounds_20260804_024555.json,1,23,developing,SFI,326941.14285714284,0.0,326941.14285714284,360641.14285714284,360641.14285714284
20260804_024555,results/simulation_llama3.1_8b_Full_scnldf_sh1_ldf1_seed2_26agents_30rounds_20260804_024555.json,1,24,developed,SI,89408.0,6307.0,96440.0,4126440.0,4126440.0
20260804_024555,results/simulation_llama3.1_8b_Full_scnldf_sh1_ldf1_seed2_26agents_30rounds_20260804_024555.json,1,25,developed,SI,4089408.0,-7469.0,4081939.0,8771939.0,8771939.0
20260804_024555,results/simulation_llama3.1_8b_Full_scnldf_sh1_ldf1_seed2_26agents_30rounds_20260804_024555.json,2,0,developed,SI,2842191.066666667,-660.0,2841531.066666667,10592194.066666666,10592194.066666666
20260804_024555,results/simulation_llama3.1_8b_Full_scnldf_sh1_ldf1_seed2_26agents_30rounds_20260804_024555.json,2,1,developing,SFI,51933.028571428586,0.0,51933.028571428586,521374.17142857146,521374.17142857146
20260804_024555,results/simulation_llama3.1_8b_Full_scnldf_sh1_ldf1_seed2_26agents_30rounds_20260804_024555.json,2,2,developing,SFI,251933.0285714286,0.0,251933.0285714286,1000364.1714285715,1000364.1714285715
20260804_024555,results/simulation_llama3.1_8b_Full_scnldf_sh1_ldf1_seed2_26agents_30rounds_20260804_024555.json,2,3,developing,SFI,251933.0285714286,0.0,251933.0285714286,1222574.1714285715,1222574.1714285715
20260804_024555,results/simulation_llama3.1_8b_Full_scnldf_sh1_ldf1_seed2_26agents_30rounds_20260804_024555.json,2,4,developed,SI,2843191.066666667,-793.0,2842398.066666667,15700531.066666666,15700531.066666666
20260804_024555,results/simulation_llama3.1_8b_Full_scnldf_sh1_ldf1_seed2_26agents_30rounds_20260804_024555.json,2,5,developing,SFI,250933.0285714286,0.0,250933.0285714286,653754.1714285715,653754.1714285715
20260804_024555,results/simulation_llama3.1_8b_Full_scnldf_sh1_ldf1_seed2_26agents_30rounds_20260804_024555.json,2,6,developed,SI,8501.066666666884,155.0,8656.066666666884,5678052.066666666,5678052.066666666
20260804_024555,results/simulation_llama3.1_8b_Full_scnldf_sh1_ldf1_seed2_26agents_30rounds_20260804_024555.json,2,7,developed,SI,214050.06666666688,-28.0,214022.06666666688,4313174.066666666,4313174.066666666
20260804_024555,results/simulation_llama3.1_8b_Full_scnldf_sh1_ldf1_seed2_26agents_30rounds_20260804_024555.json,2,8,developing,SFI,-262407.9714285714,0.0,-262407.9714285714,251933.17142857146,251933.17142857146
20260804_024555,results/simulation_llama3.1_8b_Full_scnldf_sh1_ldf1_seed2_26agents_30rounds_20260804_024555.json,2,9,developing,SFI,51933.028571428586,0.0,51933.028571428586,412574.17142857146,412574.17142857146
20260804_024555,results/simulation_llama3.1_8b_Full_scnldf_sh1_ldf1_seed2_26agents_30rounds_20260804_024555.json,2,10,developing,SFI,251933.0285714286,0.0,251933.0285714286,975574.1714285715,975574.1714285715
20260804_024555,results/simulation_llama3.1_8b_Full_scnldf_sh1_ldf1_seed2_26agents_30rounds_20260804_024555.json,2,11,developing,SFI,251933.0285714286,0.0,251933.0285714286,613694.1714285715,613694.1714285715
20260804_024555,results/simulation_llama3.1_8b_Full_scnldf_sh1_ldf1_seed2_26agents_30rounds_20260804_024555.json,2,12,developing,SFI,-248066.9714285714,0.0,-248066.9714285714,480274.17142857146,480274.17142857146
20260804_024555,results/simulation_llama3.1_8b_Full_scnldf_sh1_ldf1_seed2_26agents_30rounds_20260804_024555.json,2,13,developing,SFI,163040.0285714286,0.0,163040.0285714286,853681.1714285713,853681.1714285713
20260804_024555,results/simulation_llama3.1_8b_Full_scnldf_sh1_ldf1_seed2_26agents_30rounds_20260804_024555.json,2,14,developed,SI,-156808.93333333312,-4286.0,-160680.93333333312,4528525.066666666,4528525.066666666
20260804_024555,results/simulation_llama3.1_8b_Full_scnldf_sh1_ldf1_seed2_26agents_30rounds_20260804_024555.json,2,15,developing,SFI,-248066.9714285714,0.0,-248066.9714285714,482634.17142857146,482634.17142857146
20260804_024555,results/simulation_llama3.1_8b_Full_scnldf_sh1_ldf1_seed2_26agents_30rounds_20260804_024555.json,2,16,developing,SFI,251933.0285714286,0.0,251933.0285714286,618874.1714285715,618874.1714285715
20260804_024555,results/simulation_llama3.1_8b_Full_scnldf_sh1_ldf1_seed2_26agents_30rounds_20260804_024555.json,2,17,developing,SFI,51933.028571428586,0.0,51933.028571428586,412574.17142857146,412574.17142857146
20260804_024555,results/simulation_llama3.1_8b_Full_scnldf_sh1_ldf1_seed2_26agents_30rounds_20260804_024555.json,2,18,developed,SI,-1156808.933333333,-1145.0,-1157539.933333333,3971854.066666667,3971854.066666667
20260804_024555,results/simulation_llama3.1_8b_Full_scnldf_sh1_ldf1_seed2_26agents_30rounds_20260804_024555.json,2,19,developed,SI,843191.0666666669,-3746.0,839445.0666666669,6130388.066666666,6130388.066666666
20260804_024555,results/simulation_llama3.1_8b_Full_scnldf_sh1_ldf1_seed2_26agents_30rounds_20260804_024555.json,2,20,developed,SI,1643191.066666667,-52.0,1643139.066666667,5732544.066666666,5732544.066666666
20260804_024555,results/simulation_llama3.1_8b_Full_scnldf_sh1_ldf1_seed2_26agents_30rounds_20260804_024555.json,2,21,developed,SI,843191.0666666669,292.0,843483.0666666669,6112881.066666666,6112881.066666666
20260804_024555,results/simulation_llama3.1_8b_Full_scnldf_sh1_ldf1_seed2_26agents_30rounds_20260804_024555.json,2,22,developed,SI,2608685.066666667,-897.0,2607788.066666667,7297913.066666666,7297913.066666666
20260804_024555,results/simulation_llama3.1_8b_Full_scnldf_sh1_ldf1_seed2_26agents_30rounds_20260804_024555.json,2,23,developing,SFI,251753.0285714286,0.0,251753.0285714286,612394.1714285715,612394.1714285715
20260804_024555,results/simulation_llama3.1_8b_Full_scnldf_sh1_ldf1_seed2_26agents_30rounds_20260804_024555.json,2,24,developed,SI,418595.0666666669,969.0,419564.0666666669,4546004.066666666,4546004.066666666
20260804_024555,results/simulation_llama3.1_8b_Full_scnldf_sh1_ldf1_seed2_26agents_30rounds_20260804_024555.json,2,25,developed,SI,1843191.066666667,-6393.0,1836798.066666667,10608737.066666666,10608737.066666666
20260804_024555,results/simulation_llama3.1_8b_Full_scnldf_sh1_ldf1_seed2_26agents_30rounds_20260804_024555.json,3,0,developed,SI,3040611.0666666673,-4954.0,3035657.0666666673,13627851.133333333,13627851.133333333
20260804_024555,results/simulation_llama3.1_8b_Full_scnldf_sh1_ldf1_seed2_26agents_30rounds_20260804_024555.json,3,1,developing,SFI,136562.2857142857,0.0,136562.2857142857,657936.4571428571,657936.4571428571
20260804_024555,results/simulation_llama3.1_8b_Full_scnldf_sh1_ldf1_seed2_26agents_30rounds_20260804_024555.json,3,2,developing,SFI,-763801.7142857143,0.0,-763801.7142857143,236562.45714285714,236562.45714285714
20260804_024555,results/simulation_llama3.1_8b_Full_scnldf_sh1_ldf1_seed2_26agents_30rounds_20260804_024555.json,3,3,developing,SFI,236562.2857142857,0.0,236562.2857142857,1459136.4571428571,1459136.4571428571
20260804_024555,results/simulation_llama3.1_8b_Full_scnldf_sh1_ldf1_seed2_26agents_30rounds_20260804_024555.json,3,4,developed,SI,-6959388.933333333,-13.0,-6958728.933333333,8741802.133333333,8741802.133333333
20260804_024555,results/simulation_llama3.1_8b_Full_scnldf_sh1_ldf1_seed2_26agents_30rounds_20260804_024555.json,3,5,developing,SFI,136562.2857142857,0.0,136562.2857142857,790316.4571428571,790316.4571428571
20260804_024555,results/simulation_llama3.1_8b_Full_scnldf_sh1_ldf1_seed2_26agents_30rounds_20260804_024555.json,3,6,developed,SI,2205921.0666666673,946.0,2206867.0666666673,7884919.133333334,7884919.133333334
20260804_024555,results/simulation_llama3.1_8b_Full_scnldf_sh1_ldf1_seed2_26agents_30rounds_20260804_024555.json,3,7,developed,SI,5040611.066666667,-6725.0,5033886.066666667,9347060.133333333,9347060.133333333
20260804_024555,results/simulation_llama3.1_8b_Full_scnldf_sh1_ldf1_seed2_26agents_30rounds_20260804_024555.json,3,8,developing,SFI,236562.2857142857,0.0,236562.2857142857,488495.45714285714,488495.45714285714
20260804_024555,results/simulation_llama3.1_8b_Full_scnldf_sh1_ldf1_seed2_26agents_30rounds_20260804_024555.json,3,9,developing,SFI,36562.28571428571,0.0,36562.28571428571,449136.45714285714,449136.45714285714
20260804_024555,results/simulation_llama3.1_8b_Full_scnldf_sh1_ldf1_seed2_26agents_30rounds_20260804_024555.json,3,10,developing,SFI,236562.2857142857,0.0,236562.2857142857,1212136.4571428571,1212136.4571428571
20260804_024555,results/simulation_llama3.1_8b_Full_scnldf_sh1_ldf1_seed2_26agents_30rounds_20260804_024555.json,3,11,developing,SFI,136562.2857142857,0.0,136562.2857142857,750256.4571428571,750256.4571428571
20260804_024555,results/simulation_llama3.1_8b_Full_scnldf_sh1_ldf1_seed2_26agents_30rounds_20260804_024555.json,3,12,developing,SFI,236562.2857142857,0.0,236562.2857142857,716836.4571428571,716836.4571428571
20260804_024555,results/simulation_llama3.1_8b_Full_scnldf_sh1_ldf1_seed2_26agents_30rounds_20260804_024555.json,3,13,developing,SFI,36562.28571428571,0.0,36562.28571428571,890243.457142857,890243.457142857
20260804_024555,results/simulation_llama3.1_8b_Full_scnldf_sh1_ldf1_seed2_26agents_30rounds_20260804_024555.json,3,14,developed,SI,1040611.0666666673,-363.0,1040248.0666666673,5568773.133333334,5568773.133333334
20260804_024555,results/simulation_llama3.1_8b_Full_scnldf_sh1_ldf1_seed2_26agents_30rounds_20260804_024555.json,3,15,developing,SFI,236562.2857142857,0.0,236562.2857142857,719196.4571428571,719196.4571428571
20260804_024555,results/simulation_llama3.1_8b_Full_scnldf_sh1_ldf1_seed2_26agents_30rounds_20260804_024555.json,3,16,developing,SFI,236562.2857142857,0.0,236562.2857142857,855436.4571428571,855436.4571428571
20260804_024555,results/simulation_llama3.1_8b_Full_scnldf_sh1_ldf1_seed2_26agents_30rounds_20260804_024555.json,3,17,developing,SFI,36562.28571428571,0.0,36562.28571428571,449136.45714285714,449136.45714285714
20260804_024555,results/simulation_llama3.1_8b_Full_scnldf_sh1_ldf1_seed2_26agents_30rounds_20260804_024555.json,3,18,developed,SI,2040611.0666666673,1033.0,2041644.0666666673,6013498.133333335,6013498.133333335
20260804_024555,results/simulation_llama3.1_8b_Full_scnldf_sh1_ldf1_seed2_26agents_30rounds_20260804_024555.json,3,19,developed,SI,5040611.066666667,-7853.0,5032758.066666667,11163146.133333333,11163146.133333333
20260804_024555,results/simulation_llama3.1_8b_Full_scnldf_sh1_ldf1_seed2_26agents_30rounds_20260804_024555.json,3,20,developed,SI,4104051.0666666673,-118.0,4103933.0666666673,9836477.133333333,9836477.133333333
20260804_024555,results/simulation_llama3.1_8b_Full_scnldf_sh1_ldf1_seed2_26agents_30rounds_20260804_024555.json,3,21,developed,SI,5040611.066666667,-5575.0,5035036.066666667,11147917.133333333,11147917.133333333
20260804_024555,results/simulation_llama3.1_8b_Full_scnldf_sh1_ldf1_seed2_26agents_30rounds_20260804_024555.json,3,22,developed,SI,5040611.066666667,-1294.0,5039317.066666667,12337230.133333333,12337230.133333333
20260804_024555,results/simulation_llama3.1_8b_Full_scnldf_sh1_ldf1_seed2_26agents_30rounds_20260804_024555.json,3,23,developing,SFI,67006.28571428571,0.0,67006.28571428571,679400.4571428571,679400.4571428571
20260804_024555,results/simulation_llama3.1_8b_Full_scnldf_sh1_ldf1_seed2_26agents_30rounds_20260804_024555.json,3,24,developed,SI,2616015.0666666673,376.0,2616391.0666666673,7162395.133333334,7162395.133333334
20260804_024555,results/simulation_llama3.1_8b_Full_scnldf_sh1_ldf1_seed2_26agents_30rounds_20260804_024555.json,3,25,developed,SI,-5568125.933333333,-2400.0,-5569852.933333333,5038884.133333334,5038884.133333334
20260804_024555,results/simulation_llama3.1_8b_Full_scnldf_sh1_ldf1_seed2_26agents_30rounds_20260804_024555.json,4,0,developed,SI,6155207.066666666,-7319.0,6147888.066666666,19775739.2,19775739.2
20260804_024555,results/simulation_llama3.1_8b_Full_scnldf_sh1_ldf1_seed2_26agents_30rounds_20260804_024555.json,4,1,developing,SFI,425190.17142857146,0.0,425190.17142857146,1083126.6285714286,1083126.6285714286
20260804_024555,results/simulation_llama3.1_8b_Full_scnldf_sh1_ldf1_seed2_26agents_30rounds_20260804_024555.json,4,2,developing,SFI,425190.17142857146,0.0,425190.17142857146,661752.6285714286,661752.6285714286
20260804_024555,results/simulation_llama3.1_8b_Full_scnldf_sh1_ldf1_seed2_26agents_30rounds_20260804_024555.json,4,3,developing,SFI,325190.17142857146,0.0,325190.17142857146,1784326.6285714286,1784326.6285714286
20260804_024555,results/simulation_llama3.1_8b_Full_scnldf_sh1_ldf1_seed2_26agents_30rounds_20260804_024555.json,4,4,developed,SI,3155207.0666666664,878.0,3156085.0666666664,11897887.2,11897887.2
20260804_024555,results/simulation_llama3.1_8b_Full_scnldf_sh1_ldf1_seed2_26agents_30rounds_20260804_024555.json,4,5,developing,SFI,425190.17142857146,0.0,425190.17142857146,1215506.6285714286,1215506.6285714286
20260804_024555,results/simulation_llama3.1_8b_Full_scnldf_sh1_ldf1_seed2_26agents_30rounds_20260804_024555.json,4,6,developed,SI,6155207.066666666,-10578.0,6144629.066666666,14029548.2,14029548.2
20260804_024555,results/simulation_llama3.1_8b_Full_scnldf_sh1_ldf1_seed2_26agents_30rounds_20260804_024555.json,4,7,developed,SI,1155207.0666666664,-632.0,1154575.0666666664,10501635.2,10501635.2
20260804_024555,results/simulation_llama3.1_8b_Full_scnldf_sh1_ldf1_seed2_26agents_30rounds_20260804_024555.json,4,8,developing,SFI,400690.17142857146,0.0,400690.17142857146,889185.6285714286,889185.6285714286
20260804_024555,results/simulation_llama3.1_8b_Full_scnldf_sh1_ldf1_seed2_26agents_30rounds_20260804_024555.json,4,9,developing,SFI,225190.17142857146,0.0,225190.17142857146,674326.6285714286,674326.6285714286
20260804_024555,results/simulation_llama3.1_8b_Full_scnldf_sh1_ldf1_seed2_26agents_30rounds_20260804_024555.json,4,10,developing,SFI,-786945.8285714285,0.0,-786945.8285714285,425190.6285714286,425190.6285714286
20260804_024555,results/simulation_llama3.1_8b_Full_scnldf_sh1_ldf1_seed2_26agents_30rounds_20260804_024555.json,4,11,developing,SFI,273658.17142857146,0.0,273658.17142857146,1023914.6285714286,1023914.6285714286
20260804_024555,results/simulation_llama3.1_8b_Full_scnldf_sh1_ldf1_seed2_26agents_30rounds_20260804_024555.json,4,12,developing,SFI,-291645.82857142854,0.0,-291645.82857142854,425190.6285714286,425190.6285714286
20260804_024555,results/simulation_llama3.1_8b_Full_scnldf_sh1_ldf1_seed2_26agents_30rounds_20260804_024555.json,4,13,developing,SFI,-464809.82857142854,0.0,-464809.82857142854,425433.6285714285,425433.6285714285
20260804_024555,results/simulation_llama3.1_8b_Full_scnldf_sh1_ldf1_seed2_26agents_30rounds_20260804_024555.json,4,14,developed,SI,3155207.0666666664,-1147.0,3154060.0666666664,8722833.2,8722833.2
20260804_024555,results/simulation_llama3.1_8b_Full_scnldf_sh1_ldf1_seed2_26agents_30rounds_20260804_024555.json,4,15,developing,SFI,225190.17142857146,0.0,225190.17142857146,944386.6285714286,944386.6285714286
20260804_024555,results/simulation_llama3.1_8b_Full_scnldf_sh1_ldf1_seed2_26agents_30rounds_20260804_024555.json,4,16,developing,SFI,425190.17142857146,0.0,425190.17142857146,1280626.6285714286,1280626.6285714286
20260804_024555,results/simulation_llama3.1_8b_Full_scnldf_sh1_ldf1_seed2_26agents_30rounds_20260804_024555.json,4,17,developing,SFI,399780.17142857146,0.0,399780.17142857146,848916.6285714286,848916.6285714286
20260804_024555,results/simulation_llama3.1_8b_Full_scnldf_sh1_ldf1_seed2_26agents_30rounds_20260804_024555.json,4,18,developed,SI,2991154.0666666664,92.0,2991246.0666666664,9004744.200000001,9004744.200000001
20260804_024555,results/simulation_llama3.1_8b_Full_scnldf_sh1_ldf1_seed2_26agents_30rounds_20260804_024555.json,4,19,developed,SI,-3844792.9333333336,-10.0,-3844237.9333333336,7318908.199999999,7318908.199999999
20260804_024555,results/simulation_llama3.1_8b_Full_scnldf_sh1_ldf1_seed2_26agents_30rounds_20260804_024555.json,4,20,developed,SI,5155207.066666666,-1577.0,5153630.066666666,14990107.2,14990107.2
20260804_024555,results/simulation_llama3.1_8b_Full_scnldf_sh1_ldf1_seed2_26agents_30rounds_20260804_024555.json,4,21,developed,SI,-1844792.9333333336,-7.0,-1844234.9333333336,9303682.2,9303682.2
20260804_024555,results/simulation_llama3.1_8b_Full_scnldf_sh1_ldf1_seed2_26agents_30rounds_20260804_024555.json,4,22,developed,SI,2155207.0666666664,-3879.0,2151328.0666666664,14488558.2,14488558.2
20260804_024555,results/simulation_llama3.1_8b_Full_scnldf_sh1_ldf1_seed2_26agents_30rounds_20260804_024555.json,4,23,developing,SFI,225190.17142857146,0.0,225190.17142857146,904590.6285714286,904590.6285714286
20260804_024555,results/simulation_llama3.1_8b_Full_scnldf_sh1_ldf1_seed2_26agents_30rounds_20260804_024555.json,4,24,developed,SI,2155207.0666666664,1555.0,2156762.0666666664,9319157.2,9319157.2
20260804_024555,results/simulation_llama3.1_8b_Full_scnldf_sh1_ldf1_seed2_26agents_30rounds_20260804_024555.json,4,25,developed,SI,1155207.0666666664,-4.0,1155203.0666666664,6194087.2,6194087.2
20260804_024555,results/simulation_llama3.1_8b_Full_scnldf_sh1_ldf1_seed2_26agents_30rounds_20260804_024555.json,5,0,developed,SI,4550868.133333334,-2018.0,4544350.133333334,24320089.333333332,24320089.333333332
20260804_024555,results/simulation_llama3.1_8b_Full_scnldf_sh1_ldf1_seed2_26agents_30rounds_20260804_024555.json,5,1,developing,SFI,281590.2857142857,0.0,279340.2857142857,1362466.9142857143,1362466.9142857143
20260804_024555,results/simulation_llama3.1_8b_Full_scnldf_sh1_ldf1_seed2_26agents_30rounds_20260804_024555.json,5,2,developing,SFI,481590.2857142857,0.0,479340.2857142857,1141092.9142857143,1141092.9142857143
20260804_024555,results/simulation_llama3.1_8b_Full_scnldf_sh1_ldf1_seed2_26agents_30rounds_20260804_024555.json,5,3,developing,SFI,-1002735.7142857143,0.0,-1004985.7142857143,779340.9142857143,779340.9142857143
20260804_024555,results/simulation_llama3.1_8b_Full_scnldf_sh1_ldf1_seed2_26agents_30rounds_20260804_024555.json,5,4,developed,SI,-1449131.8666666662,-4.0,-1453480.8666666662,10444406.333333332,10444406.333333332
20260804_024555,results/simulation_llama3.1_8b_Full_scnldf_sh1_ldf1_seed2_26agents_30rounds_20260804_024555.json,5,5,developing,SFI,-433915.7142857143,0.0,-436165.7142857143,779340.9142857143,779340.9142857143
20260804_024555,results/simulation_llama3.1_8b_Full_scnldf_sh1_ldf1_seed2_26agents_30rounds_20260804_024555.json,5,6,developed,SI,2550868.133333334,-6.0,2546362.133333334,16575910.333333332,16575910.333333332
20260804_024555,results/simulation_llama3.1_8b_Full_scnldf_sh1_ldf1_seed2_26agents_30rounds_20260804_024555.json,5,7,developed,SI,3921727.133333334,-14.0,3917213.133333334,14418848.333333332,14418848.333333332
20260804_024555,results/simulation_llama3.1_8b_Full_scnldf_sh1_ldf1_seed2_26agents_30rounds_20260804_024555.json,5,8,developing,SFI,267249.2857142857,0.0,264999.2857142857,1154184.9142857143,1154184.9142857143
20260804_024555,results/simulation_llama3.1_8b_Full_scnldf_sh1_ldf1_seed2_26agents_30rounds_20260804_024555.json,5,9,developing,SFI,781590.2857142857,0.0,779340.2857142857,1453666.9142857143,1453666.9142857143
20260804_024555,results/simulation_llama3.1_8b_Full_scnldf_sh1_ldf1_seed2_26agents_30rounds_20260804_024555.json,5,10,developing,SFI,356400.2857142857,0.0,354150.2857142857,779340.9142857143,779340.9142857143
20260804_024555,results/simulation_llama3.1_8b_Full_scnldf_sh1_ldf1_seed2_26agents_30rounds_20260804_024555.json,5,11,developing,SFI,630058.2857142857,0.0,627808.2857142857,1651722.9142857143,1651722.9142857143
20260804_024555,results/simulation_llama3.1_8b_Full_scnldf_sh1_ldf1_seed2_26agents_30rounds_20260804_024555.json,5,12,developing,SFI,531590.2857142857,0.0,529340.2857142857,954530.9142857143,954530.9142857143
20260804_024555,results/simulation_llama3.1_8b_Full_scnldf_sh1_ldf1_seed2_26agents_30rounds_20260804_024555.json,5,13,developing,SFI,567801.2857142857,0.0,565551.2857142857,990984.9142857142,990984.9142857142
20260804_024555,results/simulation_llama3.1_8b_Full_scnldf_sh1_ldf1_seed2_26agents_30rounds_20260804_024555.json,5,14,developed,SI,-1449131.8666666662,-12.0,-1453643.8666666662,7269189.333333333,7269189.333333333
20260804_024555,results/simulation_llama3.1_8b_Full_scnldf_sh1_ldf1_seed2_26agents_30rounds_20260804_024555.json,5,15,developing,SFI,781590.2857142857,0.0,779340.2857142857,1723726.9142857143,1723726.9142857143
20260804_024555,results/simulation_llama3.1_8b_Full_scnldf_sh1_ldf1_seed2_26agents_30rounds_20260804_024555.json,5,16,developing,SFI,-218409.71428571432,0.0,-220659.71428571432,1059966.9142857143,1059966.9142857143
20260804_024555,results/simulation_llama3.1_8b_Full_scnldf_sh1_ldf1_seed2_26agents_30rounds_20260804_024555.json,5,17,developing,SFI,497359.2857142857,0.0,495109.2857142857,1344025.9142857143,1344025.9142857143
20260804_024555,results/simulation_llama3.1_8b_Full_scnldf_sh1_ldf1_seed2_26agents_30rounds_20260804_024555.json,5,18,developed,SI,2048498.1333333338,215.0,2044213.1333333338,11048957.333333336,11048957.333333336
20260804_024555,results/simulation_llama3.1_8b_Full_scnldf_sh1_ldf1_seed2_26agents_30rounds_20260804_024555.json,5,19,developed,SI,6550868.133333334,-1581.0,6544787.133333334,13863695.333333332,13863695.333333332
20260804_024555,results/simulation_llama3.1_8b_Full_scnldf_sh1_ldf1_seed2_26agents_30rounds_20260804_024555.json,5,20,developed,SI,3550868.133333334,-12.0,3546356.133333334,18536463.333333332,18536463.333333332
20260804_024555,results/simulation_llama3.1_8b_Full_scnldf_sh1_ldf1_seed2_26agents_30rounds_20260804_024555.json,5,21,developed,SI,4550868.133333334,-13.0,4546355.133333334,13850037.333333332,13850037.333333332
20260804_024555,results/simulation_llama3.1_8b_Full_scnldf_sh1_ldf1_seed2_26agents_30rounds_20260804_024555.json,5,22,developed,SI,-3449131.866666666,-8.0,-3453484.866666666,11035073.333333332,11035073.333333332
20260804_024555,results/simulation_llama3.1_8b_Full_scnldf_sh1_ldf1_seed2_26agents_30rounds_20260804_024555.json,5,23,developing,SFI,581590.2857142857,0.0,579340.2857142857,1483930.9142857143,1483930.9142857143
20260804_024555,results/simulation_llama3.1_8b_Full_scnldf_sh1_ldf1_seed2_26agents_30rounds_20260804_024555.json,5,24,developed,SI,1550868.1333333338,309.0,1546677.1333333338,10865834.333333332,10865834.333333332
20260804_024555,results/simulation_llama3.1_8b_Full_scnldf_sh1_ldf1_seed2_26agents_30rounds_20260804_024555.json,5,25,developed,SI,6550868.133333334,-3072.0,6543296.133333334,12737383.333333334,12737383.333333334
20260804_024555,results/simulation_llama3.1_8b_Full_scnldf_sh1_ldf1_seed2_26agents_30rounds_20260804_024555.json,6,0,developed,SI,7653266.933333334,-6474.0,7646792.933333334,31966882.266666666,31966882.266666666
20260804_024555,results/simulation_llama3.1_8b_Full_scnldf_sh1_ldf1_seed2_26agents_30rounds_20260804_024555.json,6,1,developing,SFI,162426.51428571437,0.0,162426.51428571437,1524893.4285714286,1524893.4285714286
20260804_024555,results/simulation_llama3.1_8b_Full_scnldf_sh1_ldf1_seed2_26agents_30rounds_20260804_024555.json,6,2,developing,SFI,661926.5142857144,0.0,661926.5142857144,1803019.4285714286,1803019.4285714286
20260804_024555,results/simulation_llama3.1_8b_Full_scnldf_sh1_ldf1_seed2_26agents_30rounds_20260804_024555.json,6,3,developing,SFI,273612.51428571437,0.0,273612.51428571437,1052953.4285714286,1052953.4285714286
20260804_024555,results/simulation_llama3.1_8b_Full_scnldf_sh1_ldf1_seed2_26agents_30rounds_20260804_024555.json,6,4,developed,SI,1653266.9333333336,1690.0,1655337.9333333336,12099744.266666666,12099744.266666666
20260804_024555,results/simulation_llama3.1_8b_Full_scnldf_sh1_ldf1_seed2_26agents_30rounds_20260804_024555.json,6,5,developing,SFI,162426.51428571437,0.0,162426.51428571437,941767.4285714286,941767.4285714286
20260804_024555,results/simulation_llama3.1_8b_Full_scnldf_sh1_ldf1_seed2_26agents_30rounds_20260804_024555.json,6,6,developed,SI,3550401.9333333336,143.0,3550544.9333333336,20126455.266666666,20126455.266666666
20260804_024555,results/simulation_llama3.1_8b_Full_scnldf_sh1_ldf1_seed2_26agents_30rounds_20260804_024555.json,6,7,developed,SI,653266.9333333336,-389.0,653258.9333333336,15072107.266666666,15072107.266666666
20260804_024555,results/simulation_llama3.1_8b_Full_scnldf_sh1_ldf1_seed2_26agents_30rounds_20260804_024555.json,6,8,developing,SFI,148085.51428571437,0.0,148085.51428571437,1302270.4285714286,1302270.4285714286
20260804_024555,results/simulation_llama3.1_8b_Full_scnldf_sh1_ldf1_seed2_26agents_30rounds_20260804_024555.json,6,9,developing,SFI,562426.5142857144,0.0,562426.5142857144,2016093.4285714286,2016093.4285714286
20260804_024555,results/simulation_llama3.1_8b_Full_scnldf_sh1_ldf1_seed2_26agents_30rounds_20260804_024555.json,6,10,developing,SFI,169063.51428571437,0.0,169063.51428571437,948404.4285714286,948404.4285714286
20260804_024555,results/simulation_llama3.1_8b_Full_scnldf_sh1_ldf1_seed2_26agents_30rounds_20260804_024555.json,6,11,developing,SFI,148012.51428571437,0.0,148012.51428571437,1799735.4285714286,1799735.4285714286
20260804_024555,results/simulation_llama3.1_8b_Full_scnldf_sh1_ldf1_seed2_26agents_30rounds_20260804_024555.json,6,12,developing,SFI,155587.51428571437,0.0,155587.51428571437,1110118.4285714286,1110118.4285714286
20260804_024555,results/simulation_llama3.1_8b_Full_scnldf_sh1_ldf1_seed2_26agents_30rounds_20260804_024555.json,6,13,developing,SFI,448637.51428571437,0.0,448637.51428571437,1439622.4285714286,1439622.4285714286
20260804_024555,results/simulation_llama3.1_8b_Full_scnldf_sh1_ldf1_seed2_26agents_30rounds_20260804_024555.json,6,14,developed,SI,3653266.9333333336,-3600.0,3649666.9333333336,10918856.266666666,10918856.266666666
20260804_024555,results/simulation_llama3.1_8b_Full_scnldf_sh1_ldf1_seed2_26agents_30rounds_20260804_024555.json,6,15,developing,SFI,162426.51428571437,0.0,162426.51428571437,1886153.4285714286,1886153.4285714286
20260804_024555,results/simulation_llama3.1_8b_Full_scnldf_sh1_ldf1_seed2_26agents_30rounds_20260804_024555.json,6,16,developing,SFI,-397539.48571428563,0.0,-397539.48571428563,662427.4285714286,662427.4285714286
20260804_024555,results/simulation_llama3.1_8b_Full_scnldf_sh1_ldf1_seed2_26agents_30rounds_20260804_024555.json,6,17,developing,SFI,158220.51428571437,0.0,158220.51428571437,1502246.4285714286,1502246.4285714286
20260804_024555,results/simulation_llama3.1_8b_Full_scnldf_sh1_ldf1_seed2_26agents_30rounds_20260804_024555.json,6,18,developed,SI,2653266.9333333336,1382.0,2655029.9333333336,13703987.26666667,13703987.26666667
20260804_024555,results/simulation_llama3.1_8b_Full_scnldf_sh1_ldf1_seed2_26agents_30rounds_20260804_024555.json,6,19,developed,SI,7653266.933333334,-12492.0,7640774.933333334,21504470.266666666,21504470.266666666
20260804_024555,results/simulation_llama3.1_8b_Full_scnldf_sh1_ldf1_seed2_26agents_30rounds_20260804_024555.json,6,20,developed,SI,4653266.933333334,-4500.0,4648766.933333334,23185230.266666666,23185230.266666666
20260804_024555,results/simulation_llama3.1_8b_Full_scnldf_sh1_ldf1_seed2_26agents_30rounds_20260804_024555.json,6,21,developed,SI,3368584.9333333336,-20.0,3368564.9333333336,17218602.266666666,17218602.266666666
20260804_024555,results/simulation_llama3.1_8b_Full_scnldf_sh1_ldf1_seed2_26agents_30rounds_20260804_024555.json,6,22,developed,SI,-2346733.0666666664,-2000.0,-2348352.0666666664,8686721.266666666,8686721.266666666
20260804_024555,results/simulation_llama3.1_8b_Full_scnldf_sh1_ldf1_seed2_26agents_30rounds_20260804_024555.json,6,23,developing,SFI,662426.5142857144,0.0,662426.5142857144,2146357.4285714286,2146357.4285714286
20260804_024555,results/simulation_llama3.1_8b_Full_scnldf_sh1_ldf1_seed2_26agents_30rounds_20260804_024555.json,6,24,developed,SI,3641311.9333333336,-1997.0,3639314.9333333336,14505149.266666666,14505149.266666666
20260804_024555,results/simulation_llama3.1_8b_Full_scnldf_sh1_ldf1_seed2_26agents_30rounds_20260804_024555.json,6,25,developed,SI,-2346733.0666666664,-9907.0,-2356259.0666666664,10381124.266666668,10381124.266666668
20260804_024555,results/simulation_llama3.1_8b_Full_scnldf_sh1_ldf1_seed2_26agents_30rounds_20260804_024555.json,7,0,developed,SI,-19653814.53333333,-32500.0,-19685605.53333333,12281276.733333334,12281276.733333334
20260804_024555,results/simulation_llama3.1_8b_Full_scnldf_sh1_ldf1_seed2_26agents_30rounds_20260804_024555.json,7,1,developing,SFI,172602.85714285716,0.0,172602.85714285716,1697496.285714286,1697496.285714286
20260804_024555,results/simulation_llama3.1_8b_Full_scnldf_sh1_ldf1_seed2_26agents_30rounds_20260804_024555.json,7,2,developing,SFI,-327397.14285714284,0.0,-327397.14285714284,1475622.285714286,1475622.285714286
20260804_024555,results/simulation_llama3.1_8b_Full_scnldf_sh1_ldf1_seed2_26agents_30rounds_20260804_024555.json,7,3,developing,SFI,172602.85714285716,0.0,172602.85714285716,1225556.285714286,1225556.285714286
20260804_024555,results/simulation_llama3.1_8b_Full_scnldf_sh1_ldf1_seed2_26agents_30rounds_20260804_024555.json,7,4,developed,SI,2313067.466666667,11494.0,2325270.466666667,14425014.733333332,14425014.733333332
20260804_024555,results/simulation_llama3.1_8b_Full_scnldf_sh1_ldf1_seed2_26agents_30rounds_20260804_024555.json,7,5,developing,SFI,265200.85714285716,0.0,265200.85714285716,1206968.285714286,1206968.285714286
20260804_024555,results/simulation_llama3.1_8b_Full_scnldf_sh1_ldf1_seed2_26agents_30rounds_20260804_024555.json,7,6,developed,SI,12313067.466666667,-6954.0,12306113.466666667,32432568.733333334,32432568.733333334
20260804_024555,results/simulation_llama3.1_8b_Full_scnldf_sh1_ldf1_seed2_26agents_30rounds_20260804_024555.json,7,7,developed,SI,5313067.466666667,4482.0,5317549.466666667,20389656.733333334,20389656.733333334
20260804_024555,results/simulation_llama3.1_8b_Full_scnldf_sh1_ldf1_seed2_26agents_30rounds_20260804_024555.json,7,8,developing,SFI,672602.8571428572,0.0,672602.8571428572,1974873.285714286,1974873.285714286
20260804_024555,results/simulation_llama3.1_8b_Full_scnldf_sh1_ldf1_seed2_26agents_30rounds_20260804_024555.json,7,9,developing,SFI,472602.85714285716,0.0,472602.85714285716,2488696.285714286,2488696.285714286
20260804_024555,results/simulation_llama3.1_8b_Full_scnldf_sh1_ldf1_seed2_26agents_30rounds_20260804_024555.json,7,10,developing,SFI,551389.8571428572,0.0,551389.8571428572,1499794.285714286,1499794.285714286
20260804_024555,results/simulation_llama3.1_8b_Full_scnldf_sh1_ldf1_seed2_26agents_30rounds_20260804_024555.json,7,11,developing,SFI,158188.85714285716,0.0,158188.85714285716,1957924.285714286,1957924.285714286
20260804_024555,results/simulation_llama3.1_8b_Full_scnldf_sh1_ldf1_seed2_26agents_30rounds_20260804_024555.json,7,12,developing,SFI,-44233.14285714284,0.0,-44233.14285714284,1065885.285714286,1065885.285714286
20260804_024555,results/simulation_llama3.1_8b_Full_scnldf_sh1_ldf1_seed2_26agents_30rounds_20260804_024555.json,7,13,developing,SFI,172602.85714285716,0.0,172602.85714285716,1612225.285714286,1612225.285714286
20260804_024555,results/simulation_llama3.1_8b_Full_scnldf_sh1_ldf1_seed2_26agents_30rounds_20260804_024555.json,7,14,developed,SI,9313067.466666667,-3503.0,9309564.466666667,20228420.733333334,20228420.733333334
20260804_024555,results/simulation_llama3.1_8b_Full_scnldf_sh1_ldf1_seed2_26agents_30rounds_20260804_024555.json,7,15,developing,SFI,672602.8571428572,0.0,672602.8571428572,2558756.285714286,2558756.285714286
20260804_024555,results/simulation_llama3.1_8b_Full_scnldf_sh1_ldf1_seed2_26agents_30rounds_20260804_024555.json,7,16,developing,SFI,272602.85714285716,0.0,272602.85714285716,935030.2857142858,935030.2857142858
20260804_024555,results/simulation_llama3.1_8b_Full_scnldf_sh1_ldf1_seed2_26agents_30rounds_20260804_024555.json,7,17,developing,SFI,647192.8571428572,0.0,647192.8571428572,2149439.285714286,2149439.285714286
20260804_024555,results/simulation_llama3.1_8b_Full_scnldf_sh1_ldf1_seed2_26agents_30rounds_20260804_024555.json,7,18,developed,SI,12313067.466666667,-7977.0,12305090.466666667,26009077.733333334,26009077.733333334
20260804_024555,results/simulation_llama3.1_8b_Full_scnldf_sh1_ldf1_seed2_26agents_30rounds_20260804_024555.json,7,19,developed,SI,12313067.466666667,-42036.0,12271031.466666667,33775501.733333334,33775501.733333334
20260804_024555,results/simulation_llama3.1_8b_Full_scnldf_sh1_ldf1_seed2_26agents_30rounds_20260804_024555.json,7,20,developed,SI,8313067.466666667,-2998.0,8310069.466666667,31495299.733333334,31495299.733333334
20260804_024555,results/simulation_llama3.1_8b_Full_scnldf_sh1_ldf1_seed2_26agents_30rounds_20260804_024555.json,7,21,developed,SI,2313067.466666667,2792.0,2316568.466666667,19535170.733333334,19535170.733333334
20260804_024555,results/simulation_llama3.1_8b_Full_scnldf_sh1_ldf1_seed2_26agents_30rounds_20260804_024555.json,7,22,developed,SI,6313067.466666667,8717.0,6321784.466666667,15008505.733333332,15008505.733333332
20260804_024555,results/simulation_llama3.1_8b_Full_scnldf_sh1_ldf1_seed2_26agents_30rounds_20260804_024555.json,7,23,developing,SFI,-327397.14285714284,0.0,-327397.14285714284,1818960.285714286,1818960.285714286
20260804_024555,results/simulation_llama3.1_8b_Full_scnldf_sh1_ldf1_seed2_26agents_30rounds_20260804_024555.json,7,24,developed,SI,2313067.466666667,-49.0,2313727.466666667,16818876.733333334,16818876.733333334
20260804_024555,results/simulation_llama3.1_8b_Full_scnldf_sh1_ldf1_seed2_26agents_30rounds_20260804_024555.json,7,25,developed,SI,1931943.4666666668,-2400.0,1930252.4666666668,12311376.733333334,12311376.733333334
20260804_024555,results/simulation_llama3.1_8b_Full_scnldf_sh1_ldf1_seed2_26agents_30rounds_20260804_024555.json,8,0,developed,SI,8811733.333333332,138.0,8837650.333333332,21118927.066666666,21118927.066666666
20260804_024555,results/simulation_llama3.1_8b_Full_scnldf_sh1_ldf1_seed2_26agents_30rounds_20260804_024555.json,8,1,developing,SFI,-29789.59999999986,0.0,-29789.59999999986,1667706.685714286,1667706.685714286
20260804_024555,results/simulation_llama3.1_8b_Full_scnldf_sh1_ldf1_seed2_26agents_30rounds_20260804_024555.json,8,2,developing,SFI,670210.4000000001,0.0,670210.4000000001,2145832.685714286,2145832.685714286
20260804_024555,results/simulation_llama3.1_8b_Full_scnldf_sh1_ldf1_seed2_26agents_30rounds_20260804_024555.json,8,3,developing,SFI,-29789.59999999986,0.0,-29789.59999999986,1195766.685714286,1195766.685714286
20260804_024555,results/simulation_llama3.1_8b_Full_scnldf_sh1_ldf1_seed2_26agents_30rounds_20260804_024555.json,8,4,developed,SI,11093009.333333332,-38958.0,11054051.333333332,25479066.066666663,25479066.066666663
20260804_024555,results/simulation_llama3.1_8b_Full_scnldf_sh1_ldf1_seed2_26agents_30rounds_20260804_024555.json,8,5,developing,SFI,-29789.59999999986,0.0,-29789.59999999986,1177178.685714286,1177178.685714286
20260804_024555,results/simulation_llama3.1_8b_Full_scnldf_sh1_ldf1_seed2_26agents_30rounds_20260804_024555.json,8,6,developed,SI,-8906990.666666668,-300012.0,-9181223.666666668,23251345.066666666,23251345.066666666
20260804_024555,results/simulation_llama3.1_8b_Full_scnldf_sh1_ldf1_seed2_26agents_30rounds_20260804_024555.json,8,7,developed,SI,1093009.333333332,668.0,1119456.333333332,21509113.066666666,21509113.066666666
20260804_024555,results/simulation_llama3.1_8b_Full_scnldf_sh1_ldf1_seed2_26agents_30rounds_20260804_024555.json,8,8,developing,SFI,455869.40000000014,0.0,455869.40000000014,2430742.685714286,2430742.685714286
20260804_024555,results/simulation_llama3.1_8b_Full_scnldf_sh1_ldf1_seed2_26agents_30rounds_20260804_024555.json,8,9,developing,SFI,470210.40000000014,0.0,470210.40000000014,2958906.685714286,2958906.685714286
20260804_024555,results/simulation_llama3.1_8b_Full_scnldf_sh1_ldf1_seed2_26agents_30rounds_20260804_024555.json,8,10,developing,SFI,245210.40000000014,0.0,245210.40000000014,1745004.685714286,1745004.685714286
20260804_024555,results/simulation_llama3.1_8b_Full_scnldf_sh1_ldf1_seed2_26agents_30rounds_20260804_024555.json,8,11,developing,SFI,-29789.59999999986,0.0,-29789.59999999986,1928134.685714286,1928134.685714286
20260804_024555,results/simulation_llama3.1_8b_Full_scnldf_sh1_ldf1_seed2_26agents_30rounds_20260804_024555.json,8,12,developing,SFI,970210.4000000001,0.0,970210.4000000001,2036095.685714286,2036095.685714286
20260804_024555,results/simulation_llama3.1_8b_Full_scnldf_sh1_ldf1_seed2_26agents_30rounds_20260804_024555.json,8,13,developing,SFI,-29789.59999999986,0.0,-29789.59999999986,1582435.685714286,1582435.685714286
20260804_024555,results/simulation_llama3.1_8b_Full_scnldf_sh1_ldf1_seed2_26agents_30rounds_20260804_024555.json,8,14,developed,SI,17093009.333333332,-1552475.0,15540534.333333332,35768955.06666666,35768955.06666666
20260804_024555,results/simulation_llama3.1_8b_Full_scnldf_sh1_ldf1_seed2_26agents_30rounds_20260804_024555.json,8,15,developing,SFI,-29789.59999999986,0.0,-29789.59999999986,2528966.685714286,2528966.685714286
20260804_024555,results/simulation_llama3.1_8b_Full_scnldf_sh1_ldf1_seed2_26agents_30rounds_20260804_024555.json,8,16,developing,SFI,970210.4000000001,0.0,970210.4000000001,1905240.6857142858,1905240.6857142858
20260804_024555,results/simulation_llama3.1_8b_Full_scnldf_sh1_ldf1_seed2_26agents_30rounds_20260804_024555.json,8,17,developing,SFI,520210.40000000014,0.0,520210.40000000014,2669649.685714286,2669649.685714286
20260804_024555,results/simulation_llama3.1_8b_Full_scnldf_sh1_ldf1_seed2_26agents_30rounds_20260804_024555.json,8,18,developed,SI,10711885.333333332,-1100009.0,9611876.333333332,35620954.06666666,35620954.06666666
20260804_024555,results/simulation_llama3.1_8b_Full_scnldf_sh1_ldf1_seed2_26agents_30rounds_20260804_024555.json,8,19,developed,SI,21093009.333333332,-47516.0,21045493.333333332,54820995.06666666,54820995.06666666
20260804_024555,results/simulation_llama3.1_8b_Full_scnldf_sh1_ldf1_seed2_26agents_30rounds_20260804_024555.json,8,20,developed,SI,1093009.333333332,-10.0,1118778.333333332,32614078.066666666,32614078.066666666
20260804_024555,results/simulation_llama3.1_8b_Full_scnldf_sh1_ldf1_seed2_26agents_30rounds_20260804_024555.json,8,21,developed,SI,1557839.333333332,300740.0,1884358.333333332,21419529.066666666,21419529.066666666
20260804_024555,results/simulation_llama3.1_8b_Full_scnldf_sh1_ldf1_seed2_26agents_30rounds_20260804_024555.json,8,22,developed,SI,11093009.333333332,-1189.0,11091820.333333332,26100326.066666663,26100326.066666663
20260804_024555,results/simulation_llama3.1_8b_Full_scnldf_sh1_ldf1_seed2_26agents_30rounds_20260804_024555.json,8,23,developing,SFI,970210.4000000001,0.0,970210.4000000001,2789170.685714286,2789170.685714286
20260804_024555,results/simulation_llama3.1_8b_Full_scnldf_sh1_ldf1_seed2_26agents_30rounds_20260804_024555.json,8,24,developed,SI,9093009.333333332,-42778.0,9050231.333333332,25869108.066666666,25869108.066666666
20260804_024555,results/simulation_llama3.1_8b_Full_scnldf_sh1_ldf1_seed2_26agents_30rounds_20260804_024555.json,8,25,developed,SI,11093009.333333332,203449.0,11296458.333333332,23607835.066666666,23607835.066666666
20260804_024555,results/simulation_llama3.1_8b_Full_scnldf_sh1_ldf1_seed2_26agents_30rounds_20260804_024555.json,9,0,developed,SI,13632606.400000002,-3912.0,13628694.400000002,34747621.46666667,34747621.46666667
20260804_024555,results/simulation_llama3.1_8b_Full_scnldf_sh1_ldf1_seed2_26agents_30rounds_20260804_024555.json,9,1,developing,SFI,-162809.25714285707,0.0,-162809.25714285707,1504897.428571429,1504897.428571429
20260804_024555,results/simulation_llama3.1_8b_Full_scnldf_sh1_ldf1_seed2_26agents_30rounds_20260804_024555.json,9,2,developing,SFI,729899.7428571429,0.0,729899.7428571429,2875732.4285714286,2875732.4285714286
20260804_024555,results/simulation_llama3.1_8b_Full_scnldf_sh1_ldf1_seed2_26agents_30rounds_20260804_024555.json,9,3,developing,SFI,448376.74285714293,0.0,448376.74285714293,1644143.428571429,1644143.428571429
20260804_024555,results/simulation_llama3.1_8b_Full_scnldf_sh1_ldf1_seed2_26agents_30rounds_20260804_024555.json,9,4,developed,SI,4192152.4000000022,1212.0,4193657.4000000022,29672723.466666665,29672723.466666665
20260804_024555,results/simulation_llama3.1_8b_Full_scnldf_sh1_ldf1_seed2_26agents_30rounds_20260804_024555.json,9,5,developing,SFI,337190.74285714293,0.0,337190.74285714293,1514369.428571429,1514369.428571429
20260804_024555,results/simulation_llama3.1_8b_Full_scnldf_sh1_ldf1_seed2_26agents_30rounds_20260804_024555.json,9,6,developed,SI,12192152.400000002,-617.0,12191535.400000002,35442880.46666667,35442880.46666667
20260804_024555,results/simulation_llama3.1_8b_Full_scnldf_sh1_ldf1_seed2_26agents_30rounds_20260804_024555.json,9,7,developed,SI,3192152.4000000022,1499.0,3193944.4000000022,24703057.46666667,24703057.46666667
20260804_024555,results/simulation_llama3.1_8b_Full_scnldf_sh1_ldf1_seed2_26agents_30rounds_20260804_024555.json,9,8,developing,SFI,715653.7428571429,0.0,715653.7428571429,3146396.4285714286,3146396.4285714286
20260804_024555,results/simulation_llama3.1_8b_Full_scnldf_sh1_ldf1_seed2_26agents_30rounds_20260804_024555.json,9,9,developing,SFI,637190.7428571429,0.0,637190.7428571429,3596097.4285714286,3596097.4285714286
20260804_024555,results/simulation_llama3.1_8b_Full_scnldf_sh1_ldf1_seed2_26agents_30rounds_20260804_024555.json,9,10,developing,SFI,343827.74285714293,0.0,343827.74285714293,2088832.428571429,2088832.428571429
20260804_024555,results/simulation_llama3.1_8b_Full_scnldf_sh1_ldf1_seed2_26agents_30rounds_20260804_024555.json,9,11,developing,SFI,322776.74285714293,0.0,322776.74285714293,2250911.428571429,2250911.428571429
20260804_024555,results/simulation_llama3.1_8b_Full_scnldf_sh1_ldf1_seed2_26agents_30rounds_20260804_024555.json,9,12,developing,SFI,-162809.25714285707,0.0,-162809.25714285707,1873286.428571429,1873286.428571429
20260804_024555,results/simulation_llama3.1_8b_Full_scnldf_sh1_ldf1_seed2_26agents_30rounds_20260804_024555.json,9,13,developing,SFI,337190.74285714293,0.0,337190.74285714293,1919626.428571429,1919626.428571429
20260804_024555,results/simulation_llama3.1_8b_Full_scnldf_sh1_ldf1_seed2_26agents_30rounds_20260804_024555.json,9,14,developed,SI,9192152.400000002,-11.0,9192141.400000002,44961096.46666667,44961096.46666667
20260804_024555,results/simulation_llama3.1_8b_Full_scnldf_sh1_ldf1_seed2_26agents_30rounds_20260804_024555.json,9,15,developing,SFI,837190.7428571429,0.0,837190.7428571429,3366157.4285714286,3366157.4285714286
20260804_024555,results/simulation_llama3.1_8b_Full_scnldf_sh1_ldf1_seed2_26agents_30rounds_20260804_024555.json,9,16,developing,SFI,-162809.25714285707,0.0,-162809.25714285707,1742431.4285714286,1742431.4285714286
20260804_024555,results/simulation_llama3.1_8b_Full_scnldf_sh1_ldf1_seed2_26agents_30rounds_20260804_024555.json,9,17,developing,SFI,337190.74285714293,0.0,337190.74285714293,3006840.4285714286,3006840.4285714286
20260804_024555,results/simulation_llama3.1_8b_Full_scnldf_sh1_ldf1_seed2_26agents_30rounds_20260804_024555.json,9,18,developed,SI,14192152.400000002,-6518.0,14185634.400000002,49806588.46666667,49806588.46666667
20260804_024555,results/simulation_llama3.1_8b_Full_scnldf_sh1_ldf1_seed2_26agents_30rounds_20260804_024555.json,9,19,developed,SI,9810555.400000002,-6023.0,9804532.400000002,64625527.46666667,64625527.46666667
20260804_024555,results/simulation_llama3.1_8b_Full_scnldf_sh1_ldf1_seed2_26agents_30rounds_20260804_024555.json,9,20,developed,SI,-807847.5999999978,7.0,-807547.5999999978,31806530.46666667,31806530.46666667
20260804_024555,results/simulation_llama3.1_8b_Full_scnldf_sh1_ldf1_seed2_26agents_30rounds_20260804_024555.json,9,21,developed,SI,24192152.400000002,-10851.0,24181301.400000002,45600830.46666667,45600830.46666667
20260804_024555,results/simulation_llama3.1_8b_Full_scnldf_sh1_ldf1_seed2_26agents_30rounds_20260804_024555.json,9,22,developed,SI,10692152.400000002,-909.0,10691243.400000002,36791569.46666667,36791569.46666667
20260804_024555,results/simulation_llama3.1_8b_Full_scnldf_sh1_ldf1_seed2_26agents_30rounds_20260804_024555.json,9,23,developing,SFI,-162809.25714285707,0.0,-162809.25714285707,2626361.4285714286,2626361.4285714286
20260804_024555,results/simulation_llama3.1_8b_Full_scnldf_sh1_ldf1_seed2_26agents_30rounds_20260804_024555.json,9,24,developed,SI,4192152.4000000022,-1597.0,4190848.4000000022,30059956.46666667,30059956.46666667
20260804_024555,results/simulation_llama3.1_8b_Full_scnldf_sh1_ldf1_seed2_26agents_30rounds_20260804_024555.json,9,25,developed,SI,4192152.4000000022,-1600.0,4190845.4000000022,27798680.46666667,27798680.46666667
20260804_024555,results/simulation_llama3.1_8b_Full_scnldf_sh1_ldf1_seed2_26agents_30rounds_20260804_024555.json,10,0,developed,SI,13978074.400000002,-2477.0,13966597.400000002,48714218.866666675,48714218.866666675
20260804_024555,results/simulation_llama3.1_8b_Full_scnldf_sh1_ldf1_seed2_26agents_30rounds_20260804_024555.json,10,1,developing,SFI,116204.0,0.0,111704.0,1616601.428571429,1616601.428571429
20260804_024555,results/simulation_llama3.1_8b_Full_scnldf_sh1_ldf1_seed2_26agents_30rounds_20260804_024555.json,10,2,developing,SFI,472418.0,0.0,467918.0,3343650.4285714286,3343650.4285714286
20260804_024555,results/simulation_llama3.1_8b_Full_scnldf_sh1_ldf1_seed2_26agents_30rounds_20260804_024555.json,10,3,developing,SFI,82619.0,0.0,78119.0,1722262.428571429,1722262.428571429
20260804_024555,results/simulation_llama3.1_8b_Full_scnldf_sh1_ldf1_seed2_26agents_30rounds_20260804_024555.json,10,4,developed,SI,12478074.400000002,-420.0,12468654.400000002,42141377.86666667,42141377.86666667
20260804_024555,results/simulation_llama3.1_8b_Full_scnldf_sh1_ldf1_seed2_26agents_30rounds_20260804_024555.json,10,5,developing,SFI,616204.0,0.0,611704.0,2126073.428571429,2126073.428571429
20260804_024555,results/simulation_llama3.1_8b_Full_scnldf_sh1_ldf1_seed2_26agents_30rounds_20260804_024555.json,10,6,developed,SI,6478074.400000002,-50.0,6469126.400000002,41912006.866666675,41912006.866666675
20260804_024555,results/simulation_llama3.1_8b_Full_scnldf_sh1_ldf1_seed2_26agents_30rounds_20260804_024555.json,10,7,developed,SI,6478074.400000002,-8.0,6469168.400000002,31172225.86666667,31172225.86666667
20260804_024555,results/simulation_llama3.1_8b_Full_scnldf_sh1_ldf1_seed2_26agents_30rounds_20260804_024555.json,10,8,developing,SFI,616204.0,0.0,611704.0,3758100.4285714286,3758100.4285714286
20260804_024555,results/simulation_llama3.1_8b_Full_scnldf_sh1_ldf1_seed2_26agents_30rounds_20260804_024555.json,10,9,developing,SFI,616204.0,0.0,611704.0,4207801.428571429,4207801.428571429
20260804_024555,results/simulation_llama3.1_8b_Full_scnldf_sh1_ldf1_seed2_26agents_30rounds_20260804_024555.json,10,10,developing,SFI,-383796.0,0.0,-388296.0,1700536.428571429,1700536.428571429
20260804_024555,results/simulation_llama3.1_8b_Full_scnldf_sh1_ldf1_seed2_26agents_30rounds_20260804_024555.json,10,11,developing,SFI,101790.0,0.0,97290.0,2348201.428571429,2348201.428571429
20260804_024555,results/simulation_llama3.1_8b_Full_scnldf_sh1_ldf1_seed2_26agents_30rounds_20260804_024555.json,10,12,developing,SFI,-383796.0,0.0,-388296.0,1484990.428571429,1484990.428571429
20260804_024555,results/simulation_llama3.1_8b_Full_scnldf_sh1_ldf1_seed2_26agents_30rounds_20260804_024555.json,10,13,developing,SFI,116204.0,0.0,111704.0,2031330.428571429,2031330.428571429
20260804_024555,results/simulation_llama3.1_8b_Full_scnldf_sh1_ldf1_seed2_26agents_30rounds_20260804_024555.json,10,14,developed,SI,12478074.400000002,-8.0,12469066.400000002,57430162.866666675,57430162.866666675
20260804_024555,results/simulation_llama3.1_8b_Full_scnldf_sh1_ldf1_seed2_26agents_30rounds_20260804_024555.json,10,15,developing,SFI,616204.0,0.0,611704.0,3977861.4285714286,3977861.4285714286
20260804_024555,results/simulation_llama3.1_8b_Full_scnldf_sh1_ldf1_seed2_26agents_30rounds_20260804_024555.json,10,16,developing,SFI,616204.0,0.0,611704.0,2354135.4285714286,2354135.4285714286
20260804_024555,results/simulation_llama3.1_8b_Full_scnldf_sh1_ldf1_seed2_26agents_30rounds_20260804_024555.json,10,17,developing,SFI,416204.0,0.0,411704.0,3418544.4285714286,3418544.4285714286
20260804_024555,results/simulation_llama3.1_8b_Full_scnldf_sh1_ldf1_seed2_26agents_30rounds_20260804_024555.json,10,18,developed,SI,11892516.400000002,-7.0,11883509.400000002,61690097.866666675,61690097.866666675
20260804_024555,results/simulation_llama3.1_8b_Full_scnldf_sh1_ldf1_seed2_26agents_30rounds_20260804_024555.json,10,19,developed,SI,7478074.400000002,-1653.0,7467523.400000002,72093050.86666667,72093050.86666667
20260804_024555,results/simulation_llama3.1_8b_Full_scnldf_sh1_ldf1_seed2_26agents_30rounds_20260804_024555.json,10,20,developed,SI,2478074.4000000022,388.0,2469564.4000000022,34276094.866666675,34276094.866666675
20260804_024555,results/simulation_llama3.1_8b_Full_scnldf_sh1_ldf1_seed2_26agents_30rounds_20260804_024555.json,10,21,developed,SI,17478074.400000002,-4590.0,17464484.400000002,63065314.866666675,63065314.866666675
20260804_024555,results/simulation_llama3.1_8b_Full_scnldf_sh1_ldf1_seed2_26agents_30rounds_20260804_024555.json,10,22,developed,SI,12478074.400000002,291.0,12469365.400000002,49260934.866666675,49260934.866666675
20260804_024555,results/simulation_llama3.1_8b_Full_scnldf_sh1_ldf1_seed2_26agents_30rounds_20260804_024555.json,10,23,developing,SFI,-383796.0,0.0,-388296.0,2238065.4285714286,2238065.4285714286
20260804_024555,results/simulation_llama3.1_8b_Full_scnldf_sh1_ldf1_seed2_26agents_30rounds_20260804_024555.json,10,24,developed,SI,12478074.400000002,-9.0,12469065.400000002,42529021.866666675,42529021.866666675
20260804_024555,results/simulation_llama3.1_8b_Full_scnldf_sh1_ldf1_seed2_26agents_30rounds_20260804_024555.json,10,25,developed,SI,7478074.400000002,-1661.0,7467515.400000002,35266195.866666675,35266195.866666675
20260804_024555,results/simulation_llama3.1_8b_Full_scnldf_sh1_ldf1_seed2_26agents_30rounds_20260804_024555.json,11,0,developed,SI,-19189382.0,38.0,-19188992.0,29525226.866666675,29525226.866666675
20260804_024555,results/simulation_llama3.1_8b_Full_scnldf_sh1_ldf1_seed2_26agents_30rounds_20260804_024555.json,11,1,developing,SFI,360695.0857142857,0.0,360695.0857142857,1977296.5142857148,1977296.5142857148
20260804_024555,results/simulation_llama3.1_8b_Full_scnldf_sh1_ldf1_seed2_26agents_30rounds_20260804_024555.json,11,2,developing,SFI,1216909.0857142857,0.0,1216909.0857142857,4560559.514285714,4560559.514285714
20260804_024555,results/simulation_llama3.1_8b_Full_scnldf_sh1_ldf1_seed2_26agents_30rounds_20260804_024555.json,11,3,developing,SFI,360695.0857142857,0.0,360695.0857142857,2082957.5142857148,2082957.5142857148
20260804_024555,results/simulation_llama3.1_8b_Full_scnldf_sh1_ldf1_seed2_26agents_30rounds_20260804_024555.json,11,4,developed,SI,14524836.0,-689.0,14524147.0,56665524.86666667,56665524.86666667
20260804_024555,results/simulation_llama3.1_8b_Full_scnldf_sh1_ldf1_seed2_26agents_30rounds_20260804_024555.json,11,5,developing,SFI,1360695.0857142857,0.0,1360695.0857142857,3486768.514285715,3486768.514285715
20260804_024555,results/simulation_llama3.1_8b_Full_scnldf_sh1_ldf1_seed2_26agents_30rounds_20260804_024555.json,11,6,developed,SI,12698877.0,304.0,12699181.0,54611187.866666675,54611187.866666675
20260804_024555,results/simulation_llama3.1_8b_Full_scnldf_sh1_ldf1_seed2_26agents_30rounds_20260804_024555.json,11,7,developed,SI,8524836.0,-2347.0,8522841.0,39695066.866666675,39695066.866666675
20260804_024555,results/simulation_llama3.1_8b_Full_scnldf_sh1_ldf1_seed2_26agents_30rounds_20260804_024555.json,11,8,developing,SFI,1239158.0857142857,0.0,1239158.0857142857,4997258.514285714,4997258.514285714
20260804_024555,results/simulation_llama3.1_8b_Full_scnldf_sh1_ldf1_seed2_26agents_30rounds_20260804_024555.json,11,9,developing,SFI,-2847105.9142857143,0.0,-2847105.9142857143,1360695.5142857148,1360695.5142857148
20260804_024555,results/simulation_llama3.1_8b_Full_scnldf_sh1_ldf1_seed2_26agents_30rounds_20260804_024555.json,11,10,developing,SFI,360695.0857142857,0.0,360695.0857142857,2061231.5142857148,2061231.5142857148
20260804_024555,results/simulation_llama3.1_8b_Full_scnldf_sh1_ldf1_seed2_26agents_30rounds_20260804_024555.json,11,11,developing,SFI,846281.0857142857,0.0,846281.0857142857,3194482.514285715,3194482.514285715
20260804_024555,results/simulation_llama3.1_8b_Full_scnldf_sh1_ldf1_seed2_26agents_30rounds_20260804_024555.json,11,12,developing,SFI,1360695.0857142857,0.0,1360695.0857142857,2845685.514285715,2845685.514285715
20260804_024555,results/simulation_llama3.1_8b_Full_scnldf_sh1_ldf1_seed2_26agents_30rounds_20260804_024555.json,11,13,developing,SFI,860695.0857142857,0.0,860695.0857142857,2892025.514285715,2892025.514285715
20260804_024555,results/simulation_llama3.1_8b_Full_scnldf_sh1_ldf1_seed2_26agents_30rounds_20260804_024555.json,11,14,developed,SI,12153422.0,-6.0,12153768.0,69583930.86666667,69583930.86666667
20260804_024555,results/simulation_llama3.1_8b_Full_scnldf_sh1_ldf1_seed2_26agents_30rounds_20260804_024555.json,11,15,developing,SFI,1360695.0857142857,0.0,1360695.0857142857,5338556.514285714,5338556.514285714
20260804_024555,results/simulation_llama3.1_8b_Full_scnldf_sh1_ldf1_seed2_26agents_30rounds_20260804_024555.json,11,16,developing,SFI,1360695.0857142857,0.0,1360695.0857142857,3714830.5142857144,3714830.5142857144
20260804_024555,results/simulation_llama3.1_8b_Full_scnldf_sh1_ldf1_seed2_26agents_30rounds_20260804_024555.json,11,17,developing,SFI,-2057848.9142857143,0.0,-2057848.9142857143,1360695.5142857144,1360695.5142857144
20260804_024555,results/simulation_llama3.1_8b_Full_scnldf_sh1_ldf1_seed2_26agents_30rounds_20260804_024555.json,11,18,developed,SI,14524836.0,-74.0,14524762.0,76214859.86666667,76214859.86666667
20260804_024555,results/simulation_llama3.1_8b_Full_scnldf_sh1_ldf1_seed2_26agents_30rounds_20260804_024555.json,11,19,developed,SI,9524836.0,729.0,9525917.0,81618967.86666667,81618967.86666667
20260804_024555,results/simulation_llama3.1_8b_Full_scnldf_sh1_ldf1_seed2_26agents_30rounds_20260804_024555.json,11,20,developed,SI,4524836.0,276.0,4525464.0,38801558.866666675,38801558.866666675
20260804_024555,results/simulation_llama3.1_8b_Full_scnldf_sh1_ldf1_seed2_26agents_30rounds_20260804_024555.json,11,21,developed,SI,26371571.0,-6135.0,26365436.0,89430750.86666667,89430750.86666667
20260804_024555,results/simulation_llama3.1_8b_Full_scnldf_sh1_ldf1_seed2_26agents_30rounds_20260804_024555.json,11,22,developed,SI,12153422.0,-10.0,12153412.0,61414346.866666675,61414346.866666675
20260804_024555,results/simulation_llama3.1_8b_Full_scnldf_sh1_ldf1_seed2_26agents_30rounds_20260804_024555.json,11,23,developing,SFI,1360695.0857142857,0.0,1360695.0857142857,3598760.5142857144,3598760.5142857144
20260804_024555,results/simulation_llama3.1_8b_Full_scnldf_sh1_ldf1_seed2_26agents_30rounds_20260804_024555.json,11,24,developed,SI,17524836.0,-2206.0,17522630.0,60051651.866666675,60051651.866666675
20260804_024555,results/simulation_llama3.1_8b_Full_scnldf_sh1_ldf1_seed2_26agents_30rounds_20260804_024555.json,11,25,developed,SI,19524836.0,-3996.0,19520840.0,54787035.866666675,54787035.866666675
20260804_024555,results/simulation_llama3.1_8b_Full_scnldf_sh1_ldf1_seed2_26agents_30rounds_20260804_024555.json,12,0,developed,SI,31679052.400000002,-5623.0,31673429.400000002,61198656.26666668,61198656.26666668
20260804_024555,results/simulation_llama3.1_8b_Full_scnldf_sh1_ldf1_seed2_26agents_30rounds_20260804_024555.json,12,1,developing,SFI,764503.085714286,0.0,764503.085714286,2741799.6000000006,2741799.6000000006
20260804_024555,results/simulation_llama3.1_8b_Full_scnldf_sh1_ldf1_seed2_26agents_30rounds_20260804_024555.json,12,2,developing,SFI,1764503.085714286,0.0,1764503.085714286,6325062.600000001,6325062.600000001
20260804_024555,results/simulation_llama3.1_8b_Full_scnldf_sh1_ldf1_seed2_26agents_30rounds_20260804_024555.json,12,3,developing,SFI,1764503.085714286,0.0,1764503.085714286,3847460.6000000006,3847460.6000000006
20260804_024555,results/simulation_llama3.1_8b_Full_scnldf_sh1_ldf1_seed2_26agents_30rounds_20260804_024555.json,12,4,developed,SI,6679052.400000002,88.0,6679566.400000002,63345091.266666666,63345091.266666666
20260804_024555,results/simulation_llama3.1_8b_Full_scnldf_sh1_ldf1_seed2_26agents_30rounds_20260804_024555.json,12,5,developing,SFI,1590165.085714286,0.0,1590165.085714286,5076933.600000001,5076933.600000001
20260804_024555,results/simulation_llama3.1_8b_Full_scnldf_sh1_ldf1_seed2_26agents_30rounds_20260804_024555.json,12,6,developed,SI,16679052.400000002,-178.0,16678874.400000002,71290062.26666668,71290062.26666668
20260804_024555,results/simulation_llama3.1_8b_Full_scnldf_sh1_ldf1_seed2_26agents_30rounds_20260804_024555.json,12,7,developed,SI,10679052.400000002,757.0,10679809.400000002,50374876.26666668,50374876.26666668
20260804_024555,results/simulation_llama3.1_8b_Full_scnldf_sh1_ldf1_seed2_26agents_30rounds_20260804_024555.json,12,8,developing,SFI,1642966.085714286,0.0,1642966.085714286,6640224.600000001,6640224.600000001
20260804_024555,results/simulation_llama3.1_8b_Full_scnldf_sh1_ldf1_seed2_26agents_30rounds_20260804_024555.json,12,9,developing,SFI,764503.085714286,0.0,764503.085714286,2125198.6000000006,2125198.6000000006
20260804_024555,results/simulation_llama3.1_8b_Full_scnldf_sh1_ldf1_seed2_26agents_30rounds_20260804_024555.json,12,10,developing,SFI,764503.085714286,0.0,764503.085714286,2825734.6000000006,2825734.6000000006
20260804_024555,results/simulation_llama3.1_8b_Full_scnldf_sh1_ldf1_seed2_26agents_30rounds_20260804_024555.json,12,11,developing,SFI,1250089.085714286,0.0,1250089.085714286,4444571.600000001,4444571.600000001
20260804_024555,results/simulation_llama3.1_8b_Full_scnldf_sh1_ldf1_seed2_26agents_30rounds_20260804_024555.json,12,12,developing,SFI,341663.08571428596,0.0,341663.08571428596,3187348.6000000006,3187348.6000000006
20260804_024555,results/simulation_llama3.1_8b_Full_scnldf_sh1_ldf1_seed2_26agents_30rounds_20260804_024555.json,12,13,developing,SFI,1264503.085714286,0.0,1264503.085714286,4156528.6000000006,4156528.6000000006
20260804_024555,results/simulation_llama3.1_8b_Full_scnldf_sh1_ldf1_seed2_26agents_30rounds_20260804_024555.json,12,14,developed,SI,14307638.400000002,-104.0,14307534.400000002,83891465.26666668,83891465.26666668
20260804_024555,results/simulation_llama3.1_8b_Full_scnldf_sh1_ldf1_seed2_26agents_30rounds_20260804_024555.json,12,15,developing,SFI,-3574052.914285714,0.0,-3574052.914285714,1764503.6000000006,1764503.6000000006
20260804_024555,results/simulation_llama3.1_8b_Full_scnldf_sh1_ldf1_seed2_26agents_30rounds_20260804_024555.json,12,16,developing,SFI,-1950326.914285714,0.0,-1950326.914285714,1764503.6000000003,1764503.6000000003
20260804_024555,results/simulation_llama3.1_8b_Full_scnldf_sh1_ldf1_seed2_26agents_30rounds_20260804_024555.json,12,17,developing,SFI,1111616.085714286,0.0,1111616.085714286,2472311.6000000006,2472311.6000000006
20260804_024555,results/simulation_llama3.1_8b_Full_scnldf_sh1_ldf1_seed2_26agents_30rounds_20260804_024555.json,12,18,developed,SI,6679052.400000002,96.0,6679574.400000002,82894434.26666668,82894434.26666668
20260804_024555,results/simulation_llama3.1_8b_Full_scnldf_sh1_ldf1_seed2_26agents_30rounds_20260804_024555.json,12,19,developed,SI,-8320947.599999998,-7.0,-8320528.599999998,73298439.26666668,73298439.26666668
20260804_024555,results/simulation_llama3.1_8b_Full_scnldf_sh1_ldf1_seed2_26agents_30rounds_20260804_024555.json,12,20,developed,SI,6679052.400000002,-1.0,6679477.400000002,45481036.26666668,45481036.26666668
20260804_024555,results/simulation_llama3.1_8b_Full_scnldf_sh1_ldf1_seed2_26agents_30rounds_20260804_024555.json,12,21,developed,SI,6679052.400000002,-8.0,6679470.400000002,96110221.26666668,96110221.26666668
20260804_024555,results/simulation_llama3.1_8b_Full_scnldf_sh1_ldf1_seed2_26agents_30rounds_20260804_024555.json,12,22,developed,SI,31679052.400000002,-7008.0,31672044.400000002,93086391.26666668,93086391.26666668
20260804_024555,results/simulation_llama3.1_8b_Full_scnldf_sh1_ldf1_seed2_26agents_30rounds_20260804_024555.json,12,23,developing,SFI,1764503.085714286,0.0,1764503.085714286,5363263.600000001,5363263.600000001
20260804_024555,results/simulation_llama3.1_8b_Full_scnldf_sh1_ldf1_seed2_26agents_30rounds_20260804_024555.json,12,24,developed,SI,6679052.400000002,-4997.0,6674055.400000002,66725707.26666668,66725707.26666668
20260804_024555,results/simulation_llama3.1_8b_Full_scnldf_sh1_ldf1_seed2_26agents_30rounds_20260804_024555.json,12,25,developed,SI,12457573.400000002,-67.0,12457506.400000002,67244542.26666668,67244542.26666668
20260804_024555,results/simulation_llama3.1_8b_Full_scnldf_sh1_ldf1_seed2_26agents_30rounds_20260804_024555.json,13,0,developed,SI,17543550.133333337,-4521.0,17539029.133333337,78737685.40000002,78737685.40000002
20260804_024555,results/simulation_llama3.1_8b_Full_scnldf_sh1_ldf1_seed2_26agents_30rounds_20260804_024555.json,13,1,developing,SFI,2085224.6857142858,0.0,2085224.6857142858,4827024.285714286,4827024.285714286
20260804_024555,results/simulation_llama3.1_8b_Full_scnldf_sh1_ldf1_seed2_26agents_30rounds_20260804_024555.json,13,2,developing,SFI,2085224.6857142858,0.0,2085224.6857142858,8410287.285714287,8410287.285714287
20260804_024555,results/simulation_llama3.1_8b_Full_scnldf_sh1_ldf1_seed2_26agents_30rounds_20260804_024555.json,13,3,developing,SFI,1085224.6857142858,0.0,1085224.6857142858,4932685.285714286,4932685.285714286
20260804_024555,results/simulation_llama3.1_8b_Full_scnldf_sh1_ldf1_seed2_26agents_30rounds_20260804_024555.json,13,4,developed,SI,11716924.133333337,-6.0,11716918.133333337,75062009.4,75062009.4
20260804_024555,results/simulation_llama3.1_8b_Full_scnldf_sh1_ldf1_seed2_26agents_30rounds_20260804_024555.json,13,5,developing,SFI,2085224.6857142858,0.0,2085224.6857142858,7162158.285714286,7162158.285714286
20260804_024555,results/simulation_llama3.1_8b_Full_scnldf_sh1_ldf1_seed2_26agents_30rounds_20260804_024555.json,13,6,developed,SI,6043550.133333337,-6.0,6044297.133333337,77334359.40000002,77334359.40000002
20260804_024555,results/simulation_llama3.1_8b_Full_scnldf_sh1_ldf1_seed2_26agents_30rounds_20260804_024555.json,13,7,developed,SI,6043550.133333337,-488.0,6043815.133333337,56418691.40000002,56418691.40000002
20260804_024555,results/simulation_llama3.1_8b_Full_scnldf_sh1_ldf1_seed2_26agents_30rounds_20260804_024555.json,13,8,developing,SFI,1963687.6857142858,0.0,1963687.6857142858,8603912.285714287,8603912.285714287
20260804_024555,results/simulation_llama3.1_8b_Full_scnldf_sh1_ldf1_seed2_26agents_30rounds_20260804_024555.json,13,9,developing,SFI,1978965.6857142858,0.0,1978965.6857142858,4104164.2857142864,4104164.2857142864
20260804_024555,results/simulation_llama3.1_8b_Full_scnldf_sh1_ldf1_seed2_26agents_30rounds_20260804_024555.json,13,10,developing,SFI,662384.6857142858,0.0,662384.6857142858,3488119.2857142864,3488119.2857142864
20260804_024555,results/simulation_llama3.1_8b_Full_scnldf_sh1_ldf1_seed2_26agents_30rounds_20260804_024555.json,13,11,developing,SFI,937148.6857142858,0.0,937148.6857142858,5381720.285714286,5381720.285714286
20260804_024555,results/simulation_llama3.1_8b_Full_scnldf_sh1_ldf1_seed2_26agents_30rounds_20260804_024555.json,13,12,developing,SFI,-1102123.3142857142,0.0,-1102123.3142857142,2085225.2857142864,2085225.2857142864
20260804_024555,results/simulation_llama3.1_8b_Full_scnldf_sh1_ldf1_seed2_26agents_30rounds_20260804_024555.json,13,13,developing,SFI,85224.68571428582,0.0,85224.68571428582,4241753.285714286,4241753.285714286
20260804_024555,results/simulation_llama3.1_8b_Full_scnldf_sh1_ldf1_seed2_26agents_30rounds_20260804_024555.json,13,14,developed,SI,31043550.133333337,-15069.0,31028481.133333337,114919946.40000002,114919946.40000002
20260804_024555,results/simulation_llama3.1_8b_Full_scnldf_sh1_ldf1_seed2_26agents_30rounds_20260804_024555.json,13,15,developing,SFI,320721.6857142858,0.0,320721.6857142858,2085225.2857142864,2085225.2857142864
20260804_024555,results/simulation_llama3.1_8b_Full_scnldf_sh1_ldf1_seed2_26agents_30rounds_20260804_024555.json,13,16,developing,SFI,1183334.6857142858,0.0,1183334.6857142858,2947838.2857142864,2947838.2857142864
20260804_024555,results/simulation_llama3.1_8b_Full_scnldf_sh1_ldf1_seed2_26agents_30rounds_20260804_024555.json,13,17,developing,SFI,855224.6857142858,0.0,855224.6857142858,3327536.2857142864,3327536.2857142864
20260804_024555,results/simulation_llama3.1_8b_Full_scnldf_sh1_ldf1_seed2_26agents_30rounds_20260804_024555.json,13,18,developed,SI,6043550.133333337,-9.0,6044294.133333337,88938728.40000002,88938728.40000002
20260804_024555,results/simulation_llama3.1_8b_Full_scnldf_sh1_ldf1_seed2_26agents_30rounds_20260804_024555.json,13,19,developed,SI,6043550.133333337,-12.0,6044291.133333337,79342730.40000002,79342730.40000002
20260804_024555,results/simulation_llama3.1_8b_Full_scnldf_sh1_ldf1_seed2_26agents_30rounds_20260804_024555.json,13,20,developed,SI,6043550.133333337,-4999.0,6038551.133333337,51519587.40000002,51519587.40000002
20260804_024555,results/simulation_llama3.1_8b_Full_scnldf_sh1_ldf1_seed2_26agents_30rounds_20260804_024555.json,13,21,developed,SI,11043550.133333337,507.0,11044057.133333337,107154278.40000002,107154278.40000002
20260804_024555,results/simulation_llama3.1_8b_Full_scnldf_sh1_ldf1_seed2_26agents_30rounds_20260804_024555.json,13,22,developed,SI,31043550.133333337,-12053.0,31031497.133333337,124117888.40000002,124117888.40000002
20260804_024555,results/simulation_llama3.1_8b_Full_scnldf_sh1_ldf1_seed2_26agents_30rounds_20260804_024555.json,13,23,developing,SFI,-3278038.314285714,0.0,-3278038.314285714,2085225.2857142864,2085225.2857142864
20260804_024555,results/simulation_llama3.1_8b_Full_scnldf_sh1_ldf1_seed2_26agents_30rounds_20260804_024555.json,13,24,developed,SI,1043550.1333333366,6512.0,1050815.1333333366,67776522.40000002,67776522.40000002
20260804_024555,results/simulation_llama3.1_8b_Full_scnldf_sh1_ldf1_seed2_26agents_30rounds_20260804_024555.json,13,25,developed,SI,6043550.133333337,-12.0,6043538.133333337,73288080.40000002,73288080.40000002
20260804_024555,results/simulation_llama3.1_8b_Full_scnldf_sh1_ldf1_seed2_26agents_30rounds_20260804_024555.json,14,0,developed,SI,690232.6000000015,-115.0,692104.6000000015,79429790.00000003,79429790.00000003
20260804_024555,results/simulation_llama3.1_8b_Full_scnldf_sh1_ldf1_seed2_26agents_30rounds_20260804_024555.json,14,1,developing,SFI,-108947.77142857132,0.0,-108947.77142857132,4718076.514285715,4718076.514285715
20260804_024555,results/simulation_llama3.1_8b_Full_scnldf_sh1_ldf1_seed2_26agents_30rounds_20260804_024555.json,14,2,developing,SFI,1747266.2285714287,0.0,1747266.2285714287,10157553.514285715,10157553.514285715
20260804_024555,results/simulation_llama3.1_8b_Full_scnldf_sh1_ldf1_seed2_26agents_30rounds_20260804_024555.json,14,3,developing,SFI,-108947.77142857132,0.0,-108947.77142857132,4823737.514285715,4823737.514285715
20260804_024555,results/simulation_llama3.1_8b_Full_scnldf_sh1_ldf1_seed2_26agents_30rounds_20260804_024555.json,14,4,developed,SI,24459015.6,-21413.0,24437602.6,99499612.0,99499612.0
20260804_024555,results/simulation_llama3.1_8b_Full_scnldf_sh1_ldf1_seed2_26agents_30rounds_20260804_024555.json,14,5,developing,SFI,1891052.2285714287,0.0,1891052.2285714287,9053210.514285715,9053210.514285715
20260804_024555,results/simulation_llama3.1_8b_Full_scnldf_sh1_ldf1_seed2_26agents_30rounds_20260804_024555.json,14,6,developed,SI,22633056.6,-16052.0,22617004.6,99951364.00000003,99951364.00000003
20260804_024555,results/simulation_llama3.1_8b_Full_scnldf_sh1_ldf1_seed2_26agents_30rounds_20260804_024555.json,14,7,developed,SI,18459015.6,-104.0,18458911.6,74877603.00000003,74877603.00000003
20260804_024555,results/simulation_llama3.1_8b_Full_scnldf_sh1_ldf1_seed2_26agents_30rounds_20260804_024555.json,14,8,developing,SFI,1769515.2285714287,0.0,1769515.2285714287,10373427.514285715,10373427.514285715
20260804_024555,results/simulation_llama3.1_8b_Full_scnldf_sh1_ldf1_seed2_26agents_30rounds_20260804_024555.json,14,9,developing,SFI,-108947.77142857132,0.0,-108947.77142857132,3995216.5142857153,3995216.5142857153
20260804_024555,results/simulation_llama3.1_8b_Full_scnldf_sh1_ldf1_seed2_26agents_30rounds_20260804_024555.json,14,10,developing,SFI,391052.2285714287,0.0,391052.2285714287,3879171.5142857153,3879171.5142857153
20260804_024555,results/simulation_llama3.1_8b_Full_scnldf_sh1_ldf1_seed2_26agents_30rounds_20260804_024555.json,14,11,developing,SFI,1891052.2285714287,0.0,1891052.2285714287,7272772.514285715,7272772.514285715
20260804_024555,results/simulation_llama3.1_8b_Full_scnldf_sh1_ldf1_seed2_26agents_30rounds_20260804_024555.json,14,12,developing,SFI,-194172.77142857132,0.0,-194172.77142857132,1891052.514285715,1891052.514285715
20260804_024555,results/simulation_llama3.1_8b_Full_scnldf_sh1_ldf1_seed2_26agents_30rounds_20260804_024555.json,14,13,developing,SFI,-229817.77142857132,0.0,-229817.77142857132,4011935.5142857153,4011935.5142857153
20260804_024555,results/simulation_llama3.1_8b_Full_scnldf_sh1_ldf1_seed2_26agents_30rounds_20260804_024555.json,14,14,developed,SI,29459015.6,-25610.0,29433405.6,144353352.00000003,144353352.00000003
20260804_024555,results/simulation_llama3.1_8b_Full_scnldf_sh1_ldf1_seed2_26agents_30rounds_20260804_024555.json,14,15,developing,SFI,1786791.2285714287,0.0,1786791.2285714287,3872016.5142857153,3872016.5142857153
20260804_024555,results/simulation_llama3.1_8b_Full_scnldf_sh1_ldf1_seed2_26agents_30rounds_20260804_024555.json,14,16,developing,SFI,-1056785.7714285713,0.0,-1056785.7714285713,1891052.514285715,1891052.514285715
20260804_024555,results/simulation_llama3.1_8b_Full_scnldf_sh1_ldf1_seed2_26agents_30rounds_20260804_024555.json,14,17,developing,SFI,472123.2285714287,0.0,472123.2285714287,3799659.5142857153,3799659.5142857153
20260804_024555,results/simulation_llama3.1_8b_Full_scnldf_sh1_ldf1_seed2_26agents_30rounds_20260804_024555.json,14,18,developed,SI,14459015.600000001,4269.0,14465271.600000001,103404000.00000003,103404000.00000003
20260804_024555,results/simulation_llama3.1_8b_Full_scnldf_sh1_ldf1_seed2_26agents_30rounds_20260804_024555.json,14,19,developed,SI,19459015.6,-5245.0,19453770.6,98796501.00000003,98796501.00000003
20260804_024555,results/simulation_llama3.1_8b_Full_scnldf_sh1_ldf1_seed2_26agents_30rounds_20260804_024555.json,14,20,developed,SI,14459015.600000001,1395.0,14462397.600000001,65981985.00000002,65981985.00000002
20260804_024555,results/simulation_llama3.1_8b_Full_scnldf_sh1_ldf1_seed2_26agents_30rounds_20260804_024555.json,14,21,developed,SI,20111140.6,-6868.0,20104272.6,127258551.00000003,127258551.00000003
20260804_024555,results/simulation_llama3.1_8b_Full_scnldf_sh1_ldf1_seed2_26agents_30rounds_20260804_024555.json,14,22,developed,SI,-10540984.399999999,-13700.0,-10552697.399999999,113565191.00000003,113565191.00000003
20260804_024555,results/simulation_llama3.1_8b_Full_scnldf_sh1_ldf1_seed2_26agents_30rounds_20260804_024555.json,14,23,developing,SFI,1786791.2285714287,0.0,1786791.2285714287,3872016.5142857153,3872016.5142857153
20260804_024555,results/simulation_llama3.1_8b_Full_scnldf_sh1_ldf1_seed2_26agents_30rounds_20260804_024555.json,14,24,developed,SI,9459015.600000001,1140.0,9462142.600000001,77238665.00000003,77238665.00000003
20260804_024555,results/simulation_llama3.1_8b_Full_scnldf_sh1_ldf1_seed2_26agents_30rounds_20260804_024555.json,14,25,developed,SI,14459015.600000001,2795.0,14461810.600000001,87749891.00000003,87749891.00000003
20260804_024555,results/simulation_llama3.1_8b_Full_scnldf_sh1_ldf1_seed2_26agents_30rounds_20260804_024555.json,15,0,developed,SI,12553051.533333331,908.0,12556346.533333331,91986136.53333336,91986136.53333336
20260804_024555,results/simulation_llama3.1_8b_Full_scnldf_sh1_ldf1_seed2_26agents_30rounds_20260804_024555.json,15,1,developing,SFI,488513.37142857164,0.0,488513.37142857164,5206589.885714287,5206589.885714287
20260804_024555,results/simulation_llama3.1_8b_Full_scnldf_sh1_ldf1_seed2_26agents_30rounds_20260804_024555.json,15,2,developing,SFI,1488513.3714285716,0.0,1488513.3714285716,11646066.885714287,11646066.885714287
20260804_024555,results/simulation_llama3.1_8b_Full_scnldf_sh1_ldf1_seed2_26agents_30rounds_20260804_024555.json,15,3,developing,SFI,-1511486.6285714284,0.0,-1511486.6285714284,3312250.885714287,3312250.885714287
20260804_024555,results/simulation_llama3.1_8b_Full_scnldf_sh1_ldf1_seed2_26agents_30rounds_20260804_024555.json,15,4,developed,SI,31321834.53333333,-25566.0,31296268.53333333,130795880.53333333,130795880.53333333
20260804_024555,results/simulation_llama3.1_8b_Full_scnldf_sh1_ldf1_seed2_26agents_30rounds_20260804_024555.json,15,5,developing,SFI,1314175.3714285716,0.0,1314175.3714285716,10367385.885714287,10367385.885714287
20260804_024555,results/simulation_llama3.1_8b_Full_scnldf_sh1_ldf1_seed2_26agents_30rounds_20260804_024555.json,15,6,developed,SI,1321834.5333333313,-16289.0,1307932.5333333313,101259296.53333336,101259296.53333336
20260804_024555,results/simulation_llama3.1_8b_Full_scnldf_sh1_ldf1_seed2_26agents_30rounds_20260804_024555.json,15,7,developed,SI,30321834.53333333,-21996.0,30299838.53333333,105177441.53333336,105177441.53333336
20260804_024555,results/simulation_llama3.1_8b_Full_scnldf_sh1_ldf1_seed2_26agents_30rounds_20260804_024555.json,15,8,developing,SFI,1366976.3714285716,0.0,1366976.3714285716,11740403.885714287,11740403.885714287
20260804_024555,results/simulation_llama3.1_8b_Full_scnldf_sh1_ldf1_seed2_26agents_30rounds_20260804_024555.json,15,9,developing,SFI,488513.37142857164,0.0,488513.37142857164,4483729.885714287,4483729.885714287
20260804_024555,results/simulation_llama3.1_8b_Full_scnldf_sh1_ldf1_seed2_26agents_30rounds_20260804_024555.json,15,10,developing,SFI,1488513.3714285716,0.0,1488513.3714285716,5367684.885714287,5367684.885714287
20260804_024555,results/simulation_llama3.1_8b_Full_scnldf_sh1_ldf1_seed2_26agents_30rounds_20260804_024555.json,15,11,developing,SFI,1488513.3714285716,0.0,1488513.3714285716,8761285.885714287,8761285.885714287
20260804_024555,results/simulation_llama3.1_8b_Full_scnldf_sh1_ldf1_seed2_26agents_30rounds_20260804_024555.json,15,12,developing,SFI,376092.37142857164,0.0,376092.37142857164,2267144.885714287,2267144.885714287
20260804_024555,results/simulation_llama3.1_8b_Full_scnldf_sh1_ldf1_seed2_26agents_30rounds_20260804_024555.json,15,13,developing,SFI,-2523421.6285714284,0.0,-2523421.6285714284,1488513.885714287,1488513.885714287
20260804_024555,results/simulation_llama3.1_8b_Full_scnldf_sh1_ldf1_seed2_26agents_30rounds_20260804_024555.json,15,14,developed,SI,1321834.5333333313,293.0,1324514.5333333313,145677866.53333336,145677866.53333336
20260804_024555,results/simulation_llama3.1_8b_Full_scnldf_sh1_ldf1_seed2_26agents_30rounds_20260804_024555.json,15,15,developing,SFI,488513.37142857164,0.0,488513.37142857164,4360529.885714287,4360529.885714287
20260804_024555,results/simulation_llama3.1_8b_Full_scnldf_sh1_ldf1_seed2_26agents_30rounds_20260804_024555.json,15,16,developing,SFI,1488513.3714285716,0.0,1488513.3714285716,3379565.885714287,3379565.885714287
20260804_024555,results/simulation_llama3.1_8b_Full_scnldf_sh1_ldf1_seed2_26agents_30rounds_20260804_024555.json,15,17,developing,SFI,-11486.628571428359,0.0,-11486.628571428359,3788172.885714287,3788172.885714287
20260804_024555,results/simulation_llama3.1_8b_Full_scnldf_sh1_ldf1_seed2_26agents_30rounds_20260804_024555.json,15,18,developed,SI,26321834.53333333,-16039.0,26305795.53333333,129709795.53333336,129709795.53333336
20260804_024555,results/simulation_llama3.1_8b_Full_scnldf_sh1_ldf1_seed2_26agents_30rounds_20260804_024555.json,15,19,developed,SI,1321834.5333333313,-717.0,1323504.5333333313,100120005.53333336,100120005.53333336
20260804_024555,results/simulation_llama3.1_8b_Full_scnldf_sh1_ldf1_seed2_26agents_30rounds_20260804_024555.json,15,20,developed,SI,26321834.53333333,-13939.0,26307895.53333333,92289880.53333336,92289880.53333336
20260804_024555,results/simulation_llama3.1_8b_Full_scnldf_sh1_ldf1_seed2_26agents_30rounds_20260804_024555.json,15,21,developed,SI,26176858.53333333,-40.0,26176818.53333333,153435369.53333336,153435369.53333336
20260804_024555,results/simulation_llama3.1_8b_Full_scnldf_sh1_ldf1_seed2_26agents_30rounds_20260804_024555.json,15,22,developed,SI,21321834.53333333,1478.0,21325699.53333333,134890890.53333336,134890890.53333336
20260804_024555,results/simulation_llama3.1_8b_Full_scnldf_sh1_ldf1_seed2_26agents_30rounds_20260804_024555.json,15,23,developing,SFI,1384252.3714285716,0.0,1384252.3714285716,5256268.885714287,5256268.885714287
20260804_024555,results/simulation_llama3.1_8b_Full_scnldf_sh1_ldf1_seed2_26agents_30rounds_20260804_024555.json,15,24,developed,SI,26321834.53333333,-3002.0,26318832.53333333,103557497.53333336,103557497.53333336
20260804_024555,results/simulation_llama3.1_8b_Full_scnldf_sh1_ldf1_seed2_26agents_30rounds_20260804_024555.json,15,25,developed,SI,26321834.53333333,-607.0,26321227.53333333,114071118.53333336,114071118.53333336
20260804_024555,results/simulation_llama3.1_8b_Full_scnldf_sh1_ldf1_seed2_26agents_30rounds_20260804_024555.json,16,0,developed,SI,-40050681.333333336,-5000.0,-40055291.333333336,51930845.200000025,51930845.200000025
20260804_024555,results/simulation_llama3.1_8b_Full_scnldf_sh1_ldf1_seed2_26agents_30rounds_20260804_024555.json,16,1,developing,SFI,629590.4000000001,0.0,629590.4000000001,5836180.285714287,5836180.285714287
20260804_024555,results/simulation_llama3.1_8b_Full_scnldf_sh1_ldf1_seed2_26agents_30rounds_20260804_024555.json,16,2,developing,SFI,1485804.4000000001,0.0,1485804.4000000001,13131871.285714287,13131871.285714287
20260804_024555,results/simulation_llama3.1_8b_Full_scnldf_sh1_ldf1_seed2_26agents_30rounds_20260804_024555.json,16,3,developing,SFI,629590.4000000001,0.0,629590.4000000001,3941841.2857142873,3941841.2857142873
20260804_024555,results/simulation_llama3.1_8b_Full_scnldf_sh1_ldf1_seed2_26agents_30rounds_20260804_024555.json,16,4,developed,SI,26935454.666666664,-256.0,26935198.666666664,157731079.2,157731079.2
20260804_024555,results/simulation_llama3.1_8b_Full_scnldf_sh1_ldf1_seed2_26agents_30rounds_20260804_024555.json,16,5,developing,SFI,1629590.4000000001,0.0,1629590.4000000001,11996976.285714287,11996976.285714287
20260804_024555,results/simulation_llama3.1_8b_Full_scnldf_sh1_ldf1_seed2_26agents_30rounds_20260804_024555.json,16,6,developed,SI,21488749.666666664,-32.0,21489107.666666664,122748404.20000002,122748404.20000002
20260804_024555,results/simulation_llama3.1_8b_Full_scnldf_sh1_ldf1_seed2_26agents_30rounds_20260804_024555.json,16,7,developed,SI,9852385.666666664,534.0,9853309.666666664,115030751.20000002,115030751.20000002
20260804_024555,results/simulation_llama3.1_8b_Full_scnldf_sh1_ldf1_seed2_26agents_30rounds_20260804_024555.json,16,8,developing,SFI,1508053.4000000001,0.0,1508053.4000000001,13248457.285714287,13248457.285714287
20260804_024555,results/simulation_llama3.1_8b_Full_scnldf_sh1_ldf1_seed2_26agents_30rounds_20260804_024555.json,16,9,developing,SFI,1629590.4000000001,0.0,1629590.4000000001,6113320.285714287,6113320.285714287
20260804_024555,results/simulation_llama3.1_8b_Full_scnldf_sh1_ldf1_seed2_26agents_30rounds_20260804_024555.json,16,10,developing,SFI,-370409.59999999986,0.0,-370409.59999999986,4997275.285714287,4997275.285714287
20260804_024555,results/simulation_llama3.1_8b_Full_scnldf_sh1_ldf1_seed2_26agents_30rounds_20260804_024555.json,16,11,developing,SFI,1629590.4000000001,0.0,1629590.4000000001,10390876.285714287,10390876.285714287
20260804_024555,results/simulation_llama3.1_8b_Full_scnldf_sh1_ldf1_seed2_26agents_30rounds_20260804_024555.json,16,12,developing,SFI,549590.4000000001,0.0,549590.4000000001,2816735.2857142873,2816735.2857142873
20260804_024555,results/simulation_llama3.1_8b_Full_scnldf_sh1_ldf1_seed2_26agents_30rounds_20260804_024555.json,16,13,developing,SFI,141077.40000000014,0.0,141077.40000000014,1629591.285714287,1629591.285714287
20260804_024555,results/simulation_llama3.1_8b_Full_scnldf_sh1_ldf1_seed2_26agents_30rounds_20260804_024555.json,16,14,developed,SI,51935454.666666664,-5045.0,51930409.666666664,197608276.20000002,197608276.20000002
20260804_024555,results/simulation_llama3.1_8b_Full_scnldf_sh1_ldf1_seed2_26agents_30rounds_20260804_024555.json,16,15,developing,SFI,1525329.4000000001,0.0,1525329.4000000001,5885859.285714287,5885859.285714287
20260804_024555,results/simulation_llama3.1_8b_Full_scnldf_sh1_ldf1_seed2_26agents_30rounds_20260804_024555.json,16,16,developing,SFI,727700.4000000001,0.0,727700.4000000001,4107266.2857142873,4107266.2857142873
20260804_024555,results/simulation_llama3.1_8b_Full_scnldf_sh1_ldf1_seed2_26agents_30rounds_20260804_024555.json,16,17,developing,SFI,210661.40000000014,0.0,210661.40000000014,3998834.2857142873,3998834.2857142873
20260804_024555,results/simulation_llama3.1_8b_Full_scnldf_sh1_ldf1_seed2_26agents_30rounds_20260804_024555.json,16,18,developed,SI,26935454.666666664,-241.0,26935213.666666664,156645009.20000002,156645009.20000002
20260804_024555,results/simulation_llama3.1_8b_Full_scnldf_sh1_ldf1_seed2_26agents_30rounds_20260804_024555.json,16,19,developed,SI,21935454.666666664,-14.0,21935440.666666664,122055446.20000002,122055446.20000002
20260804_024555,results/simulation_llama3.1_8b_Full_scnldf_sh1_ldf1_seed2_26agents_30rounds_20260804_024555.json,16,20,developed,SI,21935454.666666664,-77.0,21935377.666666664,114225258.20000002,114225258.20000002
20260804_024555,results/simulation_llama3.1_8b_Full_scnldf_sh1_ldf1_seed2_26agents_30rounds_20260804_024555.json,16,21,developed,SI,11935454.666666664,1066.0,11936910.666666664,165372280.20000002,165372280.20000002
20260804_024555,results/simulation_llama3.1_8b_Full_scnldf_sh1_ldf1_seed2_26agents_30rounds_20260804_024555.json,16,22,developed,SI,51935454.666666664,-6566.0,51928888.666666664,186819779.20000002,186819779.20000002
20260804_024555,results/simulation_llama3.1_8b_Full_scnldf_sh1_ldf1_seed2_26agents_30rounds_20260804_024555.json,16,23,developing,SFI,-3370409.5999999996,0.0,-3370409.5999999996,1885859.2857142873,1885859.2857142873
20260804_024555,results/simulation_llama3.1_8b_Full_scnldf_sh1_ldf1_seed2_26agents_30rounds_20260804_024555.json,16,24,developed,SI,26935454.666666664,-13.0,26935441.666666664,130492939.20000002,130492939.20000002
20260804_024555,results/simulation_llama3.1_8b_Full_scnldf_sh1_ldf1_seed2_26agents_30rounds_20260804_024555.json,16,25,developed,SI,1935454.6666666642,12.0,1935856.6666666642,116006975.20000002,116006975.20000002
20260804_024555,results/simulation_llama3.1_8b_Full_scnldf_sh1_ldf1_seed2_26agents_30rounds_20260804_024555.json,17,0,developed,SI,35337066.866666675,-150.0,35336916.866666675,87267762.06666669,87267762.06666669
20260804_024555,results/simulation_llama3.1_8b_Full_scnldf_sh1_ldf1_seed2_26agents_30rounds_20260804_024555.json,17,1,developing,SFI,-3680561.942857143,0.0,-3680561.942857143,2155618.3428571443,2155618.3428571443
20260804_024555,results/simulation_llama3.1_8b_Full_scnldf_sh1_ldf1_seed2_26agents_30rounds_20260804_024555.json,17,2,developing,SFI,2155618.057142857,0.0,2155618.057142857,15287489.342857145,15287489.342857145
20260804_024555,results/simulation_llama3.1_8b_Full_scnldf_sh1_ldf1_seed2_26agents_30rounds_20260804_024555.json,17,3,developing,SFI,-1786222.942857143,0.0,-1786222.942857143,2155618.3428571443,2155618.3428571443
20260804_024555,results/simulation_llama3.1_8b_Full_scnldf_sh1_ldf1_seed2_26agents_30rounds_20260804_024555.json,17,4,developed,SI,-83625229.13333333,583.0,-83623610.13333333,74107469.06666666,74107469.06666666
20260804_024555,results/simulation_llama3.1_8b_Full_scnldf_sh1_ldf1_seed2_26agents_30rounds_20260804_024555.json,17,5,developing,SFI,1155618.057142857,0.0,1155618.057142857,13152594.342857145,13152594.342857145
20260804_024555,results/simulation_llama3.1_8b_Full_scnldf_sh1_ldf1_seed2_26agents_30rounds_20260804_024555.json,17,6,developed,SI,43605849.866666675,25.0,43605874.866666675,166354279.0666667,166354279.0666667
20260804_024555,results/simulation_llama3.1_8b_Full_scnldf_sh1_ldf1_seed2_26agents_30rounds_20260804_024555.json,17,7,developed,SI,24105849.866666675,1059.0,24107944.866666675,139138696.0666667,139138696.0666667
20260804_024555,results/simulation_llama3.1_8b_Full_scnldf_sh1_ldf1_seed2_26agents_30rounds_20260804_024555.json,17,8,developing,SFI,2034081.057142857,0.0,2034081.057142857,15282538.342857145,15282538.342857145
20260804_024555,results/simulation_llama3.1_8b_Full_scnldf_sh1_ldf1_seed2_26agents_30rounds_20260804_024555.json,17,9,developing,SFI,2155618.057142857,0.0,2155618.057142857,8268938.342857145,8268938.342857145
20260804_024555,results/simulation_llama3.1_8b_Full_scnldf_sh1_ldf1_seed2_26agents_30rounds_20260804_024555.json,17,10,developing,SFI,2155118.057142857,0.0,2155118.057142857,7152393.342857145,7152393.342857145
20260804_024555,results/simulation_llama3.1_8b_Full_scnldf_sh1_ldf1_seed2_26agents_30rounds_20260804_024555.json,17,11,developing,SFI,1155618.057142857,0.0,1155618.057142857,11546494.342857145,11546494.342857145
20260804_024555,results/simulation_llama3.1_8b_Full_scnldf_sh1_ldf1_seed2_26agents_30rounds_20260804_024555.json,17,12,developing,SFI,1141856.057142857,0.0,1141856.057142857,3958591.3428571443,3958591.3428571443
20260804_024555,results/simulation_llama3.1_8b_Full_scnldf_sh1_ldf1_seed2_26agents_30rounds_20260804_024555.json,17,13,developing,SFI,2155618.057142857,0.0,2155618.057142857,3785209.342857144,3785209.342857144
20260804_024555,results/simulation_llama3.1_8b_Full_scnldf_sh1_ldf1_seed2_26agents_30rounds_20260804_024555.json,17,14,developed,SI,24105849.866666675,-12395.0,24094490.866666675,221702767.0666667,221702767.0666667
20260804_024555,results/simulation_llama3.1_8b_Full_scnldf_sh1_ldf1_seed2_26agents_30rounds_20260804_024555.json,17,15,developing,SFI,1155618.057142857,0.0,1155618.057142857,7041477.342857145,7041477.342857145
20260804_024555,results/simulation_llama3.1_8b_Full_scnldf_sh1_ldf1_seed2_26agents_30rounds_20260804_024555.json,17,16,developing,SFI,-792219.942857143,0.0,-792219.942857143,3315046.3428571443,3315046.3428571443
20260804_024555,results/simulation_llama3.1_8b_Full_scnldf_sh1_ldf1_seed2_26agents_30rounds_20260804_024555.json,17,17,developing,SFI,655618.057142857,0.0,655618.057142857,4654452.342857145,4654452.342857145
20260804_024555,results/simulation_llama3.1_8b_Full_scnldf_sh1_ldf1_seed2_26agents_30rounds_20260804_024555.json,17,18,developed,SI,40968039.866666675,-10.0,40968029.866666675,197613039.0666667,197613039.0666667
20260804_024555,results/simulation_llama3.1_8b_Full_scnldf_sh1_ldf1_seed2_26agents_30rounds_20260804_024555.json,17,19,developed,SI,64105849.866666675,-9297.0,64096552.866666675,186151999.0666667,186151999.0666667
20260804_024555,results/simulation_llama3.1_8b_Full_scnldf_sh1_ldf1_seed2_26agents_30rounds_20260804_024555.json,17,20,developed,SI,-40119408.133333325,708.0,-40117664.133333325,74107594.06666669,74107594.06666669
20260804_024555,results/simulation_llama3.1_8b_Full_scnldf_sh1_ldf1_seed2_26agents_30rounds_20260804_024555.json,17,21,developed,SI,54757974.866666675,-45.0,54757929.866666675,220130210.0666667,220130210.0666667
20260804_024555,results/simulation_llama3.1_8b_Full_scnldf_sh1_ldf1_seed2_26agents_30rounds_20260804_024555.json,17,22,developed,SI,74105849.86666667,-15565.0,74090284.86666667,260910064.0666667,260910064.0666667
20260804_024555,results/simulation_llama3.1_8b_Full_scnldf_sh1_ldf1_seed2_26agents_30rounds_20260804_024555.json,17,23,developing,SFI,1655618.057142857,0.0,1655618.057142857,3541477.3428571443,3541477.3428571443
20260804_024555,results/simulation_llama3.1_8b_Full_scnldf_sh1_ldf1_seed2_26agents_30rounds_20260804_024555.json,17,24,developed,SI,64105849.866666675,-6255.0,64099594.866666675,194592534.0666667,194592534.0666667
20260804_024555,results/simulation_llama3.1_8b_Full_scnldf_sh1_ldf1_seed2_26agents_30rounds_20260804_024555.json,17,25,developed,SI,32022780.866666675,-106.0,32023710.866666675,148030686.0666667,148030686.0666667
20260804_024555,results/simulation_llama3.1_8b_Full_scnldf_sh1_ldf1_seed2_26agents_30rounds_20260804_024555.json,18,0,developed,SI,4491429.533333331,56.0,4492430.533333331,91760192.60000002,91760192.60000002
20260804_024555,results/simulation_llama3.1_8b_Full_scnldf_sh1_ldf1_seed2_26agents_30rounds_20260804_024555.json,18,1,developing,SFI,-244900.0,0.0,-244900.0,1910718.3428571443,1910718.3428571443
20260804_024555,results/simulation_llama3.1_8b_Full_scnldf_sh1_ldf1_seed2_26agents_30rounds_20260804_024555.json,18,2,developing,SFI,755100.0,0.0,755100.0,16042589.342857145,16042589.342857145
20260804_024555,results/simulation_llama3.1_8b_Full_scnldf_sh1_ldf1_seed2_26agents_30rounds_20260804_024555.json,18,3,developing,SFI,-744900.0,0.0,-744900.0,1410718.3428571443,1410718.3428571443
20260804_024555,results/simulation_llama3.1_8b_Full_scnldf_sh1_ldf1_seed2_26agents_30rounds_20260804_024555.json,18,4,developed,SI,-3425501.4666666687,-10.0,-3424566.4666666687,70682902.6,70682902.6
20260804_024555,results/simulation_llama3.1_8b_Full_scnldf_sh1_ldf1_seed2_26agents_30rounds_20260804_024555.json,18,5,developing,SFI,755100.0,0.0,755100.0,13907694.342857145,13907694.342857145
20260804_024555,results/simulation_llama3.1_8b_Full_scnldf_sh1_ldf1_seed2_26agents_30rounds_20260804_024555.json,18,6,developed,SI,36574498.53333333,-10198.0,36564300.53333333,202918579.60000002,202918579.60000002
20260804_024555,results/simulation_llama3.1_8b_Full_scnldf_sh1_ldf1_seed2_26agents_30rounds_20260804_024555.json,18,7,developed,SI,4491429.533333331,149.0,4492523.533333331,143631219.60000002,143631219.60000002
20260804_024555,results/simulation_llama3.1_8b_Full_scnldf_sh1_ldf1_seed2_26agents_30rounds_20260804_024555.json,18,8,developing,SFI,633563.0,0.0,633563.0,15916101.342857145,15916101.342857145
20260804_024555,results/simulation_llama3.1_8b_Full_scnldf_sh1_ldf1_seed2_26agents_30rounds_20260804_024555.json,18,9,developing,SFI,755100.0,0.0,755100.0,9024038.342857145,9024038.342857145
20260804_024555,results/simulation_llama3.1_8b_Full_scnldf_sh1_ldf1_seed2_26agents_30rounds_20260804_024555.json,18,10,developing,SFI,397481.0,0.0,397481.0,7549874.342857145,7549874.342857145
20260804_024555,results/simulation_llama3.1_8b_Full_scnldf_sh1_ldf1_seed2_26agents_30rounds_20260804_024555.json,18,11,developing,SFI,755100.0,0.0,755100.0,12301594.342857145,12301594.342857145
20260804_024555,results/simulation_llama3.1_8b_Full_scnldf_sh1_ldf1_seed2_26agents_30rounds_20260804_024555.json,18,12,developing,SFI,755100.0,0.0,755100.0,4713691.342857145,4713691.342857145
20260804_024555,results/simulation_llama3.1_8b_Full_scnldf_sh1_ldf1_seed2_26agents_30rounds_20260804_024555.json,18,13,developing,SFI,-695796.0,0.0,-695796.0,3089413.342857144,3089413.342857144
20260804_024555,results/simulation_llama3.1_8b_Full_scnldf_sh1_ldf1_seed2_26agents_30rounds_20260804_024555.json,18,14,developed,SI,-3425501.4666666687,-179.0,-3424735.4666666687,218278031.60000002,218278031.60000002
20260804_024555,results/simulation_llama3.1_8b_Full_scnldf_sh1_ldf1_seed2_26agents_30rounds_20260804_024555.json,18,15,developing,SFI,-1244900.0,0.0,-1244900.0,5796577.342857145,5796577.342857145
20260804_024555,results/simulation_llama3.1_8b_Full_scnldf_sh1_ldf1_seed2_26agents_30rounds_20260804_024555.json,18,16,developing,SFI,755100.0,0.0,755100.0,4070146.3428571443,4070146.3428571443
20260804_024555,results/simulation_llama3.1_8b_Full_scnldf_sh1_ldf1_seed2_26agents_30rounds_20260804_024555.json,18,17,developing,SFI,755100.0,0.0,755100.0,5409552.342857145,5409552.342857145
20260804_024555,results/simulation_llama3.1_8b_Full_scnldf_sh1_ldf1_seed2_26agents_30rounds_20260804_024555.json,18,18,developed,SI,46574498.53333333,-16954.0,46557544.53333333,244170583.60000002,244170583.60000002
20260804_024555,results/simulation_llama3.1_8b_Full_scnldf_sh1_ldf1_seed2_26agents_30rounds_20260804_024555.json,18,19,developed,SI,36574498.53333333,-721.0,36573777.53333333,222725776.60000002,222725776.60000002
20260804_024555,results/simulation_llama3.1_8b_Full_scnldf_sh1_ldf1_seed2_26agents_30rounds_20260804_024555.json,18,20,developed,SI,6431897.533333331,2070.0,6433967.533333331,80541561.60000002,80541561.60000002
20260804_024555,results/simulation_llama3.1_8b_Full_scnldf_sh1_ldf1_seed2_26agents_30rounds_20260804_024555.json,18,21,developed,SI,26574498.53333333,55.0,26574553.53333333,246704763.60000002,246704763.60000002
20260804_024555,results/simulation_llama3.1_8b_Full_scnldf_sh1_ldf1_seed2_26agents_30rounds_20260804_024555.json,18,22,developed,SI,-3425501.4666666687,-11500.0,-3436056.4666666687,257474007.60000002,257474007.60000002
20260804_024555,results/simulation_llama3.1_8b_Full_scnldf_sh1_ldf1_seed2_26agents_30rounds_20260804_024555.json,18,23,developing,SFI,578027.0,0.0,578027.0,4119504.3428571443,4119504.3428571443
20260804_024555,results/simulation_llama3.1_8b_Full_scnldf_sh1_ldf1_seed2_26agents_30rounds_20260804_024555.json,18,24,developed,SI,21574498.53333333,-11.0,21574487.53333333,216167021.60000002,216167021.60000002
20260804_024555,results/simulation_llama3.1_8b_Full_scnldf_sh1_ldf1_seed2_26agents_30rounds_20260804_024555.json,18,25,developed,SI,36574498.53333333,-581.0,36573917.53333333,184604603.60000002,184604603.60000002
20260804_024555,results/simulation_llama3.1_8b_Full_scnldf_sh1_ldf1_seed2_26agents_30rounds_20260804_024555.json,19,0,developed,SI,-42537242.4,-297.0,-42537202.4,49222990.200000025,49222990.200000025
20260804_024555,results/simulation_llama3.1_8b_Full_scnldf_sh1_ldf1_seed2_26agents_30rounds_20260804_024555.json,19,1,developing,SFI,1285117.8285714288,0.0,1285117.8285714288,3195836.1714285733,3195836.1714285733
20260804_024555,results/simulation_llama3.1_8b_Full_scnldf_sh1_ldf1_seed2_26agents_30rounds_20260804_024555.json,19,2,developing,SFI,1285117.8285714288,0.0,1285117.8285714288,17327707.171428572,17327707.171428572
20260804_024555,results/simulation_llama3.1_8b_Full_scnldf_sh1_ldf1_seed2_26agents_30rounds_20260804_024555.json,19,3,developing,SFI,585117.8285714288,0.0,585117.8285714288,1995836.171428573,1995836.171428573
20260804_024555,results/simulation_llama3.1_8b_Full_scnldf_sh1_ldf1_seed2_26agents_30rounds_20260804_024555.json,19,4,developed,SI,29222949.6,-135.0,29222814.6,99905717.19999999,99905717.19999999
20260804_024555,results/simulation_llama3.1_8b_Full_scnldf_sh1_ldf1_seed2_26agents_30rounds_20260804_024555.json,19,5,developing,SFI,1285117.8285714288,0.0,1285117.8285714288,15192812.171428574,15192812.171428574
20260804_024555,results/simulation_llama3.1_8b_Full_scnldf_sh1_ldf1_seed2_26agents_30rounds_20260804_024555.json,19,6,developed,SI,19222949.6,53.0,19223002.6,222141582.20000002,222141582.20000002
20260804_024555,results/simulation_llama3.1_8b_Full_scnldf_sh1_ldf1_seed2_26agents_30rounds_20260804_024555.json,19,7,developed,SI,-777050.3999999985,221.0,-776492.3999999985,142854727.20000002,142854727.20000002
20260804_024555,results/simulation_llama3.1_8b_Full_scnldf_sh1_ldf1_seed2_26agents_30rounds_20260804_024555.json,19,8,developing,SFI,1163580.8285714288,0.0,1163580.8285714288,17079682.171428572,17079682.171428572
20260804_024555,results/simulation_llama3.1_8b_Full_scnldf_sh1_ldf1_seed2_26agents_30rounds_20260804_024555.json,19,9,developing,SFI,1285117.8285714288,0.0,1285117.8285714288,10309156.171428574,10309156.171428574
20260804_024555,results/simulation_llama3.1_8b_Full_scnldf_sh1_ldf1_seed2_26agents_30rounds_20260804_024555.json,19,10,developing,SFI,-2714882.1714285715,0.0,-2714882.1714285715,4834992.171428573,4834992.171428573
20260804_024555,results/simulation_llama3.1_8b_Full_scnldf_sh1_ldf1_seed2_26agents_30rounds_20260804_024555.json,19,11,developing,SFI,1285117.8285714288,0.0,1285117.8285714288,13586712.171428574,13586712.171428574
20260804_024555,results/simulation_llama3.1_8b_Full_scnldf_sh1_ldf1_seed2_26agents_30rounds_20260804_024555.json,19,12,developing,SFI,271355.8285714288,0.0,271355.8285714288,4985047.171428573,4985047.171428573
20260804_024555,results/simulation_llama3.1_8b_Full_scnldf_sh1_ldf1_seed2_26agents_30rounds_20260804_024555.json,19,13,developing,SFI,285117.8285714288,0.0,285117.8285714288,3374531.1714285724,3374531.1714285724
20260804_024555,results/simulation_llama3.1_8b_Full_scnldf_sh1_ldf1_seed2_26agents_30rounds_20260804_024555.json,19,14,developed,SI,39222949.6,-125.0,39222824.6,257500856.20000002,257500856.20000002
20260804_024555,results/simulation_llama3.1_8b_Full_scnldf_sh1_ldf1_seed2_26agents_30rounds_20260804_024555.json,19,15,developing,SFI,-1714882.1714285712,0.0,-1714882.1714285712,4081695.1714285733,4081695.1714285733
20260804_024555,results/simulation_llama3.1_8b_Full_scnldf_sh1_ldf1_seed2_26agents_30rounds_20260804_024555.json,19,16,developing,SFI,1081610.8285714288,0.0,1081610.8285714288,5151757.171428573,5151757.171428573
20260804_024555,results/simulation_llama3.1_8b_Full_scnldf_sh1_ldf1_seed2_26agents_30rounds_20260804_024555.json,19,17,developing,SFI,285117.8285714288,0.0,285117.8285714288,5694670.171428573,5694670.171428573
20260804_024555,results/simulation_llama3.1_8b_Full_scnldf_sh1_ldf1_seed2_26agents_30rounds_20260804_024555.json,19,18,developed,SI,34222949.6,-4016.0,34218933.6,278389517.20000005,278389517.20000005
20260804_024555,results/simulation_llama3.1_8b_Full_scnldf_sh1_ldf1_seed2_26agents_30rounds_20260804_024555.json,19,19,developed,SI,-777050.3999999985,35.0,-776678.3999999985,221949098.20000002,221949098.20000002
20260804_024555,results/simulation_llama3.1_8b_Full_scnldf_sh1_ldf1_seed2_26agents_30rounds_20260804_024555.json,19,20,developed,SI,7139880.6000000015,23.0,7140240.6000000015,87681802.20000002,87681802.20000002
20260804_024555,results/simulation_llama3.1_8b_Full_scnldf_sh1_ldf1_seed2_26agents_30rounds_20260804_024555.json,19,21,developed,SI,49222949.6,-3404.0,49219545.6,295924309.20000005,295924309.20000005
20260804_024555,results/simulation_llama3.1_8b_Full_scnldf_sh1_ldf1_seed2_26agents_30rounds_20260804_024555.json,19,22,developed,SI,49222949.6,-6402.0,49216547.6,306690555.20000005,306690555.20000005
20260804_024555,results/simulation_llama3.1_8b_Full_scnldf_sh1_ldf1_seed2_26agents_30rounds_20260804_024555.json,19,23,developing,SFI,1079142.8285714288,0.0,1079142.8285714288,5198647.171428573,5198647.171428573
20260804_024555,results/simulation_llama3.1_8b_Full_scnldf_sh1_ldf1_seed2_26agents_30rounds_20260804_024555.json,19,24,developed,SI,19740337.6,494.0,19740831.6,235907853.20000002,235907853.20000002
20260804_024555,results/simulation_llama3.1_8b_Full_scnldf_sh1_ldf1_seed2_26agents_30rounds_20260804_024555.json,19,25,developed,SI,18376700.6,41.0,18377078.6,202981682.20000002,202981682.20000002
20260804_024555,results/simulation_llama3.1_8b_Full_scnldf_sh1_ldf1_seed2_26agents_30rounds_20260804_024555.json,20,0,developed,SI,2246383.7333333343,-4965.0,2242680.7333333343,51465670.93333336,51465670.93333336
20260804_024555,results/simulation_llama3.1_8b_Full_scnldf_sh1_ldf1_seed2_26agents_30rounds_20260804_024555.json,20,1,developing,SFI,529418.3999999999,0.0,529418.3999999999,3725254.571428573,3725254.571428573
20260804_024555,results/simulation_llama3.1_8b_Full_scnldf_sh1_ldf1_seed2_26agents_30rounds_20260804_024555.json,20,2,developing,SFI,-13602452.6,0.0,-13602452.6,3725254.5714285728,3725254.5714285728
20260804_024555,results/simulation_llama3.1_8b_Full_scnldf_sh1_ldf1_seed2_26agents_30rounds_20260804_024555.json,20,3,developing,SFI,2225254.4,0.0,2225254.4,4221090.571428573,4221090.571428573
20260804_024555,results/simulation_llama3.1_8b_Full_scnldf_sh1_ldf1_seed2_26agents_30rounds_20260804_024555.json,20,4,developed,SI,11692542.733333334,-7.0,11692535.733333334,111598252.93333332,111598252.93333332
20260804_024555,results/simulation_llama3.1_8b_Full_scnldf_sh1_ldf1_seed2_26agents_30rounds_20260804_024555.json,20,5,developing,SFI,3725254.4,0.0,3725254.4,18918066.571428575,18918066.571428575
20260804_024555,results/simulation_llama3.1_8b_Full_scnldf_sh1_ldf1_seed2_26agents_30rounds_20260804_024555.json,20,6,developed,SI,27465649.733333334,-21156.0,27444493.733333334,249586075.93333334,249586075.93333334
20260804_024555,results/simulation_llama3.1_8b_Full_scnldf_sh1_ldf1_seed2_26agents_30rounds_20260804_024555.json,20,7,developed,SI,-22534350.266666666,-12498.0,-22545586.266666666,120309140.93333335,120309140.93333335
20260804_024555,results/simulation_llama3.1_8b_Full_scnldf_sh1_ldf1_seed2_26agents_30rounds_20260804_024555.json,20,8,developing,SFI,3603717.4,0.0,3603717.4,20683399.57142857,20683399.57142857
20260804_024555,results/simulation_llama3.1_8b_Full_scnldf_sh1_ldf1_seed2_26agents_30rounds_20260804_024555.json,20,9,developing,SFI,3725254.4,0.0,3725254.4,14034410.571428575,14034410.571428575
20260804_024555,results/simulation_llama3.1_8b_Full_scnldf_sh1_ldf1_seed2_26agents_30rounds_20260804_024555.json,20,10,developing,SFI,2725254.4,0.0,2725254.4,7560246.571428573,7560246.571428573
20260804_024555,results/simulation_llama3.1_8b_Full_scnldf_sh1_ldf1_seed2_26agents_30rounds_20260804_024555.json,20,11,developing,SFI,2725254.4,0.0,2725254.4,16311966.571428575,16311966.571428575
20260804_024555,results/simulation_llama3.1_8b_Full_scnldf_sh1_ldf1_seed2_26agents_30rounds_20260804_024555.json,20,12,developing,SFI,2725254.4,0.0,2725254.4,7710301.571428573,7710301.571428573
20260804_024555,results/simulation_llama3.1_8b_Full_scnldf_sh1_ldf1_seed2_26agents_30rounds_20260804_024555.json,20,13,developing,SFI,2274358.4,0.0,2274358.4,5648889.571428573,5648889.571428573
20260804_024555,results/simulation_llama3.1_8b_Full_scnldf_sh1_ldf1_seed2_26agents_30rounds_20260804_024555.json,20,14,developed,SI,7465649.733333334,3030.0,7469941.733333334,264970797.93333334,264970797.93333334
20260804_024555,results/simulation_llama3.1_8b_Full_scnldf_sh1_ldf1_seed2_26agents_30rounds_20260804_024555.json,20,15,developing,SFI,1725254.4,0.0,1725254.4,5806949.571428573,5806949.571428573
20260804_024555,results/simulation_llama3.1_8b_Full_scnldf_sh1_ldf1_seed2_26agents_30rounds_20260804_024555.json,20,16,developing,SFI,3725254.4,0.0,3725254.4,8877011.571428573,8877011.571428573
20260804_024555,results/simulation_llama3.1_8b_Full_scnldf_sh1_ldf1_seed2_26agents_30rounds_20260804_024555.json,20,17,developing,SFI,1725254.4,0.0,1725254.4,7419924.571428573,7419924.571428573
20260804_024555,results/simulation_llama3.1_8b_Full_scnldf_sh1_ldf1_seed2_26agents_30rounds_20260804_024555.json,20,18,developed,SI,12465649.733333334,-12.0,12465637.733333334,290855154.9333334,290855154.9333334
20260804_024555,results/simulation_llama3.1_8b_Full_scnldf_sh1_ldf1_seed2_26agents_30rounds_20260804_024555.json,20,19,developed,SI,12465649.733333334,-126.0,12465523.733333334,234414621.93333334,234414621.93333334
20260804_024555,results/simulation_llama3.1_8b_Full_scnldf_sh1_ldf1_seed2_26agents_30rounds_20260804_024555.json,20,20,developed,SI,17465649.733333334,-44.0,17465605.733333334,105147407.93333335,105147407.93333335
20260804_024555,results/simulation_llama3.1_8b_Full_scnldf_sh1_ldf1_seed2_26agents_30rounds_20260804_024555.json,20,21,developed,SI,12465649.733333334,-46.0,12465603.733333334,308389912.9333334,308389912.9333334
20260804_024555,results/simulation_llama3.1_8b_Full_scnldf_sh1_ldf1_seed2_26agents_30rounds_20260804_024555.json,20,22,developed,SI,7465649.733333334,-13.0,7466898.733333334,314157453.9333334,314157453.9333334
20260804_024555,results/simulation_llama3.1_8b_Full_scnldf_sh1_ldf1_seed2_26agents_30rounds_20260804_024555.json,20,23,developing,SFI,1725254.4,0.0,1725254.4,6923901.571428573,6923901.571428573
20260804_024555,results/simulation_llama3.1_8b_Full_scnldf_sh1_ldf1_seed2_26agents_30rounds_20260804_024555.json,20,24,developed,SI,7465649.733333334,2015.0,7468926.733333334,243376779.93333334,243376779.93333334
20260804_024555,results/simulation_llama3.1_8b_Full_scnldf_sh1_ldf1_seed2_26agents_30rounds_20260804_024555.json,20,25,developed,SI,27465649.733333334,-16666.0,27448983.733333334,230430665.93333334,230430665.93333334
20260804_024555,results/simulation_llama3.1_8b_Full_scnldf_sh1_ldf1_seed2_26agents_30rounds_20260804_024555.json,21,0,developed,SI,40908899.53333334,-165.0,40908734.53333334,92374405.4666667,92374405.4666667
20260804_024555,results/simulation_llama3.1_8b_Full_scnldf_sh1_ldf1_seed2_26agents_30rounds_20260804_024555.json,21,1,developing,SFI,4911406.057142858,0.0,4911406.057142858,8636660.628571432,8636660.628571432
20260804_024555,results/simulation_llama3.1_8b_Full_scnldf_sh1_ldf1_seed2_26agents_30rounds_20260804_024555.json,21,2,developing,SFI,2186152.0571428584,0.0,2186152.0571428584,5911406.628571431,5911406.628571431
20260804_024555,results/simulation_llama3.1_8b_Full_scnldf_sh1_ldf1_seed2_26agents_30rounds_20260804_024555.json,21,3,developing,SFI,3811406.0571428584,0.0,3811406.0571428584,8032496.628571431,8032496.628571431
20260804_024555,results/simulation_llama3.1_8b_Full_scnldf_sh1_ldf1_seed2_26agents_30rounds_20260804_024555.json,21,4,developed,SI,37342818.53333334,-19.0,37347962.53333334,148946215.46666667,148946215.46666667
20260804_024555,results/simulation_llama3.1_8b_Full_scnldf_sh1_ldf1_seed2_26agents_30rounds_20260804_024555.json,21,5,developing,SFI,911406.0571428584,0.0,911406.0571428584,19829472.628571432,19829472.628571432
20260804_024555,results/simulation_llama3.1_8b_Full_scnldf_sh1_ldf1_seed2_26agents_30rounds_20260804_024555.json,21,6,developed,SI,57342818.53333334,-65106.0,57277712.53333334,306863788.4666667,306863788.4666667
20260804_024555,results/simulation_llama3.1_8b_Full_scnldf_sh1_ldf1_seed2_26agents_30rounds_20260804_024555.json,21,7,developed,SI,-62657181.46666666,2034.0,-62649984.46666666,57659156.46666669,57659156.46666669
20260804_024555,results/simulation_llama3.1_8b_Full_scnldf_sh1_ldf1_seed2_26agents_30rounds_20260804_024555.json,21,8,developing,SFI,5789869.057142858,0.0,5789869.057142858,26473268.62857143,26473268.62857143
20260804_024555,results/simulation_llama3.1_8b_Full_scnldf_sh1_ldf1_seed2_26agents_30rounds_20260804_024555.json,21,9,developing,SFI,-4088593.9428571416,0.0,-4088593.9428571416,9945816.628571432,9945816.628571432
20260804_024555,results/simulation_llama3.1_8b_Full_scnldf_sh1_ldf1_seed2_26agents_30rounds_20260804_024555.json,21,10,developing,SFI,5533394.057142858,0.0,5533394.057142858,13093640.628571432,13093640.628571432
20260804_024555,results/simulation_llama3.1_8b_Full_scnldf_sh1_ldf1_seed2_26agents_30rounds_20260804_024555.json,21,11,developing,SFI,-4088593.9428571416,0.0,-4088593.9428571416,12223372.628571432,12223372.628571432
20260804_024555,results/simulation_llama3.1_8b_Full_scnldf_sh1_ldf1_seed2_26agents_30rounds_20260804_024555.json,21,12,developing,SFI,2911406.0571428584,0.0,2911406.0571428584,10621707.628571432,10621707.628571432
20260804_024555,results/simulation_llama3.1_8b_Full_scnldf_sh1_ldf1_seed2_26agents_30rounds_20260804_024555.json,21,13,developing,SFI,3911406.0571428584,0.0,3911406.0571428584,9560295.628571432,9560295.628571432
20260804_024555,results/simulation_llama3.1_8b_Full_scnldf_sh1_ldf1_seed2_26agents_30rounds_20260804_024555.json,21,14,developed,SI,7342818.533333339,4073.0,7352054.533333339,272322852.4666667,272322852.4666667
20260804_024555,results/simulation_llama3.1_8b_Full_scnldf_sh1_ldf1_seed2_26agents_30rounds_20260804_024555.json,21,15,developing,SFI,3011406.0571428584,0.0,3011406.0571428584,8818355.628571432,8818355.628571432
20260804_024555,results/simulation_llama3.1_8b_Full_scnldf_sh1_ldf1_seed2_26agents_30rounds_20260804_024555.json,21,16,developing,SFI,3411406.0571428584,0.0,3411406.0571428584,12288417.628571432,12288417.628571432
20260804_024555,results/simulation_llama3.1_8b_Full_scnldf_sh1_ldf1_seed2_26agents_30rounds_20260804_024555.json,21,17,developing,SFI,911406.0571428584,0.0,911406.0571428584,8331330.628571431,8331330.628571431
20260804_024555,results/simulation_llama3.1_8b_Full_scnldf_sh1_ldf1_seed2_26agents_30rounds_20260804_024555.json,21,18,developed,SI,39979875.53333334,-20.0,39979855.53333334,330835010.46666676,330835010.46666676
20260804_024555,results/simulation_llama3.1_8b_Full_scnldf_sh1_ldf1_seed2_26agents_30rounds_20260804_024555.json,21,19,developed,SI,42342818.53333334,-21560.0,42321258.53333334,276735880.4666667,276735880.4666667
20260804_024555,results/simulation_llama3.1_8b_Full_scnldf_sh1_ldf1_seed2_26agents_30rounds_20260804_024555.json,21,20,developed,SI,39525330.53333334,1481.0,39526811.53333334,144674219.4666667,144674219.4666667
20260804_024555,results/simulation_llama3.1_8b_Full_scnldf_sh1_ldf1_seed2_26agents_30rounds_20260804_024555.json,21,21,developed,SI,42342818.53333334,-22069.0,42320749.53333334,350710662.46666676,350710662.46666676
20260804_024555,results/simulation_llama3.1_8b_Full_scnldf_sh1_ldf1_seed2_26agents_30rounds_20260804_024555.json,21,22,developed,SI,42342818.53333334,-32019.0,42310799.53333334,356468253.46666676,356468253.46666676
20260804_024555,results/simulation_llama3.1_8b_Full_scnldf_sh1_ldf1_seed2_26agents_30rounds_20260804_024555.json,21,23,developing,SFI,1911406.0571428584,0.0,1911406.0571428584,8835307.628571432,8835307.628571432
20260804_024555,results/simulation_llama3.1_8b_Full_scnldf_sh1_ldf1_seed2_26agents_30rounds_20260804_024555.json,21,24,developed,SI,-66113970.46666666,5503.0,-66103304.46666666,177273475.46666667,177273475.46666667
20260804_024555,results/simulation_llama3.1_8b_Full_scnldf_sh1_ldf1_seed2_26agents_30rounds_20260804_024555.json,21,25,developed,SI,37342818.53333334,-27044.0,37320937.53333334,267751603.46666667,267751603.46666667
20260804_024555,results/simulation_llama3.1_8b_Full_scnldf_sh1_ldf1_seed2_26agents_30rounds_20260804_024555.json,22,0,developed,SI,-49559869.73333333,-14.0,-49553377.73333333,42821027.73333337,42821027.73333337
20260804_024555,results/simulation_llama3.1_8b_Full_scnldf_sh1_ldf1_seed2_26agents_30rounds_20260804_024555.json,22,1,developing,SFI,81971.885714286,0.0,81971.885714286,8718632.514285717,8718632.514285717
20260804_024555,results/simulation_llama3.1_8b_Full_scnldf_sh1_ldf1_seed2_26agents_30rounds_20260804_024555.json,22,2,developing,SFI,277807.885714286,0.0,277807.885714286,6189214.514285717,6189214.514285717
20260804_024555,results/simulation_llama3.1_8b_Full_scnldf_sh1_ldf1_seed2_26agents_30rounds_20260804_024555.json,22,3,developing,SFI,277807.885714286,0.0,277807.885714286,8310304.514285717,8310304.514285717
20260804_024555,results/simulation_llama3.1_8b_Full_scnldf_sh1_ldf1_seed2_26agents_30rounds_20260804_024555.json,22,4,developed,SI,12200322.266666673,4999.0,12211827.266666673,161158042.73333335,161158042.73333335
20260804_024555,results/simulation_llama3.1_8b_Full_scnldf_sh1_ldf1_seed2_26agents_30rounds_20260804_024555.json,22,5,developing,SFI,3277807.885714286,0.0,3277807.885714286,23107280.514285717,23107280.514285717
20260804_024555,results/simulation_llama3.1_8b_Full_scnldf_sh1_ldf1_seed2_26agents_30rounds_20260804_024555.json,22,6,developed,SI,27200322.266666673,-70026.0,27130296.266666673,333994084.73333335,333994084.73333335
20260804_024555,results/simulation_llama3.1_8b_Full_scnldf_sh1_ldf1_seed2_26agents_30rounds_20260804_024555.json,22,7,developed,SI,-15458833.733333327,-6.0,-15452333.733333327,42206822.733333364,42206822.733333364
20260804_024555,results/simulation_llama3.1_8b_Full_scnldf_sh1_ldf1_seed2_26agents_30rounds_20260804_024555.json,22,8,developing,SFI,3156270.885714286,0.0,3156270.885714286,29629539.514285713,29629539.514285713
20260804_024555,results/simulation_llama3.1_8b_Full_scnldf_sh1_ldf1_seed2_26agents_30rounds_20260804_024555.json,22,9,developing,SFI,-1667988.114285714,0.0,-1667988.114285714,8277828.514285718,8277828.514285718
20260804_024555,results/simulation_llama3.1_8b_Full_scnldf_sh1_ldf1_seed2_26agents_30rounds_20260804_024555.json,22,10,developing,SFI,2277807.885714286,0.0,2277807.885714286,15371448.514285717,15371448.514285717
20260804_024555,results/simulation_llama3.1_8b_Full_scnldf_sh1_ldf1_seed2_26agents_30rounds_20260804_024555.json,22,11,developing,SFI,3277807.885714286,0.0,3277807.885714286,15501180.514285717,15501180.514285717
20260804_024555,results/simulation_llama3.1_8b_Full_scnldf_sh1_ldf1_seed2_26agents_30rounds_20260804_024555.json,22,12,developing,SFI,3277807.885714286,0.0,3277807.885714286,13899515.514285717,13899515.514285717
20260804_024555,results/simulation_llama3.1_8b_Full_scnldf_sh1_ldf1_seed2_26agents_30rounds_20260804_024555.json,22,13,developing,SFI,3277807.885714286,0.0,3277807.885714286,12838103.514285717,12838103.514285717
20260804_024555,results/simulation_llama3.1_8b_Full_scnldf_sh1_ldf1_seed2_26agents_30rounds_20260804_024555.json,22,14,developed,SI,27200322.266666673,52472.0,27252794.266666673,299575646.73333335,299575646.73333335
20260804_024555,results/simulation_llama3.1_8b_Full_scnldf_sh1_ldf1_seed2_26agents_30rounds_20260804_024555.json,22,15,developing,SFI,-722192.114285714,0.0,-722192.114285714,8096163.514285718,8096163.514285718
20260804_024555,results/simulation_llama3.1_8b_Full_scnldf_sh1_ldf1_seed2_26agents_30rounds_20260804_024555.json,22,16,developing,SFI,1277807.885714286,0.0,1277807.885714286,13566225.514285717,13566225.514285717
20260804_024555,results/simulation_llama3.1_8b_Full_scnldf_sh1_ldf1_seed2_26agents_30rounds_20260804_024555.json,22,17,developing,SFI,277807.885714286,0.0,277807.885714286,8609138.514285717,8609138.514285717
20260804_024555,results/simulation_llama3.1_8b_Full_scnldf_sh1_ldf1_seed2_26agents_30rounds_20260804_024555.json,22,18,developed,SI,27200322.266666673,5000.0,27205322.266666673,358040332.7333334,358040332.7333334
20260804_024555,results/simulation_llama3.1_8b_Full_scnldf_sh1_ldf1_seed2_26agents_30rounds_20260804_024555.json,22,19,developed,SI,42200322.26666667,-50050.0,42150272.26666667,318886152.73333335,318886152.73333335
20260804_024555,results/simulation_llama3.1_8b_Full_scnldf_sh1_ldf1_seed2_26agents_30rounds_20260804_024555.json,22,20,developed,SI,117253.26666667312,1018.0,124777.26666667312,144798996.73333338,144798996.73333338
20260804_024555,results/simulation_llama3.1_8b_Full_scnldf_sh1_ldf1_seed2_26agents_30rounds_20260804_024555.json,22,21,developed,SI,27200322.266666673,-70000.0,27130322.266666673,377840984.7333334,377840984.7333334
20260804_024555,results/simulation_llama3.1_8b_Full_scnldf_sh1_ldf1_seed2_26agents_30rounds_20260804_024555.json,22,22,developed,SI,22200322.266666673,-18500.0,22188328.266666673,378656581.7333334,378656581.7333334
20260804_024555,results/simulation_llama3.1_8b_Full_scnldf_sh1_ldf1_seed2_26agents_30rounds_20260804_024555.json,22,23,developing,SFI,-1139842.114285714,0.0,-1139842.114285714,7695465.514285718,7695465.514285718
20260804_024555,results/simulation_llama3.1_8b_Full_scnldf_sh1_ldf1_seed2_26agents_30rounds_20260804_024555.json,22,24,developed,SI,42200322.26666667,-50070.0,42150252.26666667,219423727.73333335,219423727.73333335
20260804_024555,results/simulation_llama3.1_8b_Full_scnldf_sh1_ldf1_seed2_26agents_30rounds_20260804_024555.json,22,25,developed,SI,27200322.266666673,-30.0,27200292.266666673,294951895.73333335,294951895.73333335
20260804_024555,results/simulation_llama3.1_8b_Full_scnldf_sh1_ldf1_seed2_26agents_30rounds_20260804_024555.json,23,0,developed,SI,59558389.2,-2888.0,59556430.2,102377457.93333337,102377457.93333337
20260804_024555,results/simulation_llama3.1_8b_Full_scnldf_sh1_ldf1_seed2_26agents_30rounds_20260804_024555.json,23,1,developing,SFI,2776610.8571428573,0.0,2776610.8571428573,11495243.371428575,11495243.371428575
20260804_024555,results/simulation_llama3.1_8b_Full_scnldf_sh1_ldf1_seed2_26agents_30rounds_20260804_024555.json,23,2,developing,SFI,5776610.857142857,0.0,5776610.857142857,11965825.371428575,11965825.371428575
20260804_024555,results/simulation_llama3.1_8b_Full_scnldf_sh1_ldf1_seed2_26agents_30rounds_20260804_024555.json,23,3,developing,SFI,3676610.8571428573,0.0,3676610.8571428573,11986915.371428575,11986915.371428575
20260804_024555,results/simulation_llama3.1_8b_Full_scnldf_sh1_ldf1_seed2_26agents_30rounds_20260804_024555.json,23,4,developed,SI,70129818.2,-6294.0,70124453.2,231282495.93333334,231282495.93333334
20260804_024555,results/simulation_llama3.1_8b_Full_scnldf_sh1_ldf1_seed2_26agents_30rounds_20260804_024555.json,23,5,developing,SFI,-14223389.142857142,0.0,-14223389.142857142,8883891.371428575,8883891.371428575
20260804_024555,results/simulation_llama3.1_8b_Full_scnldf_sh1_ldf1_seed2_26agents_30rounds_20260804_024555.json,23,6,developed,SI,74149079.2,1826.0,74150905.2,408144989.93333334,408144989.93333334
20260804_024555,results/simulation_llama3.1_8b_Full_scnldf_sh1_ldf1_seed2_26agents_30rounds_20260804_024555.json,23,7,developed,SI,99448048.2,-5221.0,99442827.2,141649649.93333337,141649649.93333337
20260804_024555,results/simulation_llama3.1_8b_Full_scnldf_sh1_ldf1_seed2_26agents_30rounds_20260804_024555.json,23,8,developing,SFI,5655073.857142857,0.0,5655073.857142857,35284613.37142857,35284613.37142857
20260804_024555,results/simulation_llama3.1_8b_Full_scnldf_sh1_ldf1_seed2_26agents_30rounds_20260804_024555.json,23,9,developing,SFI,830814.8571428573,0.0,830814.8571428573,9108643.371428575,9108643.371428575
20260804_024555,results/simulation_llama3.1_8b_Full_scnldf_sh1_ldf1_seed2_26agents_30rounds_20260804_024555.json,23,10,developing,SFI,5398598.857142857,0.0,5398598.857142857,20770047.371428575,20770047.371428575
20260804_024555,results/simulation_llama3.1_8b_Full_scnldf_sh1_ldf1_seed2_26agents_30rounds_20260804_024555.json,23,11,developing,SFI,5776610.857142857,0.0,5776610.857142857,21277791.371428575,21277791.371428575
20260804_024555,results/simulation_llama3.1_8b_Full_scnldf_sh1_ldf1_seed2_26agents_30rounds_20260804_024555.json,23,12,developing,SFI,2776610.8571428573,0.0,2776610.8571428573,16676126.371428575,16676126.371428575
20260804_024555,results/simulation_llama3.1_8b_Full_scnldf_sh1_ldf1_seed2_26agents_30rounds_20260804_024555.json,23,13,developing,SFI,776610.8571428573,0.0,776610.8571428573,13614714.371428575,13614714.371428575
20260804_024555,results/simulation_llama3.1_8b_Full_scnldf_sh1_ldf1_seed2_26agents_30rounds_20260804_024555.json,23,14,developed,SI,51558389.2,940.0,51560258.2,351135904.93333334,351135904.93333334
20260804_024555,results/simulation_llama3.1_8b_Full_scnldf_sh1_ldf1_seed2_26agents_30rounds_20260804_024555.json,23,15,developing,SFI,2776610.8571428573,0.0,2776610.8571428573,10872774.371428575,10872774.371428575
20260804_024555,results/simulation_llama3.1_8b_Full_scnldf_sh1_ldf1_seed2_26agents_30rounds_20260804_024555.json,23,16,developing,SFI,776610.8571428573,0.0,776610.8571428573,14342836.371428575,14342836.371428575
20260804_024555,results/simulation_llama3.1_8b_Full_scnldf_sh1_ldf1_seed2_26agents_30rounds_20260804_024555.json,23,17,developing,SFI,5776610.857142857,0.0,5776610.857142857,14385749.371428575,14385749.371428575
20260804_024555,results/simulation_llama3.1_8b_Full_scnldf_sh1_ldf1_seed2_26agents_30rounds_20260804_024555.json,23,18,developed,SI,74149079.2,-26.0,74149053.2,432189385.9333334,432189385.9333334
20260804_024555,results/simulation_llama3.1_8b_Full_scnldf_sh1_ldf1_seed2_26agents_30rounds_20260804_024555.json,23,19,developed,SI,86558389.2,-6417.0,86551972.2,405438124.93333334,405438124.93333334
20260804_024555,results/simulation_llama3.1_8b_Full_scnldf_sh1_ldf1_seed2_26agents_30rounds_20260804_024555.json,23,20,developed,SI,91558389.2,-8135.0,91550254.2,236349250.9333334,236349250.9333334
20260804_024555,results/simulation_llama3.1_8b_Full_scnldf_sh1_ldf1_seed2_26agents_30rounds_20260804_024555.json,23,21,developed,SI,86558389.2,-4117.0,86554272.2,464395256.9333334,464395256.9333334
20260804_024555,results/simulation_llama3.1_8b_Full_scnldf_sh1_ldf1_seed2_26agents_30rounds_20260804_024555.json,23,22,developed,SI,74603624.2,2486.0,74606110.2,453262691.9333334,453262691.9333334
20260804_024555,results/simulation_llama3.1_8b_Full_scnldf_sh1_ldf1_seed2_26agents_30rounds_20260804_024555.json,23,23,developing,SFI,1776610.8571428573,0.0,1776610.8571428573,9472076.371428575,9472076.371428575
20260804_024555,results/simulation_llama3.1_8b_Full_scnldf_sh1_ldf1_seed2_26agents_30rounds_20260804_024555.json,23,24,developed,SI,-117865337.8,-18.0,-117864426.8,101559300.93333335,101559300.93333335
20260804_024555,results/simulation_llama3.1_8b_Full_scnldf_sh1_ldf1_seed2_26agents_30rounds_20260804_024555.json,23,25,developed,SI,-193393505.8,-21.0,-193392597.8,101559297.93333334,101559297.93333334
20260804_024555,results/simulation_llama3.1_8b_Full_scnldf_sh1_ldf1_seed2_26agents_30rounds_20260804_024555.json,24,0,developed,SI,-7459665.733333331,78.0,-7459208.733333331,94918249.20000003,94918249.20000003
20260804_024555,results/simulation_llama3.1_8b_Full_scnldf_sh1_ldf1_seed2_26agents_30rounds_20260804_024555.json,24,1,developing,SFI,-7225730.085714285,0.0,-7225730.085714285,4269513.28571429,4269513.28571429
20260804_024555,results/simulation_llama3.1_8b_Full_scnldf_sh1_ldf1_seed2_26agents_30rounds_20260804_024555.json,24,2,developing,SFI,4269512.914285715,0.0,4269512.914285715,16235338.285714291,16235338.285714291
20260804_024555,results/simulation_llama3.1_8b_Full_scnldf_sh1_ldf1_seed2_26agents_30rounds_20260804_024555.json,24,3,developing,SFI,-730487.0857142853,0.0,-730487.0857142853,11256428.285714291,11256428.285714291
20260804_024555,results/simulation_llama3.1_8b_Full_scnldf_sh1_ldf1_seed2_26agents_30rounds_20260804_024555.json,24,4,developed,SI,32540334.26666667,-4283.0,32536051.26666667,263818547.20000002,263818547.20000002
20260804_024555,results/simulation_llama3.1_8b_Full_scnldf_sh1_ldf1_seed2_26agents_30rounds_20260804_024555.json,24,5,developing,SFI,4269512.914285715,0.0,4269512.914285715,13153404.285714291,13153404.285714291
20260804_024555,results/simulation_llama3.1_8b_Full_scnldf_sh1_ldf1_seed2_26agents_30rounds_20260804_024555.json,24,6,developed,SI,12540334.26666667,-30.0,12540683.26666667,420685673.2,420685673.2
20260804_024555,results/simulation_llama3.1_8b_Full_scnldf_sh1_ldf1_seed2_26agents_30rounds_20260804_024555.json,24,7,developed,SI,-36512172.733333334,55.0,-36511738.733333334,105137911.20000003,105137911.20000003
20260804_024555,results/simulation_llama3.1_8b_Full_scnldf_sh1_ldf1_seed2_26agents_30rounds_20260804_024555.json,24,8,developing,SFI,4147975.9142857147,0.0,4147975.9142857147,39432589.28571428,39432589.28571428
20260804_024555,results/simulation_llama3.1_8b_Full_scnldf_sh1_ldf1_seed2_26agents_30rounds_20260804_024555.json,24,9,developing,SFI,-676283.0857142853,0.0,-676283.0857142853,8432360.285714291,8432360.285714291
20260804_024555,results/simulation_llama3.1_8b_Full_scnldf_sh1_ldf1_seed2_26agents_30rounds_20260804_024555.json,24,10,developing,SFI,3891500.9142857147,0.0,3891500.9142857147,24661548.28571429,24661548.28571429
20260804_024555,results/simulation_llama3.1_8b_Full_scnldf_sh1_ldf1_seed2_26agents_30rounds_20260804_024555.json,24,11,developing,SFI,4269512.914285715,0.0,4269512.914285715,25547304.28571429,25547304.28571429
20260804_024555,results/simulation_llama3.1_8b_Full_scnldf_sh1_ldf1_seed2_26agents_30rounds_20260804_024555.json,24,12,developing,SFI,1269512.9142857147,0.0,1269512.9142857147,17945639.28571429,17945639.28571429
20260804_024555,results/simulation_llama3.1_8b_Full_scnldf_sh1_ldf1_seed2_26agents_30rounds_20260804_024555.json,24,13,developing,SFI,2269512.9142857147,0.0,2269512.9142857147,15884227.285714291,15884227.285714291
20260804_024555,results/simulation_llama3.1_8b_Full_scnldf_sh1_ldf1_seed2_26agents_30rounds_20260804_024555.json,24,14,developed,SI,22540334.26666667,-117.0,22540217.26666667,373676122.2,373676122.2
20260804_024555,results/simulation_llama3.1_8b_Full_scnldf_sh1_ldf1_seed2_26agents_30rounds_20260804_024555.json,24,15,developing,SFI,1269512.9142857147,0.0,1269512.9142857147,12142287.285714291,12142287.285714291
20260804_024555,results/simulation_llama3.1_8b_Full_scnldf_sh1_ldf1_seed2_26agents_30rounds_20260804_024555.json,24,16,developing,SFI,4269512.914285715,0.0,4269512.914285715,18612349.28571429,18612349.28571429
20260804_024555,results/simulation_llama3.1_8b_Full_scnldf_sh1_ldf1_seed2_26agents_30rounds_20260804_024555.json,24,17,developing,SFI,1269512.9142857147,0.0,1269512.9142857147,15655262.285714291,15655262.285714291
20260804_024555,results/simulation_llama3.1_8b_Full_scnldf_sh1_ldf1_seed2_26agents_30rounds_20260804_024555.json,24,18,developed,SI,12540334.26666667,-33.0,12540680.26666667,444730066.20000005,444730066.20000005
20260804_024555,results/simulation_llama3.1_8b_Full_scnldf_sh1_ldf1_seed2_26agents_30rounds_20260804_024555.json,24,19,developed,SI,17540334.26666667,-58.0,17540276.26666667,422978401.2,422978401.2
20260804_024555,results/simulation_llama3.1_8b_Full_scnldf_sh1_ldf1_seed2_26agents_30rounds_20260804_024555.json,24,20,developed,SI,32540334.26666667,-3325.0,32537009.26666667,268886260.20000005,268886260.20000005
20260804_024555,results/simulation_llama3.1_8b_Full_scnldf_sh1_ldf1_seed2_26agents_30rounds_20260804_024555.json,24,21,developed,SI,17540334.26666667,-38.0,17540296.26666667,481935553.20000005,481935553.20000005
20260804_024555,results/simulation_llama3.1_8b_Full_scnldf_sh1_ldf1_seed2_26agents_30rounds_20260804_024555.json,24,22,developed,SI,17540334.26666667,-65.0,17540269.26666667,470802961.20000005,470802961.20000005
20260804_024555,results/simulation_llama3.1_8b_Full_scnldf_sh1_ldf1_seed2_26agents_30rounds_20260804_024555.json,24,23,developing,SFI,-148137.08571428526,0.0,-148137.08571428526,9323939.285714291,9323939.285714291
20260804_024555,results/simulation_llama3.1_8b_Full_scnldf_sh1_ldf1_seed2_26agents_30rounds_20260804_024555.json,24,24,developed,SI,22540334.26666667,-6540.0,22533794.26666667,124093095.20000002,124093095.20000002
20260804_024555,results/simulation_llama3.1_8b_Full_scnldf_sh1_ldf1_seed2_26agents_30rounds_20260804_024555.json,24,25,developed,SI,2540334.2666666694,2971.0,2543684.2666666694,104102982.2,104102982.2
20260804_024555,results/simulation_llama3.1_8b_Full_scnldf_sh1_ldf1_seed2_26agents_30rounds_20260804_024555.json,25,0,developed,SI,18549961.06666667,-3.0,18549988.06666667,113468237.26666671,113468237.26666671
20260804_024555,results/simulation_llama3.1_8b_Full_scnldf_sh1_ldf1_seed2_26agents_30rounds_20260804_024555.json,25,1,developing,SFI,936351.5428571431,0.0,936351.5428571431,5205864.828571433,5205864.828571433
20260804_024555,results/simulation_llama3.1_8b_Full_scnldf_sh1_ldf1_seed2_26agents_30rounds_20260804_024555.json,25,2,developing,SFI,4132187.542857143,0.0,4132187.542857143,20367525.828571435,20367525.828571435
20260804_024555,results/simulation_llama3.1_8b_Full_scnldf_sh1_ldf1_seed2_26agents_30rounds_20260804_024555.json,25,3,developing,SFI,-867812.4571428569,0.0,-867812.4571428569,10388615.828571435,10388615.828571435
20260804_024555,results/simulation_llama3.1_8b_Full_scnldf_sh1_ldf1_seed2_26agents_30rounds_20260804_024555.json,25,4,developed,SI,12121390.06666667,-100.0,12121320.06666667,275939867.2666667,275939867.2666667
20260804_024555,results/simulation_llama3.1_8b_Full_scnldf_sh1_ldf1_seed2_26agents_30rounds_20260804_024555.json,25,5,developing,SFI,132187.5428571431,0.0,132187.5428571431,13285591.828571435,13285591.828571435
20260804_024555,results/simulation_llama3.1_8b_Full_scnldf_sh1_ldf1_seed2_26agents_30rounds_20260804_024555.json,25,6,developed,SI,23181552.06666667,-61.0,23181491.06666667,443867164.26666665,443867164.26666665
20260804_024555,results/simulation_llama3.1_8b_Full_scnldf_sh1_ldf1_seed2_26agents_30rounds_20260804_024555.json,25,7,developed,SI,-36450038.93333333,179.0,-36449829.93333333,68688081.26666671,68688081.26666671
20260804_024555,results/simulation_llama3.1_8b_Full_scnldf_sh1_ldf1_seed2_26agents_30rounds_20260804_024555.json,25,8,developing,SFI,4010650.542857143,0.0,4010650.542857143,43443239.828571424,43443239.828571424
20260804_024555,results/simulation_llama3.1_8b_Full_scnldf_sh1_ldf1_seed2_26agents_30rounds_20260804_024555.json,25,9,developing,SFI,3710569.542857143,0.0,3710569.542857143,12142929.828571435,12142929.828571435
20260804_024555,results/simulation_llama3.1_8b_Full_scnldf_sh1_ldf1_seed2_26agents_30rounds_20260804_024555.json,25,10,developing,SFI,4132187.542857143,0.0,4132187.542857143,28793735.828571435,28793735.828571435
20260804_024555,results/simulation_llama3.1_8b_Full_scnldf_sh1_ldf1_seed2_26agents_30rounds_20260804_024555.json,25,11,developing,SFI,-5867812.457142857,0.0,-5867812.457142857,19679491.828571435,19679491.828571435
20260804_024555,results/simulation_llama3.1_8b_Full_scnldf_sh1_ldf1_seed2_26agents_30rounds_20260804_024555.json,25,12,developing,SFI,4132187.542857143,0.0,4132187.542857143,22077826.828571435,22077826.828571435
20260804_024555,results/simulation_llama3.1_8b_Full_scnldf_sh1_ldf1_seed2_26agents_30rounds_20260804_024555.json,25,13,developing,SFI,4132187.542857143,0.0,4132187.542857143,20016414.828571435,20016414.828571435
20260804_024555,results/simulation_llama3.1_8b_Full_scnldf_sh1_ldf1_seed2_26agents_30rounds_20260804_024555.json,25,14,developed,SI,33549961.06666667,-135.0,33549826.06666667,407225948.26666665,407225948.26666665
20260804_024555,results/simulation_llama3.1_8b_Full_scnldf_sh1_ldf1_seed2_26agents_30rounds_20260804_024555.json,25,15,developing,SFI,1132187.542857143,0.0,1132187.542857143,13274474.828571435,13274474.828571435
20260804_024555,results/simulation_llama3.1_8b_Full_scnldf_sh1_ldf1_seed2_26agents_30rounds_20260804_024555.json,25,16,developing,SFI,1132187.542857143,0.0,1132187.542857143,19744536.828571435,19744536.828571435
20260804_024555,results/simulation_llama3.1_8b_Full_scnldf_sh1_ldf1_seed2_26agents_30rounds_20260804_024555.json,25,17,developing,SFI,1132187.542857143,0.0,1132187.542857143,16787449.828571435,16787449.828571435
20260804_024555,results/simulation_llama3.1_8b_Full_scnldf_sh1_ldf1_seed2_26agents_30rounds_20260804_024555.json,25,18,developed,SI,23181552.06666667,-54.0,23181498.06666667,467911564.2666667,467911564.2666667
20260804_024555,results/simulation_llama3.1_8b_Full_scnldf_sh1_ldf1_seed2_26agents_30rounds_20260804_024555.json,25,19,developed,SI,23549961.06666667,-60.0,23549901.06666667,446528302.26666665,446528302.26666665
20260804_024555,results/simulation_llama3.1_8b_Full_scnldf_sh1_ldf1_seed2_26agents_30rounds_20260804_024555.json,25,20,developed,SI,28549961.06666667,-261.0,28549700.06666667,297435960.2666667,297435960.2666667
20260804_024555,results/simulation_llama3.1_8b_Full_scnldf_sh1_ldf1_seed2_26agents_30rounds_20260804_024555.json,25,21,developed,SI,23549961.06666667,-137.0,23549824.06666667,505485377.2666667,505485377.2666667
20260804_024555,results/simulation_llama3.1_8b_Full_scnldf_sh1_ldf1_seed2_26agents_30rounds_20260804_024555.json,25,22,developed,SI,18549961.06666667,-191.0,18549800.06666667,489352761.2666667,489352761.2666667
20260804_024555,results/simulation_llama3.1_8b_Full_scnldf_sh1_ldf1_seed2_26agents_30rounds_20260804_024555.json,25,23,developing,SFI,-285462.4571428569,0.0,-285462.4571428569,9038476.828571435,9038476.828571435
20260804_024555,results/simulation_llama3.1_8b_Full_scnldf_sh1_ldf1_seed2_26agents_30rounds_20260804_024555.json,25,24,developed,SI,3549961.06666667,138.0,3550129.06666667,127643224.26666668,127643224.26666668
20260804_024555,results/simulation_llama3.1_8b_Full_scnldf_sh1_ldf1_seed2_26agents_30rounds_20260804_024555.json,25,25,developed,SI,24090642.06666667,-221.0,24090421.06666667,128193403.26666668,128193403.26666668
20260804_024555,results/simulation_llama3.1_8b_Full_scnldf_sh1_ldf1_seed2_26agents_30rounds_20260804_024555.json,26,0,developed,SI,52227396.533333346,-203.0,52227193.533333346,165695430.80000007,165695430.80000007
20260804_024555,results/simulation_llama3.1_8b_Full_scnldf_sh1_ldf1_seed2_26agents_30rounds_20260804_024555.json,26,1,developing,SFI,4419108.457142858,0.0,4419108.457142858,9624973.285714291,9624973.285714291
20260804_024555,results/simulation_llama3.1_8b_Full_scnldf_sh1_ldf1_seed2_26agents_30rounds_20260804_024555.json,26,2,developing,SFI,-2580891.542857142,0.0,-2580891.542857142,17786634.28571429,17786634.28571429
20260804_024555,results/simulation_llama3.1_8b_Full_scnldf_sh1_ldf1_seed2_26agents_30rounds_20260804_024555.json,26,3,developing,SFI,2419108.457142858,0.0,2419108.457142858,12807724.285714293,12807724.285714293
20260804_024555,results/simulation_llama3.1_8b_Full_scnldf_sh1_ldf1_seed2_26agents_30rounds_20260804_024555.json,26,4,developed,SI,-203712470.46666664,545.0,-203711089.46666664,72228777.80000007,72228777.80000007
20260804_024555,results/simulation_llama3.1_8b_Full_scnldf_sh1_ldf1_seed2_26agents_30rounds_20260804_024555.json,26,5,developing,SFI,2419108.457142858,0.0,2419108.457142858,15704700.285714293,15704700.285714293
20260804_024555,results/simulation_llama3.1_8b_Full_scnldf_sh1_ldf1_seed2_26agents_30rounds_20260804_024555.json,26,6,developed,SI,52227396.533333346,-32.0,52227364.533333346,496094528.8,496094528.8
20260804_024555,results/simulation_llama3.1_8b_Full_scnldf_sh1_ldf1_seed2_26agents_30rounds_20260804_024555.json,26,7,developed,SI,22227396.533333346,-4596.0,22223636.533333346,90911717.80000006,90911717.80000006
20260804_024555,results/simulation_llama3.1_8b_Full_scnldf_sh1_ldf1_seed2_26agents_30rounds_20260804_024555.json,26,8,developing,SFI,7297571.457142858,0.0,7297571.457142858,50740811.28571428,50740811.28571428
20260804_024555,results/simulation_llama3.1_8b_Full_scnldf_sh1_ldf1_seed2_26agents_30rounds_20260804_024555.json,26,9,developing,SFI,1419108.4571428578,0.0,1419108.4571428578,13562038.285714293,13562038.285714293
20260804_024555,results/simulation_llama3.1_8b_Full_scnldf_sh1_ldf1_seed2_26agents_30rounds_20260804_024555.json,26,10,developing,SFI,7041096.457142858,0.0,7041096.457142858,35834832.28571429,35834832.28571429
20260804_024555,results/simulation_llama3.1_8b_Full_scnldf_sh1_ldf1_seed2_26agents_30rounds_20260804_024555.json,26,11,developing,SFI,7419108.457142858,0.0,7419108.457142858,27098600.28571429,27098600.28571429
20260804_024555,results/simulation_llama3.1_8b_Full_scnldf_sh1_ldf1_seed2_26agents_30rounds_20260804_024555.json,26,12,developing,SFI,-2580891.542857142,0.0,-2580891.542857142,19496935.28571429,19496935.28571429
20260804_024555,results/simulation_llama3.1_8b_Full_scnldf_sh1_ldf1_seed2_26agents_30rounds_20260804_024555.json,26,13,developing,SFI,2419108.457142858,0.0,2419108.457142858,22435523.28571429,22435523.28571429
20260804_024555,results/simulation_llama3.1_8b_Full_scnldf_sh1_ldf1_seed2_26agents_30rounds_20260804_024555.json,26,14,developed,SI,22227396.533333346,50.0,22228282.533333346,429454230.8,429454230.8
20260804_024555,results/simulation_llama3.1_8b_Full_scnldf_sh1_ldf1_seed2_26agents_30rounds_20260804_024555.json,26,15,developing,SFI,4419108.457142858,0.0,4419108.457142858,17693583.28571429,17693583.28571429
20260804_024555,results/simulation_llama3.1_8b_Full_scnldf_sh1_ldf1_seed2_26agents_30rounds_20260804_024555.json,26,16,developing,SFI,-2580891.542857142,0.0,-2580891.542857142,17163645.28571429,17163645.28571429
20260804_024555,results/simulation_llama3.1_8b_Full_scnldf_sh1_ldf1_seed2_26agents_30rounds_20260804_024555.json,26,17,developing,SFI,4419108.457142858,0.0,4419108.457142858,21206558.28571429,21206558.28571429
20260804_024555,results/simulation_llama3.1_8b_Full_scnldf_sh1_ldf1_seed2_26agents_30rounds_20260804_024555.json,26,18,developed,SI,44385915.533333346,-17.0,44386734.533333346,512298298.8000001,512298298.8000001
20260804_024555,results/simulation_llama3.1_8b_Full_scnldf_sh1_ldf1_seed2_26agents_30rounds_20260804_024555.json,26,19,developed,SI,57227396.533333346,-3497.0,57223899.533333346,503752201.8,503752201.8
20260804_024555,results/simulation_llama3.1_8b_Full_scnldf_sh1_ldf1_seed2_26agents_30rounds_20260804_024555.json,26,20,developed,SI,72227396.53333335,-4609.0,72222787.53333335,369658747.8000001,369658747.8000001
20260804_024555,results/simulation_llama3.1_8b_Full_scnldf_sh1_ldf1_seed2_26agents_30rounds_20260804_024555.json,26,21,developed,SI,57227396.533333346,-2359.0,57225037.533333346,562710414.8000001,562710414.8000001
20260804_024555,results/simulation_llama3.1_8b_Full_scnldf_sh1_ldf1_seed2_26agents_30rounds_20260804_024555.json,26,22,developed,SI,52227396.533333346,45.0,52227441.533333346,541580202.8000001,541580202.8000001
20260804_024555,results/simulation_llama3.1_8b_Full_scnldf_sh1_ldf1_seed2_26agents_30rounds_20260804_024555.json,26,23,developing,SFI,3001458.457142858,0.0,3001458.457142858,12039935.285714293,12039935.285714293
20260804_024555,results/simulation_llama3.1_8b_Full_scnldf_sh1_ldf1_seed2_26agents_30rounds_20260804_024555.json,26,24,developed,SI,52227396.533333346,380.0,52227776.533333346,179871000.8,179871000.8
20260804_024555,results/simulation_llama3.1_8b_Full_scnldf_sh1_ldf1_seed2_26agents_30rounds_20260804_024555.json,26,25,developed,SI,44303270.533333346,-1400.0,44302706.533333346,172496109.8,172496109.8
20260804_024555,results/simulation_llama3.1_8b_Full_scnldf_sh1_ldf1_seed2_26agents_30rounds_20260804_024555.json,27,0,developed,SI,115337785.73333335,203.0,115338741.73333335,281034172.5333334,281034172.5333334
20260804_024555,results/simulation_llama3.1_8b_Full_scnldf_sh1_ldf1_seed2_26agents_30rounds_20260804_024555.json,27,1,developing,SFI,9601805.6,0.0,9601805.6,19226778.885714293,19226778.885714293
20260804_024555,results/simulation_llama3.1_8b_Full_scnldf_sh1_ldf1_seed2_26agents_30rounds_20260804_024555.json,27,2,developing,SFI,9601805.6,0.0,9601805.6,27388439.885714293,27388439.885714293
20260804_024555,results/simulation_llama3.1_8b_Full_scnldf_sh1_ldf1_seed2_26agents_30rounds_20260804_024555.json,27,3,developing,SFI,-398194.4000000004,0.0,-398194.4000000004,12409529.885714293,12409529.885714293
20260804_024555,results/simulation_llama3.1_8b_Full_scnldf_sh1_ldf1_seed2_26agents_30rounds_20260804_024555.json,27,4,developed,SI,141177276.73333335,-635.0,141176641.73333335,213405419.53333342,213405419.53333342
20260804_024555,results/simulation_llama3.1_8b_Full_scnldf_sh1_ldf1_seed2_26agents_30rounds_20260804_024555.json,27,5,developing,SFI,9601805.6,0.0,9601805.6,25306505.885714293,25306505.885714293
20260804_024555,results/simulation_llama3.1_8b_Full_scnldf_sh1_ldf1_seed2_26agents_30rounds_20260804_024555.json,27,6,developed,SI,-330756742.26666665,-15.0,-330756004.26666665,165338524.53333336,165338524.53333336
20260804_024555,results/simulation_llama3.1_8b_Full_scnldf_sh1_ldf1_seed2_26agents_30rounds_20260804_024555.json,27,7,developed,SI,115337785.73333335,-4590.0,115333948.73333335,206245666.53333342,206245666.53333342
20260804_024555,results/simulation_llama3.1_8b_Full_scnldf_sh1_ldf1_seed2_26agents_30rounds_20260804_024555.json,27,8,developing,SFI,9480268.6,0.0,9480268.6,60221079.885714285,60221079.885714285
20260804_024555,results/simulation_llama3.1_8b_Full_scnldf_sh1_ldf1_seed2_26agents_30rounds_20260804_024555.json,27,9,developing,SFI,3601805.5999999996,0.0,3601805.5999999996,17163843.885714293,17163843.885714293
20260804_024555,results/simulation_llama3.1_8b_Full_scnldf_sh1_ldf1_seed2_26agents_30rounds_20260804_024555.json,27,10,developing,SFI,9223793.6,0.0,9223793.6,45058625.88571429,45058625.88571429
20260804_024555,results/simulation_llama3.1_8b_Full_scnldf_sh1_ldf1_seed2_26agents_30rounds_20260804_024555.json,27,11,developing,SFI,-17496794.4,0.0,-17496794.4,9601805.885714293,9601805.885714293
20260804_024555,results/simulation_llama3.1_8b_Full_scnldf_sh1_ldf1_seed2_26agents_30rounds_20260804_024555.json,27,12,developing,SFI,9601805.6,0.0,9601805.6,29098740.885714293,29098740.885714293
20260804_024555,results/simulation_llama3.1_8b_Full_scnldf_sh1_ldf1_seed2_26agents_30rounds_20260804_024555.json,27,13,developing,SFI,-10398194.4,0.0,-10398194.4,12037328.88571429,12037328.88571429
20260804_024555,results/simulation_llama3.1_8b_Full_scnldf_sh1_ldf1_seed2_26agents_30rounds_20260804_024555.json,27,14,developed,SI,-264116444.26666665,43.0,-264115648.26666665,165338582.53333336,165338582.53333336
20260804_024555,results/simulation_llama3.1_8b_Full_scnldf_sh1_ldf1_seed2_26agents_30rounds_20260804_024555.json,27,15,developing,SFI,6601805.6,0.0,6601805.6,24295388.885714293,24295388.885714293
20260804_024555,results/simulation_llama3.1_8b_Full_scnldf_sh1_ldf1_seed2_26agents_30rounds_20260804_024555.json,27,16,developing,SFI,-398194.4000000004,0.0,-398194.4000000004,16765450.88571429,16765450.88571429
20260804_024555,results/simulation_llama3.1_8b_Full_scnldf_sh1_ldf1_seed2_26agents_30rounds_20260804_024555.json,27,17,developing,SFI,6601805.6,0.0,6601805.6,27808363.885714293,27808363.885714293
20260804_024555,results/simulation_llama3.1_8b_Full_scnldf_sh1_ldf1_seed2_26agents_30rounds_20260804_024555.json,27,18,developed,SI,137413659.73333335,-297.0,137413362.73333335,649711661.5333334,649711661.5333334
20260804_024555,results/simulation_llama3.1_8b_Full_scnldf_sh1_ldf1_seed2_26agents_30rounds_20260804_024555.json,27,19,developed,SI,140337785.73333335,-191.0,140337594.73333335,644089796.5333333,644089796.5333333
20260804_024555,results/simulation_llama3.1_8b_Full_scnldf_sh1_ldf1_seed2_26agents_30rounds_20260804_024555.json,27,20,developed,SI,150337785.73333335,-5180.0,150332605.73333335,519991353.5333334,519991353.5333334
20260804_024555,results/simulation_llama3.1_8b_Full_scnldf_sh1_ldf1_seed2_26agents_30rounds_20260804_024555.json,27,21,developed,SI,140337785.73333335,-56.0,140337729.73333335,703048144.5333334,703048144.5333334
20260804_024555,results/simulation_llama3.1_8b_Full_scnldf_sh1_ldf1_seed2_26agents_30rounds_20260804_024555.json,27,22,developed,SI,137937785.73333335,512.0,137938297.73333335,679518500.5333334,679518500.5333334
20260804_024555,results/simulation_llama3.1_8b_Full_scnldf_sh1_ldf1_seed2_26agents_30rounds_20260804_024555.json,27,23,developing,SFI,5184155.6,0.0,5184155.6,17224090.885714293,17224090.885714293
20260804_024555,results/simulation_llama3.1_8b_Full_scnldf_sh1_ldf1_seed2_26agents_30rounds_20260804_024555.json,27,24,developed,SI,115337785.73333335,-2.0,115338536.73333335,295209537.53333336,295209537.53333336
20260804_024555,results/simulation_llama3.1_8b_Full_scnldf_sh1_ldf1_seed2_26agents_30rounds_20260804_024555.json,27,25,developed,SI,145337785.73333335,-3913.0,145333872.73333335,317829982.53333336,317829982.53333336
20260804_024555,results/simulation_llama3.1_8b_Full_scnldf_sh1_ldf1_seed2_26agents_30rounds_20260804_024555.json,28,0,developed,SI,-41678599.60000001,-2904.0,-41681154.60000001,239353017.9333334,239353017.9333334
20260804_024555,results/simulation_llama3.1_8b_Full_scnldf_sh1_ldf1_seed2_26agents_30rounds_20260804_024555.json,28,1,developing,SFI,-5527613.828571429,0.0,-5527613.828571429,13699165.057142865,13699165.057142865
20260804_024555,results/simulation_llama3.1_8b_Full_scnldf_sh1_ldf1_seed2_26agents_30rounds_20260804_024555.json,28,2,developing,SFI,4472386.171428571,0.0,4472386.171428571,31860826.057142865,31860826.057142865
20260804_024555,results/simulation_llama3.1_8b_Full_scnldf_sh1_ldf1_seed2_26agents_30rounds_20260804_024555.json,28,3,developing,SFI,-527613.8285714285,0.0,-527613.8285714285,11881916.057142865,11881916.057142865
20260804_024555,results/simulation_llama3.1_8b_Full_scnldf_sh1_ldf1_seed2_26agents_30rounds_20260804_024555.json,28,4,developed,SI,-11212497.600000009,140.0,-11212008.600000009,202193410.9333334,202193410.9333334
20260804_024555,results/simulation_llama3.1_8b_Full_scnldf_sh1_ldf1_seed2_26agents_30rounds_20260804_024555.json,28,5,developing,SFI,472386.17142857146,0.0,472386.17142857146,25778892.057142865,25778892.057142865
20260804_024555,results/simulation_llama3.1_8b_Full_scnldf_sh1_ldf1_seed2_26agents_30rounds_20260804_024555.json,28,6,developed,SI,19321400.39999999,434.0,19322183.39999999,184660707.93333334,184660707.93333334
20260804_024555,results/simulation_llama3.1_8b_Full_scnldf_sh1_ldf1_seed2_26agents_30rounds_20260804_024555.json,28,7,developed,SI,-8863453.600000009,435.0,-8862669.600000009,197382996.9333334,197382996.9333334
20260804_024555,results/simulation_llama3.1_8b_Full_scnldf_sh1_ldf1_seed2_26agents_30rounds_20260804_024555.json,28,8,developing,SFI,4350849.171428571,0.0,4350849.171428571,64571929.057142854,64571929.057142854
20260804_024555,results/simulation_llama3.1_8b_Full_scnldf_sh1_ldf1_seed2_26agents_30rounds_20260804_024555.json,28,9,developing,SFI,256206.17142857146,0.0,256206.17142857146,17420050.057142865,17420050.057142865
20260804_024555,results/simulation_llama3.1_8b_Full_scnldf_sh1_ldf1_seed2_26agents_30rounds_20260804_024555.json,28,10,developing,SFI,4094374.1714285715,0.0,4094374.1714285715,49153000.05714286,49153000.05714286
20260804_024555,results/simulation_llama3.1_8b_Full_scnldf_sh1_ldf1_seed2_26agents_30rounds_20260804_024555.json,28,11,developing,SFI,1472386.1714285715,0.0,1472386.1714285715,11074192.057142865,11074192.057142865
20260804_024555,results/simulation_llama3.1_8b_Full_scnldf_sh1_ldf1_seed2_26agents_30rounds_20260804_024555.json,28,12,developing,SFI,4472386.171428571,0.0,4472386.171428571,33571127.05714286,33571127.05714286
20260804_024555,results/simulation_llama3.1_8b_Full_scnldf_sh1_ldf1_seed2_26agents_30rounds_20260804_024555.json,28,13,developing,SFI,2472386.1714285715,0.0,2472386.1714285715,14509715.057142861,14509715.057142861
20260804_024555,results/simulation_llama3.1_8b_Full_scnldf_sh1_ldf1_seed2_26agents_30rounds_20260804_024555.json,28,14,developed,SI,49321400.39999999,-76.0,49321324.39999999,214659906.93333334,214659906.93333334
20260804_024555,results/simulation_llama3.1_8b_Full_scnldf_sh1_ldf1_seed2_26agents_30rounds_20260804_024555.json,28,15,developing,SFI,4472386.171428571,0.0,4472386.171428571,28767775.057142865,28767775.057142865
20260804_024555,results/simulation_llama3.1_8b_Full_scnldf_sh1_ldf1_seed2_26agents_30rounds_20260804_024555.json,28,16,developing,SFI,1472386.1714285715,0.0,1472386.1714285715,18237837.05714286,18237837.05714286
20260804_024555,results/simulation_llama3.1_8b_Full_scnldf_sh1_ldf1_seed2_26agents_30rounds_20260804_024555.json,28,17,developing,SFI,1472386.1714285715,0.0,1472386.1714285715,29280750.057142865,29280750.057142865
20260804_024555,results/simulation_llama3.1_8b_Full_scnldf_sh1_ldf1_seed2_26agents_30rounds_20260804_024555.json,28,18,developed,SI,-10870350.600000009,43.0,-10869958.600000009,638841702.9333334,638841702.9333334
20260804_024555,results/simulation_llama3.1_8b_Full_scnldf_sh1_ldf1_seed2_26agents_30rounds_20260804_024555.json,28,19,developed,SI,74321400.39999999,-72.0,74321328.39999999,718411124.9333333,718411124.9333333
20260804_024555,results/simulation_llama3.1_8b_Full_scnldf_sh1_ldf1_seed2_26agents_30rounds_20260804_024555.json,28,20,developed,SI,49321400.39999999,-9.0,49321391.39999999,569312744.9333334,569312744.9333334
20260804_024555,results/simulation_llama3.1_8b_Full_scnldf_sh1_ldf1_seed2_26agents_30rounds_20260804_024555.json,28,21,developed,SI,99321400.39999999,-2356.0,99319044.39999999,802367188.9333334,802367188.9333334
20260804_024555,results/simulation_llama3.1_8b_Full_scnldf_sh1_ldf1_seed2_26agents_30rounds_20260804_024555.json,28,22,developed,SI,89321400.39999999,-1376.0,89320024.39999999,768838524.9333334,768838524.9333334
20260804_024555,results/simulation_llama3.1_8b_Full_scnldf_sh1_ldf1_seed2_26agents_30rounds_20260804_024555.json,28,23,developing,SFI,54736.171428571455,0.0,54736.171428571455,17278827.057142865,17278827.057142865
20260804_024555,results/simulation_llama3.1_8b_Full_scnldf_sh1_ldf1_seed2_26agents_30rounds_20260804_024555.json,28,24,developed,SI,49321400.39999999,-60.0,49321340.39999999,344530877.93333334,344530877.93333334
20260804_024555,results/simulation_llama3.1_8b_Full_scnldf_sh1_ldf1_seed2_26agents_30rounds_20260804_024555.json,28,25,developed,SI,89321400.39999999,-751.0,89320649.39999999,407150631.93333334,407150631.93333334
20260804_024555,results/simulation_llama3.1_8b_Full_scnldf_sh1_ldf1_seed2_26agents_30rounds_20260804_024555.json,29,0,developed,SI,34659735.600000024,618.0,34661107.600000024,274014125.5333334,274014125.5333334
20260804_024555,results/simulation_llama3.1_8b_Full_scnldf_sh1_ldf1_seed2_26agents_30rounds_20260804_024555.json,29,1,developing,SFI,-3177521.1428571427,0.0,-3177521.1428571427,10521643.914285723,10521643.914285723
20260804_024555,results/simulation_llama3.1_8b_Full_scnldf_sh1_ldf1_seed2_26agents_30rounds_20260804_024555.json,29,2,developing,SFI,-3177521.1428571427,0.0,-3177521.1428571427,28683304.914285723,28683304.914285723
20260804_024555,results/simulation_llama3.1_8b_Full_scnldf_sh1_ldf1_seed2_26agents_30rounds_20260804_024555.json,29,3,developing,SFI,1822478.8571428573,0.0,1822478.8571428573,13704394.914285723,13704394.914285723
20260804_024555,results/simulation_llama3.1_8b_Full_scnldf_sh1_ldf1_seed2_26agents_30rounds_20260804_024555.json,29,4,developed,SI,43659735.600000024,-1076.0,43659413.600000024,245852824.53333342,245852824.53333342
20260804_024555,results/simulation_llama3.1_8b_Full_scnldf_sh1_ldf1_seed2_26agents_30rounds_20260804_024555.json,29,5,developing,SFI,2822478.8571428573,0.0,2822478.8571428573,28601370.914285723,28601370.914285723
20260804_024555,results/simulation_llama3.1_8b_Full_scnldf_sh1_ldf1_seed2_26agents_30rounds_20260804_024555.json,29,6,developed,SI,124213326.60000002,-1790.0,124212290.60000002,308872998.53333336,308872998.53333336
20260804_024555,results/simulation_llama3.1_8b_Full_scnldf_sh1_ldf1_seed2_26agents_30rounds_20260804_024555.json,29,7,developed,SI,134659735.60000002,-11.0,134659724.60000002,332042721.5333334,332042721.5333334
20260804_024555,results/simulation_llama3.1_8b_Full_scnldf_sh1_ldf1_seed2_26agents_30rounds_20260804_024555.json,29,8,developing,SFI,6700941.857142857,0.0,6700941.857142857,71272870.9142857,71272870.9142857
20260804_024555,results/simulation_llama3.1_8b_Full_scnldf_sh1_ldf1_seed2_26agents_30rounds_20260804_024555.json,29,9,developing,SFI,6822478.857142857,0.0,6822478.857142857,24242528.914285723,24242528.914285723
20260804_024555,results/simulation_llama3.1_8b_Full_scnldf_sh1_ldf1_seed2_26agents_30rounds_20260804_024555.json,29,10,developing,SFI,6444466.857142857,0.0,6444466.857142857,55597466.91428572,55597466.91428572
20260804_024555,results/simulation_llama3.1_8b_Full_scnldf_sh1_ldf1_seed2_26agents_30rounds_20260804_024555.json,29,11,developing,SFI,4042987.8571428573,0.0,4042987.8571428573,15117179.914285723,15117179.914285723
20260804_024555,results/simulation_llama3.1_8b_Full_scnldf_sh1_ldf1_seed2_26agents_30rounds_20260804_024555.json,29,12,developing,SFI,6822478.857142857,0.0,6822478.857142857,40393605.91428572,40393605.91428572
20260804_024555,results/simulation_llama3.1_8b_Full_scnldf_sh1_ldf1_seed2_26agents_30rounds_20260804_024555.json,29,13,developing,SFI,-3177521.1428571427,0.0,-3177521.1428571427,11332193.91428572,11332193.91428572
20260804_024555,results/simulation_llama3.1_8b_Full_scnldf_sh1_ldf1_seed2_26agents_30rounds_20260804_024555.json,29,14,developed,SI,-30000170.399999976,-2200.0,-30001616.399999976,184658290.53333336,184658290.53333336
20260804_024555,results/simulation_llama3.1_8b_Full_scnldf_sh1_ldf1_seed2_26agents_30rounds_20260804_024555.json,29,15,developing,SFI,6822478.857142857,0.0,6822478.857142857,35590253.91428572,35590253.91428572
20260804_024555,results/simulation_llama3.1_8b_Full_scnldf_sh1_ldf1_seed2_26agents_30rounds_20260804_024555.json,29,16,developing,SFI,-3177521.1428571427,0.0,-3177521.1428571427,15060315.91428572,15060315.91428572
20260804_024555,results/simulation_llama3.1_8b_Full_scnldf_sh1_ldf1_seed2_26agents_30rounds_20260804_024555.json,29,17,developing,SFI,3822478.8571428573,0.0,3822478.8571428573,33103228.914285723,33103228.914285723
20260804_024555,results/simulation_llama3.1_8b_Full_scnldf_sh1_ldf1_seed2_26agents_30rounds_20260804_024555.json,29,18,developed,SI,-454181966.4,-55.0,-454181267.4,184660435.53333342,184660435.53333342
20260804_024555,results/simulation_llama3.1_8b_Full_scnldf_sh1_ldf1_seed2_26agents_30rounds_20260804_024555.json,29,19,developed,SI,149659735.60000002,-65.0,149659670.60000002,868070795.5333333,868070795.5333333
20260804_024555,results/simulation_llama3.1_8b_Full_scnldf_sh1_ldf1_seed2_26agents_30rounds_20260804_024555.json,29,20,developed,SI,154659735.60000002,-37.0,154659698.60000002,723972443.5333334,723972443.5333334
20260804_024555,results/simulation_llama3.1_8b_Full_scnldf_sh1_ldf1_seed2_26agents_30rounds_20260804_024555.json,29,21,developed,SI,159659735.60000002,-3143.0,159656592.60000002,962023781.5333334,962023781.5333334
20260804_024555,results/simulation_llama3.1_8b_Full_scnldf_sh1_ldf1_seed2_26agents_30rounds_20260804_024555.json,29,22,developed,SI,144659735.60000002,-44.0,144659691.60000002,913498216.5333334,913498216.5333334
20260804_024555,results/simulation_llama3.1_8b_Full_scnldf_sh1_ldf1_seed2_26agents_30rounds_20260804_024555.json,29,23,developing,SFI,2404828.8571428573,0.0,2404828.8571428573,19683655.914285723,19683655.914285723
20260804_024555,results/simulation_llama3.1_8b_Full_scnldf_sh1_ldf1_seed2_26agents_30rounds_20260804_024555.json,29,24,developed,SI,184659735.60000002,-2749.0,184656986.60000002,529187864.53333336,529187864.53333336
20260804_024555,results/simulation_llama3.1_8b_Full_scnldf_sh1_ldf1_seed2_26agents_30rounds_20260804_024555.json,29,25,developed,SI,184659735.60000002,-3602.0,184656133.60000002,591806765.5333333,591806765.5333333
20260804_024555,results/simulation_llama3.1_8b_Full_scnldf_sh1_ldf1_seed2_26agents_30rounds_20260804_024555.json,30,0,developed,SI,170851789.53333336,-7.0,170851782.53333336,444865908.0666668,444865908.0666668
20260804_024555,results/simulation_llama3.1_8b_Full_scnldf_sh1_ldf1_seed2_26agents_30rounds_20260804_024555.json,30,1,developing,SFI,7472386.171428572,0.0,7472386.171428572,17994030.085714296,17994030.085714296
20260804_024555,results/simulation_llama3.1_8b_Full_scnldf_sh1_ldf1_seed2_26agents_30rounds_20260804_024555.json,30,2,developing,SFI,7472386.171428572,0.0,7472386.171428572,36155691.085714296,36155691.085714296
20260804_024555,results/simulation_llama3.1_8b_Full_scnldf_sh1_ldf1_seed2_26agents_30rounds_20260804_024555.json,30,3,developing,SFI,2472386.1714285724,0.0,2472386.1714285724,16176781.085714296,16176781.085714296
20260804_024555,results/simulation_llama3.1_8b_Full_scnldf_sh1_ldf1_seed2_26agents_30rounds_20260804_024555.json,30,4,developed,SI,37266966.53333336,1206.0,37269020.53333336,283121845.0666668,283121845.0666668
20260804_024555,results/simulation_llama3.1_8b_Full_scnldf_sh1_ldf1_seed2_26agents_30rounds_20260804_024555.json,30,5,developing,SFI,12472386.171428572,0.0,12472386.171428572,41073757.085714296,41073757.085714296
20260804_024555,results/simulation_llama3.1_8b_Full_scnldf_sh1_ldf1_seed2_26agents_30rounds_20260804_024555.json,30,6,developed,SI,282119790.53333336,-5994.0,282113796.53333336,590986795.0666667,590986795.0666667
20260804_024555,results/simulation_llama3.1_8b_Full_scnldf_sh1_ldf1_seed2_26agents_30rounds_20260804_024555.json,30,7,developed,SI,161760880.53333336,-2244.0,161758636.53333336,493801358.0666668,493801358.0666668
20260804_024555,results/simulation_llama3.1_8b_Full_scnldf_sh1_ldf1_seed2_26agents_30rounds_20260804_024555.json,30,8,developing,SFI,12350849.171428572,0.0,12350849.171428572,83623720.08571428,83623720.08571428
20260804_024555,results/simulation_llama3.1_8b_Full_scnldf_sh1_ldf1_seed2_26agents_30rounds_20260804_024555.json,30,9,developing,SFI,8256206.171428572,0.0,8256206.171428572,32498735.085714296,32498735.085714296
20260804_024555,results/simulation_llama3.1_8b_Full_scnldf_sh1_ldf1_seed2_26agents_30rounds_20260804_024555.json,30,10,developing,SFI,12094374.171428572,0.0,12094374.171428572,67691841.0857143,67691841.0857143
20260804_024555,results/simulation_llama3.1_8b_Full_scnldf_sh1_ldf1_seed2_26agents_30rounds_20260804_024555.json,30,11,developing,SFI,-2527613.8285714276,0.0,-2527613.8285714276,12589566.085714296,12589566.085714296
20260804_024555,results/simulation_llama3.1_8b_Full_scnldf_sh1_ldf1_seed2_26agents_30rounds_20260804_024555.json,30,12,developing,SFI,2472386.1714285724,0.0,2472386.1714285724,42865992.085714296,42865992.085714296
20260804_024555,results/simulation_llama3.1_8b_Full_scnldf_sh1_ldf1_seed2_26agents_30rounds_20260804_024555.json,30,13,developing,SFI,7472386.171428572,0.0,7472386.171428572,18804580.08571429,18804580.08571429
20260804_024555,results/simulation_llama3.1_8b_Full_scnldf_sh1_ldf1_seed2_26agents_30rounds_20260804_024555.json,30,14,developed,SI,233119790.53333336,-3226.0,233116564.53333336,417774855.0666667,417774855.0666667
20260804_024555,results/simulation_llama3.1_8b_Full_scnldf_sh1_ldf1_seed2_26agents_30rounds_20260804_024555.json,30,15,developing,SFI,2472386.1714285724,0.0,2472386.1714285724,38062640.085714296,38062640.085714296
20260804_024555,results/simulation_llama3.1_8b_Full_scnldf_sh1_ldf1_seed2_26agents_30rounds_20260804_024555.json,30,16,developing,SFI,2472386.1714285724,0.0,2472386.1714285724,17532702.08571429,17532702.08571429
20260804_024555,results/simulation_llama3.1_8b_Full_scnldf_sh1_ldf1_seed2_26agents_30rounds_20260804_024555.json,30,17,developing,SFI,-17527613.828571428,0.0,-17527613.828571428,15575615.085714296,15575615.085714296
20260804_024555,results/simulation_llama3.1_8b_Full_scnldf_sh1_ldf1_seed2_26agents_30rounds_20260804_024555.json,30,18,developed,SI,233119790.53333336,-414.0,233119376.53333336,417779812.0666668,417779812.0666668
20260804_024555,results/simulation_llama3.1_8b_Full_scnldf_sh1_ldf1_seed2_26agents_30rounds_20260804_024555.json,30,19,developed,SI,160397243.53333336,-20.0,160398071.53333336,1028468867.0666666,1028468867.0666666
20260804_024555,results/simulation_llama3.1_8b_Full_scnldf_sh1_ldf1_seed2_26agents_30rounds_20260804_024555.json,30,20,developed,SI,83119790.53333336,628.0,83121266.53333336,807093710.0666668,807093710.0666668
20260804_024555,results/simulation_llama3.1_8b_Full_scnldf_sh1_ldf1_seed2_26agents_30rounds_20260804_024555.json,30,21,developed,SI,-678903990.4666667,-33.0,-678903175.4666667,283120606.0666667,283120606.0666667
20260804_024555,results/simulation_llama3.1_8b_Full_scnldf_sh1_ldf1_seed2_26agents_30rounds_20260804_024555.json,30,22,developed,SI,160851789.53333336,-2400.0,160849389.53333336,1074347606.0666668,1074347606.0666668
20260804_024555,results/simulation_llama3.1_8b_Full_scnldf_sh1_ldf1_seed2_26agents_30rounds_20260804_024555.json,30,23,developing,SFI,8054736.171428572,0.0,8054736.171428572,27738392.085714296,27738392.085714296
20260804_024555,results/simulation_llama3.1_8b_Full_scnldf_sh1_ldf1_seed2_26agents_30rounds_20260804_024555.json,30,24,developed,SI,157215425.53333336,-63.0,157216210.53333336,686404075.0666667,686404075.0666667
20260804_024555,results/simulation_llama3.1_8b_Full_scnldf_sh1_ldf1_seed2_26agents_30rounds_20260804_024555.json,30,25,developed,SI,273119790.53333336,-3351.0,273116439.53333336,864923205.0666666,864923205.0666666
