run,source_file,round_number,agent_id,agent_group,institution_choice,subsidy,ldf_payout_round,ldf_contribution_round,net_climate_transfer_round
20260804_024555,results/simulation_llama3.1_8b_Full_scnldf_sh1_ldf1_seed2_26agents_30rounds_20260804_024555.json,1,0,developed,SI,0.0,0.0,1000.0,0.0
20260804_024555,results/simulation_llama3.1_8b_Full_scnldf_sh1_ldf1_seed2_26agents_30rounds_20260804_024555.json,1,1,developing,SFI,0.0,0.0,10000.0,0.0
20260804_024555,results/simulation_llama3.1_8b_Full_scnldf_sh1_ldf1_seed2_26agents_30rounds_20260804_024555.json,1,2,developing,SFI,0.0,0.0,20000.0,0.0
20260804_024555,results/simulation_llama3.1_8b_Full_scnldf_sh1_ldf1_seed2_26agents_30rounds_20260804_024555.json,1,3,developing,SFI,0.0,0.0,500000.0,0.0
20260804_024555,results/simulation_llama3.1_8b_Full_scnldf_sh1_ldf1_seed2_26agents_30rounds_20260804_024555.json,1,4,developed,SI,725.0,0.0,20000000.0,0.0
20260804_024555,results/simulation_llama3.1_8b_Full_scnldf_sh1_ldf1_seed2_26agents_30rounds_20260804_024555.json,1,5,developing,SFI,0.0,0.0,2000.0,0.0
20260804_024555,results/simulation_llama3.1_8b_Full_scnldf_sh1_ldf1_seed2_26agents_30rounds_20260804_024555.json,1,6,developed,SI,0.0,0.0,1580000.0,0.0
20260804_024555,results/simulation_llama3.1_8b_Full_scnldf_sh1_ldf1_seed2_26agents_30rounds_20260804_024555.json,1,7,developed,SI,0.0,0.0,1750000.0,0.0
20260804_024555,results/simulation_llama3.1_8b_Full_scnldf_sh1_ldf1_seed2_26agents_30rounds_20260804_024555.json,1,8,developing,SFI,0.0,0.0,10000.0,0.0
20260804_024555,results/simulation_llama3.1_8b_Full_scnldf_sh1_ldf1_seed2_26agents_30rounds_20260804_024555.json,1,9,developing,SFI,0.0,0.0,532700.0,0.0
20260804_024555,results/simulation_llama3.1_8b_Full_scnldf_sh1_ldf1_seed2_26agents_30rounds_20260804_024555.json,1,10,developing,SFI,0.0,0.0,500.0,0.0
20260804_024555,results/simulation_llama3.1_8b_Full_scnldf_sh1_ldf1_seed2_26agents_30rounds_20260804_024555.json,1,11,developing,SFI,0.0,0.0,1000.0,0.0
20260804_024555,results/simulation_llama3.1_8b_Full_scnldf_sh1_ldf1_seed2_26agents_30rounds_20260804_024555.json,1,12,developing,SFI,0.0,0.0,10000.0,0.0
20260804_024555,results/simulation_llama3.1_8b_Full_scnldf_sh1_ldf1_seed2_26agents_30rounds_20260804_024555.json,1,13,developing,SFI,0.0,0.0,2000000.0,0.0
20260804_024555,results/simulation_llama3.1_8b_Full_scnldf_sh1_ldf1_seed2_26agents_30rounds_20260804_024555.json,1,14,developed,SI,0.0,0.0,0.0,0.0
20260804_024555,results/simulation_llama3.1_8b_Full_scnldf_sh1_ldf1_seed2_26agents_30rounds_20260804_024555.json,1,15,developing,SFI,0.0,0.0,10000.0,0.0
20260804_024555,results/simulation_llama3.1_8b_Full_scnldf_sh1_ldf1_seed2_26agents_30rounds_20260804_024555.json,1,16,developing,SFI,0.0,0.0,300.0,0.0
20260804_024555,results/simulation_llama3.1_8b_Full_scnldf_sh1_ldf1_seed2_26agents_30rounds_20260804_024555.json,1,17,developing,SFI,0.0,0.0,25410.0,0.0
20260804_024555,results/simulation_llama3.1_8b_Full_scnldf_sh1_ldf1_seed2_26agents_30rounds_20260804_024555.json,1,18,developed,SI,0.0,0.0,1200000.0,0.0
20260804_024555,results/simulation_llama3.1_8b_Full_scnldf_sh1_ldf1_seed2_26agents_30rounds_20260804_024555.json,1,19,developed,SI,0.0,0.0,0.0,0.0
20260804_024555,results/simulation_llama3.1_8b_Full_scnldf_sh1_ldf1_seed2_26agents_30rounds_20260804_024555.json,1,20,developed,SI,0.0,0.0,936560.0,0.0
20260804_024555,results/simulation_llama3.1_8b_Full_scnldf_sh1_ldf1_seed2_26agents_30rounds_20260804_024555.json,1,21,developed,SI,0.0,0.0,1200000.0,0.0
20260804_024555,results/simulation_llama3.1_8b_Full_scnldf_sh1_ldf1_seed2_26agents_30rounds_20260804_024555.json,1,22,developed,SI,0.0,0.0,3000.0,0.0
20260804_024555,results/simulation_llama3.1_8b_Full_scnldf_sh1_ldf1_seed2_26agents_30rounds_20260804_024555.json,1,23,developing,SFI,0.0,0.0,33700.0,0.0
20260804_024555,results/simulation_llama3.1_8b_Full_scnldf_sh1_ldf1_seed2_26agents_30rounds_20260804_024555.json,1,24,developed,SI,725.0,0.0,4000000.0,0.0
20260804_024555,results/simulation_llama3.1_8b_Full_scnldf_sh1_ldf1_seed2_26agents_30rounds_20260804_024555.json,1,25,developed,SI,0.0,0.0,0.0,0.0
20260804_024555,results/simulation_llama3.1_8b_Full_scnldf_sh1_ldf1_seed2_26agents_30rounds_20260804_024555.json,2,0,developed,SI,0.0,0.0,1000.0,0.0
20260804_024555,results/simulation_llama3.1_8b_Full_scnldf_sh1_ldf1_seed2_26agents_30rounds_20260804_024555.json,2,1,developing,SFI,0.0,0.0,200000.0,0.0
20260804_024555,results/simulation_llama3.1_8b_Full_scnldf_sh1_ldf1_seed2_26agents_30rounds_20260804_024555.json,2,2,developing,SFI,0.0,0.0,0.0,0.0
20260804_024555,results/simulation_llama3.1_8b_Full_scnldf_sh1_ldf1_seed2_26agents_30rounds_20260804_024555.json,2,3,developing,SFI,0.0,0.0,0.0,0.0
20260804_024555,results/simulation_llama3.1_8b_Full_scnldf_sh1_ldf1_seed2_26agents_30rounds_20260804_024555.json,2,4,developed,SI,0.0,0.0,0.0,0.0
20260804_024555,results/simulation_llama3.1_8b_Full_scnldf_sh1_ldf1_seed2_26agents_30rounds_20260804_024555.json,2,5,developing,SFI,0.0,0.0,1000.0,0.0
20260804_024555,results/simulation_llama3.1_8b_Full_scnldf_sh1_ldf1_seed2_26agents_30rounds_20260804_024555.json,2,6,developed,SI,0.0,0.0,2834690.0,0.0
20260804_024555,results/simulation_llama3.1_8b_Full_scnldf_sh1_ldf1_seed2_26agents_30rounds_20260804_024555.json,2,7,developed,SI,0.0,0.0,2629141.0,0.0
20260804_024555,results/simulation_llama3.1_8b_Full_scnldf_sh1_ldf1_seed2_26agents_30rounds_20260804_024555.json,2,8,developing,SFI,0.0,0.0,514341.0,0.0
20260804_024555,results/simulation_llama3.1_8b_Full_scnldf_sh1_ldf1_seed2_26agents_30rounds_20260804_024555.json,2,9,developing,SFI,0.0,0.0,200000.0,0.0
20260804_024555,results/simulation_llama3.1_8b_Full_scnldf_sh1_ldf1_seed2_26agents_30rounds_20260804_024555.json,2,10,developing,SFI,0.0,0.0,0.0,0.0
20260804_024555,results/simulation_llama3.1_8b_Full_scnldf_sh1_ldf1_seed2_26agents_30rounds_20260804_024555.json,2,11,developing,SFI,0.0,0.0,0.0,0.0
20260804_024555,results/simulation_llama3.1_8b_Full_scnldf_sh1_ldf1_seed2_26agents_30rounds_20260804_024555.json,2,12,developing,SFI,0.0,0.0,500000.0,0.0
20260804_024555,results/simulation_llama3.1_8b_Full_scnldf_sh1_ldf1_seed2_26agents_30rounds_20260804_024555.json,2,13,developing,SFI,0.0,0.0,88893.0,0.0
20260804_024555,results/simulation_llama3.1_8b_Full_scnldf_sh1_ldf1_seed2_26agents_30rounds_20260804_024555.json,2,14,developed,SI,414.0,0.0,3000000.0,0.0
20260804_024555,results/simulation_llama3.1_8b_Full_scnldf_sh1_ldf1_seed2_26agents_30rounds_20260804_024555.json,2,15,developing,SFI,0.0,0.0,500000.0,0.0
20260804_024555,results/simulation_llama3.1_8b_Full_scnldf_sh1_ldf1_seed2_26agents_30rounds_20260804_024555.json,2,16,developing,SFI,0.0,0.0,0.0,0.0
20260804_024555,results/simulation_llama3.1_8b_Full_scnldf_sh1_ldf1_seed2_26agents_30rounds_20260804_024555.json,2,17,developing,SFI,0.0,0.0,200000.0,0.0
20260804_024555,results/simulation_llama3.1_8b_Full_scnldf_sh1_ldf1_seed2_26agents_30rounds_20260804_024555.json,2,18,developed,SI,414.0,0.0,4000000.0,0.0
20260804_024555,results/simulation_llama3.1_8b_Full_scnldf_sh1_ldf1_seed2_26agents_30rounds_20260804_024555.json,2,19,developed,SI,0.0,0.0,2000000.0,0.0
20260804_024555,results/simulation_llama3.1_8b_Full_scnldf_sh1_ldf1_seed2_26agents_30rounds_20260804_024555.json,2,20,developed,SI,0.0,0.0,1200000.0,0.0
20260804_024555,results/simulation_llama3.1_8b_Full_scnldf_sh1_ldf1_seed2_26agents_30rounds_20260804_024555.json,2,21,developed,SI,0.0,0.0,2000000.0,0.0
20260804_024555,results/simulation_llama3.1_8b_Full_scnldf_sh1_ldf1_seed2_26agents_30rounds_20260804_024555.json,2,22,developed,SI,0.0,0.0,234506.0,0.0
20260804_024555,results/simulation_llama3.1_8b_Full_scnldf_sh1_ldf1_seed2_26agents_30rounds_20260804_024555.json,2,23,developing,SFI,0.0,0.0,180.0,0.0
20260804_024555,results/simulation_llama3.1_8b_Full_scnldf_sh1_ldf1_seed2_26agents_30rounds_20260804_024555.json,2,24,developed,SI,0.0,0.0,2424596.0,0.0
20260804_024555,results/simulation_llama3.1_8b_Full_scnldf_sh1_ldf1_seed2_26agents_30rounds_20260804_024555.json,2,25,developed,SI,0.0,0.0,1000000.0,0.0
20260804_024555,results/simulation_llama3.1_8b_Full_scnldf_sh1_ldf1_seed2_26agents_30rounds_20260804_024555.json,3,0,developed,SI,0.0,0.0,2000000.0,0.0
20260804_024555,results/simulation_llama3.1_8b_Full_scnldf_sh1_ldf1_seed2_26agents_30rounds_20260804_024555.json,3,1,developing,SFI,0.0,0.0,100000.0,0.0
20260804_024555,results/simulation_llama3.1_8b_Full_scnldf_sh1_ldf1_seed2_26agents_30rounds_20260804_024555.json,3,2,developing,SFI,0.0,0.0,1000364.0,0.0
20260804_024555,results/simulation_llama3.1_8b_Full_scnldf_sh1_ldf1_seed2_26agents_30rounds_20260804_024555.json,3,3,developing,SFI,0.0,0.0,0.0,0.0
20260804_024555,results/simulation_llama3.1_8b_Full_scnldf_sh1_ldf1_seed2_26agents_30rounds_20260804_024555.json,3,4,developed,SI,673.0,0.0,12000000.0,0.0
20260804_024555,results/simulation_llama3.1_8b_Full_scnldf_sh1_ldf1_seed2_26agents_30rounds_20260804_024555.json,3,5,developing,SFI,0.0,0.0,100000.0,0.0
20260804_024555,results/simulation_llama3.1_8b_Full_scnldf_sh1_ldf1_seed2_26agents_30rounds_20260804_024555.json,3,6,developed,SI,0.0,0.0,2834690.0,0.0
20260804_024555,results/simulation_llama3.1_8b_Full_scnldf_sh1_ldf1_seed2_26agents_30rounds_20260804_024555.json,3,7,developed,SI,0.0,0.0,0.0,0.0
20260804_024555,results/simulation_llama3.1_8b_Full_scnldf_sh1_ldf1_seed2_26agents_30rounds_20260804_024555.json,3,8,developing,SFI,0.0,0.0,0.0,0.0
20260804_024555,results/simulation_llama3.1_8b_Full_scnldf_sh1_ldf1_seed2_26agents_30rounds_20260804_024555.json,3,9,developing,SFI,0.0,0.0,200000.0,0.0
20260804_024555,results/simulation_llama3.1_8b_Full_scnldf_sh1_ldf1_seed2_26agents_30rounds_20260804_024555.json,3,10,developing,SFI,0.0,0.0,0.0,0.0
20260804_024555,results/simulation_llama3.1_8b_Full_scnldf_sh1_ldf1_seed2_26agents_30rounds_20260804_024555.json,3,11,developing,SFI,0.0,0.0,100000.0,0.0
20260804_024555,results/simulation_llama3.1_8b_Full_scnldf_sh1_ldf1_seed2_26agents_30rounds_20260804_024555.json,3,12,developing,SFI,0.0,0.0,0.0,0.0
20260804_024555,results/simulation_llama3.1_8b_Full_scnldf_sh1_ldf1_seed2_26agents_30rounds_20260804_024555.json,3,13,developing,SFI,0.0,0.0,200000.0,0.0
20260804_024555,results/simulation_llama3.1_8b_Full_scnldf_sh1_ldf1_seed2_26agents_30rounds_20260804_024555.json,3,14,developed,SI,0.0,0.0,4000000.0,0.0
20260804_024555,results/simulation_llama3.1_8b_Full_scnldf_sh1_ldf1_seed2_26agents_30rounds_20260804_024555.json,3,15,developing,SFI,0.0,0.0,0.0,0.0
20260804_024555,results/simulation_llama3.1_8b_Full_scnldf_sh1_ldf1_seed2_26agents_30rounds_20260804_024555.json,3,16,developing,SFI,0.0,0.0,0.0,0.0
20260804_024555,results/simulation_llama3.1_8b_Full_scnldf_sh1_ldf1_seed2_26agents_30rounds_20260804_024555.json,3,17,developing,SFI,0.0,0.0,200000.0,0.0
20260804_024555,results/simulation_llama3.1_8b_Full_scnldf_sh1_ldf1_seed2_26agents_30rounds_20260804_024555.json,3,18,developed,SI,0.0,0.0,3000000.0,0.0
20260804_024555,results/simulation_llama3.1_8b_Full_scnldf_sh1_ldf1_seed2_26agents_30rounds_20260804_024555.json,3,19,developed,SI,0.0,0.0,0.0,0.0
20260804_024555,results/simulation_llama3.1_8b_Full_scnldf_sh1_ldf1_seed2_26agents_30rounds_20260804_024555.json,3,20,developed,SI,0.0,0.0,936560.0,0.0
20260804_024555,results/simulation_llama3.1_8b_Full_scnldf_sh1_ldf1_seed2_26agents_30rounds_20260804_024555.json,3,21,developed,SI,0.0,0.0,0.0,0.0
20260804_024555,results/simulation_llama3.1_8b_Full_scnldf_sh1_ldf1_seed2_26agents_30rounds_20260804_024555.json,3,22,developed,SI,0.0,0.0,0.0,0.0
20260804_024555,results/simulation_llama3.1_8b_Full_scnldf_sh1_ldf1_seed2_26agents_30rounds_20260804_024555.json,3,23,developing,SFI,0.0,0.0,169556.0,0.0
20260804_024555,results/simulation_llama3.1_8b_Full_scnldf_sh1_ldf1_seed2_26agents_30rounds_20260804_024555.json,3,24,developed,SI,0.0,0.0,2424596.0,0.0
20260804_024555,results/simulation_llama3.1_8b_Full_scnldf_sh1_ldf1_seed2_26agents_30rounds_20260804_024555.json,3,25,developed,SI,673.0,0.0,10608737.0,0.0
20260804_024555,results/simulation_llama3.1_8b_Full_scnldf_sh1_ldf1_seed2_26agents_30rounds_20260804_024555.json,4,0,developed,SI,0.0,0.0,0.0,0.0
20260804_024555,results/simulation_llama3.1_8b_Full_scnldf_sh1_ldf1_seed2_26agents_30rounds_20260804_024555.json,4,1,developing,SFI,0.0,0.0,0.0,0.0
20260804_024555,results/simulation_llama3.1_8b_Full_scnldf_sh1_ldf1_seed2_26agents_30rounds_20260804_024555.json,4,2,developing,SFI,0.0,0.0,0.0,0.0
20260804_024555,results/simulation_llama3.1_8b_Full_scnldf_sh1_ldf1_seed2_26agents_30rounds_20260804_024555.json,4,3,developing,SFI,0.0,0.0,100000.0,0.0
20260804_024555,results/simulation_llama3.1_8b_Full_scnldf_sh1_ldf1_seed2_26agents_30rounds_20260804_024555.json,4,4,developed,SI,0.0,0.0,3000000.0,0.0
20260804_024555,results/simulation_llama3.1_8b_Full_scnldf_sh1_ldf1_seed2_26agents_30rounds_20260804_024555.json,4,5,developing,SFI,0.0,0.0,0.0,0.0
20260804_024555,results/simulation_llama3.1_8b_Full_scnldf_sh1_ldf1_seed2_26agents_30rounds_20260804_024555.json,4,6,developed,SI,0.0,0.0,0.0,0.0
20260804_024555,results/simulation_llama3.1_8b_Full_scnldf_sh1_ldf1_seed2_26agents_30rounds_20260804_024555.json,4,7,developed,SI,0.0,0.0,5000000.0,0.0
20260804_024555,results/simulation_llama3.1_8b_Full_scnldf_sh1_ldf1_seed2_26agents_30rounds_20260804_024555.json,4,8,developing,SFI,0.0,0.0,24500.0,0.0
20260804_024555,results/simulation_llama3.1_8b_Full_scnldf_sh1_ldf1_seed2_26agents_30rounds_20260804_024555.json,4,9,developing,SFI,0.0,0.0,200000.0,0.0
20260804_024555,results/simulation_llama3.1_8b_Full_scnldf_sh1_ldf1_seed2_26agents_30rounds_20260804_024555.json,4,10,developing,SFI,0.0,0.0,1212136.0,0.0
20260804_024555,results/simulation_llama3.1_8b_Full_scnldf_sh1_ldf1_seed2_26agents_30rounds_20260804_024555.json,4,11,developing,SFI,0.0,0.0,151532.0,0.0
20260804_024555,results/simulation_llama3.1_8b_Full_scnldf_sh1_ldf1_seed2_26agents_30rounds_20260804_024555.json,4,12,developing,SFI,0.0,0.0,716836.0,0.0
20260804_024555,results/simulation_llama3.1_8b_Full_scnldf_sh1_ldf1_seed2_26agents_30rounds_20260804_024555.json,4,13,developing,SFI,0.0,0.0,890000.0,0.0
20260804_024555,results/simulation_llama3.1_8b_Full_scnldf_sh1_ldf1_seed2_26agents_30rounds_20260804_024555.json,4,14,developed,SI,0.0,0.0,3000000.0,0.0
20260804_024555,results/simulation_llama3.1_8b_Full_scnldf_sh1_ldf1_seed2_26agents_30rounds_20260804_024555.json,4,15,developing,SFI,0.0,0.0,200000.0,0.0
20260804_024555,results/simulation_llama3.1_8b_Full_scnldf_sh1_ldf1_seed2_26agents_30rounds_20260804_024555.json,4,16,developing,SFI,0.0,0.0,0.0,0.0
20260804_024555,results/simulation_llama3.1_8b_Full_scnldf_sh1_ldf1_seed2_26agents_30rounds_20260804_024555.json,4,17,developing,SFI,0.0,0.0,25410.0,0.0
20260804_024555,results/simulation_llama3.1_8b_Full_scnldf_sh1_ldf1_seed2_26agents_30rounds_20260804_024555.json,4,18,developed,SI,0.0,0.0,3164053.0,0.0
20260804_024555,results/simulation_llama3.1_8b_Full_scnldf_sh1_ldf1_seed2_26agents_30rounds_20260804_024555.json,4,19,developed,SI,565.0,0.0,10000000.0,0.0
20260804_024555,results/simulation_llama3.1_8b_Full_scnldf_sh1_ldf1_seed2_26agents_30rounds_20260804_024555.json,4,20,developed,SI,0.0,0.0,1000000.0,0.0
20260804_024555,results/simulation_llama3.1_8b_Full_scnldf_sh1_ldf1_seed2_26agents_30rounds_20260804_024555.json,4,21,developed,SI,565.0,0.0,8000000.0,0.0
20260804_024555,results/simulation_llama3.1_8b_Full_scnldf_sh1_ldf1_seed2_26agents_30rounds_20260804_024555.json,4,22,developed,SI,0.0,0.0,4000000.0,0.0
20260804_024555,results/simulation_llama3.1_8b_Full_scnldf_sh1_ldf1_seed2_26agents_30rounds_20260804_024555.json,4,23,developing,SFI,0.0,0.0,200000.0,0.0
20260804_024555,results/simulation_llama3.1_8b_Full_scnldf_sh1_ldf1_seed2_26agents_30rounds_20260804_024555.json,4,24,developed,SI,0.0,0.0,4000000.0,0.0
20260804_024555,results/simulation_llama3.1_8b_Full_scnldf_sh1_ldf1_seed2_26agents_30rounds_20260804_024555.json,4,25,developed,SI,0.0,0.0,5000000.0,0.0
20260804_024555,results/simulation_llama3.1_8b_Full_scnldf_sh1_ldf1_seed2_26agents_30rounds_20260804_024555.json,5,0,developed,SI,0.0,0.0,2000000.0,-4500.0
20260804_024555,results/simulation_llama3.1_8b_Full_scnldf_sh1_ldf1_seed2_26agents_30rounds_20260804_024555.json,5,1,developing,SFI,0.0,20250.0,500000.0,-2250.0
20260804_024555,results/simulation_llama3.1_8b_Full_scnldf_sh1_ldf1_seed2_26agents_30rounds_20260804_024555.json,5,2,developing,SFI,0.0,20250.0,300000.0,-2250.0
20260804_024555,results/simulation_llama3.1_8b_Full_scnldf_sh1_ldf1_seed2_26agents_30rounds_20260804_024555.json,5,3,developing,SFI,0.0,20250.0,1784326.0,-2250.0
20260804_024555,results/simulation_llama3.1_8b_Full_scnldf_sh1_ldf1_seed2_26agents_30rounds_20260804_024555.json,5,4,developed,SI,155.0,0.0,8000000.0,-4500.0
20260804_024555,results/simulation_llama3.1_8b_Full_scnldf_sh1_ldf1_seed2_26agents_30rounds_20260804_024555.json,5,5,developing,SFI,0.0,20250.0,1215506.0,-2250.0
20260804_024555,results/simulation_llama3.1_8b_Full_scnldf_sh1_ldf1_seed2_26agents_30rounds_20260804_024555.json,5,6,developed,SI,0.0,0.0,4000000.0,-4500.0
20260804_024555,results/simulation_llama3.1_8b_Full_scnldf_sh1_ldf1_seed2_26agents_30rounds_20260804_024555.json,5,7,developed,SI,0.0,0.0,2629141.0,-4500.0
20260804_024555,results/simulation_llama3.1_8b_Full_scnldf_sh1_ldf1_seed2_26agents_30rounds_20260804_024555.json,5,8,developing,SFI,0.0,20250.0,514341.0,-2250.0
20260804_024555,results/simulation_llama3.1_8b_Full_scnldf_sh1_ldf1_seed2_26agents_30rounds_20260804_024555.json,5,9,developing,SFI,0.0,20250.0,0.0,-2250.0
20260804_024555,results/simulation_llama3.1_8b_Full_scnldf_sh1_ldf1_seed2_26agents_30rounds_20260804_024555.json,5,10,developing,SFI,0.0,20250.0,425190.0,-2250.0
20260804_024555,results/simulation_llama3.1_8b_Full_scnldf_sh1_ldf1_seed2_26agents_30rounds_20260804_024555.json,5,11,developing,SFI,0.0,20250.0,151532.0,-2250.0
20260804_024555,results/simulation_llama3.1_8b_Full_scnldf_sh1_ldf1_seed2_26agents_30rounds_20260804_024555.json,5,12,developing,SFI,0.0,20250.0,250000.0,-2250.0
20260804_024555,results/simulation_llama3.1_8b_Full_scnldf_sh1_ldf1_seed2_26agents_30rounds_20260804_024555.json,5,13,developing,SFI,0.0,20250.0,213789.0,-2250.0
20260804_024555,results/simulation_llama3.1_8b_Full_scnldf_sh1_ldf1_seed2_26agents_30rounds_20260804_024555.json,5,14,developed,SI,0.0,0.0,8000000.0,-4500.0
20260804_024555,results/simulation_llama3.1_8b_Full_scnldf_sh1_ldf1_seed2_26agents_30rounds_20260804_024555.json,5,15,developing,SFI,0.0,20250.0,0.0,-2250.0
20260804_024555,results/simulation_llama3.1_8b_Full_scnldf_sh1_ldf1_seed2_26agents_30rounds_20260804_024555.json,5,16,developing,SFI,0.0,20250.0,1000000.0,-2250.0
20260804_024555,results/simulation_llama3.1_8b_Full_scnldf_sh1_ldf1_seed2_26agents_30rounds_20260804_024555.json,5,17,developing,SFI,0.0,20250.0,284231.0,-2250.0
20260804_024555,results/simulation_llama3.1_8b_Full_scnldf_sh1_ldf1_seed2_26agents_30rounds_20260804_024555.json,5,18,developed,SI,0.0,0.0,4502370.0,-4500.0
20260804_024555,results/simulation_llama3.1_8b_Full_scnldf_sh1_ldf1_seed2_26agents_30rounds_20260804_024555.json,5,19,developed,SI,0.0,0.0,0.0,-4500.0
20260804_024555,results/simulation_llama3.1_8b_Full_scnldf_sh1_ldf1_seed2_26agents_30rounds_20260804_024555.json,5,20,developed,SI,0.0,0.0,3000000.0,-4500.0
20260804_024555,results/simulation_llama3.1_8b_Full_scnldf_sh1_ldf1_seed2_26agents_30rounds_20260804_024555.json,5,21,developed,SI,0.0,0.0,2000000.0,-4500.0
20260804_024555,results/simulation_llama3.1_8b_Full_scnldf_sh1_ldf1_seed2_26agents_30rounds_20260804_024555.json,5,22,developed,SI,155.0,0.0,10000000.0,-4500.0
20260804_024555,results/simulation_llama3.1_8b_Full_scnldf_sh1_ldf1_seed2_26agents_30rounds_20260804_024555.json,5,23,developing,SFI,0.0,20250.0,200000.0,-2250.0
20260804_024555,results/simulation_llama3.1_8b_Full_scnldf_sh1_ldf1_seed2_26agents_30rounds_20260804_024555.json,5,24,developed,SI,0.0,0.0,5000000.0,-4500.0
20260804_024555,results/simulation_llama3.1_8b_Full_scnldf_sh1_ldf1_seed2_26agents_30rounds_20260804_024555.json,5,25,developed,SI,0.0,0.0,0.0,-4500.0
20260804_024555,results/simulation_llama3.1_8b_Full_scnldf_sh1_ldf1_seed2_26agents_30rounds_20260804_024555.json,6,0,developed,SI,0.0,0.0,0.0,0.0
20260804_024555,results/simulation_llama3.1_8b_Full_scnldf_sh1_ldf1_seed2_26agents_30rounds_20260804_024555.json,6,1,developing,SFI,0.0,0.0,500000.0,0.0
20260804_024555,results/simulation_llama3.1_8b_Full_scnldf_sh1_ldf1_seed2_26agents_30rounds_20260804_024555.json,6,2,developing,SFI,0.0,0.0,500.0,0.0
20260804_024555,results/simulation_llama3.1_8b_Full_scnldf_sh1_ldf1_seed2_26agents_30rounds_20260804_024555.json,6,3,developing,SFI,0.0,0.0,388814.0,0.0
20260804_024555,results/simulation_llama3.1_8b_Full_scnldf_sh1_ldf1_seed2_26agents_30rounds_20260804_024555.json,6,4,developed,SI,381.0,0.0,6000000.0,0.0
20260804_024555,results/simulation_llama3.1_8b_Full_scnldf_sh1_ldf1_seed2_26agents_30rounds_20260804_024555.json,6,5,developing,SFI,0.0,0.0,500000.0,0.0
20260804_024555,results/simulation_llama3.1_8b_Full_scnldf_sh1_ldf1_seed2_26agents_30rounds_20260804_024555.json,6,6,developed,SI,0.0,0.0,4102865.0,0.0
20260804_024555,results/simulation_llama3.1_8b_Full_scnldf_sh1_ldf1_seed2_26agents_30rounds_20260804_024555.json,6,7,developed,SI,381.0,0.0,7000000.0,0.0
20260804_024555,results/simulation_llama3.1_8b_Full_scnldf_sh1_ldf1_seed2_26agents_30rounds_20260804_024555.json,6,8,developing,SFI,0.0,0.0,514341.0,0.0
20260804_024555,results/simulation_llama3.1_8b_Full_scnldf_sh1_ldf1_seed2_26agents_30rounds_20260804_024555.json,6,9,developing,SFI,0.0,0.0,100000.0,0.0
20260804_024555,results/simulation_llama3.1_8b_Full_scnldf_sh1_ldf1_seed2_26agents_30rounds_20260804_024555.json,6,10,developing,SFI,0.0,0.0,493363.0,0.0
20260804_024555,results/simulation_llama3.1_8b_Full_scnldf_sh1_ldf1_seed2_26agents_30rounds_20260804_024555.json,6,11,developing,SFI,0.0,0.0,514414.0,0.0
20260804_024555,results/simulation_llama3.1_8b_Full_scnldf_sh1_ldf1_seed2_26agents_30rounds_20260804_024555.json,6,12,developing,SFI,0.0,0.0,506839.0,0.0
20260804_024555,results/simulation_llama3.1_8b_Full_scnldf_sh1_ldf1_seed2_26agents_30rounds_20260804_024555.json,6,13,developing,SFI,0.0,0.0,213789.0,0.0
20260804_024555,results/simulation_llama3.1_8b_Full_scnldf_sh1_ldf1_seed2_26agents_30rounds_20260804_024555.json,6,14,developed,SI,0.0,0.0,4000000.0,0.0
20260804_024555,results/simulation_llama3.1_8b_Full_scnldf_sh1_ldf1_seed2_26agents_30rounds_20260804_024555.json,6,15,developing,SFI,0.0,0.0,500000.0,0.0
20260804_024555,results/simulation_llama3.1_8b_Full_scnldf_sh1_ldf1_seed2_26agents_30rounds_20260804_024555.json,6,16,developing,SFI,0.0,0.0,1059966.0,0.0
20260804_024555,results/simulation_llama3.1_8b_Full_scnldf_sh1_ldf1_seed2_26agents_30rounds_20260804_024555.json,6,17,developing,SFI,0.0,0.0,504206.0,0.0
20260804_024555,results/simulation_llama3.1_8b_Full_scnldf_sh1_ldf1_seed2_26agents_30rounds_20260804_024555.json,6,18,developed,SI,381.0,0.0,5000000.0,0.0
20260804_024555,results/simulation_llama3.1_8b_Full_scnldf_sh1_ldf1_seed2_26agents_30rounds_20260804_024555.json,6,19,developed,SI,0.0,0.0,0.0,0.0
20260804_024555,results/simulation_llama3.1_8b_Full_scnldf_sh1_ldf1_seed2_26agents_30rounds_20260804_024555.json,6,20,developed,SI,0.0,0.0,3000000.0,0.0
20260804_024555,results/simulation_llama3.1_8b_Full_scnldf_sh1_ldf1_seed2_26agents_30rounds_20260804_024555.json,6,21,developed,SI,0.0,0.0,4284682.0,0.0
20260804_024555,results/simulation_llama3.1_8b_Full_scnldf_sh1_ldf1_seed2_26agents_30rounds_20260804_024555.json,6,22,developed,SI,381.0,0.0,10000000.0,0.0
20260804_024555,results/simulation_llama3.1_8b_Full_scnldf_sh1_ldf1_seed2_26agents_30rounds_20260804_024555.json,6,23,developing,SFI,0.0,0.0,0.0,0.0
20260804_024555,results/simulation_llama3.1_8b_Full_scnldf_sh1_ldf1_seed2_26agents_30rounds_20260804_024555.json,6,24,developed,SI,0.0,0.0,4011955.0,0.0
20260804_024555,results/simulation_llama3.1_8b_Full_scnldf_sh1_ldf1_seed2_26agents_30rounds_20260804_024555.json,6,25,developed,SI,381.0,0.0,10000000.0,0.0
20260804_024555,results/simulation_llama3.1_8b_Full_scnldf_sh1_ldf1_seed2_26agents_30rounds_20260804_024555.json,7,0,developed,SI,709.0,0.0,31966882.0,0.0
20260804_024555,results/simulation_llama3.1_8b_Full_scnldf_sh1_ldf1_seed2_26agents_30rounds_20260804_024555.json,7,1,developing,SFI,0.0,0.0,500000.0,0.0
20260804_024555,results/simulation_llama3.1_8b_Full_scnldf_sh1_ldf1_seed2_26agents_30rounds_20260804_024555.json,7,2,developing,SFI,0.0,0.0,1000000.0,0.0
20260804_024555,results/simulation_llama3.1_8b_Full_scnldf_sh1_ldf1_seed2_26agents_30rounds_20260804_024555.json,7,3,developing,SFI,0.0,0.0,500000.0,0.0
20260804_024555,results/simulation_llama3.1_8b_Full_scnldf_sh1_ldf1_seed2_26agents_30rounds_20260804_024555.json,7,4,developed,SI,709.0,0.0,10000000.0,0.0
20260804_024555,results/simulation_llama3.1_8b_Full_scnldf_sh1_ldf1_seed2_26agents_30rounds_20260804_024555.json,7,5,developing,SFI,0.0,0.0,407402.0,0.0
20260804_024555,results/simulation_llama3.1_8b_Full_scnldf_sh1_ldf1_seed2_26agents_30rounds_20260804_024555.json,7,6,developed,SI,0.0,0.0,0.0,0.0
20260804_024555,results/simulation_llama3.1_8b_Full_scnldf_sh1_ldf1_seed2_26agents_30rounds_20260804_024555.json,7,7,developed,SI,0.0,0.0,7000000.0,0.0
20260804_024555,results/simulation_llama3.1_8b_Full_scnldf_sh1_ldf1_seed2_26agents_30rounds_20260804_024555.json,7,8,developing,SFI,0.0,0.0,0.0,0.0
20260804_024555,results/simulation_llama3.1_8b_Full_scnldf_sh1_ldf1_seed2_26agents_30rounds_20260804_024555.json,7,9,developing,SFI,0.0,0.0,200000.0,0.0
20260804_024555,results/simulation_llama3.1_8b_Full_scnldf_sh1_ldf1_seed2_26agents_30rounds_20260804_024555.json,7,10,developing,SFI,0.0,0.0,121213.0,0.0
20260804_024555,results/simulation_llama3.1_8b_Full_scnldf_sh1_ldf1_seed2_26agents_30rounds_20260804_024555.json,7,11,developing,SFI,0.0,0.0,514414.0,0.0
20260804_024555,results/simulation_llama3.1_8b_Full_scnldf_sh1_ldf1_seed2_26agents_30rounds_20260804_024555.json,7,12,developing,SFI,0.0,0.0,716836.0,0.0
20260804_024555,results/simulation_llama3.1_8b_Full_scnldf_sh1_ldf1_seed2_26agents_30rounds_20260804_024555.json,7,13,developing,SFI,0.0,0.0,500000.0,0.0
20260804_024555,results/simulation_llama3.1_8b_Full_scnldf_sh1_ldf1_seed2_26agents_30rounds_20260804_024555.json,7,14,developed,SI,0.0,0.0,3000000.0,0.0
20260804_024555,results/simulation_llama3.1_8b_Full_scnldf_sh1_ldf1_seed2_26agents_30rounds_20260804_024555.json,7,15,developing,SFI,0.0,0.0,0.0,0.0
20260804_024555,results/simulation_llama3.1_8b_Full_scnldf_sh1_ldf1_seed2_26agents_30rounds_20260804_024555.json,7,16,developing,SFI,0.0,0.0,400000.0,0.0
20260804_024555,results/simulation_llama3.1_8b_Full_scnldf_sh1_ldf1_seed2_26agents_30rounds_20260804_024555.json,7,17,developing,SFI,0.0,0.0,25410.0,0.0
20260804_024555,results/simulation_llama3.1_8b_Full_scnldf_sh1_ldf1_seed2_26agents_30rounds_20260804_024555.json,7,18,developed,SI,0.0,0.0,0.0,0.0
20260804_024555,results/simulation_llama3.1_8b_Full_scnldf_sh1_ldf1_seed2_26agents_30rounds_20260804_024555.json,7,19,developed,SI,0.0,0.0,0.0,0.0
20260804_024555,results/simulation_llama3.1_8b_Full_scnldf_sh1_ldf1_seed2_26agents_30rounds_20260804_024555.json,7,20,developed,SI,0.0,0.0,4000000.0,0.0
20260804_024555,results/simulation_llama3.1_8b_Full_scnldf_sh1_ldf1_seed2_26agents_30rounds_20260804_024555.json,7,21,developed,SI,709.0,0.0,10000000.0,0.0
20260804_024555,results/simulation_llama3.1_8b_Full_scnldf_sh1_ldf1_seed2_26agents_30rounds_20260804_024555.json,7,22,developed,SI,0.0,0.0,6000000.0,0.0
20260804_024555,results/simulation_llama3.1_8b_Full_scnldf_sh1_ldf1_seed2_26agents_30rounds_20260804_024555.json,7,23,developing,SFI,0.0,0.0,1000000.0,0.0
20260804_024555,results/simulation_llama3.1_8b_Full_scnldf_sh1_ldf1_seed2_26agents_30rounds_20260804_024555.json,7,24,developed,SI,709.0,0.0,10000000.0,0.0
20260804_024555,results/simulation_llama3.1_8b_Full_scnldf_sh1_ldf1_seed2_26agents_30rounds_20260804_024555.json,7,25,developed,SI,709.0,0.0,10381124.0,0.0
20260804_024555,results/simulation_llama3.1_8b_Full_scnldf_sh1_ldf1_seed2_26agents_30rounds_20260804_024555.json,8,0,developed,SI,25779.0,0.0,12281276.0,0.0
20260804_024555,results/simulation_llama3.1_8b_Full_scnldf_sh1_ldf1_seed2_26agents_30rounds_20260804_024555.json,8,1,developing,SFI,0.0,0.0,1000000.0,0.0
20260804_024555,results/simulation_llama3.1_8b_Full_scnldf_sh1_ldf1_seed2_26agents_30rounds_20260804_024555.json,8,2,developing,SFI,0.0,0.0,300000.0,0.0
20260804_024555,results/simulation_llama3.1_8b_Full_scnldf_sh1_ldf1_seed2_26agents_30rounds_20260804_024555.json,8,3,developing,SFI,0.0,0.0,1000000.0,0.0
20260804_024555,results/simulation_llama3.1_8b_Full_scnldf_sh1_ldf1_seed2_26agents_30rounds_20260804_024555.json,8,4,developed,SI,0.0,0.0,10000000.0,0.0
20260804_024555,results/simulation_llama3.1_8b_Full_scnldf_sh1_ldf1_seed2_26agents_30rounds_20260804_024555.json,8,5,developing,SFI,0.0,0.0,1000000.0,0.0
20260804_024555,results/simulation_llama3.1_8b_Full_scnldf_sh1_ldf1_seed2_26agents_30rounds_20260804_024555.json,8,6,developed,SI,25779.0,0.0,30000000.0,0.0
20260804_024555,results/simulation_llama3.1_8b_Full_scnldf_sh1_ldf1_seed2_26agents_30rounds_20260804_024555.json,8,7,developed,SI,25779.0,0.0,20000000.0,0.0
20260804_024555,results/simulation_llama3.1_8b_Full_scnldf_sh1_ldf1_seed2_26agents_30rounds_20260804_024555.json,8,8,developing,SFI,0.0,0.0,514341.0,0.0
20260804_024555,results/simulation_llama3.1_8b_Full_scnldf_sh1_ldf1_seed2_26agents_30rounds_20260804_024555.json,8,9,developing,SFI,0.0,0.0,500000.0,0.0
20260804_024555,results/simulation_llama3.1_8b_Full_scnldf_sh1_ldf1_seed2_26agents_30rounds_20260804_024555.json,8,10,developing,SFI,0.0,0.0,725000.0,0.0
20260804_024555,results/simulation_llama3.1_8b_Full_scnldf_sh1_ldf1_seed2_26agents_30rounds_20260804_024555.json,8,11,developing,SFI,0.0,0.0,1000000.0,0.0
20260804_024555,results/simulation_llama3.1_8b_Full_scnldf_sh1_ldf1_seed2_26agents_30rounds_20260804_024555.json,8,12,developing,SFI,0.0,0.0,0.0,0.0
20260804_024555,results/simulation_llama3.1_8b_Full_scnldf_sh1_ldf1_seed2_26agents_30rounds_20260804_024555.json,8,13,developing,SFI,0.0,0.0,1000000.0,0.0
20260804_024555,results/simulation_llama3.1_8b_Full_scnldf_sh1_ldf1_seed2_26agents_30rounds_20260804_024555.json,8,14,developed,SI,0.0,0.0,4000000.0,0.0
20260804_024555,results/simulation_llama3.1_8b_Full_scnldf_sh1_ldf1_seed2_26agents_30rounds_20260804_024555.json,8,15,developing,SFI,0.0,0.0,1000000.0,0.0
20260804_024555,results/simulation_llama3.1_8b_Full_scnldf_sh1_ldf1_seed2_26agents_30rounds_20260804_024555.json,8,16,developing,SFI,0.0,0.0,0.0,0.0
20260804_024555,results/simulation_llama3.1_8b_Full_scnldf_sh1_ldf1_seed2_26agents_30rounds_20260804_024555.json,8,17,developing,SFI,0.0,0.0,450000.0,0.0
20260804_024555,results/simulation_llama3.1_8b_Full_scnldf_sh1_ldf1_seed2_26agents_30rounds_20260804_024555.json,8,18,developed,SI,0.0,0.0,10381124.0,0.0
20260804_024555,results/simulation_llama3.1_8b_Full_scnldf_sh1_ldf1_seed2_26agents_30rounds_20260804_024555.json,8,19,developed,SI,0.0,0.0,0.0,0.0
20260804_024555,results/simulation_llama3.1_8b_Full_scnldf_sh1_ldf1_seed2_26agents_30rounds_20260804_024555.json,8,20,developed,SI,25779.0,0.0,20000000.0,0.0
20260804_024555,results/simulation_llama3.1_8b_Full_scnldf_sh1_ldf1_seed2_26agents_30rounds_20260804_024555.json,8,21,developed,SI,25779.0,0.0,19535170.0,0.0
20260804_024555,results/simulation_llama3.1_8b_Full_scnldf_sh1_ldf1_seed2_26agents_30rounds_20260804_024555.json,8,22,developed,SI,0.0,0.0,10000000.0,0.0
20260804_024555,results/simulation_llama3.1_8b_Full_scnldf_sh1_ldf1_seed2_26agents_30rounds_20260804_024555.json,8,23,developing,SFI,0.0,0.0,0.0,0.0
20260804_024555,results/simulation_llama3.1_8b_Full_scnldf_sh1_ldf1_seed2_26agents_30rounds_20260804_024555.json,8,24,developed,SI,0.0,0.0,12000000.0,0.0
20260804_024555,results/simulation_llama3.1_8b_Full_scnldf_sh1_ldf1_seed2_26agents_30rounds_20260804_024555.json,8,25,developed,SI,0.0,0.0,10000000.0,0.0
20260804_024555,results/simulation_llama3.1_8b_Full_scnldf_sh1_ldf1_seed2_26agents_30rounds_20260804_024555.json,9,0,developed,SI,0.0,0.0,10559546.0,0.0
20260804_024555,results/simulation_llama3.1_8b_Full_scnldf_sh1_ldf1_seed2_26agents_30rounds_20260804_024555.json,9,1,developing,SFI,0.0,0.0,1000000.0,0.0
20260804_024555,results/simulation_llama3.1_8b_Full_scnldf_sh1_ldf1_seed2_26agents_30rounds_20260804_024555.json,9,2,developing,SFI,0.0,0.0,107291.0,0.0
20260804_024555,results/simulation_llama3.1_8b_Full_scnldf_sh1_ldf1_seed2_26agents_30rounds_20260804_024555.json,9,3,developing,SFI,0.0,0.0,388814.0,0.0
20260804_024555,results/simulation_llama3.1_8b_Full_scnldf_sh1_ldf1_seed2_26agents_30rounds_20260804_024555.json,9,4,developed,SI,293.0,0.0,20000000.0,0.0
20260804_024555,results/simulation_llama3.1_8b_Full_scnldf_sh1_ldf1_seed2_26agents_30rounds_20260804_024555.json,9,5,developing,SFI,0.0,0.0,500000.0,0.0
20260804_024555,results/simulation_llama3.1_8b_Full_scnldf_sh1_ldf1_seed2_26agents_30rounds_20260804_024555.json,9,6,developed,SI,0.0,0.0,12000000.0,0.0
20260804_024555,results/simulation_llama3.1_8b_Full_scnldf_sh1_ldf1_seed2_26agents_30rounds_20260804_024555.json,9,7,developed,SI,293.0,0.0,21000000.0,0.0
20260804_024555,results/simulation_llama3.1_8b_Full_scnldf_sh1_ldf1_seed2_26agents_30rounds_20260804_024555.json,9,8,developing,SFI,0.0,0.0,121537.0,0.0
20260804_024555,results/simulation_llama3.1_8b_Full_scnldf_sh1_ldf1_seed2_26agents_30rounds_20260804_024555.json,9,9,developing,SFI,0.0,0.0,200000.0,0.0
20260804_024555,results/simulation_llama3.1_8b_Full_scnldf_sh1_ldf1_seed2_26agents_30rounds_20260804_024555.json,9,10,developing,SFI,0.0,0.0,493363.0,0.0
20260804_024555,results/simulation_llama3.1_8b_Full_scnldf_sh1_ldf1_seed2_26agents_30rounds_20260804_024555.json,9,11,developing,SFI,0.0,0.0,514414.0,0.0
20260804_024555,results/simulation_llama3.1_8b_Full_scnldf_sh1_ldf1_seed2_26agents_30rounds_20260804_024555.json,9,12,developing,SFI,0.0,0.0,1000000.0,0.0
20260804_024555,results/simulation_llama3.1_8b_Full_scnldf_sh1_ldf1_seed2_26agents_30rounds_20260804_024555.json,9,13,developing,SFI,0.0,0.0,500000.0,0.0
20260804_024555,results/simulation_llama3.1_8b_Full_scnldf_sh1_ldf1_seed2_26agents_30rounds_20260804_024555.json,9,14,developed,SI,0.0,0.0,15000000.0,0.0
20260804_024555,results/simulation_llama3.1_8b_Full_scnldf_sh1_ldf1_seed2_26agents_30rounds_20260804_024555.json,9,15,developing,SFI,0.0,0.0,0.0,0.0
20260804_024555,results/simulation_llama3.1_8b_Full_scnldf_sh1_ldf1_seed2_26agents_30rounds_20260804_024555.json,9,16,developing,SFI,0.0,0.0,1000000.0,0.0
20260804_024555,results/simulation_llama3.1_8b_Full_scnldf_sh1_ldf1_seed2_26agents_30rounds_20260804_024555.json,9,17,developing,SFI,0.0,0.0,500000.0,0.0
20260804_024555,results/simulation_llama3.1_8b_Full_scnldf_sh1_ldf1_seed2_26agents_30rounds_20260804_024555.json,9,18,developed,SI,0.0,0.0,10000000.0,0.0
20260804_024555,results/simulation_llama3.1_8b_Full_scnldf_sh1_ldf1_seed2_26agents_30rounds_20260804_024555.json,9,19,developed,SI,0.0,0.0,14381597.0,0.0
20260804_024555,results/simulation_llama3.1_8b_Full_scnldf_sh1_ldf1_seed2_26agents_30rounds_20260804_024555.json,9,20,developed,SI,293.0,0.0,25000000.0,0.0
20260804_024555,results/simulation_llama3.1_8b_Full_scnldf_sh1_ldf1_seed2_26agents_30rounds_20260804_024555.json,9,21,developed,SI,0.0,0.0,0.0,0.0
20260804_024555,results/simulation_llama3.1_8b_Full_scnldf_sh1_ldf1_seed2_26agents_30rounds_20260804_024555.json,9,22,developed,SI,0.0,0.0,13500000.0,0.0
20260804_024555,results/simulation_llama3.1_8b_Full_scnldf_sh1_ldf1_seed2_26agents_30rounds_20260804_024555.json,9,23,developing,SFI,0.0,0.0,1000000.0,0.0
20260804_024555,results/simulation_llama3.1_8b_Full_scnldf_sh1_ldf1_seed2_26agents_30rounds_20260804_024555.json,9,24,developed,SI,293.0,0.0,20000000.0,0.0
20260804_024555,results/simulation_llama3.1_8b_Full_scnldf_sh1_ldf1_seed2_26agents_30rounds_20260804_024555.json,9,25,developed,SI,293.0,0.0,20000000.0,0.0
20260804_024555,results/simulation_llama3.1_8b_Full_scnldf_sh1_ldf1_seed2_26agents_30rounds_20260804_024555.json,10,0,developed,SI,0.0,0.0,13500000.0,-9000.0
20260804_024555,results/simulation_llama3.1_8b_Full_scnldf_sh1_ldf1_seed2_26agents_30rounds_20260804_024555.json,10,1,developing,SFI,0.0,40500.0,500000.0,-4500.0
20260804_024555,results/simulation_llama3.1_8b_Full_scnldf_sh1_ldf1_seed2_26agents_30rounds_20260804_024555.json,10,2,developing,SFI,0.0,40500.0,143786.0,-4500.0
20260804_024555,results/simulation_llama3.1_8b_Full_scnldf_sh1_ldf1_seed2_26agents_30rounds_20260804_024555.json,10,3,developing,SFI,0.0,40500.0,533585.0,-4500.0
20260804_024555,results/simulation_llama3.1_8b_Full_scnldf_sh1_ldf1_seed2_26agents_30rounds_20260804_024555.json,10,4,developed,SI,0.0,0.0,15000000.0,-9000.0
20260804_024555,results/simulation_llama3.1_8b_Full_scnldf_sh1_ldf1_seed2_26agents_30rounds_20260804_024555.json,10,5,developing,SFI,0.0,40500.0,0.0,-4500.0
20260804_024555,results/simulation_llama3.1_8b_Full_scnldf_sh1_ldf1_seed2_26agents_30rounds_20260804_024555.json,10,6,developed,SI,102.0,0.0,21000000.0,-9000.0
20260804_024555,results/simulation_llama3.1_8b_Full_scnldf_sh1_ldf1_seed2_26agents_30rounds_20260804_024555.json,10,7,developed,SI,102.0,0.0,21000000.0,-9000.0
20260804_024555,results/simulation_llama3.1_8b_Full_scnldf_sh1_ldf1_seed2_26agents_30rounds_20260804_024555.json,10,8,developing,SFI,0.0,40500.0,0.0,-4500.0
20260804_024555,results/simulation_llama3.1_8b_Full_scnldf_sh1_ldf1_seed2_26agents_30rounds_20260804_024555.json,10,9,developing,SFI,0.0,40500.0,0.0,-4500.0
20260804_024555,results/simulation_llama3.1_8b_Full_scnldf_sh1_ldf1_seed2_26agents_30rounds_20260804_024555.json,10,10,developing,SFI,0.0,40500.0,1000000.0,-4500.0
20260804_024555,results/simulation_llama3.1_8b_Full_scnldf_sh1_ldf1_seed2_26agents_30rounds_20260804_024555.json,10,11,developing,SFI,0.0,40500.0,514414.0,-4500.0
20260804_024555,results/simulation_llama3.1_8b_Full_scnldf_sh1_ldf1_seed2_26agents_30rounds_20260804_024555.json,10,12,developing,SFI,0.0,40500.0,1000000.0,-4500.0
20260804_024555,results/simulation_llama3.1_8b_Full_scnldf_sh1_ldf1_seed2_26agents_30rounds_20260804_024555.json,10,13,developing,SFI,0.0,40500.0,500000.0,-4500.0
20260804_024555,results/simulation_llama3.1_8b_Full_scnldf_sh1_ldf1_seed2_26agents_30rounds_20260804_024555.json,10,14,developed,SI,0.0,0.0,15000000.0,-9000.0
20260804_024555,results/simulation_llama3.1_8b_Full_scnldf_sh1_ldf1_seed2_26agents_30rounds_20260804_024555.json,10,15,developing,SFI,0.0,40500.0,0.0,-4500.0
20260804_024555,results/simulation_llama3.1_8b_Full_scnldf_sh1_ldf1_seed2_26agents_30rounds_20260804_024555.json,10,16,developing,SFI,0.0,40500.0,0.0,-4500.0
20260804_024555,results/simulation_llama3.1_8b_Full_scnldf_sh1_ldf1_seed2_26agents_30rounds_20260804_024555.json,10,17,developing,SFI,0.0,40500.0,200000.0,-4500.0
20260804_024555,results/simulation_llama3.1_8b_Full_scnldf_sh1_ldf1_seed2_26agents_30rounds_20260804_024555.json,10,18,developed,SI,0.0,0.0,15585558.0,-9000.0
20260804_024555,results/simulation_llama3.1_8b_Full_scnldf_sh1_ldf1_seed2_26agents_30rounds_20260804_024555.json,10,19,developed,SI,102.0,0.0,20000000.0,-9000.0
20260804_024555,results/simulation_llama3.1_8b_Full_scnldf_sh1_ldf1_seed2_26agents_30rounds_20260804_024555.json,10,20,developed,SI,102.0,0.0,25000000.0,-9000.0
20260804_024555,results/simulation_llama3.1_8b_Full_scnldf_sh1_ldf1_seed2_26agents_30rounds_20260804_024555.json,10,21,developed,SI,0.0,0.0,10000000.0,-9000.0
20260804_024555,results/simulation_llama3.1_8b_Full_scnldf_sh1_ldf1_seed2_26agents_30rounds_20260804_024555.json,10,22,developed,SI,0.0,0.0,15000000.0,-9000.0
20260804_024555,results/simulation_llama3.1_8b_Full_scnldf_sh1_ldf1_seed2_26agents_30rounds_20260804_024555.json,10,23,developing,SFI,0.0,40500.0,1000000.0,-4500.0
20260804_024555,results/simulation_llama3.1_8b_Full_scnldf_sh1_ldf1_seed2_26agents_30rounds_20260804_024555.json,10,24,developed,SI,0.0,0.0,15000000.0,-9000.0
20260804_024555,results/simulation_llama3.1_8b_Full_scnldf_sh1_ldf1_seed2_26agents_30rounds_20260804_024555.json,10,25,developed,SI,102.0,0.0,20000000.0,-9000.0
20260804_024555,results/simulation_llama3.1_8b_Full_scnldf_sh1_ldf1_seed2_26agents_30rounds_20260804_024555.json,11,0,developed,SI,352.0,0.0,48714218.0,0.0
20260804_024555,results/simulation_llama3.1_8b_Full_scnldf_sh1_ldf1_seed2_26agents_30rounds_20260804_024555.json,11,1,developing,SFI,0.0,0.0,1000000.0,0.0
20260804_024555,results/simulation_llama3.1_8b_Full_scnldf_sh1_ldf1_seed2_26agents_30rounds_20260804_024555.json,11,2,developing,SFI,0.0,0.0,143786.0,0.0
20260804_024555,results/simulation_llama3.1_8b_Full_scnldf_sh1_ldf1_seed2_26agents_30rounds_20260804_024555.json,11,3,developing,SFI,0.0,0.0,1000000.0,0.0
20260804_024555,results/simulation_llama3.1_8b_Full_scnldf_sh1_ldf1_seed2_26agents_30rounds_20260804_024555.json,11,4,developed,SI,0.0,0.0,15000000.0,0.0
20260804_024555,results/simulation_llama3.1_8b_Full_scnldf_sh1_ldf1_seed2_26agents_30rounds_20260804_024555.json,11,5,developing,SFI,0.0,0.0,0.0,0.0
20260804_024555,results/simulation_llama3.1_8b_Full_scnldf_sh1_ldf1_seed2_26agents_30rounds_20260804_024555.json,11,6,developed,SI,0.0,0.0,16825959.0,0.0
20260804_024555,results/simulation_llama3.1_8b_Full_scnldf_sh1_ldf1_seed2_26agents_30rounds_20260804_024555.json,11,7,developed,SI,352.0,0.0,21000000.0,0.0
20260804_024555,results/simulation_llama3.1_8b_Full_scnldf_sh1_ldf1_seed2_26agents_30rounds_20260804_024555.json,11,8,developing,SFI,0.0,0.0,121537.0,0.0
20260804_024555,results/simulation_llama3.1_8b_Full_scnldf_sh1_ldf1_seed2_26agents_30rounds_20260804_024555.json,11,9,developing,SFI,0.0,0.0,4207801.0,0.0
20260804_024555,results/simulation_llama3.1_8b_Full_scnldf_sh1_ldf1_seed2_26agents_30rounds_20260804_024555.json,11,10,developing,SFI,0.0,0.0,1000000.0,0.0
20260804_024555,results/simulation_llama3.1_8b_Full_scnldf_sh1_ldf1_seed2_26agents_30rounds_20260804_024555.json,11,11,developing,SFI,0.0,0.0,514414.0,0.0
20260804_024555,results/simulation_llama3.1_8b_Full_scnldf_sh1_ldf1_seed2_26agents_30rounds_20260804_024555.json,11,12,developing,SFI,0.0,0.0,0.0,0.0
20260804_024555,results/simulation_llama3.1_8b_Full_scnldf_sh1_ldf1_seed2_26agents_30rounds_20260804_024555.json,11,13,developing,SFI,0.0,0.0,500000.0,0.0
20260804_024555,results/simulation_llama3.1_8b_Full_scnldf_sh1_ldf1_seed2_26agents_30rounds_20260804_024555.json,11,14,developed,SI,352.0,0.0,17371414.0,0.0
20260804_024555,results/simulation_llama3.1_8b_Full_scnldf_sh1_ldf1_seed2_26agents_30rounds_20260804_024555.json,11,15,developing,SFI,0.0,0.0,0.0,0.0
20260804_024555,results/simulation_llama3.1_8b_Full_scnldf_sh1_ldf1_seed2_26agents_30rounds_20260804_024555.json,11,16,developing,SFI,0.0,0.0,0.0,0.0
20260804_024555,results/simulation_llama3.1_8b_Full_scnldf_sh1_ldf1_seed2_26agents_30rounds_20260804_024555.json,11,17,developing,SFI,0.0,0.0,3418544.0,0.0
20260804_024555,results/simulation_llama3.1_8b_Full_scnldf_sh1_ldf1_seed2_26agents_30rounds_20260804_024555.json,11,18,developed,SI,0.0,0.0,15000000.0,0.0
20260804_024555,results/simulation_llama3.1_8b_Full_scnldf_sh1_ldf1_seed2_26agents_30rounds_20260804_024555.json,11,19,developed,SI,352.0,0.0,20000000.0,0.0
20260804_024555,results/simulation_llama3.1_8b_Full_scnldf_sh1_ldf1_seed2_26agents_30rounds_20260804_024555.json,11,20,developed,SI,352.0,0.0,25000000.0,0.0
20260804_024555,results/simulation_llama3.1_8b_Full_scnldf_sh1_ldf1_seed2_26agents_30rounds_20260804_024555.json,11,21,developed,SI,0.0,0.0,3153265.0,0.0
20260804_024555,results/simulation_llama3.1_8b_Full_scnldf_sh1_ldf1_seed2_26agents_30rounds_20260804_024555.json,11,22,developed,SI,0.0,0.0,17371414.0,0.0
20260804_024555,results/simulation_llama3.1_8b_Full_scnldf_sh1_ldf1_seed2_26agents_30rounds_20260804_024555.json,11,23,developing,SFI,0.0,0.0,0.0,0.0
20260804_024555,results/simulation_llama3.1_8b_Full_scnldf_sh1_ldf1_seed2_26agents_30rounds_20260804_024555.json,11,24,developed,SI,0.0,0.0,12000000.0,0.0
20260804_024555,results/simulation_llama3.1_8b_Full_scnldf_sh1_ldf1_seed2_26agents_30rounds_20260804_024555.json,11,25,developed,SI,0.0,0.0,10000000.0,0.0
20260804_024555,results/simulation_llama3.1_8b_Full_scnldf_sh1_ldf1_seed2_26agents_30rounds_20260804_024555.json,12,0,developed,SI,0.0,0.0,0.0,0.0
20260804_024555,results/simulation_llama3.1_8b_Full_scnldf_sh1_ldf1_seed2_26agents_30rounds_20260804_024555.json,12,1,developing,SFI,0.0,0.0,1000000.0,0.0
20260804_024555,results/simulation_llama3.1_8b_Full_scnldf_sh1_ldf1_seed2_26agents_30rounds_20260804_024555.json,12,2,developing,SFI,0.0,0.0,0.0,0.0
20260804_024555,results/simulation_llama3.1_8b_Full_scnldf_sh1_ldf1_seed2_26agents_30rounds_20260804_024555.json,12,3,developing,SFI,0.0,0.0,0.0,0.0
20260804_024555,results/simulation_llama3.1_8b_Full_scnldf_sh1_ldf1_seed2_26agents_30rounds_20260804_024555.json,12,4,developed,SI,426.0,0.0,25000000.0,0.0
20260804_024555,results/simulation_llama3.1_8b_Full_scnldf_sh1_ldf1_seed2_26agents_30rounds_20260804_024555.json,12,5,developing,SFI,0.0,0.0,174338.0,0.0
20260804_024555,results/simulation_llama3.1_8b_Full_scnldf_sh1_ldf1_seed2_26agents_30rounds_20260804_024555.json,12,6,developed,SI,0.0,0.0,15000000.0,0.0
20260804_024555,results/simulation_llama3.1_8b_Full_scnldf_sh1_ldf1_seed2_26agents_30rounds_20260804_024555.json,12,7,developed,SI,0.0,0.0,21000000.0,0.0
20260804_024555,results/simulation_llama3.1_8b_Full_scnldf_sh1_ldf1_seed2_26agents_30rounds_20260804_024555.json,12,8,developing,SFI,0.0,0.0,121537.0,0.0
20260804_024555,results/simulation_llama3.1_8b_Full_scnldf_sh1_ldf1_seed2_26agents_30rounds_20260804_024555.json,12,9,developing,SFI,0.0,0.0,1000000.0,0.0
20260804_024555,results/simulation_llama3.1_8b_Full_scnldf_sh1_ldf1_seed2_26agents_30rounds_20260804_024555.json,12,10,developing,SFI,0.0,0.0,1000000.0,0.0
20260804_024555,results/simulation_llama3.1_8b_Full_scnldf_sh1_ldf1_seed2_26agents_30rounds_20260804_024555.json,12,11,developing,SFI,0.0,0.0,514414.0,0.0
20260804_024555,results/simulation_llama3.1_8b_Full_scnldf_sh1_ldf1_seed2_26agents_30rounds_20260804_024555.json,12,12,developing,SFI,0.0,0.0,1422840.0,0.0
20260804_024555,results/simulation_llama3.1_8b_Full_scnldf_sh1_ldf1_seed2_26agents_30rounds_20260804_024555.json,12,13,developing,SFI,0.0,0.0,500000.0,0.0
20260804_024555,results/simulation_llama3.1_8b_Full_scnldf_sh1_ldf1_seed2_26agents_30rounds_20260804_024555.json,12,14,developed,SI,0.0,0.0,17371414.0,0.0
20260804_024555,results/simulation_llama3.1_8b_Full_scnldf_sh1_ldf1_seed2_26agents_30rounds_20260804_024555.json,12,15,developing,SFI,0.0,0.0,5338556.0,0.0
20260804_024555,results/simulation_llama3.1_8b_Full_scnldf_sh1_ldf1_seed2_26agents_30rounds_20260804_024555.json,12,16,developing,SFI,0.0,0.0,3714830.0,0.0
20260804_024555,results/simulation_llama3.1_8b_Full_scnldf_sh1_ldf1_seed2_26agents_30rounds_20260804_024555.json,12,17,developing,SFI,0.0,0.0,652887.0,0.0
20260804_024555,results/simulation_llama3.1_8b_Full_scnldf_sh1_ldf1_seed2_26agents_30rounds_20260804_024555.json,12,18,developed,SI,426.0,0.0,25000000.0,0.0
20260804_024555,results/simulation_llama3.1_8b_Full_scnldf_sh1_ldf1_seed2_26agents_30rounds_20260804_024555.json,12,19,developed,SI,426.0,0.0,40000000.0,0.0
20260804_024555,results/simulation_llama3.1_8b_Full_scnldf_sh1_ldf1_seed2_26agents_30rounds_20260804_024555.json,12,20,developed,SI,426.0,0.0,25000000.0,0.0
20260804_024555,results/simulation_llama3.1_8b_Full_scnldf_sh1_ldf1_seed2_26agents_30rounds_20260804_024555.json,12,21,developed,SI,426.0,0.0,25000000.0,0.0
20260804_024555,results/simulation_llama3.1_8b_Full_scnldf_sh1_ldf1_seed2_26agents_30rounds_20260804_024555.json,12,22,developed,SI,0.0,0.0,0.0,0.0
20260804_024555,results/simulation_llama3.1_8b_Full_scnldf_sh1_ldf1_seed2_26agents_30rounds_20260804_024555.json,12,23,developing,SFI,0.0,0.0,0.0,0.0
20260804_024555,results/simulation_llama3.1_8b_Full_scnldf_sh1_ldf1_seed2_26agents_30rounds_20260804_024555.json,12,24,developed,SI,0.0,0.0,25000000.0,0.0
20260804_024555,results/simulation_llama3.1_8b_Full_scnldf_sh1_ldf1_seed2_26agents_30rounds_20260804_024555.json,12,25,developed,SI,0.0,0.0,19221479.0,0.0
20260804_024555,results/simulation_llama3.1_8b_Full_scnldf_sh1_ldf1_seed2_26agents_30rounds_20260804_024555.json,13,0,developed,SI,0.0,0.0,13500000.0,0.0
20260804_024555,results/simulation_llama3.1_8b_Full_scnldf_sh1_ldf1_seed2_26agents_30rounds_20260804_024555.json,13,1,developing,SFI,0.0,0.0,0.0,0.0
20260804_024555,results/simulation_llama3.1_8b_Full_scnldf_sh1_ldf1_seed2_26agents_30rounds_20260804_024555.json,13,2,developing,SFI,0.0,0.0,0.0,0.0
20260804_024555,results/simulation_llama3.1_8b_Full_scnldf_sh1_ldf1_seed2_26agents_30rounds_20260804_024555.json,13,3,developing,SFI,0.0,0.0,1000000.0,0.0
20260804_024555,results/simulation_llama3.1_8b_Full_scnldf_sh1_ldf1_seed2_26agents_30rounds_20260804_024555.json,13,4,developed,SI,0.0,0.0,19326626.0,0.0
20260804_024555,results/simulation_llama3.1_8b_Full_scnldf_sh1_ldf1_seed2_26agents_30rounds_20260804_024555.json,13,5,developing,SFI,0.0,0.0,0.0,0.0
20260804_024555,results/simulation_llama3.1_8b_Full_scnldf_sh1_ldf1_seed2_26agents_30rounds_20260804_024555.json,13,6,developed,SI,753.0,0.0,25000000.0,0.0
20260804_024555,results/simulation_llama3.1_8b_Full_scnldf_sh1_ldf1_seed2_26agents_30rounds_20260804_024555.json,13,7,developed,SI,753.0,0.0,25000000.0,0.0
20260804_024555,results/simulation_llama3.1_8b_Full_scnldf_sh1_ldf1_seed2_26agents_30rounds_20260804_024555.json,13,8,developing,SFI,0.0,0.0,121537.0,0.0
20260804_024555,results/simulation_llama3.1_8b_Full_scnldf_sh1_ldf1_seed2_26agents_30rounds_20260804_024555.json,13,9,developing,SFI,0.0,0.0,106259.0,0.0
20260804_024555,results/simulation_llama3.1_8b_Full_scnldf_sh1_ldf1_seed2_26agents_30rounds_20260804_024555.json,13,10,developing,SFI,0.0,0.0,1422840.0,0.0
20260804_024555,results/simulation_llama3.1_8b_Full_scnldf_sh1_ldf1_seed2_26agents_30rounds_20260804_024555.json,13,11,developing,SFI,0.0,0.0,1148076.0,0.0
20260804_024555,results/simulation_llama3.1_8b_Full_scnldf_sh1_ldf1_seed2_26agents_30rounds_20260804_024555.json,13,12,developing,SFI,0.0,0.0,3187348.0,0.0
20260804_024555,results/simulation_llama3.1_8b_Full_scnldf_sh1_ldf1_seed2_26agents_30rounds_20260804_024555.json,13,13,developing,SFI,0.0,0.0,2000000.0,0.0
20260804_024555,results/simulation_llama3.1_8b_Full_scnldf_sh1_ldf1_seed2_26agents_30rounds_20260804_024555.json,13,14,developed,SI,0.0,0.0,0.0,0.0
20260804_024555,results/simulation_llama3.1_8b_Full_scnldf_sh1_ldf1_seed2_26agents_30rounds_20260804_024555.json,13,15,developing,SFI,0.0,0.0,1764503.0,0.0
20260804_024555,results/simulation_llama3.1_8b_Full_scnldf_sh1_ldf1_seed2_26agents_30rounds_20260804_024555.json,13,16,developing,SFI,0.0,0.0,901890.0,0.0
20260804_024555,results/simulation_llama3.1_8b_Full_scnldf_sh1_ldf1_seed2_26agents_30rounds_20260804_024555.json,13,17,developing,SFI,0.0,0.0,1230000.0,0.0
20260804_024555,results/simulation_llama3.1_8b_Full_scnldf_sh1_ldf1_seed2_26agents_30rounds_20260804_024555.json,13,18,developed,SI,753.0,0.0,25000000.0,0.0
20260804_024555,results/simulation_llama3.1_8b_Full_scnldf_sh1_ldf1_seed2_26agents_30rounds_20260804_024555.json,13,19,developed,SI,753.0,0.0,25000000.0,0.0
20260804_024555,results/simulation_llama3.1_8b_Full_scnldf_sh1_ldf1_seed2_26agents_30rounds_20260804_024555.json,13,20,developed,SI,0.0,0.0,25000000.0,0.0
20260804_024555,results/simulation_llama3.1_8b_Full_scnldf_sh1_ldf1_seed2_26agents_30rounds_20260804_024555.json,13,21,developed,SI,0.0,0.0,20000000.0,0.0
20260804_024555,results/simulation_llama3.1_8b_Full_scnldf_sh1_ldf1_seed2_26agents_30rounds_20260804_024555.json,13,22,developed,SI,0.0,0.0,0.0,0.0
20260804_024555,results/simulation_llama3.1_8b_Full_scnldf_sh1_ldf1_seed2_26agents_30rounds_20260804_024555.json,13,23,developing,SFI,0.0,0.0,5363263.0,0.0
20260804_024555,results/simulation_llama3.1_8b_Full_scnldf_sh1_ldf1_seed2_26agents_30rounds_20260804_024555.json,13,24,developed,SI,753.0,0.0,30000000.0,0.0
20260804_024555,results/simulation_llama3.1_8b_Full_scnldf_sh1_ldf1_seed2_26agents_30rounds_20260804_024555.json,13,25,developed,SI,0.0,0.0,25000000.0,0.0
20260804_024555,results/simulation_llama3.1_8b_Full_scnldf_sh1_ldf1_seed2_26agents_30rounds_20260804_024555.json,14,0,developed,SI,1987.0,0.0,38768783.0,0.0
20260804_024555,results/simulation_llama3.1_8b_Full_scnldf_sh1_ldf1_seed2_26agents_30rounds_20260804_024555.json,14,1,developing,SFI,0.0,0.0,2000000.0,0.0
20260804_024555,results/simulation_llama3.1_8b_Full_scnldf_sh1_ldf1_seed2_26agents_30rounds_20260804_024555.json,14,2,developing,SFI,0.0,0.0,143786.0,0.0
20260804_024555,results/simulation_llama3.1_8b_Full_scnldf_sh1_ldf1_seed2_26agents_30rounds_20260804_024555.json,14,3,developing,SFI,0.0,0.0,2000000.0,0.0
20260804_024555,results/simulation_llama3.1_8b_Full_scnldf_sh1_ldf1_seed2_26agents_30rounds_20260804_024555.json,14,4,developed,SI,0.0,0.0,15000000.0,0.0
20260804_024555,results/simulation_llama3.1_8b_Full_scnldf_sh1_ldf1_seed2_26agents_30rounds_20260804_024555.json,14,5,developing,SFI,0.0,0.0,0.0,0.0
20260804_024555,results/simulation_llama3.1_8b_Full_scnldf_sh1_ldf1_seed2_26agents_30rounds_20260804_024555.json,14,6,developed,SI,0.0,0.0,16825959.0,0.0
20260804_024555,results/simulation_llama3.1_8b_Full_scnldf_sh1_ldf1_seed2_26agents_30rounds_20260804_024555.json,14,7,developed,SI,0.0,0.0,21000000.0,0.0
20260804_024555,results/simulation_llama3.1_8b_Full_scnldf_sh1_ldf1_seed2_26agents_30rounds_20260804_024555.json,14,8,developing,SFI,0.0,0.0,121537.0,0.0
20260804_024555,results/simulation_llama3.1_8b_Full_scnldf_sh1_ldf1_seed2_26agents_30rounds_20260804_024555.json,14,9,developing,SFI,0.0,0.0,2000000.0,0.0
20260804_024555,results/simulation_llama3.1_8b_Full_scnldf_sh1_ldf1_seed2_26agents_30rounds_20260804_024555.json,14,10,developing,SFI,0.0,0.0,1500000.0,0.0
20260804_024555,results/simulation_llama3.1_8b_Full_scnldf_sh1_ldf1_seed2_26agents_30rounds_20260804_024555.json,14,11,developing,SFI,0.0,0.0,0.0,0.0
20260804_024555,results/simulation_llama3.1_8b_Full_scnldf_sh1_ldf1_seed2_26agents_30rounds_20260804_024555.json,14,12,developing,SFI,0.0,0.0,2085225.0,0.0
20260804_024555,results/simulation_llama3.1_8b_Full_scnldf_sh1_ldf1_seed2_26agents_30rounds_20260804_024555.json,14,13,developing,SFI,0.0,0.0,2120870.0,0.0
20260804_024555,results/simulation_llama3.1_8b_Full_scnldf_sh1_ldf1_seed2_26agents_30rounds_20260804_024555.json,14,14,developed,SI,0.0,0.0,10000000.0,0.0
20260804_024555,results/simulation_llama3.1_8b_Full_scnldf_sh1_ldf1_seed2_26agents_30rounds_20260804_024555.json,14,15,developing,SFI,0.0,0.0,104261.0,0.0
20260804_024555,results/simulation_llama3.1_8b_Full_scnldf_sh1_ldf1_seed2_26agents_30rounds_20260804_024555.json,14,16,developing,SFI,0.0,0.0,2947838.0,0.0
20260804_024555,results/simulation_llama3.1_8b_Full_scnldf_sh1_ldf1_seed2_26agents_30rounds_20260804_024555.json,14,17,developing,SFI,0.0,0.0,1418929.0,0.0
20260804_024555,results/simulation_llama3.1_8b_Full_scnldf_sh1_ldf1_seed2_26agents_30rounds_20260804_024555.json,14,18,developed,SI,1987.0,0.0,25000000.0,0.0
20260804_024555,results/simulation_llama3.1_8b_Full_scnldf_sh1_ldf1_seed2_26agents_30rounds_20260804_024555.json,14,19,developed,SI,0.0,0.0,20000000.0,0.0
20260804_024555,results/simulation_llama3.1_8b_Full_scnldf_sh1_ldf1_seed2_26agents_30rounds_20260804_024555.json,14,20,developed,SI,1987.0,0.0,25000000.0,0.0
20260804_024555,results/simulation_llama3.1_8b_Full_scnldf_sh1_ldf1_seed2_26agents_30rounds_20260804_024555.json,14,21,developed,SI,0.0,0.0,19347875.0,0.0
20260804_024555,results/simulation_llama3.1_8b_Full_scnldf_sh1_ldf1_seed2_26agents_30rounds_20260804_024555.json,14,22,developed,SI,1987.0,0.0,50000000.0,0.0
20260804_024555,results/simulation_llama3.1_8b_Full_scnldf_sh1_ldf1_seed2_26agents_30rounds_20260804_024555.json,14,23,developing,SFI,0.0,0.0,104261.0,0.0
20260804_024555,results/simulation_llama3.1_8b_Full_scnldf_sh1_ldf1_seed2_26agents_30rounds_20260804_024555.json,14,24,developed,SI,1987.0,0.0,30000000.0,0.0
20260804_024555,results/simulation_llama3.1_8b_Full_scnldf_sh1_ldf1_seed2_26agents_30rounds_20260804_024555.json,14,25,developed,SI,0.0,0.0,25000000.0,0.0
20260804_024555,results/simulation_llama3.1_8b_Full_scnldf_sh1_ldf1_seed2_26agents_30rounds_20260804_024555.json,15,0,developed,SI,2387.0,0.0,38768783.0,0.0
20260804_024555,results/simulation_llama3.1_8b_Full_scnldf_sh1_ldf1_seed2_26agents_30rounds_20260804_024555.json,15,1,developing,SFI,0.0,0.0,1000000.0,0.0
20260804_024555,results/simulation_llama3.1_8b_Full_scnldf_sh1_ldf1_seed2_26agents_30rounds_20260804_024555.json,15,2,developing,SFI,0.0,0.0,0.0,0.0
20260804_024555,results/simulation_llama3.1_8b_Full_scnldf_sh1_ldf1_seed2_26agents_30rounds_20260804_024555.json,15,3,developing,SFI,0.0,0.0,3000000.0,0.0
20260804_024555,results/simulation_llama3.1_8b_Full_scnldf_sh1_ldf1_seed2_26agents_30rounds_20260804_024555.json,15,4,developed,SI,0.0,0.0,20000000.0,0.0
20260804_024555,results/simulation_llama3.1_8b_Full_scnldf_sh1_ldf1_seed2_26agents_30rounds_20260804_024555.json,15,5,developing,SFI,0.0,0.0,174338.0,0.0
20260804_024555,results/simulation_llama3.1_8b_Full_scnldf_sh1_ldf1_seed2_26agents_30rounds_20260804_024555.json,15,6,developed,SI,2387.0,0.0,50000000.0,0.0
20260804_024555,results/simulation_llama3.1_8b_Full_scnldf_sh1_ldf1_seed2_26agents_30rounds_20260804_024555.json,15,7,developed,SI,0.0,0.0,21000000.0,0.0
20260804_024555,results/simulation_llama3.1_8b_Full_scnldf_sh1_ldf1_seed2_26agents_30rounds_20260804_024555.json,15,8,developing,SFI,0.0,0.0,121537.0,0.0
20260804_024555,results/simulation_llama3.1_8b_Full_scnldf_sh1_ldf1_seed2_26agents_30rounds_20260804_024555.json,15,9,developing,SFI,0.0,0.0,1000000.0,0.0
20260804_024555,results/simulation_llama3.1_8b_Full_scnldf_sh1_ldf1_seed2_26agents_30rounds_20260804_024555.json,15,10,developing,SFI,0.0,0.0,0.0,0.0
20260804_024555,results/simulation_llama3.1_8b_Full_scnldf_sh1_ldf1_seed2_26agents_30rounds_20260804_024555.json,15,11,developing,SFI,0.0,0.0,0.0,0.0
20260804_024555,results/simulation_llama3.1_8b_Full_scnldf_sh1_ldf1_seed2_26agents_30rounds_20260804_024555.json,15,12,developing,SFI,0.0,0.0,1112421.0,0.0
20260804_024555,results/simulation_llama3.1_8b_Full_scnldf_sh1_ldf1_seed2_26agents_30rounds_20260804_024555.json,15,13,developing,SFI,0.0,0.0,4011935.0,0.0
20260804_024555,results/simulation_llama3.1_8b_Full_scnldf_sh1_ldf1_seed2_26agents_30rounds_20260804_024555.json,15,14,developed,SI,2387.0,0.0,50000000.0,0.0
20260804_024555,results/simulation_llama3.1_8b_Full_scnldf_sh1_ldf1_seed2_26agents_30rounds_20260804_024555.json,15,15,developing,SFI,0.0,0.0,1000000.0,0.0
20260804_024555,results/simulation_llama3.1_8b_Full_scnldf_sh1_ldf1_seed2_26agents_30rounds_20260804_024555.json,15,16,developing,SFI,0.0,0.0,0.0,0.0
20260804_024555,results/simulation_llama3.1_8b_Full_scnldf_sh1_ldf1_seed2_26agents_30rounds_20260804_024555.json,15,17,developing,SFI,0.0,0.0,1500000.0,0.0
20260804_024555,results/simulation_llama3.1_8b_Full_scnldf_sh1_ldf1_seed2_26agents_30rounds_20260804_024555.json,15,18,developed,SI,0.0,0.0,25000000.0,0.0
20260804_024555,results/simulation_llama3.1_8b_Full_scnldf_sh1_ldf1_seed2_26agents_30rounds_20260804_024555.json,15,19,developed,SI,2387.0,0.0,50000000.0,0.0
20260804_024555,results/simulation_llama3.1_8b_Full_scnldf_sh1_ldf1_seed2_26agents_30rounds_20260804_024555.json,15,20,developed,SI,0.0,0.0,25000000.0,0.0
20260804_024555,results/simulation_llama3.1_8b_Full_scnldf_sh1_ldf1_seed2_26agents_30rounds_20260804_024555.json,15,21,developed,SI,0.0,0.0,25144976.0,0.0
20260804_024555,results/simulation_llama3.1_8b_Full_scnldf_sh1_ldf1_seed2_26agents_30rounds_20260804_024555.json,15,22,developed,SI,2387.0,0.0,30000000.0,0.0
20260804_024555,results/simulation_llama3.1_8b_Full_scnldf_sh1_ldf1_seed2_26agents_30rounds_20260804_024555.json,15,23,developing,SFI,0.0,0.0,104261.0,0.0
20260804_024555,results/simulation_llama3.1_8b_Full_scnldf_sh1_ldf1_seed2_26agents_30rounds_20260804_024555.json,15,24,developed,SI,0.0,0.0,25000000.0,0.0
20260804_024555,results/simulation_llama3.1_8b_Full_scnldf_sh1_ldf1_seed2_26agents_30rounds_20260804_024555.json,15,25,developed,SI,0.0,0.0,25000000.0,0.0
20260804_024555,results/simulation_llama3.1_8b_Full_scnldf_sh1_ldf1_seed2_26agents_30rounds_20260804_024555.json,16,0,developed,SI,390.0,0.0,91986136.0,0.0
20260804_024555,results/simulation_llama3.1_8b_Full_scnldf_sh1_ldf1_seed2_26agents_30rounds_20260804_024555.json,16,1,developing,SFI,0.0,0.0,1000000.0,0.0
20260804_024555,results/simulation_llama3.1_8b_Full_scnldf_sh1_ldf1_seed2_26agents_30rounds_20260804_024555.json,16,2,developing,SFI,0.0,0.0,143786.0,0.0
20260804_024555,results/simulation_llama3.1_8b_Full_scnldf_sh1_ldf1_seed2_26agents_30rounds_20260804_024555.json,16,3,developing,SFI,0.0,0.0,1000000.0,0.0
20260804_024555,results/simulation_llama3.1_8b_Full_scnldf_sh1_ldf1_seed2_26agents_30rounds_20260804_024555.json,16,4,developed,SI,0.0,0.0,25000000.0,0.0
20260804_024555,results/simulation_llama3.1_8b_Full_scnldf_sh1_ldf1_seed2_26agents_30rounds_20260804_024555.json,16,5,developing,SFI,0.0,0.0,0.0,0.0
20260804_024555,results/simulation_llama3.1_8b_Full_scnldf_sh1_ldf1_seed2_26agents_30rounds_20260804_024555.json,16,6,developed,SI,390.0,0.0,30446705.0,0.0
20260804_024555,results/simulation_llama3.1_8b_Full_scnldf_sh1_ldf1_seed2_26agents_30rounds_20260804_024555.json,16,7,developed,SI,390.0,0.0,42083069.0,0.0
20260804_024555,results/simulation_llama3.1_8b_Full_scnldf_sh1_ldf1_seed2_26agents_30rounds_20260804_024555.json,16,8,developing,SFI,0.0,0.0,121537.0,0.0
20260804_024555,results/simulation_llama3.1_8b_Full_scnldf_sh1_ldf1_seed2_26agents_30rounds_20260804_024555.json,16,9,developing,SFI,0.0,0.0,0.0,0.0
20260804_024555,results/simulation_llama3.1_8b_Full_scnldf_sh1_ldf1_seed2_26agents_30rounds_20260804_024555.json,16,10,developing,SFI,0.0,0.0,2000000.0,0.0
20260804_024555,results/simulation_llama3.1_8b_Full_scnldf_sh1_ldf1_seed2_26agents_30rounds_20260804_024555.json,16,11,developing,SFI,0.0,0.0,0.0,0.0
20260804_024555,results/simulation_llama3.1_8b_Full_scnldf_sh1_ldf1_seed2_26agents_30rounds_20260804_024555.json,16,12,developing,SFI,0.0,0.0,1080000.0,0.0
20260804_024555,results/simulation_llama3.1_8b_Full_scnldf_sh1_ldf1_seed2_26agents_30rounds_20260804_024555.json,16,13,developing,SFI,0.0,0.0,1488513.0,0.0
20260804_024555,results/simulation_llama3.1_8b_Full_scnldf_sh1_ldf1_seed2_26agents_30rounds_20260804_024555.json,16,14,developed,SI,0.0,0.0,0.0,0.0
20260804_024555,results/simulation_llama3.1_8b_Full_scnldf_sh1_ldf1_seed2_26agents_30rounds_20260804_024555.json,16,15,developing,SFI,0.0,0.0,104261.0,0.0
20260804_024555,results/simulation_llama3.1_8b_Full_scnldf_sh1_ldf1_seed2_26agents_30rounds_20260804_024555.json,16,16,developing,SFI,0.0,0.0,901890.0,0.0
20260804_024555,results/simulation_llama3.1_8b_Full_scnldf_sh1_ldf1_seed2_26agents_30rounds_20260804_024555.json,16,17,developing,SFI,0.0,0.0,1418929.0,0.0
20260804_024555,results/simulation_llama3.1_8b_Full_scnldf_sh1_ldf1_seed2_26agents_30rounds_20260804_024555.json,16,18,developed,SI,0.0,0.0,25000000.0,0.0
20260804_024555,results/simulation_llama3.1_8b_Full_scnldf_sh1_ldf1_seed2_26agents_30rounds_20260804_024555.json,16,19,developed,SI,0.0,0.0,30000000.0,0.0
20260804_024555,results/simulation_llama3.1_8b_Full_scnldf_sh1_ldf1_seed2_26agents_30rounds_20260804_024555.json,16,20,developed,SI,0.0,0.0,30000000.0,0.0
20260804_024555,results/simulation_llama3.1_8b_Full_scnldf_sh1_ldf1_seed2_26agents_30rounds_20260804_024555.json,16,21,developed,SI,390.0,0.0,40000000.0,0.0
20260804_024555,results/simulation_llama3.1_8b_Full_scnldf_sh1_ldf1_seed2_26agents_30rounds_20260804_024555.json,16,22,developed,SI,0.0,0.0,0.0,0.0
20260804_024555,results/simulation_llama3.1_8b_Full_scnldf_sh1_ldf1_seed2_26agents_30rounds_20260804_024555.json,16,23,developing,SFI,0.0,0.0,5000000.0,0.0
20260804_024555,results/simulation_llama3.1_8b_Full_scnldf_sh1_ldf1_seed2_26agents_30rounds_20260804_024555.json,16,24,developed,SI,0.0,0.0,25000000.0,0.0
20260804_024555,results/simulation_llama3.1_8b_Full_scnldf_sh1_ldf1_seed2_26agents_30rounds_20260804_024555.json,16,25,developed,SI,390.0,0.0,50000000.0,0.0
20260804_024555,results/simulation_llama3.1_8b_Full_scnldf_sh1_ldf1_seed2_26agents_30rounds_20260804_024555.json,17,0,developed,SI,0.0,0.0,38768783.0,0.0
20260804_024555,results/simulation_llama3.1_8b_Full_scnldf_sh1_ldf1_seed2_26agents_30rounds_20260804_024555.json,17,1,developing,SFI,0.0,0.0,5836180.0,0.0
20260804_024555,results/simulation_llama3.1_8b_Full_scnldf_sh1_ldf1_seed2_26agents_30rounds_20260804_024555.json,17,2,developing,SFI,0.0,0.0,0.0,0.0
20260804_024555,results/simulation_llama3.1_8b_Full_scnldf_sh1_ldf1_seed2_26agents_30rounds_20260804_024555.json,17,3,developing,SFI,0.0,0.0,3941841.0,0.0
20260804_024555,results/simulation_llama3.1_8b_Full_scnldf_sh1_ldf1_seed2_26agents_30rounds_20260804_024555.json,17,4,developed,SI,1036.0,0.0,157731079.0,0.0
20260804_024555,results/simulation_llama3.1_8b_Full_scnldf_sh1_ldf1_seed2_26agents_30rounds_20260804_024555.json,17,5,developing,SFI,0.0,0.0,1000000.0,0.0
20260804_024555,results/simulation_llama3.1_8b_Full_scnldf_sh1_ldf1_seed2_26agents_30rounds_20260804_024555.json,17,6,developed,SI,0.0,0.0,30500000.0,0.0
20260804_024555,results/simulation_llama3.1_8b_Full_scnldf_sh1_ldf1_seed2_26agents_30rounds_20260804_024555.json,17,7,developed,SI,1036.0,0.0,50000000.0,0.0
20260804_024555,results/simulation_llama3.1_8b_Full_scnldf_sh1_ldf1_seed2_26agents_30rounds_20260804_024555.json,17,8,developing,SFI,0.0,0.0,121537.0,0.0
20260804_024555,results/simulation_llama3.1_8b_Full_scnldf_sh1_ldf1_seed2_26agents_30rounds_20260804_024555.json,17,9,developing,SFI,0.0,0.0,0.0,0.0
20260804_024555,results/simulation_llama3.1_8b_Full_scnldf_sh1_ldf1_seed2_26agents_30rounds_20260804_024555.json,17,10,developing,SFI,0.0,0.0,500.0,0.0
20260804_024555,results/simulation_llama3.1_8b_Full_scnldf_sh1_ldf1_seed2_26agents_30rounds_20260804_024555.json,17,11,developing,SFI,0.0,0.0,1000000.0,0.0
20260804_024555,results/simulation_llama3.1_8b_Full_scnldf_sh1_ldf1_seed2_26agents_30rounds_20260804_024555.json,17,12,developing,SFI,0.0,0.0,1013762.0,0.0
20260804_024555,results/simulation_llama3.1_8b_Full_scnldf_sh1_ldf1_seed2_26agents_30rounds_20260804_024555.json,17,13,developing,SFI,0.0,0.0,0.0,0.0
20260804_024555,results/simulation_llama3.1_8b_Full_scnldf_sh1_ldf1_seed2_26agents_30rounds_20260804_024555.json,17,14,developed,SI,1036.0,0.0,50000000.0,0.0
20260804_024555,results/simulation_llama3.1_8b_Full_scnldf_sh1_ldf1_seed2_26agents_30rounds_20260804_024555.json,17,15,developing,SFI,0.0,0.0,1000000.0,0.0
20260804_024555,results/simulation_llama3.1_8b_Full_scnldf_sh1_ldf1_seed2_26agents_30rounds_20260804_024555.json,17,16,developing,SFI,0.0,0.0,2947838.0,0.0
20260804_024555,results/simulation_llama3.1_8b_Full_scnldf_sh1_ldf1_seed2_26agents_30rounds_20260804_024555.json,17,17,developing,SFI,0.0,0.0,1500000.0,0.0
20260804_024555,results/simulation_llama3.1_8b_Full_scnldf_sh1_ldf1_seed2_26agents_30rounds_20260804_024555.json,17,18,developed,SI,0.0,0.0,33137810.0,0.0
20260804_024555,results/simulation_llama3.1_8b_Full_scnldf_sh1_ldf1_seed2_26agents_30rounds_20260804_024555.json,17,19,developed,SI,0.0,0.0,10000000.0,0.0
20260804_024555,results/simulation_llama3.1_8b_Full_scnldf_sh1_ldf1_seed2_26agents_30rounds_20260804_024555.json,17,20,developed,SI,1036.0,0.0,114225258.0,0.0
20260804_024555,results/simulation_llama3.1_8b_Full_scnldf_sh1_ldf1_seed2_26agents_30rounds_20260804_024555.json,17,21,developed,SI,0.0,0.0,19347875.0,0.0
20260804_024555,results/simulation_llama3.1_8b_Full_scnldf_sh1_ldf1_seed2_26agents_30rounds_20260804_024555.json,17,22,developed,SI,0.0,0.0,0.0,0.0
20260804_024555,results/simulation_llama3.1_8b_Full_scnldf_sh1_ldf1_seed2_26agents_30rounds_20260804_024555.json,17,23,developing,SFI,0.0,0.0,500000.0,0.0
20260804_024555,results/simulation_llama3.1_8b_Full_scnldf_sh1_ldf1_seed2_26agents_30rounds_20260804_024555.json,17,24,developed,SI,0.0,0.0,10000000.0,0.0
20260804_024555,results/simulation_llama3.1_8b_Full_scnldf_sh1_ldf1_seed2_26agents_30rounds_20260804_024555.json,17,25,developed,SI,1036.0,0.0,42083069.0,0.0
20260804_024555,results/simulation_llama3.1_8b_Full_scnldf_sh1_ldf1_seed2_26agents_30rounds_20260804_024555.json,18,0,developed,SI,945.0,0.0,42083069.0,0.0
20260804_024555,results/simulation_llama3.1_8b_Full_scnldf_sh1_ldf1_seed2_26agents_30rounds_20260804_024555.json,18,1,developing,SFI,0.0,0.0,1000000.0,0.0
20260804_024555,results/simulation_llama3.1_8b_Full_scnldf_sh1_ldf1_seed2_26agents_30rounds_20260804_024555.json,18,2,developing,SFI,0.0,0.0,0.0,0.0
20260804_024555,results/simulation_llama3.1_8b_Full_scnldf_sh1_ldf1_seed2_26agents_30rounds_20260804_024555.json,18,3,developing,SFI,0.0,0.0,1500000.0,0.0
20260804_024555,results/simulation_llama3.1_8b_Full_scnldf_sh1_ldf1_seed2_26agents_30rounds_20260804_024555.json,18,4,developed,SI,945.0,0.0,50000000.0,0.0
20260804_024555,results/simulation_llama3.1_8b_Full_scnldf_sh1_ldf1_seed2_26agents_30rounds_20260804_024555.json,18,5,developing,SFI,0.0,0.0,0.0,0.0
20260804_024555,results/simulation_llama3.1_8b_Full_scnldf_sh1_ldf1_seed2_26agents_30rounds_20260804_024555.json,18,6,developed,SI,0.0,0.0,10000000.0,0.0
20260804_024555,results/simulation_llama3.1_8b_Full_scnldf_sh1_ldf1_seed2_26agents_30rounds_20260804_024555.json,18,7,developed,SI,945.0,0.0,42083069.0,0.0
20260804_024555,results/simulation_llama3.1_8b_Full_scnldf_sh1_ldf1_seed2_26agents_30rounds_20260804_024555.json,18,8,developing,SFI,0.0,0.0,121537.0,0.0
20260804_024555,results/simulation_llama3.1_8b_Full_scnldf_sh1_ldf1_seed2_26agents_30rounds_20260804_024555.json,18,9,developing,SFI,0.0,0.0,0.0,0.0
20260804_024555,results/simulation_llama3.1_8b_Full_scnldf_sh1_ldf1_seed2_26agents_30rounds_20260804_024555.json,18,10,developing,SFI,0.0,0.0,357619.0,0.0
20260804_024555,results/simulation_llama3.1_8b_Full_scnldf_sh1_ldf1_seed2_26agents_30rounds_20260804_024555.json,18,11,developing,SFI,0.0,0.0,0.0,0.0
20260804_024555,results/simulation_llama3.1_8b_Full_scnldf_sh1_ldf1_seed2_26agents_30rounds_20260804_024555.json,18,12,developing,SFI,0.0,0.0,0.0,0.0
20260804_024555,results/simulation_llama3.1_8b_Full_scnldf_sh1_ldf1_seed2_26agents_30rounds_20260804_024555.json,18,13,developing,SFI,0.0,0.0,1450896.0,0.0
20260804_024555,results/simulation_llama3.1_8b_Full_scnldf_sh1_ldf1_seed2_26agents_30rounds_20260804_024555.json,18,14,developed,SI,945.0,0.0,50000000.0,0.0
20260804_024555,results/simulation_llama3.1_8b_Full_scnldf_sh1_ldf1_seed2_26agents_30rounds_20260804_024555.json,18,15,developing,SFI,0.0,0.0,2000000.0,0.0
20260804_024555,results/simulation_llama3.1_8b_Full_scnldf_sh1_ldf1_seed2_26agents_30rounds_20260804_024555.json,18,16,developing,SFI,0.0,0.0,0.0,0.0
20260804_024555,results/simulation_llama3.1_8b_Full_scnldf_sh1_ldf1_seed2_26agents_30rounds_20260804_024555.json,18,17,developing,SFI,0.0,0.0,0.0,0.0
20260804_024555,results/simulation_llama3.1_8b_Full_scnldf_sh1_ldf1_seed2_26agents_30rounds_20260804_024555.json,18,18,developed,SI,0.0,0.0,0.0,0.0
20260804_024555,results/simulation_llama3.1_8b_Full_scnldf_sh1_ldf1_seed2_26agents_30rounds_20260804_024555.json,18,19,developed,SI,0.0,0.0,10000000.0,0.0
20260804_024555,results/simulation_llama3.1_8b_Full_scnldf_sh1_ldf1_seed2_26agents_30rounds_20260804_024555.json,18,20,developed,SI,0.0,0.0,40142601.0,0.0
20260804_024555,results/simulation_llama3.1_8b_Full_scnldf_sh1_ldf1_seed2_26agents_30rounds_20260804_024555.json,18,21,developed,SI,0.0,0.0,20000000.0,0.0
20260804_024555,results/simulation_llama3.1_8b_Full_scnldf_sh1_ldf1_seed2_26agents_30rounds_20260804_024555.json,18,22,developed,SI,945.0,0.0,50000000.0,0.0
20260804_024555,results/simulation_llama3.1_8b_Full_scnldf_sh1_ldf1_seed2_26agents_30rounds_20260804_024555.json,18,23,developing,SFI,0.0,0.0,177073.0,0.0
20260804_024555,results/simulation_llama3.1_8b_Full_scnldf_sh1_ldf1_seed2_26agents_30rounds_20260804_024555.json,18,24,developed,SI,0.0,0.0,25000000.0,0.0
20260804_024555,results/simulation_llama3.1_8b_Full_scnldf_sh1_ldf1_seed2_26agents_30rounds_20260804_024555.json,18,25,developed,SI,0.0,0.0,10000000.0,0.0
20260804_024555,results/simulation_llama3.1_8b_Full_scnldf_sh1_ldf1_seed2_26agents_30rounds_20260804_024555.json,19,0,developed,SI,337.0,0.0,91760192.0,0.0
20260804_024555,results/simulation_llama3.1_8b_Full_scnldf_sh1_ldf1_seed2_26agents_30rounds_20260804_024555.json,19,1,developing,SFI,0.0,0.0,0.0,0.0
20260804_024555,results/simulation_llama3.1_8b_Full_scnldf_sh1_ldf1_seed2_26agents_30rounds_20260804_024555.json,19,2,developing,SFI,0.0,0.0,0.0,0.0
20260804_024555,results/simulation_llama3.1_8b_Full_scnldf_sh1_ldf1_seed2_26agents_30rounds_20260804_024555.json,19,3,developing,SFI,0.0,0.0,700000.0,0.0
20260804_024555,results/simulation_llama3.1_8b_Full_scnldf_sh1_ldf1_seed2_26agents_30rounds_20260804_024555.json,19,4,developed,SI,0.0,0.0,20000000.0,0.0
20260804_024555,results/simulation_llama3.1_8b_Full_scnldf_sh1_ldf1_seed2_26agents_30rounds_20260804_024555.json,19,5,developing,SFI,0.0,0.0,0.0,0.0
20260804_024555,results/simulation_llama3.1_8b_Full_scnldf_sh1_ldf1_seed2_26agents_30rounds_20260804_024555.json,19,6,developed,SI,0.0,0.0,30000000.0,0.0
20260804_024555,results/simulation_llama3.1_8b_Full_scnldf_sh1_ldf1_seed2_26agents_30rounds_20260804_024555.json,19,7,developed,SI,337.0,0.0,50000000.0,0.0
20260804_024555,results/simulation_llama3.1_8b_Full_scnldf_sh1_ldf1_seed2_26agents_30rounds_20260804_024555.json,19,8,developing,SFI,0.0,0.0,121537.0,0.0
20260804_024555,results/simulation_llama3.1_8b_Full_scnldf_sh1_ldf1_seed2_26agents_30rounds_20260804_024555.json,19,9,developing,SFI,0.0,0.0,0.0,0.0
20260804_024555,results/simulation_llama3.1_8b_Full_scnldf_sh1_ldf1_seed2_26agents_30rounds_20260804_024555.json,19,10,developing,SFI,0.0,0.0,4000000.0,0.0
20260804_024555,results/simulation_llama3.1_8b_Full_scnldf_sh1_ldf1_seed2_26agents_30rounds_20260804_024555.json,19,11,developing,SFI,0.0,0.0,0.0,0.0
20260804_024555,results/simulation_llama3.1_8b_Full_scnldf_sh1_ldf1_seed2_26agents_30rounds_20260804_024555.json,19,12,developing,SFI,0.0,0.0,1013762.0,0.0
20260804_024555,results/simulation_llama3.1_8b_Full_scnldf_sh1_ldf1_seed2_26agents_30rounds_20260804_024555.json,19,13,developing,SFI,0.0,0.0,1000000.0,0.0
20260804_024555,results/simulation_llama3.1_8b_Full_scnldf_sh1_ldf1_seed2_26agents_30rounds_20260804_024555.json,19,14,developed,SI,0.0,0.0,10000000.0,0.0
20260804_024555,results/simulation_llama3.1_8b_Full_scnldf_sh1_ldf1_seed2_26agents_30rounds_20260804_024555.json,19,15,developing,SFI,0.0,0.0,3000000.0,0.0
20260804_024555,results/simulation_llama3.1_8b_Full_scnldf_sh1_ldf1_seed2_26agents_30rounds_20260804_024555.json,19,16,developing,SFI,0.0,0.0,203507.0,0.0
20260804_024555,results/simulation_llama3.1_8b_Full_scnldf_sh1_ldf1_seed2_26agents_30rounds_20260804_024555.json,19,17,developing,SFI,0.0,0.0,1000000.0,0.0
20260804_024555,results/simulation_llama3.1_8b_Full_scnldf_sh1_ldf1_seed2_26agents_30rounds_20260804_024555.json,19,18,developed,SI,0.0,0.0,15000000.0,0.0
20260804_024555,results/simulation_llama3.1_8b_Full_scnldf_sh1_ldf1_seed2_26agents_30rounds_20260804_024555.json,19,19,developed,SI,337.0,0.0,50000000.0,0.0
20260804_024555,results/simulation_llama3.1_8b_Full_scnldf_sh1_ldf1_seed2_26agents_30rounds_20260804_024555.json,19,20,developed,SI,337.0,0.0,42083069.0,0.0
20260804_024555,results/simulation_llama3.1_8b_Full_scnldf_sh1_ldf1_seed2_26agents_30rounds_20260804_024555.json,19,21,developed,SI,0.0,0.0,0.0,0.0
20260804_024555,results/simulation_llama3.1_8b_Full_scnldf_sh1_ldf1_seed2_26agents_30rounds_20260804_024555.json,19,22,developed,SI,0.0,0.0,0.0,0.0
20260804_024555,results/simulation_llama3.1_8b_Full_scnldf_sh1_ldf1_seed2_26agents_30rounds_20260804_024555.json,19,23,developing,SFI,0.0,0.0,205975.0,0.0
20260804_024555,results/simulation_llama3.1_8b_Full_scnldf_sh1_ldf1_seed2_26agents_30rounds_20260804_024555.json,19,24,developed,SI,0.0,0.0,29482612.0,0.0
20260804_024555,results/simulation_llama3.1_8b_Full_scnldf_sh1_ldf1_seed2_26agents_30rounds_20260804_024555.json,19,25,developed,SI,337.0,0.0,30846249.0,0.0
20260804_024555,results/simulation_llama3.1_8b_Full_scnldf_sh1_ldf1_seed2_26agents_30rounds_20260804_024555.json,20,0,developed,SI,1262.0,0.0,25219266.0,0.0
20260804_024555,results/simulation_llama3.1_8b_Full_scnldf_sh1_ldf1_seed2_26agents_30rounds_20260804_024555.json,20,1,developing,SFI,0.0,0.0,3195836.0,0.0
20260804_024555,results/simulation_llama3.1_8b_Full_scnldf_sh1_ldf1_seed2_26agents_30rounds_20260804_024555.json,20,2,developing,SFI,0.0,0.0,17327707.0,0.0
20260804_024555,results/simulation_llama3.1_8b_Full_scnldf_sh1_ldf1_seed2_26agents_30rounds_20260804_024555.json,20,3,developing,SFI,0.0,0.0,1500000.0,0.0
20260804_024555,results/simulation_llama3.1_8b_Full_scnldf_sh1_ldf1_seed2_26agents_30rounds_20260804_024555.json,20,4,developed,SI,0.0,0.0,15773107.0,0.0
20260804_024555,results/simulation_llama3.1_8b_Full_scnldf_sh1_ldf1_seed2_26agents_30rounds_20260804_024555.json,20,5,developing,SFI,0.0,0.0,0.0,0.0
20260804_024555,results/simulation_llama3.1_8b_Full_scnldf_sh1_ldf1_seed2_26agents_30rounds_20260804_024555.json,20,6,developed,SI,0.0,0.0,0.0,0.0
20260804_024555,results/simulation_llama3.1_8b_Full_scnldf_sh1_ldf1_seed2_26agents_30rounds_20260804_024555.json,20,7,developed,SI,1262.0,0.0,50000000.0,0.0
20260804_024555,results/simulation_llama3.1_8b_Full_scnldf_sh1_ldf1_seed2_26agents_30rounds_20260804_024555.json,20,8,developing,SFI,0.0,0.0,121537.0,0.0
20260804_024555,results/simulation_llama3.1_8b_Full_scnldf_sh1_ldf1_seed2_26agents_30rounds_20260804_024555.json,20,9,developing,SFI,0.0,0.0,0.0,0.0
20260804_024555,results/simulation_llama3.1_8b_Full_scnldf_sh1_ldf1_seed2_26agents_30rounds_20260804_024555.json,20,10,developing,SFI,0.0,0.0,1000000.0,0.0
20260804_024555,results/simulation_llama3.1_8b_Full_scnldf_sh1_ldf1_seed2_26agents_30rounds_20260804_024555.json,20,11,developing,SFI,0.0,0.0,1000000.0,0.0
20260804_024555,results/simulation_llama3.1_8b_Full_scnldf_sh1_ldf1_seed2_26agents_30rounds_20260804_024555.json,20,12,developing,SFI,0.0,0.0,1000000.0,0.0
20260804_024555,results/simulation_llama3.1_8b_Full_scnldf_sh1_ldf1_seed2_26agents_30rounds_20260804_024555.json,20,13,developing,SFI,0.0,0.0,1450896.0,0.0
20260804_024555,results/simulation_llama3.1_8b_Full_scnldf_sh1_ldf1_seed2_26agents_30rounds_20260804_024555.json,20,14,developed,SI,1262.0,0.0,20000000.0,0.0
20260804_024555,results/simulation_llama3.1_8b_Full_scnldf_sh1_ldf1_seed2_26agents_30rounds_20260804_024555.json,20,15,developing,SFI,0.0,0.0,2000000.0,0.0
20260804_024555,results/simulation_llama3.1_8b_Full_scnldf_sh1_ldf1_seed2_26agents_30rounds_20260804_024555.json,20,16,developing,SFI,0.0,0.0,0.0,0.0
20260804_024555,results/simulation_llama3.1_8b_Full_scnldf_sh1_ldf1_seed2_26agents_30rounds_20260804_024555.json,20,17,developing,SFI,0.0,0.0,2000000.0,0.0
20260804_024555,results/simulation_llama3.1_8b_Full_scnldf_sh1_ldf1_seed2_26agents_30rounds_20260804_024555.json,20,18,developed,SI,0.0,0.0,15000000.0,0.0
20260804_024555,results/simulation_llama3.1_8b_Full_scnldf_sh1_ldf1_seed2_26agents_30rounds_20260804_024555.json,20,19,developed,SI,0.0,0.0,15000000.0,0.0
20260804_024555,results/simulation_llama3.1_8b_Full_scnldf_sh1_ldf1_seed2_26agents_30rounds_20260804_024555.json,20,20,developed,SI,0.0,0.0,10000000.0,0.0
20260804_024555,results/simulation_llama3.1_8b_Full_scnldf_sh1_ldf1_seed2_26agents_30rounds_20260804_024555.json,20,21,developed,SI,0.0,0.0,15000000.0,0.0
20260804_024555,results/simulation_llama3.1_8b_Full_scnldf_sh1_ldf1_seed2_26agents_30rounds_20260804_024555.json,20,22,developed,SI,1262.0,0.0,20000000.0,0.0
20260804_024555,results/simulation_llama3.1_8b_Full_scnldf_sh1_ldf1_seed2_26agents_30rounds_20260804_024555.json,20,23,developing,SFI,0.0,0.0,2000000.0,0.0
20260804_024555,results/simulation_llama3.1_8b_Full_scnldf_sh1_ldf1_seed2_26agents_30rounds_20260804_024555.json,20,24,developed,SI,1262.0,0.0,20000000.0,0.0
20260804_024555,results/simulation_llama3.1_8b_Full_scnldf_sh1_ldf1_seed2_26agents_30rounds_20260804_024555.json,20,25,developed,SI,0.0,0.0,0.0,0.0
20260804_024555,results/simulation_llama3.1_8b_Full_scnldf_sh1_ldf1_seed2_26agents_30rounds_20260804_024555.json,21,0,developed,SI,0.0,0.0,16433919.0,0.0
20260804_024555,results/simulation_llama3.1_8b_Full_scnldf_sh1_ldf1_seed2_26agents_30rounds_20260804_024555.json,21,1,developing,SFI,0.0,0.0,1000000.0,0.0
20260804_024555,results/simulation_llama3.1_8b_Full_scnldf_sh1_ldf1_seed2_26agents_30rounds_20260804_024555.json,21,2,developing,SFI,0.0,0.0,3725254.0,0.0
20260804_024555,results/simulation_llama3.1_8b_Full_scnldf_sh1_ldf1_seed2_26agents_30rounds_20260804_024555.json,21,3,developing,SFI,0.0,0.0,2100000.0,0.0
20260804_024555,results/simulation_llama3.1_8b_Full_scnldf_sh1_ldf1_seed2_26agents_30rounds_20260804_024555.json,21,4,developed,SI,5163.0,0.0,20000000.0,0.0
20260804_024555,results/simulation_llama3.1_8b_Full_scnldf_sh1_ldf1_seed2_26agents_30rounds_20260804_024555.json,21,5,developing,SFI,0.0,0.0,5000000.0,0.0
20260804_024555,results/simulation_llama3.1_8b_Full_scnldf_sh1_ldf1_seed2_26agents_30rounds_20260804_024555.json,21,6,developed,SI,0.0,0.0,0.0,0.0
20260804_024555,results/simulation_llama3.1_8b_Full_scnldf_sh1_ldf1_seed2_26agents_30rounds_20260804_024555.json,21,7,developed,SI,5163.0,0.0,120000000.0,0.0
20260804_024555,results/simulation_llama3.1_8b_Full_scnldf_sh1_ldf1_seed2_26agents_30rounds_20260804_024555.json,21,8,developing,SFI,0.0,0.0,121537.0,0.0
20260804_024555,results/simulation_llama3.1_8b_Full_scnldf_sh1_ldf1_seed2_26agents_30rounds_20260804_024555.json,21,9,developing,SFI,0.0,0.0,10000000.0,0.0
20260804_024555,results/simulation_llama3.1_8b_Full_scnldf_sh1_ldf1_seed2_26agents_30rounds_20260804_024555.json,21,10,developing,SFI,0.0,0.0,378012.0,0.0
20260804_024555,results/simulation_llama3.1_8b_Full_scnldf_sh1_ldf1_seed2_26agents_30rounds_20260804_024555.json,21,11,developing,SFI,0.0,0.0,10000000.0,0.0
20260804_024555,results/simulation_llama3.1_8b_Full_scnldf_sh1_ldf1_seed2_26agents_30rounds_20260804_024555.json,21,12,developing,SFI,0.0,0.0,3000000.0,0.0
20260804_024555,results/simulation_llama3.1_8b_Full_scnldf_sh1_ldf1_seed2_26agents_30rounds_20260804_024555.json,21,13,developing,SFI,0.0,0.0,2000000.0,0.0
20260804_024555,results/simulation_llama3.1_8b_Full_scnldf_sh1_ldf1_seed2_26agents_30rounds_20260804_024555.json,21,14,developed,SI,5163.0,0.0,50000000.0,0.0
20260804_024555,results/simulation_llama3.1_8b_Full_scnldf_sh1_ldf1_seed2_26agents_30rounds_20260804_024555.json,21,15,developing,SFI,0.0,0.0,2900000.0,0.0
20260804_024555,results/simulation_llama3.1_8b_Full_scnldf_sh1_ldf1_seed2_26agents_30rounds_20260804_024555.json,21,16,developing,SFI,0.0,0.0,2500000.0,0.0
20260804_024555,results/simulation_llama3.1_8b_Full_scnldf_sh1_ldf1_seed2_26agents_30rounds_20260804_024555.json,21,17,developing,SFI,0.0,0.0,5000000.0,0.0
20260804_024555,results/simulation_llama3.1_8b_Full_scnldf_sh1_ldf1_seed2_26agents_30rounds_20260804_024555.json,21,18,developed,SI,0.0,0.0,17362943.0,0.0
20260804_024555,results/simulation_llama3.1_8b_Full_scnldf_sh1_ldf1_seed2_26agents_30rounds_20260804_024555.json,21,19,developed,SI,0.0,0.0,15000000.0,0.0
20260804_024555,results/simulation_llama3.1_8b_Full_scnldf_sh1_ldf1_seed2_26agents_30rounds_20260804_024555.json,21,20,developed,SI,0.0,0.0,17817488.0,0.0
20260804_024555,results/simulation_llama3.1_8b_Full_scnldf_sh1_ldf1_seed2_26agents_30rounds_20260804_024555.json,21,21,developed,SI,0.0,0.0,15000000.0,0.0
20260804_024555,results/simulation_llama3.1_8b_Full_scnldf_sh1_ldf1_seed2_26agents_30rounds_20260804_024555.json,21,22,developed,SI,0.0,0.0,15000000.0,0.0
20260804_024555,results/simulation_llama3.1_8b_Full_scnldf_sh1_ldf1_seed2_26agents_30rounds_20260804_024555.json,21,23,developing,SFI,0.0,0.0,4000000.0,0.0
20260804_024555,results/simulation_llama3.1_8b_Full_scnldf_sh1_ldf1_seed2_26agents_30rounds_20260804_024555.json,21,24,developed,SI,5163.0,0.0,123456789.0,0.0
20260804_024555,results/simulation_llama3.1_8b_Full_scnldf_sh1_ldf1_seed2_26agents_30rounds_20260804_024555.json,21,25,developed,SI,5163.0,0.0,20000000.0,0.0
20260804_024555,results/simulation_llama3.1_8b_Full_scnldf_sh1_ldf1_seed2_26agents_30rounds_20260804_024555.json,22,0,developed,SI,6506.0,0.0,91760192.0,0.0
20260804_024555,results/simulation_llama3.1_8b_Full_scnldf_sh1_ldf1_seed2_26agents_30rounds_20260804_024555.json,22,1,developing,SFI,0.0,0.0,3195836.0,0.0
20260804_024555,results/simulation_llama3.1_8b_Full_scnldf_sh1_ldf1_seed2_26agents_30rounds_20260804_024555.json,22,2,developing,SFI,0.0,0.0,3000000.0,0.0
20260804_024555,results/simulation_llama3.1_8b_Full_scnldf_sh1_ldf1_seed2_26agents_30rounds_20260804_024555.json,22,3,developing,SFI,0.0,0.0,3000000.0,0.0
20260804_024555,results/simulation_llama3.1_8b_Full_scnldf_sh1_ldf1_seed2_26agents_30rounds_20260804_024555.json,22,4,developed,SI,6506.0,0.0,30000000.0,0.0
20260804_024555,results/simulation_llama3.1_8b_Full_scnldf_sh1_ldf1_seed2_26agents_30rounds_20260804_024555.json,22,5,developing,SFI,0.0,0.0,0.0,0.0
20260804_024555,results/simulation_llama3.1_8b_Full_scnldf_sh1_ldf1_seed2_26agents_30rounds_20260804_024555.json,22,6,developed,SI,0.0,0.0,15000000.0,0.0
20260804_024555,results/simulation_llama3.1_8b_Full_scnldf_sh1_ldf1_seed2_26agents_30rounds_20260804_024555.json,22,7,developed,SI,6506.0,0.0,57659156.0,0.0
20260804_024555,results/simulation_llama3.1_8b_Full_scnldf_sh1_ldf1_seed2_26agents_30rounds_20260804_024555.json,22,8,developing,SFI,0.0,0.0,121537.0,0.0
20260804_024555,results/simulation_llama3.1_8b_Full_scnldf_sh1_ldf1_seed2_26agents_30rounds_20260804_024555.json,22,9,developing,SFI,0.0,0.0,4945796.0,0.0
20260804_024555,results/simulation_llama3.1_8b_Full_scnldf_sh1_ldf1_seed2_26agents_30rounds_20260804_024555.json,22,10,developing,SFI,0.0,0.0,1000000.0,0.0
20260804_024555,results/simulation_llama3.1_8b_Full_scnldf_sh1_ldf1_seed2_26agents_30rounds_20260804_024555.json,22,11,developing,SFI,0.0,0.0,0.0,0.0
20260804_024555,results/simulation_llama3.1_8b_Full_scnldf_sh1_ldf1_seed2_26agents_30rounds_20260804_024555.json,22,12,developing,SFI,0.0,0.0,0.0,0.0
20260804_024555,results/simulation_llama3.1_8b_Full_scnldf_sh1_ldf1_seed2_26agents_30rounds_20260804_024555.json,22,13,developing,SFI,0.0,0.0,0.0,0.0
20260804_024555,results/simulation_llama3.1_8b_Full_scnldf_sh1_ldf1_seed2_26agents_30rounds_20260804_024555.json,22,14,developed,SI,0.0,0.0,15000000.0,0.0
20260804_024555,results/simulation_llama3.1_8b_Full_scnldf_sh1_ldf1_seed2_26agents_30rounds_20260804_024555.json,22,15,developing,SFI,0.0,0.0,4000000.0,0.0
20260804_024555,results/simulation_llama3.1_8b_Full_scnldf_sh1_ldf1_seed2_26agents_30rounds_20260804_024555.json,22,16,developing,SFI,0.0,0.0,2000000.0,0.0
20260804_024555,results/simulation_llama3.1_8b_Full_scnldf_sh1_ldf1_seed2_26agents_30rounds_20260804_024555.json,22,17,developing,SFI,0.0,0.0,3000000.0,0.0
20260804_024555,results/simulation_llama3.1_8b_Full_scnldf_sh1_ldf1_seed2_26agents_30rounds_20260804_024555.json,22,18,developed,SI,0.0,0.0,15000000.0,0.0
20260804_024555,results/simulation_llama3.1_8b_Full_scnldf_sh1_ldf1_seed2_26agents_30rounds_20260804_024555.json,22,19,developed,SI,0.0,0.0,0.0,0.0
20260804_024555,results/simulation_llama3.1_8b_Full_scnldf_sh1_ldf1_seed2_26agents_30rounds_20260804_024555.json,22,20,developed,SI,6506.0,0.0,42083069.0,0.0
20260804_024555,results/simulation_llama3.1_8b_Full_scnldf_sh1_ldf1_seed2_26agents_30rounds_20260804_024555.json,22,21,developed,SI,0.0,0.0,15000000.0,0.0
20260804_024555,results/simulation_llama3.1_8b_Full_scnldf_sh1_ldf1_seed2_26agents_30rounds_20260804_024555.json,22,22,developed,SI,6506.0,0.0,20000000.0,0.0
20260804_024555,results/simulation_llama3.1_8b_Full_scnldf_sh1_ldf1_seed2_26agents_30rounds_20260804_024555.json,22,23,developing,SFI,0.0,0.0,4417650.0,0.0
20260804_024555,results/simulation_llama3.1_8b_Full_scnldf_sh1_ldf1_seed2_26agents_30rounds_20260804_024555.json,22,24,developed,SI,0.0,0.0,0.0,0.0
20260804_024555,results/simulation_llama3.1_8b_Full_scnldf_sh1_ldf1_seed2_26agents_30rounds_20260804_024555.json,22,25,developed,SI,0.0,0.0,15000000.0,0.0
20260804_024555,results/simulation_llama3.1_8b_Full_scnldf_sh1_ldf1_seed2_26agents_30rounds_20260804_024555.json,23,0,developed,SI,929.0,0.0,42000000.0,0.0
20260804_024555,results/simulation_llama3.1_8b_Full_scnldf_sh1_ldf1_seed2_26agents_30rounds_20260804_024555.json,23,1,developing,SFI,0.0,0.0,3000000.0,0.0
20260804_024555,results/simulation_llama3.1_8b_Full_scnldf_sh1_ldf1_seed2_26agents_30rounds_20260804_024555.json,23,2,developing,SFI,0.0,0.0,0.0,0.0
20260804_024555,results/simulation_llama3.1_8b_Full_scnldf_sh1_ldf1_seed2_26agents_30rounds_20260804_024555.json,23,3,developing,SFI,0.0,0.0,2100000.0,0.0
20260804_024555,results/simulation_llama3.1_8b_Full_scnldf_sh1_ldf1_seed2_26agents_30rounds_20260804_024555.json,23,4,developed,SI,929.0,0.0,31428571.0,0.0
20260804_024555,results/simulation_llama3.1_8b_Full_scnldf_sh1_ldf1_seed2_26agents_30rounds_20260804_024555.json,23,5,developing,SFI,0.0,0.0,20000000.0,0.0
20260804_024555,results/simulation_llama3.1_8b_Full_scnldf_sh1_ldf1_seed2_26agents_30rounds_20260804_024555.json,23,6,developed,SI,0.0,0.0,27409310.0,0.0
20260804_024555,results/simulation_llama3.1_8b_Full_scnldf_sh1_ldf1_seed2_26agents_30rounds_20260804_024555.json,23,7,developed,SI,0.0,0.0,2110341.0,0.0
20260804_024555,results/simulation_llama3.1_8b_Full_scnldf_sh1_ldf1_seed2_26agents_30rounds_20260804_024555.json,23,8,developing,SFI,0.0,0.0,121537.0,0.0
20260804_024555,results/simulation_llama3.1_8b_Full_scnldf_sh1_ldf1_seed2_26agents_30rounds_20260804_024555.json,23,9,developing,SFI,0.0,0.0,4945796.0,0.0
20260804_024555,results/simulation_llama3.1_8b_Full_scnldf_sh1_ldf1_seed2_26agents_30rounds_20260804_024555.json,23,10,developing,SFI,0.0,0.0,378012.0,0.0
20260804_024555,results/simulation_llama3.1_8b_Full_scnldf_sh1_ldf1_seed2_26agents_30rounds_20260804_024555.json,23,11,developing,SFI,0.0,0.0,0.0,0.0
20260804_024555,results/simulation_llama3.1_8b_Full_scnldf_sh1_ldf1_seed2_26agents_30rounds_20260804_024555.json,23,12,developing,SFI,0.0,0.0,3000000.0,0.0
20260804_024555,results/simulation_llama3.1_8b_Full_scnldf_sh1_ldf1_seed2_26agents_30rounds_20260804_024555.json,23,13,developing,SFI,0.0,0.0,5000000.0,0.0
20260804_024555,results/simulation_llama3.1_8b_Full_scnldf_sh1_ldf1_seed2_26agents_30rounds_20260804_024555.json,23,14,developed,SI,929.0,0.0,50000000.0,0.0
20260804_024555,results/simulation_llama3.1_8b_Full_scnldf_sh1_ldf1_seed2_26agents_30rounds_20260804_024555.json,23,15,developing,SFI,0.0,0.0,3000000.0,0.0
20260804_024555,results/simulation_llama3.1_8b_Full_scnldf_sh1_ldf1_seed2_26agents_30rounds_20260804_024555.json,23,16,developing,SFI,0.0,0.0,5000000.0,0.0
20260804_024555,results/simulation_llama3.1_8b_Full_scnldf_sh1_ldf1_seed2_26agents_30rounds_20260804_024555.json,23,17,developing,SFI,0.0,0.0,0.0,0.0
20260804_024555,results/simulation_llama3.1_8b_Full_scnldf_sh1_ldf1_seed2_26agents_30rounds_20260804_024555.json,23,18,developed,SI,0.0,0.0,27409310.0,0.0
20260804_024555,results/simulation_llama3.1_8b_Full_scnldf_sh1_ldf1_seed2_26agents_30rounds_20260804_024555.json,23,19,developed,SI,0.0,0.0,15000000.0,0.0
20260804_024555,results/simulation_llama3.1_8b_Full_scnldf_sh1_ldf1_seed2_26agents_30rounds_20260804_024555.json,23,20,developed,SI,0.0,0.0,10000000.0,0.0
20260804_024555,results/simulation_llama3.1_8b_Full_scnldf_sh1_ldf1_seed2_26agents_30rounds_20260804_024555.json,23,21,developed,SI,0.0,0.0,15000000.0,0.0
20260804_024555,results/simulation_llama3.1_8b_Full_scnldf_sh1_ldf1_seed2_26agents_30rounds_20260804_024555.json,23,22,developed,SI,0.0,0.0,26954765.0,0.0
20260804_024555,results/simulation_llama3.1_8b_Full_scnldf_sh1_ldf1_seed2_26agents_30rounds_20260804_024555.json,23,23,developing,SFI,0.0,0.0,4000000.0,0.0
20260804_024555,results/simulation_llama3.1_8b_Full_scnldf_sh1_ldf1_seed2_26agents_30rounds_20260804_024555.json,23,24,developed,SI,929.0,0.0,219423727.0,0.0
20260804_024555,results/simulation_llama3.1_8b_Full_scnldf_sh1_ldf1_seed2_26agents_30rounds_20260804_024555.json,23,25,developed,SI,929.0,0.0,294951895.0,0.0
20260804_024555,results/simulation_llama3.1_8b_Full_scnldf_sh1_ldf1_seed2_26agents_30rounds_20260804_024555.json,24,0,developed,SI,379.0,0.0,40000000.0,0.0
20260804_024555,results/simulation_llama3.1_8b_Full_scnldf_sh1_ldf1_seed2_26agents_30rounds_20260804_024555.json,24,1,developing,SFI,0.0,0.0,11495243.0,0.0
20260804_024555,results/simulation_llama3.1_8b_Full_scnldf_sh1_ldf1_seed2_26agents_30rounds_20260804_024555.json,24,2,developing,SFI,0.0,0.0,0.0,0.0
20260804_024555,results/simulation_llama3.1_8b_Full_scnldf_sh1_ldf1_seed2_26agents_30rounds_20260804_024555.json,24,3,developing,SFI,0.0,0.0,5000000.0,0.0
20260804_024555,results/simulation_llama3.1_8b_Full_scnldf_sh1_ldf1_seed2_26agents_30rounds_20260804_024555.json,24,4,developed,SI,0.0,0.0,0.0,0.0
20260804_024555,results/simulation_llama3.1_8b_Full_scnldf_sh1_ldf1_seed2_26agents_30rounds_20260804_024555.json,24,5,developing,SFI,0.0,0.0,0.0,0.0
20260804_024555,results/simulation_llama3.1_8b_Full_scnldf_sh1_ldf1_seed2_26agents_30rounds_20260804_024555.json,24,6,developed,SI,379.0,0.0,20000000.0,0.0
20260804_024555,results/simulation_llama3.1_8b_Full_scnldf_sh1_ldf1_seed2_26agents_30rounds_20260804_024555.json,24,7,developed,SI,379.0,0.0,69052507.0,0.0
20260804_024555,results/simulation_llama3.1_8b_Full_scnldf_sh1_ldf1_seed2_26agents_30rounds_20260804_024555.json,24,8,developing,SFI,0.0,0.0,121537.0,0.0
20260804_024555,results/simulation_llama3.1_8b_Full_scnldf_sh1_ldf1_seed2_26agents_30rounds_20260804_024555.json,24,9,developing,SFI,0.0,0.0,4945796.0,0.0
20260804_024555,results/simulation_llama3.1_8b_Full_scnldf_sh1_ldf1_seed2_26agents_30rounds_20260804_024555.json,24,10,developing,SFI,0.0,0.0,378012.0,0.0
20260804_024555,results/simulation_llama3.1_8b_Full_scnldf_sh1_ldf1_seed2_26agents_30rounds_20260804_024555.json,24,11,developing,SFI,0.0,0.0,0.0,0.0
20260804_024555,results/simulation_llama3.1_8b_Full_scnldf_sh1_ldf1_seed2_26agents_30rounds_20260804_024555.json,24,12,developing,SFI,0.0,0.0,3000000.0,0.0
20260804_024555,results/simulation_llama3.1_8b_Full_scnldf_sh1_ldf1_seed2_26agents_30rounds_20260804_024555.json,24,13,developing,SFI,0.0,0.0,2000000.0,0.0
20260804_024555,results/simulation_llama3.1_8b_Full_scnldf_sh1_ldf1_seed2_26agents_30rounds_20260804_024555.json,24,14,developed,SI,0.0,0.0,10000000.0,0.0
20260804_024555,results/simulation_llama3.1_8b_Full_scnldf_sh1_ldf1_seed2_26agents_30rounds_20260804_024555.json,24,15,developing,SFI,0.0,0.0,3000000.0,0.0
20260804_024555,results/simulation_llama3.1_8b_Full_scnldf_sh1_ldf1_seed2_26agents_30rounds_20260804_024555.json,24,16,developing,SFI,0.0,0.0,0.0,0.0
20260804_024555,results/simulation_llama3.1_8b_Full_scnldf_sh1_ldf1_seed2_26agents_30rounds_20260804_024555.json,24,17,developing,SFI,0.0,0.0,3000000.0,0.0
20260804_024555,results/simulation_llama3.1_8b_Full_scnldf_sh1_ldf1_seed2_26agents_30rounds_20260804_024555.json,24,18,developed,SI,379.0,0.0,20000000.0,0.0
20260804_024555,results/simulation_llama3.1_8b_Full_scnldf_sh1_ldf1_seed2_26agents_30rounds_20260804_024555.json,24,19,developed,SI,0.0,0.0,15000000.0,0.0
20260804_024555,results/simulation_llama3.1_8b_Full_scnldf_sh1_ldf1_seed2_26agents_30rounds_20260804_024555.json,24,20,developed,SI,0.0,0.0,0.0,0.0
20260804_024555,results/simulation_llama3.1_8b_Full_scnldf_sh1_ldf1_seed2_26agents_30rounds_20260804_024555.json,24,21,developed,SI,0.0,0.0,15000000.0,0.0
20260804_024555,results/simulation_llama3.1_8b_Full_scnldf_sh1_ldf1_seed2_26agents_30rounds_20260804_024555.json,24,22,developed,SI,0.0,0.0,15000000.0,0.0
20260804_024555,results/simulation_llama3.1_8b_Full_scnldf_sh1_ldf1_seed2_26agents_30rounds_20260804_024555.json,24,23,developing,SFI,0.0,0.0,4417650.0,0.0
20260804_024555,results/simulation_llama3.1_8b_Full_scnldf_sh1_ldf1_seed2_26agents_30rounds_20260804_024555.json,24,24,developed,SI,0.0,0.0,10000000.0,0.0
20260804_024555,results/simulation_llama3.1_8b_Full_scnldf_sh1_ldf1_seed2_26agents_30rounds_20260804_024555.json,24,25,developed,SI,379.0,0.0,30000000.0,0.0
20260804_024555,results/simulation_llama3.1_8b_Full_scnldf_sh1_ldf1_seed2_26agents_30rounds_20260804_024555.json,25,0,developed,SI,30.0,0.0,25000000.0,0.0
20260804_024555,results/simulation_llama3.1_8b_Full_scnldf_sh1_ldf1_seed2_26agents_30rounds_20260804_024555.json,25,1,developing,SFI,0.0,0.0,3195836.0,0.0
20260804_024555,results/simulation_llama3.1_8b_Full_scnldf_sh1_ldf1_seed2_26agents_30rounds_20260804_024555.json,25,2,developing,SFI,0.0,0.0,0.0,0.0
20260804_024555,results/simulation_llama3.1_8b_Full_scnldf_sh1_ldf1_seed2_26agents_30rounds_20260804_024555.json,25,3,developing,SFI,0.0,0.0,5000000.0,0.0
20260804_024555,results/simulation_llama3.1_8b_Full_scnldf_sh1_ldf1_seed2_26agents_30rounds_20260804_024555.json,25,4,developed,SI,30.0,0.0,31428571.0,0.0
20260804_024555,results/simulation_llama3.1_8b_Full_scnldf_sh1_ldf1_seed2_26agents_30rounds_20260804_024555.json,25,5,developing,SFI,0.0,0.0,4000000.0,0.0
20260804_024555,results/simulation_llama3.1_8b_Full_scnldf_sh1_ldf1_seed2_26agents_30rounds_20260804_024555.json,25,6,developed,SI,0.0,0.0,20368409.0,0.0
20260804_024555,results/simulation_llama3.1_8b_Full_scnldf_sh1_ldf1_seed2_26agents_30rounds_20260804_024555.json,25,7,developed,SI,30.0,0.0,80000000.0,0.0
20260804_024555,results/simulation_llama3.1_8b_Full_scnldf_sh1_ldf1_seed2_26agents_30rounds_20260804_024555.json,25,8,developing,SFI,0.0,0.0,121537.0,0.0
20260804_024555,results/simulation_llama3.1_8b_Full_scnldf_sh1_ldf1_seed2_26agents_30rounds_20260804_024555.json,25,9,developing,SFI,0.0,0.0,421618.0,0.0
20260804_024555,results/simulation_llama3.1_8b_Full_scnldf_sh1_ldf1_seed2_26agents_30rounds_20260804_024555.json,25,10,developing,SFI,0.0,0.0,0.0,0.0
20260804_024555,results/simulation_llama3.1_8b_Full_scnldf_sh1_ldf1_seed2_26agents_30rounds_20260804_024555.json,25,11,developing,SFI,0.0,0.0,10000000.0,0.0
20260804_024555,results/simulation_llama3.1_8b_Full_scnldf_sh1_ldf1_seed2_26agents_30rounds_20260804_024555.json,25,12,developing,SFI,0.0,0.0,0.0,0.0
20260804_024555,results/simulation_llama3.1_8b_Full_scnldf_sh1_ldf1_seed2_26agents_30rounds_20260804_024555.json,25,13,developing,SFI,0.0,0.0,0.0,0.0
20260804_024555,results/simulation_llama3.1_8b_Full_scnldf_sh1_ldf1_seed2_26agents_30rounds_20260804_024555.json,25,14,developed,SI,0.0,0.0,10000000.0,0.0
20260804_024555,results/simulation_llama3.1_8b_Full_scnldf_sh1_ldf1_seed2_26agents_30rounds_20260804_024555.json,25,15,developing,SFI,0.0,0.0,3000000.0,0.0
20260804_024555,results/simulation_llama3.1_8b_Full_scnldf_sh1_ldf1_seed2_26agents_30rounds_20260804_024555.json,25,16,developing,SFI,0.0,0.0,3000000.0,0.0
20260804_024555,results/simulation_llama3.1_8b_Full_scnldf_sh1_ldf1_seed2_26agents_30rounds_20260804_024555.json,25,17,developing,SFI,0.0,0.0,3000000.0,0.0
20260804_024555,results/simulation_llama3.1_8b_Full_scnldf_sh1_ldf1_seed2_26agents_30rounds_20260804_024555.json,25,18,developed,SI,0.0,0.0,20368409.0,0.0
20260804_024555,results/simulation_llama3.1_8b_Full_scnldf_sh1_ldf1_seed2_26agents_30rounds_20260804_024555.json,25,19,developed,SI,0.0,0.0,20000000.0,0.0
20260804_024555,results/simulation_llama3.1_8b_Full_scnldf_sh1_ldf1_seed2_26agents_30rounds_20260804_024555.json,25,20,developed,SI,0.0,0.0,15000000.0,0.0
20260804_024555,results/simulation_llama3.1_8b_Full_scnldf_sh1_ldf1_seed2_26agents_30rounds_20260804_024555.json,25,21,developed,SI,0.0,0.0,20000000.0,0.0
20260804_024555,results/simulation_llama3.1_8b_Full_scnldf_sh1_ldf1_seed2_26agents_30rounds_20260804_024555.json,25,22,developed,SI,30.0,0.0,25000000.0,0.0
20260804_024555,results/simulation_llama3.1_8b_Full_scnldf_sh1_ldf1_seed2_26agents_30rounds_20260804_024555.json,25,23,developing,SFI,0.0,0.0,4417650.0,0.0
20260804_024555,results/simulation_llama3.1_8b_Full_scnldf_sh1_ldf1_seed2_26agents_30rounds_20260804_024555.json,25,24,developed,SI,30.0,0.0,40000000.0,0.0
20260804_024555,results/simulation_llama3.1_8b_Full_scnldf_sh1_ldf1_seed2_26agents_30rounds_20260804_024555.json,25,25,developed,SI,0.0,0.0,19459319.0,0.0
20260804_024555,results/simulation_llama3.1_8b_Full_scnldf_sh1_ldf1_seed2_26agents_30rounds_20260804_024555.json,26,0,developed,SI,0.0,0.0,20000000.0,0.0
20260804_024555,results/simulation_llama3.1_8b_Full_scnldf_sh1_ldf1_seed2_26agents_30rounds_20260804_024555.json,26,1,developing,SFI,0.0,0.0,3000000.0,0.0
20260804_024555,results/simulation_llama3.1_8b_Full_scnldf_sh1_ldf1_seed2_26agents_30rounds_20260804_024555.json,26,2,developing,SFI,0.0,0.0,10000000.0,0.0
20260804_024555,results/simulation_llama3.1_8b_Full_scnldf_sh1_ldf1_seed2_26agents_30rounds_20260804_024555.json,26,3,developing,SFI,0.0,0.0,5000000.0,0.0
20260804_024555,results/simulation_llama3.1_8b_Full_scnldf_sh1_ldf1_seed2_26agents_30rounds_20260804_024555.json,26,4,developed,SI,836.0,0.0,275939867.0,0.0
20260804_024555,results/simulation_llama3.1_8b_Full_scnldf_sh1_ldf1_seed2_26agents_30rounds_20260804_024555.json,26,5,developing,SFI,0.0,0.0,5000000.0,0.0
20260804_024555,results/simulation_llama3.1_8b_Full_scnldf_sh1_ldf1_seed2_26agents_30rounds_20260804_024555.json,26,6,developed,SI,0.0,0.0,20000000.0,0.0
20260804_024555,results/simulation_llama3.1_8b_Full_scnldf_sh1_ldf1_seed2_26agents_30rounds_20260804_024555.json,26,7,developed,SI,836.0,0.0,50000000.0,0.0
20260804_024555,results/simulation_llama3.1_8b_Full_scnldf_sh1_ldf1_seed2_26agents_30rounds_20260804_024555.json,26,8,developing,SFI,0.0,0.0,121537.0,0.0
20260804_024555,results/simulation_llama3.1_8b_Full_scnldf_sh1_ldf1_seed2_26agents_30rounds_20260804_024555.json,26,9,developing,SFI,0.0,0.0,6000000.0,0.0
20260804_024555,results/simulation_llama3.1_8b_Full_scnldf_sh1_ldf1_seed2_26agents_30rounds_20260804_024555.json,26,10,developing,SFI,0.0,0.0,378012.0,0.0
20260804_024555,results/simulation_llama3.1_8b_Full_scnldf_sh1_ldf1_seed2_26agents_30rounds_20260804_024555.json,26,11,developing,SFI,0.0,0.0,0.0,0.0
20260804_024555,results/simulation_llama3.1_8b_Full_scnldf_sh1_ldf1_seed2_26agents_30rounds_20260804_024555.json,26,12,developing,SFI,0.0,0.0,10000000.0,0.0
20260804_024555,results/simulation_llama3.1_8b_Full_scnldf_sh1_ldf1_seed2_26agents_30rounds_20260804_024555.json,26,13,developing,SFI,0.0,0.0,5000000.0,0.0
20260804_024555,results/simulation_llama3.1_8b_Full_scnldf_sh1_ldf1_seed2_26agents_30rounds_20260804_024555.json,26,14,developed,SI,836.0,0.0,50000000.0,0.0
20260804_024555,results/simulation_llama3.1_8b_Full_scnldf_sh1_ldf1_seed2_26agents_30rounds_20260804_024555.json,26,15,developing,SFI,0.0,0.0,3000000.0,0.0
20260804_024555,results/simulation_llama3.1_8b_Full_scnldf_sh1_ldf1_seed2_26agents_30rounds_20260804_024555.json,26,16,developing,SFI,0.0,0.0,10000000.0,0.0
20260804_024555,results/simulation_llama3.1_8b_Full_scnldf_sh1_ldf1_seed2_26agents_30rounds_20260804_024555.json,26,17,developing,SFI,0.0,0.0,3000000.0,0.0
20260804_024555,results/simulation_llama3.1_8b_Full_scnldf_sh1_ldf1_seed2_26agents_30rounds_20260804_024555.json,26,18,developed,SI,836.0,0.0,27841481.0,0.0
20260804_024555,results/simulation_llama3.1_8b_Full_scnldf_sh1_ldf1_seed2_26agents_30rounds_20260804_024555.json,26,19,developed,SI,0.0,0.0,15000000.0,0.0
20260804_024555,results/simulation_llama3.1_8b_Full_scnldf_sh1_ldf1_seed2_26agents_30rounds_20260804_024555.json,26,20,developed,SI,0.0,0.0,0.0,0.0
20260804_024555,results/simulation_llama3.1_8b_Full_scnldf_sh1_ldf1_seed2_26agents_30rounds_20260804_024555.json,26,21,developed,SI,0.0,0.0,15000000.0,0.0
20260804_024555,results/simulation_llama3.1_8b_Full_scnldf_sh1_ldf1_seed2_26agents_30rounds_20260804_024555.json,26,22,developed,SI,0.0,0.0,20000000.0,0.0
20260804_024555,results/simulation_llama3.1_8b_Full_scnldf_sh1_ldf1_seed2_26agents_30rounds_20260804_024555.json,26,23,developing,SFI,0.0,0.0,4417650.0,0.0
20260804_024555,results/simulation_llama3.1_8b_Full_scnldf_sh1_ldf1_seed2_26agents_30rounds_20260804_024555.json,26,24,developed,SI,0.0,0.0,20000000.0,0.0
20260804_024555,results/simulation_llama3.1_8b_Full_scnldf_sh1_ldf1_seed2_26agents_30rounds_20260804_024555.json,26,25,developed,SI,836.0,0.0,27924126.0,0.0
20260804_024555,results/simulation_llama3.1_8b_Full_scnldf_sh1_ldf1_seed2_26agents_30rounds_20260804_024555.json,27,0,developed,SI,753.0,0.0,50000000.0,0.0
20260804_024555,results/simulation_llama3.1_8b_Full_scnldf_sh1_ldf1_seed2_26agents_30rounds_20260804_024555.json,27,1,developing,SFI,0.0,0.0,0.0,0.0
20260804_024555,results/simulation_llama3.1_8b_Full_scnldf_sh1_ldf1_seed2_26agents_30rounds_20260804_024555.json,27,2,developing,SFI,0.0,0.0,0.0,0.0
20260804_024555,results/simulation_llama3.1_8b_Full_scnldf_sh1_ldf1_seed2_26agents_30rounds_20260804_024555.json,27,3,developing,SFI,0.0,0.0,10000000.0,0.0
20260804_024555,results/simulation_llama3.1_8b_Full_scnldf_sh1_ldf1_seed2_26agents_30rounds_20260804_024555.json,27,4,developed,SI,0.0,0.0,24160509.0,0.0
20260804_024555,results/simulation_llama3.1_8b_Full_scnldf_sh1_ldf1_seed2_26agents_30rounds_20260804_024555.json,27,5,developing,SFI,0.0,0.0,0.0,0.0
20260804_024555,results/simulation_llama3.1_8b_Full_scnldf_sh1_ldf1_seed2_26agents_30rounds_20260804_024555.json,27,6,developed,SI,753.0,0.0,496094528.0,0.0
20260804_024555,results/simulation_llama3.1_8b_Full_scnldf_sh1_ldf1_seed2_26agents_30rounds_20260804_024555.json,27,7,developed,SI,753.0,0.0,50000000.0,0.0
20260804_024555,results/simulation_llama3.1_8b_Full_scnldf_sh1_ldf1_seed2_26agents_30rounds_20260804_024555.json,27,8,developing,SFI,0.0,0.0,121537.0,0.0
20260804_024555,results/simulation_llama3.1_8b_Full_scnldf_sh1_ldf1_seed2_26agents_30rounds_20260804_024555.json,27,9,developing,SFI,0.0,0.0,6000000.0,0.0
20260804_024555,results/simulation_llama3.1_8b_Full_scnldf_sh1_ldf1_seed2_26agents_30rounds_20260804_024555.json,27,10,developing,SFI,0.0,0.0,378012.0,0.0
20260804_024555,results/simulation_llama3.1_8b_Full_scnldf_sh1_ldf1_seed2_26agents_30rounds_20260804_024555.json,27,11,developing,SFI,0.0,0.0,27098600.0,0.0
20260804_024555,results/simulation_llama3.1_8b_Full_scnldf_sh1_ldf1_seed2_26agents_30rounds_20260804_024555.json,27,12,developing,SFI,0.0,0.0,0.0,0.0
20260804_024555,results/simulation_llama3.1_8b_Full_scnldf_sh1_ldf1_seed2_26agents_30rounds_20260804_024555.json,27,13,developing,SFI,0.0,0.0,20000000.0,0.0
20260804_024555,results/simulation_llama3.1_8b_Full_scnldf_sh1_ldf1_seed2_26agents_30rounds_20260804_024555.json,27,14,developed,SI,753.0,0.0,429454230.0,0.0
20260804_024555,results/simulation_llama3.1_8b_Full_scnldf_sh1_ldf1_seed2_26agents_30rounds_20260804_024555.json,27,15,developing,SFI,0.0,0.0,3000000.0,0.0
20260804_024555,results/simulation_llama3.1_8b_Full_scnldf_sh1_ldf1_seed2_26agents_30rounds_20260804_024555.json,27,16,developing,SFI,0.0,0.0,10000000.0,0.0
20260804_024555,results/simulation_llama3.1_8b_Full_scnldf_sh1_ldf1_seed2_26agents_30rounds_20260804_024555.json,27,17,developing,SFI,0.0,0.0,3000000.0,0.0
20260804_024555,results/simulation_llama3.1_8b_Full_scnldf_sh1_ldf1_seed2_26agents_30rounds_20260804_024555.json,27,18,developed,SI,0.0,0.0,27924126.0,0.0
20260804_024555,results/simulation_llama3.1_8b_Full_scnldf_sh1_ldf1_seed2_26agents_30rounds_20260804_024555.json,27,19,developed,SI,0.0,0.0,25000000.0,0.0
20260804_024555,results/simulation_llama3.1_8b_Full_scnldf_sh1_ldf1_seed2_26agents_30rounds_20260804_024555.json,27,20,developed,SI,0.0,0.0,15000000.0,0.0
20260804_024555,results/simulation_llama3.1_8b_Full_scnldf_sh1_ldf1_seed2_26agents_30rounds_20260804_024555.json,27,21,developed,SI,0.0,0.0,25000000.0,0.0
20260804_024555,results/simulation_llama3.1_8b_Full_scnldf_sh1_ldf1_seed2_26agents_30rounds_20260804_024555.json,27,22,developed,SI,0.0,0.0,27400000.0,0.0
20260804_024555,results/simulation_llama3.1_8b_Full_scnldf_sh1_ldf1_seed2_26agents_30rounds_20260804_024555.json,27,23,developing,SFI,0.0,0.0,4417650.0,0.0
20260804_024555,results/simulation_llama3.1_8b_Full_scnldf_sh1_ldf1_seed2_26agents_30rounds_20260804_024555.json,27,24,developed,SI,753.0,0.0,50000000.0,0.0
20260804_024555,results/simulation_llama3.1_8b_Full_scnldf_sh1_ldf1_seed2_26agents_30rounds_20260804_024555.json,27,25,developed,SI,0.0,0.0,20000000.0,0.0
20260804_024555,results/simulation_llama3.1_8b_Full_scnldf_sh1_ldf1_seed2_26agents_30rounds_20260804_024555.json,28,0,developed,SI,349.0,0.0,141000000.0,0.0
20260804_024555,results/simulation_llama3.1_8b_Full_scnldf_sh1_ldf1_seed2_26agents_30rounds_20260804_024555.json,28,1,developing,SFI,0.0,0.0,10000000.0,0.0
20260804_024555,results/simulation_llama3.1_8b_Full_scnldf_sh1_ldf1_seed2_26agents_30rounds_20260804_024555.json,28,2,developing,SFI,0.0,0.0,0.0,0.0
20260804_024555,results/simulation_llama3.1_8b_Full_scnldf_sh1_ldf1_seed2_26agents_30rounds_20260804_024555.json,28,3,developing,SFI,0.0,0.0,5000000.0,0.0
20260804_024555,results/simulation_llama3.1_8b_Full_scnldf_sh1_ldf1_seed2_26agents_30rounds_20260804_024555.json,28,4,developed,SI,349.0,0.0,110533898.0,0.0
20260804_024555,results/simulation_llama3.1_8b_Full_scnldf_sh1_ldf1_seed2_26agents_30rounds_20260804_024555.json,28,5,developing,SFI,0.0,0.0,4000000.0,0.0
20260804_024555,results/simulation_llama3.1_8b_Full_scnldf_sh1_ldf1_seed2_26agents_30rounds_20260804_024555.json,28,6,developed,SI,349.0,0.0,80000000.0,0.0
20260804_024555,results/simulation_llama3.1_8b_Full_scnldf_sh1_ldf1_seed2_26agents_30rounds_20260804_024555.json,28,7,developed,SI,349.0,0.0,108184854.0,0.0
20260804_024555,results/simulation_llama3.1_8b_Full_scnldf_sh1_ldf1_seed2_26agents_30rounds_20260804_024555.json,28,8,developing,SFI,0.0,0.0,121537.0,0.0
20260804_024555,results/simulation_llama3.1_8b_Full_scnldf_sh1_ldf1_seed2_26agents_30rounds_20260804_024555.json,28,9,developing,SFI,0.0,0.0,4216180.0,0.0
20260804_024555,results/simulation_llama3.1_8b_Full_scnldf_sh1_ldf1_seed2_26agents_30rounds_20260804_024555.json,28,10,developing,SFI,0.0,0.0,378012.0,0.0
20260804_024555,results/simulation_llama3.1_8b_Full_scnldf_sh1_ldf1_seed2_26agents_30rounds_20260804_024555.json,28,11,developing,SFI,0.0,0.0,3000000.0,0.0
20260804_024555,results/simulation_llama3.1_8b_Full_scnldf_sh1_ldf1_seed2_26agents_30rounds_20260804_024555.json,28,12,developing,SFI,0.0,0.0,0.0,0.0
20260804_024555,results/simulation_llama3.1_8b_Full_scnldf_sh1_ldf1_seed2_26agents_30rounds_20260804_024555.json,28,13,developing,SFI,0.0,0.0,2000000.0,0.0
20260804_024555,results/simulation_llama3.1_8b_Full_scnldf_sh1_ldf1_seed2_26agents_30rounds_20260804_024555.json,28,14,developed,SI,0.0,0.0,50000000.0,0.0
20260804_024555,results/simulation_llama3.1_8b_Full_scnldf_sh1_ldf1_seed2_26agents_30rounds_20260804_024555.json,28,15,developing,SFI,0.0,0.0,0.0,0.0
20260804_024555,results/simulation_llama3.1_8b_Full_scnldf_sh1_ldf1_seed2_26agents_30rounds_20260804_024555.json,28,16,developing,SFI,0.0,0.0,3000000.0,0.0
20260804_024555,results/simulation_llama3.1_8b_Full_scnldf_sh1_ldf1_seed2_26agents_30rounds_20260804_024555.json,28,17,developing,SFI,0.0,0.0,3000000.0,0.0
20260804_024555,results/simulation_llama3.1_8b_Full_scnldf_sh1_ldf1_seed2_26agents_30rounds_20260804_024555.json,28,18,developed,SI,349.0,0.0,110191751.0,0.0
20260804_024555,results/simulation_llama3.1_8b_Full_scnldf_sh1_ldf1_seed2_26agents_30rounds_20260804_024555.json,28,19,developed,SI,0.0,0.0,25000000.0,0.0
20260804_024555,results/simulation_llama3.1_8b_Full_scnldf_sh1_ldf1_seed2_26agents_30rounds_20260804_024555.json,28,20,developed,SI,0.0,0.0,50000000.0,0.0
20260804_024555,results/simulation_llama3.1_8b_Full_scnldf_sh1_ldf1_seed2_26agents_30rounds_20260804_024555.json,28,21,developed,SI,0.0,0.0,0.0,0.0
20260804_024555,results/simulation_llama3.1_8b_Full_scnldf_sh1_ldf1_seed2_26agents_30rounds_20260804_024555.json,28,22,developed,SI,0.0,0.0,10000000.0,0.0
20260804_024555,results/simulation_llama3.1_8b_Full_scnldf_sh1_ldf1_seed2_26agents_30rounds_20260804_024555.json,28,23,developing,SFI,0.0,0.0,4417650.0,0.0
20260804_024555,results/simulation_llama3.1_8b_Full_scnldf_sh1_ldf1_seed2_26agents_30rounds_20260804_024555.json,28,24,developed,SI,0.0,0.0,50000000.0,0.0
20260804_024555,results/simulation_llama3.1_8b_Full_scnldf_sh1_ldf1_seed2_26agents_30rounds_20260804_024555.json,28,25,developed,SI,0.0,0.0,10000000.0,0.0
20260804_024555,results/simulation_llama3.1_8b_Full_scnldf_sh1_ldf1_seed2_26agents_30rounds_20260804_024555.json,29,0,developed,SI,754.0,0.0,150000000.0,0.0
20260804_024555,results/simulation_llama3.1_8b_Full_scnldf_sh1_ldf1_seed2_26agents_30rounds_20260804_024555.json,29,1,developing,SFI,0.0,0.0,10000000.0,0.0
20260804_024555,results/simulation_llama3.1_8b_Full_scnldf_sh1_ldf1_seed2_26agents_30rounds_20260804_024555.json,29,2,developing,SFI,0.0,0.0,10000000.0,0.0
20260804_024555,results/simulation_llama3.1_8b_Full_scnldf_sh1_ldf1_seed2_26agents_30rounds_20260804_024555.json,29,3,developing,SFI,0.0,0.0,5000000.0,0.0
20260804_024555,results/simulation_llama3.1_8b_Full_scnldf_sh1_ldf1_seed2_26agents_30rounds_20260804_024555.json,29,4,developed,SI,754.0,0.0,141000000.0,0.0
20260804_024555,results/simulation_llama3.1_8b_Full_scnldf_sh1_ldf1_seed2_26agents_30rounds_20260804_024555.json,29,5,developing,SFI,0.0,0.0,4000000.0,0.0
20260804_024555,results/simulation_llama3.1_8b_Full_scnldf_sh1_ldf1_seed2_26agents_30rounds_20260804_024555.json,29,6,developed,SI,754.0,0.0,60446409.0,0.0
20260804_024555,results/simulation_llama3.1_8b_Full_scnldf_sh1_ldf1_seed2_26agents_30rounds_20260804_024555.json,29,7,developed,SI,0.0,0.0,50000000.0,0.0
20260804_024555,results/simulation_llama3.1_8b_Full_scnldf_sh1_ldf1_seed2_26agents_30rounds_20260804_024555.json,29,8,developing,SFI,0.0,0.0,121537.0,0.0
20260804_024555,results/simulation_llama3.1_8b_Full_scnldf_sh1_ldf1_seed2_26agents_30rounds_20260804_024555.json,29,9,developing,SFI,0.0,0.0,0.0,0.0
20260804_024555,results/simulation_llama3.1_8b_Full_scnldf_sh1_ldf1_seed2_26agents_30rounds_20260804_024555.json,29,10,developing,SFI,0.0,0.0,378012.0,0.0
20260804_024555,results/simulation_llama3.1_8b_Full_scnldf_sh1_ldf1_seed2_26agents_30rounds_20260804_024555.json,29,11,developing,SFI,0.0,0.0,2779491.0,0.0
20260804_024555,results/simulation_llama3.1_8b_Full_scnldf_sh1_ldf1_seed2_26agents_30rounds_20260804_024555.json,29,12,developing,SFI,0.0,0.0,0.0,0.0
20260804_024555,results/simulation_llama3.1_8b_Full_scnldf_sh1_ldf1_seed2_26agents_30rounds_20260804_024555.json,29,13,developing,SFI,0.0,0.0,10000000.0,0.0
20260804_024555,results/simulation_llama3.1_8b_Full_scnldf_sh1_ldf1_seed2_26agents_30rounds_20260804_024555.json,29,14,developed,SI,754.0,0.0,214659906.0,0.0
20260804_024555,results/simulation_llama3.1_8b_Full_scnldf_sh1_ldf1_seed2_26agents_30rounds_20260804_024555.json,29,15,developing,SFI,0.0,0.0,0.0,0.0
20260804_024555,results/simulation_llama3.1_8b_Full_scnldf_sh1_ldf1_seed2_26agents_30rounds_20260804_024555.json,29,16,developing,SFI,0.0,0.0,10000000.0,0.0
20260804_024555,results/simulation_llama3.1_8b_Full_scnldf_sh1_ldf1_seed2_26agents_30rounds_20260804_024555.json,29,17,developing,SFI,0.0,0.0,3000000.0,0.0
20260804_024555,results/simulation_llama3.1_8b_Full_scnldf_sh1_ldf1_seed2_26agents_30rounds_20260804_024555.json,29,18,developed,SI,754.0,0.0,638841702.0,0.0
20260804_024555,results/simulation_llama3.1_8b_Full_scnldf_sh1_ldf1_seed2_26agents_30rounds_20260804_024555.json,29,19,developed,SI,0.0,0.0,35000000.0,0.0
20260804_024555,results/simulation_llama3.1_8b_Full_scnldf_sh1_ldf1_seed2_26agents_30rounds_20260804_024555.json,29,20,developed,SI,0.0,0.0,30000000.0,0.0
20260804_024555,results/simulation_llama3.1_8b_Full_scnldf_sh1_ldf1_seed2_26agents_30rounds_20260804_024555.json,29,21,developed,SI,0.0,0.0,25000000.0,0.0
20260804_024555,results/simulation_llama3.1_8b_Full_scnldf_sh1_ldf1_seed2_26agents_30rounds_20260804_024555.json,29,22,developed,SI,0.0,0.0,40000000.0,0.0
20260804_024555,results/simulation_llama3.1_8b_Full_scnldf_sh1_ldf1_seed2_26agents_30rounds_20260804_024555.json,29,23,developing,SFI,0.0,0.0,4417650.0,0.0
20260804_024555,results/simulation_llama3.1_8b_Full_scnldf_sh1_ldf1_seed2_26agents_30rounds_20260804_024555.json,29,24,developed,SI,0.0,0.0,0.0,0.0
20260804_024555,results/simulation_llama3.1_8b_Full_scnldf_sh1_ldf1_seed2_26agents_30rounds_20260804_024555.json,29,25,developed,SI,0.0,0.0,0.0,0.0
20260804_024555,results/simulation_llama3.1_8b_Full_scnldf_sh1_ldf1_seed2_26agents_30rounds_20260804_024555.json,30,0,developed,SI,0.0,0.0,112268001.0,0.0
20260804_024555,results/simulation_llama3.1_8b_Full_scnldf_sh1_ldf1_seed2_26agents_30rounds_20260804_024555.json,30,1,developing,SFI,0.0,0.0,5000000.0,0.0
20260804_024555,results/simulation_llama3.1_8b_Full_scnldf_sh1_ldf1_seed2_26agents_30rounds_20260804_024555.json,30,2,developing,SFI,0.0,0.0,5000000.0,0.0
20260804_024555,results/simulation_llama3.1_8b_Full_scnldf_sh1_ldf1_seed2_26agents_30rounds_20260804_024555.json,30,3,developing,SFI,0.0,0.0,10000000.0,0.0
20260804_024555,results/simulation_llama3.1_8b_Full_scnldf_sh1_ldf1_seed2_26agents_30rounds_20260804_024555.json,30,4,developed,SI,848.0,0.0,245852824.0,0.0
20260804_024555,results/simulation_llama3.1_8b_Full_scnldf_sh1_ldf1_seed2_26agents_30rounds_20260804_024555.json,30,5,developing,SFI,0.0,0.0,0.0,0.0
20260804_024555,results/simulation_llama3.1_8b_Full_scnldf_sh1_ldf1_seed2_26agents_30rounds_20260804_024555.json,30,6,developed,SI,0.0,0.0,1000000.0,0.0
20260804_024555,results/simulation_llama3.1_8b_Full_scnldf_sh1_ldf1_seed2_26agents_30rounds_20260804_024555.json,30,7,developed,SI,0.0,0.0,121358910.0,0.0
20260804_024555,results/simulation_llama3.1_8b_Full_scnldf_sh1_ldf1_seed2_26agents_30rounds_20260804_024555.json,30,8,developing,SFI,0.0,0.0,121537.0,0.0
20260804_024555,results/simulation_llama3.1_8b_Full_scnldf_sh1_ldf1_seed2_26agents_30rounds_20260804_024555.json,30,9,developing,SFI,0.0,0.0,4216180.0,0.0
20260804_024555,results/simulation_llama3.1_8b_Full_scnldf_sh1_ldf1_seed2_26agents_30rounds_20260804_024555.json,30,10,developing,SFI,0.0,0.0,378012.0,0.0
20260804_024555,results/simulation_llama3.1_8b_Full_scnldf_sh1_ldf1_seed2_26agents_30rounds_20260804_024555.json,30,11,developing,SFI,0.0,0.0,15000000.0,0.0
20260804_024555,results/simulation_llama3.1_8b_Full_scnldf_sh1_ldf1_seed2_26agents_30rounds_20260804_024555.json,30,12,developing,SFI,0.0,0.0,10000000.0,0.0
20260804_024555,results/simulation_llama3.1_8b_Full_scnldf_sh1_ldf1_seed2_26agents_30rounds_20260804_024555.json,30,13,developing,SFI,0.0,0.0,5000000.0,0.0
20260804_024555,results/simulation_llama3.1_8b_Full_scnldf_sh1_ldf1_seed2_26agents_30rounds_20260804_024555.json,30,14,developed,SI,0.0,0.0,50000000.0,0.0
20260804_024555,results/simulation_llama3.1_8b_Full_scnldf_sh1_ldf1_seed2_26agents_30rounds_20260804_024555.json,30,15,developing,SFI,0.0,0.0,10000000.0,0.0
20260804_024555,results/simulation_llama3.1_8b_Full_scnldf_sh1_ldf1_seed2_26agents_30rounds_20260804_024555.json,30,16,developing,SFI,0.0,0.0,10000000.0,0.0
20260804_024555,results/simulation_llama3.1_8b_Full_scnldf_sh1_ldf1_seed2_26agents_30rounds_20260804_024555.json,30,17,developing,SFI,0.0,0.0,30000000.0,0.0
20260804_024555,results/simulation_llama3.1_8b_Full_scnldf_sh1_ldf1_seed2_26agents_30rounds_20260804_024555.json,30,18,developed,SI,0.0,0.0,50000000.0,0.0
20260804_024555,results/simulation_llama3.1_8b_Full_scnldf_sh1_ldf1_seed2_26agents_30rounds_20260804_024555.json,30,19,developed,SI,848.0,0.0,122722547.0,0.0
20260804_024555,results/simulation_llama3.1_8b_Full_scnldf_sh1_ldf1_seed2_26agents_30rounds_20260804_024555.json,30,20,developed,SI,848.0,0.0,200000000.0,0.0
20260804_024555,results/simulation_llama3.1_8b_Full_scnldf_sh1_ldf1_seed2_26agents_30rounds_20260804_024555.json,30,21,developed,SI,848.0,0.0,962023781.0,0.0
20260804_024555,results/simulation_llama3.1_8b_Full_scnldf_sh1_ldf1_seed2_26agents_30rounds_20260804_024555.json,30,22,developed,SI,0.0,0.0,122268001.0,0.0
20260804_024555,results/simulation_llama3.1_8b_Full_scnldf_sh1_ldf1_seed2_26agents_30rounds_20260804_024555.json,30,23,developing,SFI,0.0,0.0,4417650.0,0.0
20260804_024555,results/simulation_llama3.1_8b_Full_scnldf_sh1_ldf1_seed2_26agents_30rounds_20260804_024555.json,30,24,developed,SI,848.0,0.0,125904365.0,0.0
20260804_024555,results/simulation_llama3.1_8b_Full_scnldf_sh1_ldf1_seed2_26agents_30rounds_20260804_024555.json,30,25,developed,SI,0.0,0.0,10000000.0,0.0
