evidence_id,round_number,agent_id,institution_choice,kind,bad_rep_prev,rep_drop_prev,gossip_prev,contribution,prop,motifs,text_excerpt,source_path
RB-01-A0-contribution,1,0,SI,contribution,0,0,0,,0.0001290212205072,future_rounds,"Starting with a small contribution to explore options and avoid immediate loss, while also considering the long-term impact on my cumulative payoff.",rounds[1].agents[0].contribution_reasoning
RB-01-A0-punishment,1,0,SI,punishment,0,0,0,,0.0001290212205072,opportunistic,Punishing free-riders who contributed below the group average or whose stated intent does not match their action. Rewarding generous contributors who exceeded the group average or have a high contribution budget.,rounds[1].agents[0].punishment_reasoning
RB-01-A0-belief_observations,1,0,SI,belief_observations,0,0,0,,0.0001290212205072,named_agents,"High contributions from Agent 4 and 24, low contributions from Agents 14, 19, and 25.",rounds[1].agents[0].belief_state.observations
RB-01-A2-belief_observations,1,2,SFI,belief_observations,0,0,0,,0.0267225651830171,named_agents,High contributions from Agent 4 and 24; low contributions from several agents.,rounds[1].agents[2].belief_state.observations
RB-01-A4-punishment,1,4,SI,punishment,0,0,0,,1.5554357697186676,opportunistic,"Punished free-riders who contributed below the group average, while rewarding a generous contributor to incentivize cooperation.",rounds[1].agents[4].punishment_reasoning
RB-01-A5-belief_observations,1,5,SFI,belief_observations,0,0,0,,0.004964982686396,named_agents,"High contributions from Agent 4 and 24, low contributions from Agents 14, 19, 25, 16, 10, 0, and 11.",rounds[1].agents[5].belief_state.observations
RB-01-A6-contribution,1,6,SI,contribution,0,0,0,,0.2786892995303203,opportunistic,"I'm choosing to contribute the maximum possible amount within my Stage 2 budget, as it will provide a significant return on investment and maximize my cumulative payoff.",rounds[1].agents[6].contribution_reasoning
RB-01-A6-punishment,1,6,SI,punishment,0,0,0,,0.2786892995303203,fairness|future_rounds|opportunistic,Punishing free-riders and those who contributed the least to maintain fairness and encourage future cooperation.,rounds[1].agents[6].punishment_reasoning
RB-01-A7-punishment,1,7,SI,punishment,0,0,0,,0.4269175673407573,opportunistic,Punishing free-riders who contributed below the group average and have no strong justification for their actions.,rounds[1].agents[7].punishment_reasoning
RB-01-A10-belief_observations,1,10,SFI,belief_observations,0,0,0,,0.0006909502105226,named_agents,"High contributions from Agent 4 and 24, while Agent 14 and others contributed little.",rounds[1].agents[10].belief_state.observations
RB-01-A12-belief_observations,1,12,SFI,belief_observations,0,0,0,,0.0137298298991759,named_agents,High contributions from Agent 4 and 24.,rounds[1].agents[12].belief_state.observations
RB-01-A13-belief_strategy,1,13,SFI,belief_strategy,0,0,0,,2.895859913190394,opportunistic,"Most peers follow SI, but some defect or free-ride.",rounds[1].agents[13].belief_state.institutional_strategy
RB-01-A14-contribution,1,14,SI,contribution,0,0,0,,0.0,future_rounds,"Given my institution's (SI) high fiscal capacity and historically higher emissions, I choose to contribute nothing this round to maintain flexibility for future rounds.",rounds[1].agents[14].contribution_reasoning
RB-01-A14-punishment,1,14,SI,punishment,0,0,0,,0.0,opportunistic,Punishing free-riders and rewarding cooperative agents to encourage responsible behavior and maximize my cumulative payoff.,rounds[1].agents[14].punishment_reasoning
RB-01-A14-belief_strategy,1,14,SI,belief_strategy,0,0,0,,0.0,conformity,Most peers are cooperative in SI institutions.,rounds[1].agents[14].belief_state.institutional_strategy
RB-01-A17-belief_strategy,1,17,SFI,belief_strategy,0,0,0,,0.0704578512553832,named_agents,"Most peers follow SI, except Agent 17 and some SFI agents.",rounds[1].agents[17].belief_state.institutional_strategy
RB-01-A17-belief_observations,1,17,SFI,belief_observations,0,0,0,,0.0704578512553832,named_agents,"Agent 17 had a high contribution in SFI, while others contributed little or nothing.",rounds[1].agents[17].belief_state.observations
RB-01-A18-punishment,1,18,SI,punishment,0,0,0,,0.2339457643534499,future_rounds|opportunistic,Punishing free-riders who contributed below the group average and rewarding a generous contributor to set an example for future cooperation.,rounds[1].agents[18].punishment_reasoning
RB-01-A19-punishment,1,19,SI,punishment,0,0,0,,0.0,opportunistic,Punishing free-riders while rewarding cooperative contributors to maintain a balance in contributions and promote cooperation.,rounds[1].agents[19].punishment_reasoning
RB-01-A19-belief_observations,1,19,SI,belief_observations,0,0,0,,0.0,named_agents,"High contributions from Agent 4 and 24, low contributions from Agents 14, 16, 10, 11, and 5.",rounds[1].agents[19].belief_state.observations
RB-01-A20-punishment,1,20,SI,punishment,0,0,0,,0.229021092310495,opportunistic,Punishing free-riders who contributed below the group average or had mismatched stated intent.,rounds[1].agents[20].punishment_reasoning
RB-01-A21-punishment,1,21,SI,punishment,0,0,0,,0.2277299987588715,opportunistic,"Punishing free-riders who contributed below the group average, focusing on those with higher fiscal capacity and historically higher emissions.",rounds[1].agents[21].punishment_reasoning
RB-01-A22-contribution,1,22,SI,contribution,0,0,0,,0.0006396418005916,future_rounds,"I'm starting with a moderate contribution to test the waters and see how others respond, while also considering the potential long-term benefits of cooperation.",rounds[1].agents[22].contribution_reasoning
RB-01-A22-punishment,1,22,SI,punishment,0,0,0,,0.0006396418005916,fairness|opportunistic,Punishing free-riders who contributed below the group average to maintain cooperation and fairness in the group.,rounds[1].agents[22].punishment_reasoning
RB-01-A22-belief_observations,1,22,SI,belief_observations,0,0,0,,0.0006396418005916,named_agents,"High contributions from Agent 4 and 24, while Agent 14 and others contribute little.",rounds[1].agents[22].belief_state.observations
RB-01-A24-contribution,1,24,SI,contribution,0,0,0,,0.9693585754306376,future_rounds,"Maximizing my cumulative payoff requires contributing as much as possible to take advantage of the high MCPR and potential future benefits, while also considering the impact on my Stage 2 budget.",rounds[1].agents[24].contribution_reasoning
RB-01-A24-punishment,1,24,SI,punishment,0,0,0,,0.9693585754306376,opportunistic,Punishing free-riders to encourage cooperation and maximize cumulative payoff.,rounds[1].agents[24].punishment_reasoning
RB-01-A25-punishment,1,25,SI,punishment,0,0,0,,0.0,opportunistic,Punishing free-riders who contributed below the group average while rewarding a generous contributor.,rounds[1].agents[25].punishment_reasoning
RB-02-A0-contribution,2,0,SI,contribution,0,0,0,,9.440914636817046e-05,future_rounds,I'm choosing a low contribution to observe others' strategies and maintain flexibility for future rounds.,rounds[2].agents[0].contribution_reasoning
RB-02-A0-punishment,2,0,SI,punishment,0,0,0,,9.440914636817046e-05,opportunistic,"Punishing free-riders who contributed below the group average or whose stated intent does not match their action, while rewarding generous contributors.",rounds[2].agents[0].punishment_reasoning
RB-02-A2-contribution,2,2,SFI,contribution,0,0,0,,0.0,named_agents,"I chose to contribute nothing this round due to the high contribution of Agent 4 and 24, indicating a trend towards cooperation, but also considering my own institution's (SFI) relatively low contribution history.",rounds[2].agents[2].contribution_reasoning
RB-02-A4-contribution,2,4,SI,contribution,0,0,0,,0.0,future_rounds,"Based on observed peer behavior and internal beliefs, I will not contribute to maintain flexibility for future rounds.",rounds[2].agents[4].contribution_reasoning
RB-02-A4-punishment,2,4,SI,punishment,0,0,0,,0.0,future_rounds|opportunistic,Punishing free-riders and rewarding a generous contributor to maintain long-term cooperation.,rounds[2].agents[4].punishment_reasoning
RB-02-A6-punishment,2,6,SI,punishment,0,0,0,,0.4992363519597173,opportunistic,Punished free-riders and rewarded contributors who aligned with their stated intentions.,rounds[2].agents[6].punishment_reasoning
RB-02-A7-contribution,2,7,SI,contribution,0,0,0,,0.6095606064959648,conformity|opportunistic,"Contribute a moderate amount to balance between cooperation and self-interest, considering past rounds' group average contribution.",rounds[2].agents[7].contribution_reasoning
RB-02-A7-punishment,2,7,SI,punishment,0,0,0,,0.6095606064959648,fairness|opportunistic,Punishing free-riders and rewarding a generous contributor to maintain fairness and encourage cooperation within the SI peer group.,rounds[2].agents[7].punishment_reasoning
RB-02-A12-belief_observations,2,12,SFI,belief_observations,0,0,0,,1.0410720162459586,named_agents,"Agent 12's contribution was low, but Agent 18 contributed highly.",rounds[2].agents[12].belief_state.observations
RB-02-A14-contribution,2,14,SI,contribution,0,0,0,,0.6624673499286214,future_rounds,"Contribute a significant amount to maintain credibility and support long-term climate stability, while also considering my institution's high fiscal capacity.",rounds[2].agents[14].contribution_reasoning
RB-02-A14-punishment,2,14,SI,punishment,0,0,0,,0.6624673499286214,opportunistic,"Focusing on free-riders who did not match their stated intent, while rewarding generous contributors.",rounds[2].agents[14].punishment_reasoning
RB-02-A15-contribution,2,15,SFI,contribution,0,0,0,,1.0359813490205771,conformity|future_rounds,Contribute a significant amount to demonstrate commitment while considering the group's average contribution and maintaining flexibility for future rounds.,rounds[2].agents[15].contribution_reasoning
RB-02-A18-contribution,2,18,SI,contribution,0,0,0,,1.0070863462909034,future_rounds,"Given my institution's high fiscal capacity and historically higher emissions, I choose to contribute significantly to maintain long-term credibility and institutional stability.",rounds[2].agents[18].contribution_reasoning
RB-02-A18-punishment,2,18,SI,punishment,0,0,0,,1.0070863462909034,fairness|opportunistic,Punish free-riders and reward high contributors to maintain group cohesion and fairness.,rounds[2].agents[18].punishment_reasoning
RB-02-A19-contribution,2,19,SI,contribution,0,0,0,,0.3262436208361404,opportunistic,"I'm choosing a moderate contribution to balance self-interest and cooperation, considering my institution's high fiscal capacity.",rounds[2].agents[19].contribution_reasoning
RB-02-A19-punishment,2,19,SI,punishment,0,0,0,,0.3262436208361404,opportunistic,Punishing free-riders and rewarding contributors who demonstrated commitment to the group's objectives.,rounds[2].agents[19].punishment_reasoning
RB-02-A20-contribution,2,20,SI,contribution,0,0,0,,0.2093311426906781,future_rounds,Contributing a significant amount to demonstrate commitment and follow-through on long-term climate goals.,rounds[2].agents[20].contribution_reasoning
RB-02-A20-punishment,2,20,SI,punishment,0,0,0,,0.2093311426906781,opportunistic,Punishing free-riders and rewarding cooperative agents based on past behavior and institution type.,rounds[2].agents[20].punishment_reasoning
RB-02-A21-punishment,2,21,SI,punishment,0,0,0,,0.327177967015575,fairness|opportunistic,Punishing free-riders and rewarding generous contributors to maintain cooperation and fairness within the group.,rounds[2].agents[21].punishment_reasoning
RB-02-A22-contribution,2,22,SI,contribution,0,0,0,,0.0321332958967557,opportunistic,"Contribute a significant amount to set an example for others and maximize my cumulative payoff, but not so much that it depletes my wealth.",rounds[2].agents[22].contribution_reasoning
RB-02-A22-punishment,2,22,SI,punishment,0,0,0,,0.0321332958967557,opportunistic,Punish free-riders and reward generous contributors to encourage cooperation in the institution.,rounds[2].agents[22].punishment_reasoning
RB-02-A24-contribution,2,24,SI,contribution,0,0,0,,0.5333466412355901,opportunistic,Contributing at the group average from the previous round balances self-interest with cooperation.,rounds[2].agents[24].contribution_reasoning
RB-02-A24-punishment,2,24,SI,punishment,0,0,0,,0.5333466412355901,opportunistic,"Punished free-riders, rewarded generous contributors.",rounds[2].agents[24].punishment_reasoning
RB-02-A25-contribution,2,25,SI,contribution,0,0,0,,0.0942619270998867,future_rounds,I'm contributing a moderate amount to align with my institution's strategy and maintain flexibility for future rounds.,rounds[2].agents[25].contribution_reasoning
RB-02-A25-punishment,2,25,SI,punishment,0,0,0,,0.0942619270998867,opportunistic,I punished free-riders and rewarded consistent contributors within the SI institution.,rounds[2].agents[25].punishment_reasoning
RB-03-A0-contribution,3,0,SI,contribution,0,0,0,,0.1467582805559166,opportunistic,I'm choosing a high contribution to align with my institution's strategy and maximize my cumulative payoff.,rounds[3].agents[0].contribution_reasoning
RB-03-A0-punishment,3,0,SI,punishment,0,0,0,,0.1467582805559166,opportunistic,Punishing free-riders and rewarding cooperative agents to maintain credibility and long-run climate stability.,rounds[3].agents[0].punishment_reasoning
RB-03-A1-belief_observations,3,1,SFI,belief_observations,0,0,0,,0.151990361552935,named_agents,"Agent 1's contribution is high in SFI, but low in SI.",rounds[3].agents[1].belief_state.observations
RB-03-A4-contribution,3,4,SI,contribution,0,0,0,,1.3727146664922607,opportunistic,"I'm choosing a moderate contribution to balance between self-interest and cooperation, considering my institution's strategy and the group's past behavior.",rounds[3].agents[4].contribution_reasoning
RB-03-A4-punishment,3,4,SI,punishment,0,0,0,,1.3727146664922607,reputation_management|opportunistic,Punishing free-riders to encourage cooperation and rewarding generous contributors to promote a positive social reputation within the SI institution.,rounds[3].agents[4].punishment_reasoning
RB-03-A4-belief_strategy,3,4,SI,belief_strategy,0,0,0,,1.3727146664922607,conformity,Most peers are contributing to the SI institution.,rounds[3].agents[4].belief_state.institutional_strategy
RB-03-A5-contribution,3,5,SFI,contribution,0,0,0,,0.1265315926249579,conformity,I'm choosing a moderate contribution to balance my institution's low average contribution with the high MCPR.,rounds[3].agents[5].contribution_reasoning
RB-03-A6-contribution,3,6,SI,contribution,0,0,0,,0.3595078087759208,named_agents,My contribution is based on my past contributions and maintaining consistency with Agent 7's high contribution.,rounds[3].agents[6].contribution_reasoning
RB-03-A6-punishment,3,6,SI,punishment,0,0,0,,0.3595078087759208,opportunistic,Punishing free-riders and rewarding high contributors to maintain cooperation within the SI institution.,rounds[3].agents[6].punishment_reasoning
RB-03-A7-punishment,3,7,SI,punishment,0,0,0,,0.0,opportunistic,Focused on punishing free-riders and rewarding high contributors to maintain a stable peer network and promote cooperation within our institution.,rounds[3].agents[7].punishment_reasoning
RB-03-A13-belief_observations,3,13,SFI,belief_observations,0,0,0,,0.224657646619363,named_agents,High-contributor Agent 4 is using SI.,rounds[3].agents[13].belief_state.observations
RB-03-A14-contribution,3,14,SI,contribution,1,1,1,,0.7182910677500873,reputation_management,"Based on past contributions and current budget, I choose to contribute a significant amount to maintain credibility and institutional reputation.",rounds[3].agents[14].contribution_reasoning
RB-03-A14-punishment,3,14,SI,punishment,1,1,1,,0.7182910677500873,opportunistic,Punished free-riders and rewarded high contributors to maintain group stability and credibility.,rounds[3].agents[14].punishment_reasoning
RB-03-A14-belief_strategy,3,14,SI,belief_strategy,1,1,1,,0.7182910677500873,conformity,Most peers are cooperative in SI institutions.,rounds[3].agents[14].belief_state.institutional_strategy
RB-03-A14-belief_observations,3,14,SI,belief_observations,1,1,1,,0.7182910677500873,,High contributors often have high payoffs.,rounds[3].agents[14].belief_state.observations
RB-03-A15-belief_strategy,3,15,SFI,belief_strategy,0,0,0,,0.0,opportunistic,"Most peers cooperate in SI, but some defect or free-ride.",rounds[3].agents[15].belief_state.institutional_strategy
RB-03-A16-belief_observations,3,16,SFI,belief_observations,0,0,0,,0.0,named_agents,"Agent 16 contributed significantly, while Agent 3 and others did not contribute at all",rounds[3].agents[16].belief_state.observations
RB-03-A17-contribution,3,17,SFI,contribution,0,0,0,,0.4452989660921377,future_rounds,"Based on past contributions and internal beliefs, I will contribute a moderate amount to maintain cooperation while also leaving room for future rounds.",rounds[3].agents[17].contribution_reasoning
RB-03-A18-punishment,3,18,SI,punishment,0,0,0,,0.4988776804254321,fairness|opportunistic,Punishing free-riders and rewarding cooperative contributors to maintain a fair and productive environment in our institution.,rounds[3].agents[18].punishment_reasoning
RB-03-A19-contribution,3,19,SI,contribution,1,1,1,,0.0,opportunistic,"Based on previous round data and internal beliefs, I choose not to contribute as a free-rider.",rounds[3].agents[19].contribution_reasoning
RB-03-A19-punishment,3,19,SI,punishment,1,1,1,,0.0,opportunistic,Target free-riders and reward those who contributed significantly to maintain long-run climate stability and institutional credibility.,rounds[3].agents[19].punishment_reasoning
RB-03-A19-belief_strategy,3,19,SI,belief_strategy,1,1,1,,0.0,,Most peers follow SI strategy.,rounds[3].agents[19].belief_state.institutional_strategy
RB-03-A19-belief_observations,3,19,SI,belief_observations,1,1,1,,0.0,,High contributors emerged in this round.,rounds[3].agents[19].belief_state.observations
RB-03-A20-punishment,3,20,SI,punishment,0,0,0,,0.0952129494436819,fairness|opportunistic,Punishing free-riders and rewarding high contributors to maintain a fair and effective collective effort.,rounds[3].agents[20].punishment_reasoning
RB-03-A21-contribution,3,21,SI,contribution,0,0,0,,0.0,opportunistic,"Based on previous rounds' data, I expect others to free-ride and contribute little, so I also choose not to contribute.",rounds[3].agents[21].contribution_reasoning
RB-03-A21-punishment,3,21,SI,punishment,0,0,0,,0.0,opportunistic,"Punishing free-riders to maintain cooperation, rewarding high contributors for credibility.",rounds[3].agents[21].punishment_reasoning
RB-03-A22-contribution,3,22,SI,contribution,0,0,0,,0.0,opportunistic,"Based on previous round data and internal beliefs, I choose not to contribute as a free-rider.",rounds[3].agents[22].contribution_reasoning
RB-03-A22-punishment,3,22,SI,punishment,0,0,0,,0.0,opportunistic,Punishing free-riders while rewarding high contributors to maintain cooperation within the institution.,rounds[3].agents[22].punishment_reasoning
RB-03-A24-contribution,3,24,SI,contribution,0,0,0,,0.3385174867993646,opportunistic,"Choosing a moderate contribution to balance self-interest and cooperation, while also considering my past contributions.",rounds[3].agents[24].contribution_reasoning
RB-03-A24-punishment,3,24,SI,punishment,0,0,0,,0.3385174867993646,opportunistic,Punishing free-riders and rewarding cooperators based on their contributions and stated intent.,rounds[3].agents[24].punishment_reasoning
RB-03-A25-contribution,3,25,SI,contribution,1,1,1,,2.105374269239663,,Maximizing my cumulative payoff requires contributing the maximum amount to take advantage of the high MCPR.,rounds[3].agents[25].contribution_reasoning
RB-03-A25-punishment,3,25,SI,punishment,1,1,1,,2.105374269239663,opportunistic,Punished free-riders and rewarded cooperative peers to maintain credibility and long-run climate stability.,rounds[3].agents[25].punishment_reasoning
RB-03-A25-belief_strategy,3,25,SI,belief_strategy,1,1,1,,2.105374269239663,,Most peers follow the SI strategy.,rounds[3].agents[25].belief_state.institutional_strategy
RB-03-A25-belief_observations,3,25,SI,belief_observations,1,1,1,,2.105374269239663,,High contributors are mostly from the SI group.,rounds[3].agents[25].belief_state.observations
RB-04-A0-punishment,4,0,SI,punishment,0,0,0,,0.0,named_agents|opportunistic,"Punishing free-riders and rewarding contributors who have shown consistency with the SI strategy. Targeting Agent 6, 20, and 4 for their low contributions, while rewarding Agent 22, 24, and 7 for their generous contributions.",rounds[4].agents[0].punishment_reasoning
RB-04-A0-belief_strategy,4,0,SI,belief_strategy,0,0,0,,0.0,conformity,Most peers are using the SI strategy.,rounds[4].agents[0].belief_state.institutional_strategy
RB-04-A2-contribution,4,2,SFI,contribution,1,1,1,,0.0,,"I chose not to contribute due to the high marginal return and past low contributions from peers, which suggests that contributing will have a minimal impact on my payoff.",rounds[4].agents[2].contribution_reasoning
RB-04-A2-belief_strategy,4,2,SFI,belief_strategy,1,1,1,,0.0,,Most contributors are using the SI strategy.,rounds[4].agents[2].belief_state.institutional_strategy
RB-04-A2-belief_observations,4,2,SFI,belief_observations,1,1,1,,0.0,,High contributions from peers in the SI institution.,rounds[4].agents[2].belief_state.observations
RB-04-A3-contribution,4,3,SFI,contribution,1,1,1,,0.0560435507707813,,I'm choosing a moderate contribution to balance my institution's past low contributions and the high marginal return.,rounds[4].agents[3].contribution_reasoning
RB-04-A3-belief_strategy,4,3,SFI,belief_strategy,1,1,1,,0.0560435507707813,,Most peers contribute highly in the SI institution.,rounds[4].agents[3].belief_state.institutional_strategy
RB-04-A3-belief_observations,4,3,SFI,belief_observations,1,1,1,,0.0560435507707813,,High contributions are rewarded with a high payoff.,rounds[4].agents[3].belief_state.observations
RB-04-A4-contribution,4,4,SI,contribution,1,1,1,,0.2521456078353138,,"Given my institution's history and high marginal return, I choose to contribute a significant amount.",rounds[4].agents[4].contribution_reasoning
RB-04-A4-punishment,4,4,SI,punishment,1,1,1,,0.2521456078353138,opportunistic,Focused on punishing free-riders (below group avg) and rewarding cooperative agents.,rounds[4].agents[4].punishment_reasoning
RB-04-A4-belief_strategy,4,4,SI,belief_strategy,1,1,1,,0.2521456078353138,conformity,Most peers are contributing to the SI institution.,rounds[4].agents[4].belief_state.institutional_strategy
RB-04-A4-belief_observations,4,4,SI,belief_observations,1,1,1,,0.2521456078353138,,"High-contributors in SI, low-contributors in SFI.",rounds[4].agents[4].belief_state.observations
RB-04-A6-punishment,4,6,SI,punishment,0,0,0,,0.0,future_rounds|opportunistic,"Punishing free-riders, rewarding high contributors to maintain cooperation and long-term climate stability.",rounds[4].agents[6].punishment_reasoning
RB-04-A7-contribution,4,7,SI,contribution,0,0,0,,0.4761163290075054,opportunistic,"I'm choosing a moderate contribution to balance between cooperation and self-interest, considering my institution's history and the marginal return.",rounds[4].agents[7].contribution_reasoning
RB-04-A7-punishment,4,7,SI,punishment,0,0,0,,0.4761163290075054,opportunistic,Punishing free-riders and rewarding high contributors to encourage cooperation and long-run climate stability.,rounds[4].agents[7].punishment_reasoning
RB-04-A9-contribution,4,9,SFI,contribution,0,0,0,,0.2965921728817132,opportunistic,To maximize my cumulative payoff and balance immediate resilience needs with long-run cooperation incentives.,rounds[4].agents[9].contribution_reasoning
RB-04-A10-contribution,4,10,SFI,contribution,1,1,1,,2.850806011582569,,Maximizing my cumulative payoff requires contributing the maximum amount to take advantage of the high marginal return.,rounds[4].agents[10].contribution_reasoning
RB-04-A10-belief_strategy,4,10,SFI,belief_strategy,1,1,1,,2.850806011582569,,Most peers follow the SI strategy.,rounds[4].agents[10].belief_state.institutional_strategy
RB-04-A10-belief_observations,4,10,SFI,belief_observations,1,1,1,,2.850806011582569,,High-contributors are mostly following the SI strategy.,rounds[4].agents[10].belief_state.observations
RB-04-A13-contribution,4,13,SFI,contribution,0,1,0,,2.0919831913347977,future_rounds,Maximizing my cumulative payoff requires contributing the maximum allowed amount to take advantage of the high MCPR and potential future benefits.,rounds[4].agents[13].contribution_reasoning
RB-04-A13-belief_strategy,4,13,SFI,belief_strategy,0,1,0,,2.0919831913347977,,Most peers contribute high amounts to SI institutions.,rounds[4].agents[13].belief_state.institutional_strategy
RB-04-A13-belief_observations,4,13,SFI,belief_observations,0,1,0,,2.0919831913347977,named_agents,"Agent 13's contribution was low, but Agent 19 contributed excessively.",rounds[4].agents[13].belief_state.observations
RB-04-A14-contribution,4,14,SI,contribution,0,0,0,,0.3439249531906674,opportunistic,"Maximizing cumulative payoff requires balancing cooperation and self-interest, considering past contributions and outcomes.",rounds[4].agents[14].contribution_reasoning
RB-04-A14-punishment,4,14,SI,punishment,0,0,0,,0.3439249531906674,future_rounds|opportunistic,Punishing free-riders and rewarding cooperative agents to maintain institutional credibility and long-term climate stability.,rounds[4].agents[14].punishment_reasoning
RB-04-A15-belief_observations,4,15,SFI,belief_observations,0,0,0,,0.2117776702350599,named_agents,Agent 15 contributed significantly to SFI.,rounds[4].agents[15].belief_state.observations
RB-04-A16-contribution,4,16,SFI,contribution,1,1,1,,0.0,,I chose not to contribute due to the high marginal return and past low contributions from peers.,rounds[4].agents[16].contribution_reasoning
RB-04-A16-belief_strategy,4,16,SFI,belief_strategy,1,1,1,,0.0,,Most peers contribute highly in the SI institution.,rounds[4].agents[16].belief_state.institutional_strategy
RB-04-A16-belief_observations,4,16,SFI,belief_observations,1,1,1,,0.0,,High contributors in SI are rewarded with a high payoff.,rounds[4].agents[16].belief_state.observations
RB-04-A18-punishment,4,18,SI,punishment,0,0,0,,0.351376222325116,opportunistic,Focused on punishing free-riders and rewarding contributors who balance self-interest with cooperation.,rounds[4].agents[18].punishment_reasoning
RB-04-A19-punishment,4,19,SI,punishment,0,0,0,,1.3663240099117515,opportunistic,Punishing free-riders and rewarding generous contributors to encourage cooperation within the SI institution.,rounds[4].agents[19].punishment_reasoning
RB-04-A20-contribution,4,20,SI,contribution,0,0,0,,0.0667106636835792,opportunistic,"I chose to contribute a moderate amount, balancing between cooperation and self-interest.",rounds[4].agents[20].contribution_reasoning
RB-04-A20-punishment,4,20,SI,punishment,0,0,0,,0.0667106636835792,opportunistic,Targeted punishments for free-riders and generous rewards for significant contributors.,rounds[4].agents[20].punishment_reasoning
RB-04-A21-contribution,4,21,SI,contribution,0,0,0,,0.8598745988980578,opportunistic,"To maximize my cumulative payoff, I will contribute a moderate amount that balances self-interest and cooperation.",rounds[4].agents[21].contribution_reasoning
RB-04-A21-punishment,4,21,SI,punishment,0,0,0,,0.8598745988980578,opportunistic,"Punish free-riders, reward cooperative agents in line with their stated intent.",rounds[4].agents[21].punishment_reasoning
RB-04-A22-punishment,4,22,SI,punishment,0,0,0,,0.2760799207750016,opportunistic,Punish free-riders and reward cooperative agents to maintain institutional credibility and promote cooperation.,rounds[4].agents[22].punishment_reasoning
RB-04-A23-contribution,4,23,SFI,contribution,1,1,0,,0.2210944859287888,,I'm choosing a moderate contribution to balance my institution's history and marginal return.,rounds[4].agents[23].contribution_reasoning
RB-04-A23-belief_strategy,4,23,SFI,belief_strategy,1,1,0,,0.2210944859287888,,Agents in SI contribute more than those in SFI.,rounds[4].agents[23].belief_state.institutional_strategy
RB-04-A23-belief_observations,4,23,SFI,belief_observations,1,1,0,,0.2210944859287888,,"High contributors are mostly from SI, while low contributors are from SFI.",rounds[4].agents[23].belief_state.observations
RB-04-A24-contribution,4,24,SI,contribution,0,0,0,,0.4292233636749898,future_rounds|opportunistic,"To maximize my cumulative payoff, I will contribute a high amount to take advantage of the MCPR and set a precedent for future contributions.",rounds[4].agents[24].contribution_reasoning
RB-04-A24-punishment,4,24,SI,punishment,0,0,0,,0.4292233636749898,opportunistic,Punish free-riders and reward high contributors to maintain cooperation and long-run climate stability within the SI institution.,rounds[4].agents[24].punishment_reasoning
RB-04-A25-punishment,4,25,SI,punishment,0,0,0,,0.8072214417646558,opportunistic,Punishing free-riders and rewarding cooperative agents,rounds[4].agents[25].punishment_reasoning
RB-05-A0-punishment,5,0,SI,punishment,0,0,0,,0.0822365400302531,opportunistic,Punished free-riders and rewarded high contributors to maintain institutional credibility.,rounds[5].agents[0].punishment_reasoning
RB-05-A1-contribution,5,1,SFI,contribution,0,1,0,,0.3669813885074263,,"Based on past contributions and vulnerability index, I choose a moderate contribution to balance immediate resilience needs with long-run cooperation incentives.",rounds[5].agents[1].contribution_reasoning
RB-05-A1-belief_strategy,5,1,SFI,belief_strategy,0,1,0,,0.3669813885074263,conformity,Most peers are contributing to SI.,rounds[5].agents[1].belief_state.institutional_strategy
RB-05-A1-belief_observations,5,1,SFI,belief_observations,0,1,0,,0.3669813885074263,,"High contributors are mostly in SI, while low contributors are mostly in SFI.",rounds[5].agents[1].belief_state.observations
RB-05-A3-contribution,5,3,SFI,contribution,1,0,1,,2.2895320485456354,,Maximizing cumulative payoff requires contributing the maximum allowed amount.,rounds[5].agents[3].contribution_reasoning
RB-05-A3-belief_strategy,5,3,SFI,belief_strategy,1,0,1,,2.2895320485456354,,Most peers follow the SI strategy.,rounds[5].agents[3].belief_state.institutional_strategy
RB-05-A3-belief_observations,5,3,SFI,belief_observations,1,0,1,,2.2895320485456354,,High contributors are mostly in the SI institution.,rounds[5].agents[3].belief_state.observations
RB-05-A4-belief_strategy,5,4,SI,belief_strategy,0,0,0,,0.7659602417485418,conformity,Most peers are contributing to the SI institution.,rounds[5].agents[4].belief_state.institutional_strategy
RB-05-A4-belief_observations,5,4,SI,belief_observations,0,0,0,,0.7659602417485418,named_agents,Agent 9 and Agent 15 have not contributed to the SFI institution.,rounds[5].agents[4].belief_state.observations
RB-05-A5-contribution,5,5,SFI,contribution,0,0,0,,1.5596589088538255,opportunistic,"To maximize my cumulative payoff, I should contribute the maximum amount possible.",rounds[5].agents[5].contribution_reasoning
RB-05-A5-belief_strategy,5,5,SFI,belief_strategy,0,0,0,,1.5596589088538255,conformity,"Most peers are cooperative, but some are high contributors.",rounds[5].agents[5].belief_state.institutional_strategy
RB-05-A6-punishment,5,6,SI,punishment,0,0,0,,0.2413140466835295,opportunistic,Punish free-riders and reward high contributors based on their contributions and stated intent.,rounds[5].agents[6].punishment_reasoning
RB-05-A6-belief_observations,5,6,SI,belief_observations,0,0,0,,0.2413140466835295,named_agents,Agent 9 and 15 have not contributed this round.,rounds[5].agents[6].belief_state.observations
RB-05-A7-contribution,5,7,SI,contribution,1,1,1,,0.1823405683463624,,Contribute a moderate amount based on past contributions and my institution's strategy.,rounds[5].agents[7].contribution_reasoning
RB-05-A7-punishment,5,7,SI,punishment,1,1,1,,0.1823405683463624,future_rounds|opportunistic,Punished free-riders and rewarded high contributors to maintain long-term climate stability and credibility within SI institution.,rounds[5].agents[7].punishment_reasoning
RB-05-A7-belief_strategy,5,7,SI,belief_strategy,1,1,1,,0.1823405683463624,,Most contributors follow the SI strategy.,rounds[5].agents[7].belief_state.institutional_strategy
RB-05-A7-belief_observations,5,7,SI,belief_observations,1,1,1,,0.1823405683463624,,High contributions from peers with SI strategy.,rounds[5].agents[7].belief_state.observations
RB-05-A8-contribution,5,8,SFI,contribution,1,1,1,,0.4456313660262213,,"My contribution is based on my past behavior and institutional strategy, which suggests that I tend to contribute around this amount.",rounds[5].agents[8].contribution_reasoning
RB-05-A8-belief_strategy,5,8,SFI,belief_strategy,1,1,1,,0.4456313660262213,,Most peers follow the SI strategy.,rounds[5].agents[8].belief_state.institutional_strategy
RB-05-A8-belief_observations,5,8,SFI,belief_observations,1,1,1,,0.4456313660262213,,High contributors are mostly from the SI institution.,rounds[5].agents[8].belief_state.observations
RB-05-A9-contribution,5,9,SFI,contribution,0,1,0,,0.0,,I choose not to contribute due to low marginal return and high vulnerability index.,rounds[5].agents[9].contribution_reasoning
RB-05-A9-belief_strategy,5,9,SFI,belief_strategy,0,1,0,,0.0,,"Most peers in SI, some in SFI.",rounds[5].agents[9].belief_state.institutional_strategy
RB-05-A9-belief_observations,5,9,SFI,belief_observations,0,1,0,,0.0,,"High contributors in SI, defectors in SFI.",rounds[5].agents[9].belief_state.observations
RB-05-A10-contribution,5,10,SFI,contribution,1,0,1,,0.5455763866698792,,Maximizing cumulative payoff requires contributing the maximum allowed amount to maximize marginal return.,rounds[5].agents[10].contribution_reasoning
RB-05-A10-belief_strategy,5,10,SFI,belief_strategy,1,0,1,,0.5455763866698792,,Agents in SI contribute more than those in SFI.,rounds[5].agents[10].belief_state.institutional_strategy
RB-05-A10-belief_observations,5,10,SFI,belief_observations,1,0,1,,0.5455763866698792,,"High contributors are mostly from SI, while low contributors are mostly from SFI.",rounds[5].agents[10].belief_state.observations
RB-05-A11-belief_observations,5,11,SFI,belief_observations,0,0,0,,0.0917417798647722,named_agents,Agent 9 and Agent 15 have low contributions in SFI.,rounds[5].agents[11].belief_state.observations
RB-05-A12-contribution,5,12,SFI,contribution,1,1,0,,0.2619087514699068,,Contribute a moderate amount to balance immediate needs and long-run cooperation incentives.,rounds[5].agents[12].contribution_reasoning
RB-05-A12-belief_strategy,5,12,SFI,belief_strategy,1,1,0,,0.2619087514699068,,Most contributors are in the SI institution.,rounds[5].agents[12].belief_state.institutional_strategy
RB-05-A12-belief_observations,5,12,SFI,belief_observations,1,1,0,,0.2619087514699068,,High contributions from peers in the SI institution.,rounds[5].agents[12].belief_state.observations
RB-05-A14-contribution,5,14,SI,contribution,0,1,0,,1.1005353737748291,,"Based on previous rounds' data, high contributors have a strong presence in SI institution and contribute significantly to emissions reduction.",rounds[5].agents[14].contribution_reasoning
RB-05-A14-punishment,5,14,SI,punishment,0,1,0,,1.1005353737748291,opportunistic,Punishing free-riders and rewarding high contributors to promote cooperation and maximize overall contributions within our institution.,rounds[5].agents[14].punishment_reasoning
RB-05-A14-belief_strategy,5,14,SI,belief_strategy,0,1,0,,1.1005353737748291,,SI: high contributions are rewarded.,rounds[5].agents[14].belief_state.institutional_strategy
RB-05-A14-belief_observations,5,14,SI,belief_observations,0,1,0,,1.1005353737748291,,"High contributors in SI, low contributors in SFI.",rounds[5].agents[14].belief_state.observations
RB-05-A15-contribution,5,15,SFI,contribution,1,1,1,,0.0,,"Based on previous rounds' data, I expect other agents to contribute significantly, making my contribution negligible.",rounds[5].agents[15].contribution_reasoning
RB-05-A15-belief_strategy,5,15,SFI,belief_strategy,1,1,1,,0.0,,Most peers follow the SI strategy.,rounds[5].agents[15].belief_state.institutional_strategy
RB-05-A15-belief_observations,5,15,SFI,belief_observations,1,1,1,,0.0,,High contributors are mostly in the SI institution.,rounds[5].agents[15].belief_state.observations
RB-05-A16-contribution,5,16,SFI,contribution,1,0,0,,0.943425673502154,,I choose to contribute a significant amount due to high marginal return and peers' cooperative behavior.,rounds[5].agents[16].contribution_reasoning
RB-05-A16-belief_strategy,5,16,SFI,belief_strategy,1,0,0,,0.943425673502154,opportunistic,"Most peers contribute to SI, but some defect or free-ride.",rounds[5].agents[16].belief_state.institutional_strategy
RB-05-A16-belief_observations,5,16,SFI,belief_observations,1,0,0,,0.943425673502154,,High contributors in SI are rewarded with high contributions.,rounds[5].agents[16].belief_state.observations
RB-05-A18-contribution,5,18,SI,contribution,0,1,0,,0.4074927492404109,future_rounds,"Maximizing cumulative payoff requires a balance between current contribution and future Stage 2 budget, considering the MCPR of 0.1333.",rounds[5].agents[18].contribution_reasoning
RB-05-A18-punishment,5,18,SI,punishment,0,1,0,,0.4074927492404109,opportunistic,Punishing free-riders and rewarding high contributors within the SI institution.,rounds[5].agents[18].punishment_reasoning
RB-05-A18-belief_strategy,5,18,SI,belief_strategy,0,1,0,,0.4074927492404109,,Most contributors are using the SI strategy.,rounds[5].agents[18].belief_state.institutional_strategy
RB-05-A18-belief_observations,5,18,SI,belief_observations,0,1,0,,0.4074927492404109,,High contributions from peers with SI strategy.,rounds[5].agents[18].belief_state.observations
RB-05-A19-contribution,5,19,SI,contribution,1,1,0,,0.0,,"My cumulative payoff is already high, and contributing nothing maximizes my current payoff.",rounds[5].agents[19].contribution_reasoning
RB-05-A19-punishment,5,19,SI,punishment,1,1,0,,0.0,opportunistic,Punishing free-riders and rewarding high contributors to maintain institutional credibility and promote long-run climate stability.,rounds[5].agents[19].punishment_reasoning
RB-05-A19-belief_strategy,5,19,SI,belief_strategy,1,1,0,,0.0,,Most peers follow the SI strategy.,rounds[5].agents[19].belief_state.institutional_strategy
RB-05-A19-belief_observations,5,19,SI,belief_observations,1,1,0,,0.0,,High contributors are mostly from the SI group.,rounds[5].agents[19].belief_state.observations
RB-05-A20-punishment,5,20,SI,punishment,0,0,0,,0.1618431707306985,future_rounds|opportunistic,"Punish free-riders below the group average and reward generous contributors, prioritizing long-term climate stability and institutional credibility.",rounds[5].agents[20].punishment_reasoning
RB-05-A21-contribution,5,21,SI,contribution,1,1,0,,0.1444039428822719,,"Following my past contributions and considering the marginal return to me per unit contributed, I choose a moderate contribution.",rounds[5].agents[21].contribution_reasoning
RB-05-A21-punishment,5,21,SI,punishment,1,1,0,,0.1444039428822719,opportunistic,Punished free-riders and rewarded cooperative peers with significant contributions and stated intent alignment.,rounds[5].agents[21].punishment_reasoning
RB-05-A21-belief_strategy,5,21,SI,belief_strategy,1,1,0,,0.1444039428822719,,Most peers contribute significantly in SI institutions.,rounds[5].agents[21].belief_state.institutional_strategy
RB-05-A21-belief_observations,5,21,SI,belief_observations,1,1,0,,0.1444039428822719,,"High contributors are mostly found in SI, while SFI has low contributors.",rounds[5].agents[21].belief_state.observations
RB-05-A22-contribution,5,22,SI,contribution,1,1,0,,0.9062014993405876,,Maximizing cumulative payoff requires a high contribution to maximize MCPR.,rounds[5].agents[22].contribution_reasoning
RB-05-A22-punishment,5,22,SI,punishment,1,1,0,,0.9062014993405876,opportunistic,Punishing free-riders who contributed below the group average and rewarding high contributors for their efforts towards emissions reduction.,rounds[5].agents[22].punishment_reasoning
RB-05-A22-belief_strategy,5,22,SI,belief_strategy,1,1,0,,0.9062014993405876,,Most peers follow a cooperative strategy within the SI institution.,rounds[5].agents[22].belief_state.institutional_strategy
RB-05-A22-belief_observations,5,22,SI,belief_observations,1,1,0,,0.9062014993405876,,"High contributions from some agents, while others contribute little or nothing.",rounds[5].agents[22].belief_state.observations
RB-05-A24-contribution,5,24,SI,contribution,0,0,0,,0.4601579452266636,opportunistic,"Given my institution's (SI) history of high contributions and the current MCPR, I choose to contribute $5 billion to maximize my cumulative payoff.",rounds[5].agents[24].contribution_reasoning
RB-05-A24-punishment,5,24,SI,punishment,0,0,0,,0.4601579452266636,opportunistic,Focusing on punishing free-riders and rewarding cooperative agents in line with SI institution's strategy.,rounds[5].agents[24].punishment_reasoning
RB-05-A25-punishment,5,25,SI,punishment,0,0,0,,0.0,opportunistic,Punish free-riders (below-average contributors) and reward cooperative agents who contribute significantly above the group average.,rounds[5].agents[25].punishment_reasoning
RB-06-A0-contribution,6,0,SI,contribution,1,1,0,,0.0,,"Based on previous round data, I observed that most high contributors used the SI strategy, but given my current situation and MCPR, contributing nothing maximizes my payoff.",rounds[6].agents[0].contribution_reasoning
RB-06-A0-punishment,6,0,SI,punishment,1,1,0,,0.0,opportunistic,"Punished free-riders and defectors, while rewarding cooperators who demonstrated a strong commitment to our shared goals.",rounds[6].agents[0].punishment_reasoning
RB-06-A0-belief_strategy,6,0,SI,belief_strategy,1,1,0,,0.0,,Most peers follow the SI strategy.,rounds[6].agents[0].belief_state.institutional_strategy
RB-06-A0-belief_observations,6,0,SI,belief_observations,1,1,0,,0.0,,"High contributions from peers 22, 25, and 7; low contributions from peers 19, 23, and 13.",rounds[6].agents[0].belief_state.observations
RB-06-A1-contribution,6,1,SFI,contribution,1,1,1,,0.3278917664878501,,"My contribution balances immediate resilience needs with long-run cooperation incentives, given my institution's history of contributing moderately.",rounds[6].agents[1].contribution_reasoning
RB-06-A1-belief_strategy,6,1,SFI,belief_strategy,1,1,1,,0.3278917664878501,,"Most peers follow SI, but some deviate.",rounds[6].agents[1].belief_state.institutional_strategy
RB-06-A1-belief_observations,6,1,SFI,belief_observations,1,1,1,,0.3278917664878501,,"High contributors in SI, low contributors in SFI.",rounds[6].agents[1].belief_state.observations
RB-06-A2-contribution,6,2,SFI,contribution,1,1,1,,0.0002773125969009,,I'm choosing a moderate contribution to balance immediate resilience needs and long-run cooperation incentives.,rounds[6].agents[2].contribution_reasoning
RB-06-A2-belief_strategy,6,2,SFI,belief_strategy,1,1,1,,0.0002773125969009,,Most peers contribute highly in SI.,rounds[6].agents[2].belief_state.institutional_strategy
RB-06-A2-belief_observations,6,2,SFI,belief_observations,1,1,1,,0.0002773125969009,,"High contributors are mostly in SI, while low contributors are in SFI or SI.",rounds[6].agents[2].belief_state.observations
RB-06-A3-contribution,6,3,SFI,contribution,0,0,0,,0.3692603959963498,conformity|opportunistic,"The group average contribution from previous rounds is high, so I'm contributing a similar amount to maintain cooperation and avoid being seen as a free-rider.",rounds[6].agents[3].contribution_reasoning
RB-06-A4-contribution,6,4,SI,contribution,1,1,0,,0.4958782489750031,future_rounds,Contributing this amount balances my desire to contribute meaningfully while also considering the potential impact on my future Stage 2 budget.,rounds[6].agents[4].contribution_reasoning
RB-06-A4-punishment,6,4,SI,punishment,1,1,0,,0.4958782489750031,opportunistic,"Focused on free-riders who contributed below the group average or whose stated intent does not match their action, while rewarding generous contributors.",rounds[6].agents[4].punishment_reasoning
RB-06-A4-belief_strategy,6,4,SI,belief_strategy,1,1,0,,0.4958782489750031,,"Most peers in SI, few in SFI.",rounds[6].agents[4].belief_state.institutional_strategy
RB-06-A4-belief_observations,6,4,SI,belief_observations,1,1,0,,0.4958782489750031,,"High contributions from top peers, low from some.",rounds[6].agents[4].belief_state.observations
RB-06-A5-contribution,6,5,SFI,contribution,1,1,1,,0.5309166412332313,,Contribute a moderate amount to balance immediate resilience needs and long-run cooperation incentives.,rounds[6].agents[5].contribution_reasoning
RB-06-A5-belief_strategy,6,5,SFI,belief_strategy,1,1,1,,0.5309166412332313,,"Most peers contribute highly in SI, except for low contributors.",rounds[6].agents[5].belief_state.institutional_strategy
RB-06-A5-belief_observations,6,5,SFI,belief_observations,1,1,1,,0.5309166412332313,named_agents,Agent 5 contributed significantly to SFI this round.,rounds[6].agents[5].belief_state.observations
RB-06-A6-contribution,6,6,SI,contribution,1,1,1,,0.2038543273337925,punishment_avoidance,Contribute at the group average level to maximize cumulative payoff and avoid punishment.,rounds[6].agents[6].contribution_reasoning
RB-06-A6-punishment,6,6,SI,punishment,1,1,1,,0.2038543273337925,opportunistic,Punishing free-riders and rewarding high contributors to encourage cooperation within SI peers.,rounds[6].agents[6].punishment_reasoning
RB-06-A6-belief_strategy,6,6,SI,belief_strategy,1,1,1,,0.2038543273337925,,All agents follow the same strategy.,rounds[6].agents[6].belief_state.institutional_strategy
RB-06-A6-belief_observations,6,6,SI,belief_observations,1,1,1,,0.2038543273337925,,High contributors are rewarded with higher payoffs.,rounds[6].agents[6].belief_state.observations
RB-06-A7-contribution,6,7,SI,contribution,0,0,0,,0.4644340619497272,opportunistic,"Contributing a moderate amount balances self-interest and cooperation, given high marginal return and peer contributions.",rounds[6].agents[7].contribution_reasoning
RB-06-A7-punishment,6,7,SI,punishment,0,0,0,,0.4644340619497272,opportunistic,"Punished free-riders and defectors, while rewarding high contributors.",rounds[6].agents[7].punishment_reasoning
RB-06-A8-contribution,6,8,SFI,contribution,0,0,0,,0.3949571369475266,opportunistic,Contribute a significant amount to maximize my cumulative payoff and align with previous contributions from SFI members.,rounds[6].agents[8].contribution_reasoning
RB-06-A10-contribution,6,10,SFI,contribution,1,0,1,,0.5202031803490704,opportunistic,"To maximize my cumulative payoff, I will contribute an amount close to the group average from the previous round.",rounds[6].agents[10].contribution_reasoning
RB-06-A10-belief_strategy,6,10,SFI,belief_strategy,1,0,1,,0.5202031803490704,,"Most peers follow the SI strategy, but some deviate.",rounds[6].agents[10].belief_state.institutional_strategy
RB-06-A10-belief_observations,6,10,SFI,belief_observations,1,0,1,,0.5202031803490704,,High contributors in SI are rewarded with high payoffs.,rounds[6].agents[10].belief_state.observations
RB-06-A11-contribution,6,11,SFI,contribution,0,0,0,,0.2858275676710576,opportunistic,Contribute at the group average level to maximize my cumulative payoff and balance immediate resilience needs against long-run cooperation incentives.,rounds[6].agents[11].contribution_reasoning
RB-06-A11-belief_observations,6,11,SFI,belief_observations,0,0,0,,0.2858275676710576,named_agents,"Agent 22 and 25 contributed 10M in SI, while Agent 0 and 19 contributed little.",rounds[6].agents[11].belief_state.observations
RB-06-A12-contribution,6,12,SFI,contribution,1,0,0,,0.4565629999064449,,Contribute at the group average of the previous round to balance immediate resilience needs and long-run cooperation incentives.,rounds[6].agents[12].contribution_reasoning
RB-06-A12-belief_strategy,6,12,SFI,belief_strategy,1,0,0,,0.4565629999064449,,Most contributors used the SI strategy.,rounds[6].agents[12].belief_state.institutional_strategy
RB-06-A12-belief_observations,6,12,SFI,belief_observations,1,0,0,,0.4565629999064449,,"High contributions were rewarded, while low contributions were penalized.",rounds[6].agents[12].belief_state.observations
RB-06-A14-punishment,6,14,SI,punishment,0,0,0,,0.3663387356981052,opportunistic,Punished free-riders and rewarded cooperative peers to maintain the SI institution's commitment to high contributions.,rounds[6].agents[14].punishment_reasoning
RB-06-A15-contribution,6,15,SFI,contribution,0,0,0,,0.2650897813645519,conformity,"Given my institution's history of cooperation and the current group average contribution, I choose to contribute a moderate amount.",rounds[6].agents[15].contribution_reasoning
RB-06-A16-contribution,6,16,SFI,contribution,1,0,0,,1.6001239596704069,opportunistic,"To maximize my cumulative payoff, I will contribute the maximum amount allowed by the Stage 1 decision card.",rounds[6].agents[16].contribution_reasoning
RB-06-A16-belief_strategy,6,16,SFI,belief_strategy,1,0,0,,1.6001239596704069,,Most contributors are using the Strategy of Institutionalization (SI).,rounds[6].agents[16].belief_state.institutional_strategy
RB-06-A16-belief_observations,6,16,SFI,belief_observations,1,0,0,,1.6001239596704069,,"High contributors in SI have made significant contributions, while low contributors in SFI have not contributed at all.",rounds[6].agents[16].belief_state.observations
RB-06-A17-contribution,6,17,SFI,contribution,0,1,0,,0.3356346804428605,,Contribute a moderate amount to balance immediate needs and long-run cooperation incentives.,rounds[6].agents[17].contribution_reasoning
RB-06-A17-belief_strategy,6,17,SFI,belief_strategy,0,1,0,,0.3356346804428605,,SI: high contributions expected,rounds[6].agents[17].belief_state.institutional_strategy
RB-06-A17-belief_observations,6,17,SFI,belief_observations,0,1,0,,0.3356346804428605,,"High contributors in SI, low contributors in SFI",rounds[6].agents[17].belief_state.observations
RB-06-A18-punishment,6,18,SI,punishment,0,0,0,,0.364857315079525,opportunistic,"Targeted punishments at free-riders and low contributors, while rewarding generous peers that follow the SI strategy.",rounds[6].agents[18].punishment_reasoning
RB-06-A19-punishment,6,19,SI,punishment,0,0,0,,0.0,opportunistic,Focused on punishing free-riders and rewarding high contributors and cooperative members.,rounds[6].agents[19].punishment_reasoning
RB-06-A20-contribution,6,20,SI,contribution,0,0,0,,0.1293927196536448,opportunistic,"Contributing this amount balances self-interest with cooperation, given the high marginal return and group size.",rounds[6].agents[20].contribution_reasoning
RB-06-A20-punishment,6,20,SI,punishment,0,0,0,,0.1293927196536448,opportunistic,"Punished free-riders who did not match their stated intent, while rewarding generous contributors who demonstrated cooperation and high contributions.",rounds[6].agents[20].punishment_reasoning
RB-06-A21-contribution,6,21,SI,contribution,0,0,0,,0.2488402910783691,conformity,Contribute a significant amount to align with previous round's group average contribution and maximize cumulative payoff.,rounds[6].agents[21].contribution_reasoning
RB-06-A21-punishment,6,21,SI,punishment,0,0,0,,0.2488402910783691,opportunistic,"Targeted punishments towards free-riders and defectors, while rewarding cooperative members within the SI institution.",rounds[6].agents[21].punishment_reasoning
RB-06-A22-contribution,6,22,SI,contribution,1,0,0,,1.151182326797194,,Maximizing my contribution to achieve a higher cumulative payoff while considering the marginal return and group multiplier.,rounds[6].agents[22].contribution_reasoning
RB-06-A22-punishment,6,22,SI,punishment,1,0,0,,1.151182326797194,fairness|opportunistic,Punishing free-riders and rewarding cooperative peers to maintain a fair environment.,rounds[6].agents[22].punishment_reasoning
RB-06-A22-belief_strategy,6,22,SI,belief_strategy,1,0,0,,1.151182326797194,,Most peers follow the SI strategy.,rounds[6].agents[22].belief_state.institutional_strategy
RB-06-A22-belief_observations,6,22,SI,belief_observations,1,0,0,,1.151182326797194,,"High-contributors are mostly SI, while low-contributors are mostly SFI.",rounds[6].agents[22].belief_state.observations
RB-06-A23-belief_strategy,6,23,SFI,belief_strategy,0,0,0,,0.0,named_agents,"Most peers follow SI, except Agent 2 and 13.",rounds[6].agents[23].belief_state.institutional_strategy
RB-06-A24-contribution,6,24,SI,contribution,1,1,0,,0.2765883291680156,conformity,"The previous round's group average contribution was around $4 billion, and contributing a similar amount aligns with my institution's strategy of following the SI strategy.",rounds[6].agents[24].contribution_reasoning
RB-06-A24-punishment,6,24,SI,punishment,1,1,0,,0.2765883291680156,opportunistic,Focused on punishing free-riders (below average contributors) and rewarding cooperative agents (high contributors).,rounds[6].agents[24].punishment_reasoning
RB-06-A24-belief_strategy,6,24,SI,belief_strategy,1,1,0,,0.2765883291680156,,Most peers follow the SI strategy.,rounds[6].agents[24].belief_state.institutional_strategy
RB-06-A24-belief_observations,6,24,SI,belief_observations,1,1,0,,0.2765883291680156,,High contributors are mostly following the SI strategy.,rounds[6].agents[24].belief_state.observations
RB-06-A25-punishment,6,25,SI,punishment,0,0,0,,0.9632868023851288,opportunistic,Punishing free-riders and rewarding cooperative peers to maintain the SI institutional strategy.,rounds[6].agents[25].punishment_reasoning
RB-07-A0-punishment,7,0,SI,punishment,0,0,0,,2.6028956674542485,opportunistic,"Punished free-riders and rewarded cooperative peers based on current contributions, stated intent, and internal beliefs.",rounds[7].agents[0].punishment_reasoning
RB-07-A3-contribution,7,3,SFI,contribution,0,1,0,,0.407977998096258,,I'm choosing a moderate contribution to balance my immediate needs with cooperation incentives.,rounds[7].agents[3].contribution_reasoning
RB-07-A3-belief_strategy,7,3,SFI,belief_strategy,0,1,0,,0.407977998096258,,Most peers follow a high-contrib strategy in SI institutions.,rounds[7].agents[3].belief_state.institutional_strategy
RB-07-A3-belief_observations,7,3,SFI,belief_observations,0,1,0,,0.407977998096258,,Low contributors and defectors are present in both SFI and SI institutions.,rounds[7].agents[3].belief_state.observations
RB-07-A4-punishment,7,4,SI,punishment,0,0,0,,0.6932401931550194,fairness|opportunistic,Punishing free-riders and rewarding those who contribute generously to maintain a fair and cooperative environment within SI.,rounds[7].agents[4].punishment_reasoning
RB-07-A6-punishment,7,6,SI,punishment,0,0,0,,0.0,future_rounds|opportunistic,Punishing free-riders and rewarding cooperative agents to maintain long-term strategy consistency.,rounds[7].agents[6].punishment_reasoning
RB-07-A7-punishment,7,7,SI,punishment,0,0,0,,0.3433113215955367,opportunistic,"Targeted free-riders, rewarding generous contributors while punishing those who contributed little despite stating otherwise.",rounds[7].agents[7].punishment_reasoning
RB-07-A7-belief_strategy,7,7,SI,belief_strategy,0,0,0,,0.3433113215955367,opportunistic,Agents follow a strategy of institutional trust (SI) or self-interest (SFI).,rounds[7].agents[7].belief_state.institutional_strategy
RB-07-A9-contribution,7,9,SFI,contribution,1,1,1,,0.0803633617922958,opportunistic,"To maximize my payoff, I will contribute a moderate amount given the high marginal return and sufficient budget.",rounds[7].agents[9].contribution_reasoning
RB-07-A9-belief_strategy,7,9,SFI,belief_strategy,1,1,1,,0.0803633617922958,,"Most peers follow SI, except for SFI agents.",rounds[7].agents[9].belief_state.institutional_strategy
RB-07-A9-belief_observations,7,9,SFI,belief_observations,1,1,1,,0.0803633617922958,,High contributors are rewarded with large payoffs.,rounds[7].agents[9].belief_state.observations
RB-07-A14-punishment,7,14,SI,punishment,0,0,0,,0.1483061895710158,opportunistic,"Focused on punishing free-riders (below-average contributors) and rewarding high-contributors with generous contributions, as per our institution's strategy.",rounds[7].agents[14].punishment_reasoning
RB-07-A15-contribution,7,15,SFI,contribution,1,1,1,,0.0,,No contribution maximizes my payoff given low marginal return and high vulnerability index.,rounds[7].agents[15].contribution_reasoning
RB-07-A15-belief_strategy,7,15,SFI,belief_strategy,1,1,1,,0.0,,Most peers follow the SI strategy.,rounds[7].agents[15].belief_state.institutional_strategy
RB-07-A15-belief_observations,7,15,SFI,belief_observations,1,1,1,,0.0,named_agents,Agent 15 contributed significantly this round.,rounds[7].agents[15].belief_state.observations
RB-07-A17-contribution,7,17,SFI,contribution,0,0,0,,0.0118216877158993,future_rounds,"Based on my past contributions and internal beliefs, I choose a relatively low contribution to maintain some flexibility for future rounds.",rounds[7].agents[17].contribution_reasoning
RB-07-A18-punishment,7,18,SI,punishment,0,0,0,,0.0,opportunistic,Punishing free-riders who contributed below the group average or whose stated intent does not match their action. Rewarding generous contributors.,rounds[7].agents[18].punishment_reasoning
RB-07-A18-belief_strategy,7,18,SI,belief_strategy,0,0,0,,0.0,opportunistic,Most peers follow a self-interested strategy (SI).,rounds[7].agents[18].belief_state.institutional_strategy
RB-07-A19-contribution,7,19,SI,contribution,1,1,1,,0.0,,I choose to contribute nothing because my marginal return per unit contributed is low and I prioritize maximizing my payoff.,rounds[7].agents[19].contribution_reasoning
RB-07-A19-punishment,7,19,SI,punishment,1,1,1,,0.0,opportunistic,Focused on punishing free-riders and rewarding high contributors to our institution's goals.,rounds[7].agents[19].punishment_reasoning
RB-07-A19-belief_strategy,7,19,SI,belief_strategy,1,1,1,,0.0,,Most peers follow the SI strategy.,rounds[7].agents[19].belief_state.institutional_strategy
RB-07-A19-belief_observations,7,19,SI,belief_observations,1,1,1,,0.0,,High contributors are rewarded with high payoffs.,rounds[7].agents[19].belief_state.observations
RB-07-A20-punishment,7,20,SI,punishment,0,0,0,,0.1270030777248506,opportunistic,"Focused on punishing free-riders who contributed below the group average, while rewarding high contributors.",rounds[7].agents[20].punishment_reasoning
RB-07-A21-punishment,7,21,SI,punishment,0,0,0,,0.511897240956116,opportunistic,Targeted punishments and rewards for free-riders and high contributors based on current contributions and internal beliefs.,rounds[7].agents[21].punishment_reasoning
RB-07-A21-belief_observations,7,21,SI,belief_observations,0,0,0,,0.511897240956116,named_agents,"Agent 21 contributed significantly, while Agents 6 and 19 were low contributors.",rounds[7].agents[21].belief_state.observations
RB-07-A22-punishment,7,22,SI,punishment,0,0,0,,0.3997733089893301,opportunistic,Targeted free-riders and low-contributors while rewarding those who followed the SI strategy and contributed generously.,rounds[7].agents[22].punishment_reasoning
RB-07-A23-contribution,7,23,SFI,contribution,0,1,0,,0.5497646143534743,,I'm choosing a moderate contribution to balance immediate resilience needs and long-run cooperation incentives.,rounds[7].agents[23].contribution_reasoning
RB-07-A23-belief_strategy,7,23,SFI,belief_strategy,0,1,0,,0.5497646143534743,,Most contributors are in the SI institution.,rounds[7].agents[23].belief_state.institutional_strategy
RB-07-A23-belief_observations,7,23,SFI,belief_observations,0,1,0,,0.5497646143534743,,"High contributions from peers in SI, low contributions from SFI.",rounds[7].agents[23].belief_state.observations
RB-07-A24-contribution,7,24,SI,contribution,0,0,0,,0.5945700273895818,opportunistic,"Given my institution's SI strategy and the high marginal return to me per unit contributed, I choose a significant contribution to maximize my payoff.",rounds[7].agents[24].contribution_reasoning
RB-07-A24-punishment,7,24,SI,punishment,0,0,0,,0.5945700273895818,opportunistic,Punishing free-riders and rewarding cooperative peers to maintain institutional consistency and promote cooperation within the SI community.,rounds[7].agents[24].punishment_reasoning
RB-07-A25-contribution,7,25,SI,contribution,1,1,1,,0.8432139008379842,,Maximizing my cumulative payoff requires contributing the maximum allowed amount to maximize MCPR.,rounds[7].agents[25].contribution_reasoning
RB-07-A25-punishment,7,25,SI,punishment,1,1,1,,0.8432139008379842,opportunistic,Targeted free-riders and defectors while rewarding cooperative agents to maintain a consistent SI strategy.,rounds[7].agents[25].punishment_reasoning
RB-07-A25-belief_strategy,7,25,SI,belief_strategy,1,1,1,,0.8432139008379842,,Most peers follow the SI strategy.,rounds[7].agents[25].belief_state.institutional_strategy
RB-07-A25-belief_observations,7,25,SI,belief_observations,1,1,1,,0.8432139008379842,,Low contributors were penalized this round.,rounds[7].agents[25].belief_state.observations
RB-08-A0-contribution,8,0,SI,contribution,1,1,1,,0.5815293533251654,,Contribute maximum to maximize cumulative payoff and institutional credibility.,rounds[8].agents[0].contribution_reasoning
RB-08-A0-punishment,8,0,SI,punishment,1,1,1,,0.5815293533251654,opportunistic,"Punish free-riders for undercontributing, reward cooperative agents with high contributions.",rounds[8].agents[0].punishment_reasoning
RB-08-A0-belief_strategy,8,0,SI,belief_strategy,1,1,1,,0.5815293533251654,,Most peers follow the SI strategy.,rounds[8].agents[0].belief_state.institutional_strategy
RB-08-A0-belief_observations,8,0,SI,belief_observations,1,1,1,,0.5815293533251654,,"High contributors are mostly from SI, while SFI agents contribute little.",rounds[8].agents[0].belief_state.observations
RB-08-A1-contribution,8,1,SFI,contribution,0,1,0,,0.5996258266313154,,Maximizing my contribution to balance immediate resilience needs and long-run cooperation incentives.,rounds[8].agents[1].contribution_reasoning
RB-08-A1-belief_strategy,8,1,SFI,belief_strategy,0,1,0,,0.5996258266313154,,"Most peers in SI, few in SFI.",rounds[8].agents[1].belief_state.institutional_strategy
RB-08-A1-belief_observations,8,1,SFI,belief_observations,0,1,0,,0.5996258266313154,,"High contributors in SI, defectors in SFI.",rounds[8].agents[1].belief_state.observations
RB-08-A4-contribution,8,4,SI,contribution,0,0,0,,0.3924790639435029,opportunistic,"To maximize my cumulative payoff, I will contribute a significant amount to take advantage of the high MCPR.",rounds[8].agents[4].contribution_reasoning
RB-08-A4-punishment,8,4,SI,punishment,0,0,0,,0.3924790639435029,opportunistic,Punished free-riders and rewarded generous contributors to maintain cooperation within the SI institution.,rounds[8].agents[4].punishment_reasoning
RB-08-A4-belief_observations,8,4,SI,belief_observations,0,0,0,,0.3924790639435029,opportunistic,"High-contributors are mostly from institution SI, while free-riders are from institutions SFI and SI.",rounds[8].agents[4].belief_state.observations
RB-08-A5-contribution,8,5,SFI,contribution,0,0,0,,0.8494887073097336,opportunistic,"To maximize my cumulative payoff, I will contribute a significant amount to take advantage of the high marginal return and balance immediate resilience needs with long-run cooperation incentives.",rounds[8].agents[5].contribution_reasoning
RB-08-A6-contribution,8,6,SI,contribution,0,0,0,,1.2902479367960638,future_rounds,"Given the high marginal return and low vulnerability index, I choose to contribute a significant amount while also considering the potential for future benefits.",rounds[8].agents[6].contribution_reasoning
RB-08-A6-punishment,8,6,SI,punishment,0,0,0,,1.2902479367960638,opportunistic,Punishing free-riders and rewarding high contributors to maintain cooperation within SI institution.,rounds[8].agents[6].punishment_reasoning
RB-08-A7-contribution,8,7,SI,contribution,0,0,0,,0.9298384335054064,opportunistic,"To maximize my cumulative payoff, I will contribute a significant amount to take advantage of the high marginal return and shift the net outcomes through contributions and payouts.",rounds[8].agents[7].contribution_reasoning
RB-08-A7-punishment,8,7,SI,punishment,0,0,0,,0.9298384335054064,opportunistic,Punished free-riders who didn't contribute as stated. Rewarded generous contributors.,rounds[8].agents[7].punishment_reasoning
RB-08-A13-belief_observations,8,13,SFI,belief_observations,0,0,0,,0.6319372149071677,named_agents,Agent 13's contribution was low this round.,rounds[8].agents[13].belief_state.observations
RB-08-A14-contribution,8,14,SI,contribution,0,0,0,,0.1118288189449411,conformity,"High contributions from peers with SI strategy, and previous-round data shows a high average contribution of 8122546 million USD.",rounds[8].agents[14].contribution_reasoning
RB-08-A14-punishment,8,14,SI,punishment,0,0,0,,0.1118288189449411,opportunistic,Punished free-riders and rewarded high contributors to maintain SI's cooperative strategy.,rounds[8].agents[14].punishment_reasoning
RB-08-A15-contribution,8,15,SFI,contribution,0,0,0,,0.3954184156117336,opportunistic,"To maximize my cumulative payoff, I will contribute a moderate amount to balance immediate resilience needs and long-run cooperation incentives.",rounds[8].agents[15].contribution_reasoning
RB-08-A16-contribution,8,16,SFI,contribution,0,1,0,,0.0,,"I chose to contribute nothing because my marginal return per unit contributed is low, and I am a developing country with a high vulnerability index.",rounds[8].agents[16].contribution_reasoning
RB-08-A16-belief_strategy,8,16,SFI,belief_strategy,0,1,0,,0.0,,Institutional strategy is Selfish Institution (SI) for high contributors and Socially Responsible Institution (SFI) for low contributors.,rounds[8].agents[16].belief_state.institutional_strategy
RB-08-A16-belief_observations,8,16,SFI,belief_observations,0,1,0,,0.0,,"High contributors in SI, while low contributors in SFI.",rounds[8].agents[16].belief_state.observations
RB-08-A18-punishment,8,18,SI,punishment,0,0,0,,0.2914330700006274,opportunistic,Punish free-riders and reward high contributors.,rounds[8].agents[18].punishment_reasoning
RB-08-A19-contribution,8,19,SI,contribution,1,0,1,,0.0,,Low marginal return and high contribution from peers make contributing zero a rational choice.,rounds[8].agents[19].contribution_reasoning
RB-08-A19-punishment,8,19,SI,punishment,1,0,1,,0.0,opportunistic,"Punished free-riders and rewarded SI peers who consistently contribute at a high level, aligning with the observed correlation between stated intent and action.",rounds[8].agents[19].punishment_reasoning
RB-08-A19-belief_strategy,8,19,SI,belief_strategy,1,0,1,,0.0,,Most peers follow the Selfish-Institutional (SI) strategy.,rounds[8].agents[19].belief_state.institutional_strategy
RB-08-A19-belief_observations,8,19,SI,belief_observations,1,0,1,,0.0,named_agents,"Agent 19 observed high contributions from Agents 6, 7, and 20.",rounds[8].agents[19].belief_state.observations
RB-08-A20-contribution,8,20,SI,contribution,0,0,0,,0.6132321128047177,opportunistic,"I'm choosing a moderate contribution to balance between cooperation and self-interest, considering my institution's strategy of high contributions.",rounds[8].agents[20].contribution_reasoning
RB-08-A20-punishment,8,20,SI,punishment,0,0,0,,0.6132321128047177,opportunistic,Punishing free-riders and rewarding high contributors to maintain institutional strategy.,rounds[8].agents[20].punishment_reasoning
RB-08-A21-punishment,8,21,SI,punishment,0,0,0,,0.9120261206116278,opportunistic,"Punish free-riders, reward cooperative agents based on past behavior and current contributions.",rounds[8].agents[21].punishment_reasoning
RB-08-A22-contribution,8,22,SI,contribution,0,0,0,,0.3831369759311641,opportunistic,"To maximize my cumulative payoff, I will contribute a significant amount to take advantage of the high MCPR.",rounds[8].agents[22].contribution_reasoning
RB-08-A22-punishment,8,22,SI,punishment,0,0,0,,0.3831369759311641,fairness|opportunistic,Targeted free-riders and generous contributors to promote cooperation and fair contribution within SI peers.,rounds[8].agents[22].punishment_reasoning
RB-08-A23-contribution,8,23,SFI,contribution,1,1,1,,0.0,,I chose not to contribute due to low marginal return and high vulnerability index.,rounds[8].agents[23].contribution_reasoning
RB-08-A23-belief_strategy,8,23,SFI,belief_strategy,1,1,1,,0.0,,Most peers follow the SI strategy.,rounds[8].agents[23].belief_state.institutional_strategy
RB-08-A23-belief_observations,8,23,SFI,belief_observations,1,1,1,,0.0,,"High contributors are mostly from SI, while SFI agents contribute little.",rounds[8].agents[23].belief_state.observations
RB-08-A24-punishment,8,24,SI,punishment,0,0,0,,0.4638737435042245,opportunistic,Punished free-riders and rewarded generous contributors to maintain collective action.,rounds[8].agents[24].punishment_reasoning
RB-08-A25-contribution,8,25,SI,contribution,0,0,0,,0.4235881846751634,opportunistic,"To maximize my cumulative payoff, I will contribute a moderate amount to balance self-interest and cooperation.",rounds[8].agents[25].contribution_reasoning
RB-08-A25-punishment,8,25,SI,punishment,0,0,0,,0.4235881846751634,opportunistic,Punished free-riders and rewarded generous contributors.,rounds[8].agents[25].punishment_reasoning
RB-09-A0-punishment,9,0,SI,punishment,0,0,0,,0.3038926278775585,opportunistic,Punishing free-riders and rewarding generous contributors to maintain cooperation and credibility in the group.,rounds[9].agents[0].punishment_reasoning
RB-09-A1-contribution,9,1,SFI,contribution,0,0,0,,0.6644971152281662,future_rounds|opportunistic,"To maximize my cumulative payoff, I will contribute a significant amount to take advantage of the high MCPR and potential for future returns.",rounds[9].agents[1].contribution_reasoning
RB-09-A2-belief_observations,9,2,SFI,belief_observations,0,0,0,,0.0373091039117636,named_agents,Agent 2 contributed significantly to SFI.,rounds[9].agents[2].belief_state.observations
RB-09-A3-contribution,9,3,SFI,contribution,0,1,0,,0.2364842344307117,,"My contribution is based on my past behavior and recent contributions, which indicates a consistent level of effort.",rounds[9].agents[3].contribution_reasoning
RB-09-A3-belief_strategy,9,3,SFI,belief_strategy,0,1,0,,0.2364842344307117,,Most peers contribute highly to SI institutions.,rounds[9].agents[3].belief_state.institutional_strategy
RB-09-A3-belief_observations,9,3,SFI,belief_observations,0,1,0,,0.2364842344307117,named_agents,Agent 15 and Agent 21 have low contributions.,rounds[9].agents[3].belief_state.observations
RB-09-A4-contribution,9,4,SI,contribution,0,0,0,,0.6740196942982778,opportunistic,"Given my high wealth and historical emissions, contributing a significant amount aligns with my self-interest and the climate role guidance for developed countries.",rounds[9].agents[4].contribution_reasoning
RB-09-A4-punishment,9,4,SI,punishment,0,0,0,,0.6740196942982778,opportunistic,Punish free-riders and reward high contributors to maintain a balance in contributions and promote cooperation among SI peers.,rounds[9].agents[4].punishment_reasoning
RB-09-A6-contribution,9,6,SI,contribution,1,1,1,,0.3385729331814823,opportunistic,"To maximize my cumulative payoff, I will contribute a moderate amount based on the marginal return to me per unit contributed and the group's historical emissions index.",rounds[9].agents[6].contribution_reasoning
RB-09-A6-punishment,9,6,SI,punishment,1,1,1,,0.3385729331814823,reputation_management|opportunistic,Focused on punishing free-riders and rewarding cooperative agents while considering peer trust scores and internal beliefs.,rounds[9].agents[6].punishment_reasoning
RB-09-A6-belief_strategy,9,6,SI,belief_strategy,1,1,1,,0.3385729331814823,conformity,All peers are using the SI strategy.,rounds[9].agents[6].belief_state.institutional_strategy
RB-09-A6-belief_observations,9,6,SI,belief_observations,1,1,1,,0.3385729331814823,,Peer 15 and 21 have contributed nothing.,rounds[9].agents[6].belief_state.observations
RB-09-A7-contribution,9,7,SI,contribution,0,0,0,,0.8500972006536669,opportunistic,"Given my institution's historical strategy and peers' contributions, I choose to contribute a significant amount while balancing self-interest with cooperation.",rounds[9].agents[7].contribution_reasoning
RB-09-A7-punishment,9,7,SI,punishment,0,0,0,,0.8500972006536669,opportunistic,Punish free-riders and reward cooperative agents to maintain institutional credibility and long-run climate stability.,rounds[9].agents[7].punishment_reasoning
RB-09-A8-contribution,9,8,SFI,contribution,1,1,1,,0.03862736395718,,Contribute the Stage 2 budget to maximize immediate payoff.,rounds[9].agents[8].contribution_reasoning
RB-09-A8-belief_strategy,9,8,SFI,belief_strategy,1,1,1,,0.03862736395718,,Most peers use the SI strategy.,rounds[9].agents[8].belief_state.institutional_strategy
RB-09-A8-belief_observations,9,8,SFI,belief_observations,1,1,1,,0.03862736395718,named_agents,Agent 15 and Agent 9 made low contributions.,rounds[9].agents[8].belief_state.observations
RB-09-A10-belief_observations,9,10,SFI,belief_observations,0,0,0,,0.2361907988652853,named_agents,"Agent 15 and Agent 21 have not contributed this round, while Agent 2 and Agent 8 have low contributions.",rounds[9].agents[10].belief_state.observations
RB-09-A12-contribution,9,12,SFI,contribution,0,0,0,,0.5338211950655093,opportunistic,I'm choosing a high contribution to maximize my payoff and balance immediate resilience needs against long-run cooperation incentives.,rounds[9].agents[12].contribution_reasoning
RB-09-A12-belief_strategy,9,12,SFI,belief_strategy,0,0,0,,0.5338211950655093,conformity,Most peers are contributing highly in the SI institution.,rounds[9].agents[12].belief_state.institutional_strategy
RB-09-A12-belief_observations,9,12,SFI,belief_observations,0,0,0,,0.5338211950655093,named_agents,Agent 15 and Agent 8 contributed lowly in SFI.,rounds[9].agents[12].belief_state.observations
RB-09-A13-contribution,9,13,SFI,contribution,1,1,0,,0.2604673453949558,,"The marginal return per unit contributed is low, but contributing this amount balances immediate resilience needs against long-run cooperation incentives.",rounds[9].agents[13].contribution_reasoning
RB-09-A13-belief_strategy,9,13,SFI,belief_strategy,1,1,0,,0.2604673453949558,,Most contributors are using strategy SI.,rounds[9].agents[13].belief_state.institutional_strategy
RB-09-A13-belief_observations,9,13,SFI,belief_observations,1,1,0,,0.2604673453949558,,"High contributions from peers in SI, low contributions from SFI.",rounds[9].agents[13].belief_state.observations
RB-09-A14-contribution,9,14,SI,contribution,0,0,0,,0.3336217570032066,conformity|opportunistic,"I'm choosing a moderate contribution to balance my self-interest with cooperation, considering the high MCPR and previous round's group average contribution.",rounds[9].agents[14].contribution_reasoning
RB-09-A14-punishment,9,14,SI,punishment,0,0,0,,0.3336217570032066,opportunistic,Focus on punishing free-riders and rewarding high contributors to maintain balance in contributions and credibility within our institution.,rounds[9].agents[14].punishment_reasoning
RB-09-A14-belief_observations,9,14,SI,belief_observations,0,0,0,,0.3336217570032066,named_agents,"Agent 14 contributed moderately, with a payoff of $9,192,141.4.",rounds[9].agents[14].belief_state.observations
RB-09-A15-contribution,9,15,SFI,contribution,1,1,1,,0.0,,Contribution is zero due to low marginal return per unit contributed.,rounds[9].agents[15].contribution_reasoning
RB-09-A15-belief_strategy,9,15,SFI,belief_strategy,1,1,1,,0.0,,Most peers follow SI strategy.,rounds[9].agents[15].belief_state.institutional_strategy
RB-09-A15-belief_observations,9,15,SFI,belief_observations,1,1,1,,0.0,,"High contributors in SI, low contributor in SFI.",rounds[9].agents[15].belief_state.observations
RB-09-A16-contribution,9,16,SFI,contribution,0,0,0,,0.573910676542303,opportunistic,"To maximize my cumulative payoff, I will contribute a significant amount to take advantage of the high marginal return per unit contributed.",rounds[9].agents[16].contribution_reasoning
RB-09-A16-belief_observations,9,16,SFI,belief_observations,0,0,0,,0.573910676542303,named_agents,Agent 15 and Agent 2 have low contributions in SFI.,rounds[9].agents[16].belief_state.observations
RB-09-A17-belief_strategy,9,17,SFI,belief_strategy,0,0,0,,0.1662875073944491,opportunistic,"Most peers contribute to SFI, but some defect or free-ride.",rounds[9].agents[17].belief_state.institutional_strategy
RB-09-A18-contribution,9,18,SI,contribution,1,1,1,,0.2007766503962132,opportunistic,"Following the SI strategy, I contribute a significant amount to maximize my cumulative payoff while maintaining institutional credibility.",rounds[9].agents[18].contribution_reasoning
RB-09-A18-punishment,9,18,SI,punishment,1,1,1,,0.2007766503962132,opportunistic,"Focusing on free-riders who contributed below the group average or whose stated intent does not match their action, while rewarding generous contributors.",rounds[9].agents[18].punishment_reasoning
RB-09-A18-belief_strategy,9,18,SI,belief_strategy,1,1,1,,0.2007766503962132,,Most peers use the SI strategy.,rounds[9].agents[18].belief_state.institutional_strategy
RB-09-A18-belief_observations,9,18,SI,belief_observations,1,1,1,,0.2007766503962132,,High contributors are rewarded with higher payoffs.,rounds[9].agents[18].belief_state.observations
RB-09-A19-contribution,9,19,SI,contribution,1,0,1,,0.2225374022272841,,Contribute at the group average of the previous round to maintain consistency and avoid standing out as a defector.,rounds[9].agents[19].contribution_reasoning
RB-09-A19-punishment,9,19,SI,punishment,1,0,1,,0.2225374022272841,opportunistic,Focused on punishing free-riders and rewarding generous contributors to the Global Emissions Reduction Fund.,rounds[9].agents[19].punishment_reasoning
RB-09-A19-belief_strategy,9,19,SI,belief_strategy,1,0,1,,0.2225374022272841,,Most peers follow the Selfish-Institutional (SI) strategy.,rounds[9].agents[19].belief_state.institutional_strategy
RB-09-A19-belief_observations,9,19,SI,belief_observations,1,0,1,,0.2225374022272841,named_agents,"Agent 19 observed high contributions from Agents 6, 7, and 20.",rounds[9].agents[19].belief_state.observations
RB-09-A20-punishment,9,20,SI,punishment,0,0,0,,0.7860021081582623,opportunistic,Punished free-riders and rewarded cooperative agents to maintain credibility and influence.,rounds[9].agents[20].punishment_reasoning
RB-09-A20-belief_observations,9,20,SI,belief_observations,0,0,0,,0.7860021081582623,named_agents,"High contributions from most peers, except Agent 15 and 21.",rounds[9].agents[20].belief_state.observations
RB-09-A21-punishment,9,21,SI,punishment,0,0,0,,0.0,opportunistic,Focused on punishing free-riders and rewarding high contributors based on their actual contributions and stated intent.,rounds[9].agents[21].punishment_reasoning
RB-09-A22-contribution,9,22,SI,contribution,0,1,0,,0.3669318867256006,opportunistic,"Contribute a moderate amount to balance self-interest and cooperation, considering MCPR and previous round data.",rounds[9].agents[22].contribution_reasoning
RB-09-A22-punishment,9,22,SI,punishment,0,1,0,,0.3669318867256006,opportunistic,Punishing free-riders and rewarding cooperative agents to maintain institutional credibility and long-run climate stability.,rounds[9].agents[22].punishment_reasoning
RB-09-A22-belief_strategy,9,22,SI,belief_strategy,0,1,0,,0.3669318867256006,,All agents follow the SI strategy.,rounds[9].agents[22].belief_state.institutional_strategy
RB-09-A22-belief_observations,9,22,SI,belief_observations,0,1,0,,0.3669318867256006,conformity|opportunistic,"High-contributing peers are mostly cooperative, while low-contributors are defectors or free-riders.",rounds[9].agents[22].belief_state.observations
RB-09-A24-punishment,9,24,SI,punishment,0,0,0,,0.6653369582280633,opportunistic,Punishing free-riders while rewarding high-contributors to maintain institutional credibility and cooperation.,rounds[9].agents[24].punishment_reasoning
RB-09-A24-belief_observations,9,24,SI,belief_observations,0,0,0,,0.6653369582280633,named_agents,"Agent 15 and Agent 21 contributed nothing, while Agent 2's contribution was very low.",rounds[9].agents[24].belief_state.observations
RB-09-A25-punishment,9,25,SI,punishment,0,0,0,,0.7194586096984694,punishment_avoidance|opportunistic,Targeted free-riders and high contributors for optimal sanction strategy.,rounds[9].agents[25].punishment_reasoning
RB-10-A0-contribution,10,0,SI,contribution,0,0,0,,0.277126479990374,opportunistic,"I'm choosing a moderate contribution to balance between cooperation and self-interest, considering my high wealth and SI institution.",rounds[10].agents[0].contribution_reasoning
RB-10-A0-punishment,10,0,SI,punishment,0,0,0,,0.277126479990374,opportunistic,Punishing free-riders and rewarding high contributors based on their actions and stated intent in this round.,rounds[10].agents[0].punishment_reasoning
RB-10-A3-contribution,10,3,SFI,contribution,1,1,0,,0.3098163155324677,opportunistic,Contribute at the group average to maximize cumulative payoff and avoid standing out as a free-rider.,rounds[10].agents[3].contribution_reasoning
RB-10-A3-belief_strategy,10,3,SFI,belief_strategy,1,1,0,,0.3098163155324677,,Most peers follow the SI strategy.,rounds[10].agents[3].belief_state.institutional_strategy
RB-10-A3-belief_observations,10,3,SFI,belief_observations,1,1,0,,0.3098163155324677,,High contributors are mostly in the SI institution.,rounds[10].agents[3].belief_state.observations
RB-10-A4-contribution,10,4,SI,contribution,0,0,0,,0.3559446975715719,opportunistic,"I'm choosing a moderate contribution to balance between self-interest and cooperation, considering my past contributions and institutional strategy.",rounds[10].agents[4].contribution_reasoning
RB-10-A4-punishment,10,4,SI,punishment,0,0,0,,0.3559446975715719,opportunistic,Punishing free-riders and rewarding high contributors to maintain cooperation within SI.,rounds[10].agents[4].punishment_reasoning
RB-10-A4-belief_strategy,10,4,SI,belief_strategy,0,0,0,,0.3559446975715719,opportunistic,Most peers follow a self-interested strategy (SI).,rounds[10].agents[4].belief_state.institutional_strategy
RB-10-A4-belief_observations,10,4,SI,belief_observations,0,0,0,,0.3559446975715719,opportunistic,"High-contributors are mostly from SI, while free-riders are from SFI.",rounds[10].agents[4].belief_state.observations
RB-10-A6-punishment,10,6,SI,punishment,0,0,0,,0.5010497365780319,opportunistic,Punished free-riders and rewarded high-contributors to maintain cooperation within the SI institution.,rounds[10].agents[6].punishment_reasoning
RB-10-A7-punishment,10,7,SI,punishment,0,0,0,,0.6736766277077405,opportunistic,Punishing free-riders and rewarding high contributors to maintain cooperation and balance in the group.,rounds[10].agents[7].punishment_reasoning
RB-10-A8-contribution,10,8,SFI,contribution,0,0,0,,0.0,opportunistic,"The marginal return to me per unit contributed is low, and contributing zero aligns with my self-interest.",rounds[10].agents[8].contribution_reasoning
RB-10-A9-contribution,10,9,SFI,contribution,0,0,0,,0.0,opportunistic,"The marginal return to me per unit contributed is low, and contributing zero aligns with my self-interest.",rounds[10].agents[9].contribution_reasoning
RB-10-A9-belief_observations,10,9,SFI,belief_observations,0,0,0,,0.0,named_agents,Agent 5 and Agent 2 contributed lowly in SFI institution.,rounds[10].agents[9].belief_state.observations
RB-10-A12-contribution,10,12,SFI,contribution,1,1,1,,0.6734050137696893,,"Given my institution's high contribution history and MCPR, I choose to contribute a significant amount.",rounds[10].agents[12].contribution_reasoning
RB-10-A12-belief_strategy,10,12,SFI,belief_strategy,1,1,1,,0.6734050137696893,,Most peers contribute highly to SI institutions.,rounds[10].agents[12].belief_state.institutional_strategy
RB-10-A12-belief_observations,10,12,SFI,belief_observations,1,1,1,,0.6734050137696893,named_agents,Agent 5 and Agent 8 have not contributed this round.,rounds[10].agents[12].belief_state.observations
RB-10-A13-contribution,10,13,SFI,contribution,0,0,0,,0.2461440999294409,opportunistic,"To balance immediate resilience needs and long-run cooperation incentives, I contribute a moderate amount to avoid free-riding while also not overextending my budget.",rounds[10].agents[13].contribution_reasoning
RB-10-A14-contribution,10,14,SI,contribution,1,1,0,,0.2611867919445902,,I'm choosing a moderate contribution to balance between individual and collective interests.,rounds[10].agents[14].contribution_reasoning
RB-10-A14-punishment,10,14,SI,punishment,1,1,0,,0.2611867919445902,opportunistic,Focused on free-riders and generous contributors to maintain cooperation within the SI institution.,rounds[10].agents[14].punishment_reasoning
RB-10-A14-belief_strategy,10,14,SI,belief_strategy,1,1,0,,0.2611867919445902,,Most peers follow the SI strategy.,rounds[10].agents[14].belief_state.institutional_strategy
RB-10-A14-belief_observations,10,14,SI,belief_observations,1,1,0,,0.2611867919445902,,"High contributions from some peers, while others contribute little.",rounds[10].agents[14].belief_state.observations
RB-10-A16-contribution,10,16,SFI,contribution,1,1,1,,0.0,,Low marginal return to me per unit contributed and no apparent need for high contribution given my current wealth.,rounds[10].agents[16].contribution_reasoning
RB-10-A16-belief_strategy,10,16,SFI,belief_strategy,1,1,1,,0.0,,"Most peers in SI, few in SFI.",rounds[10].agents[16].belief_state.institutional_strategy
RB-10-A16-belief_observations,10,16,SFI,belief_observations,1,1,1,,0.0,,"High contributions from some agents, low or no contribution from others.",rounds[10].agents[16].belief_state.observations
RB-10-A18-punishment,10,18,SI,punishment,0,0,0,,0.2526427828609658,named_agents|opportunistic,"Punished free-riders (Agent 21, Agent 0) and rewarded high contributors (Agent 19, Agent 25).",rounds[10].agents[18].punishment_reasoning
RB-10-A18-belief_observations,10,18,SI,belief_observations,0,0,0,,0.2526427828609658,conformity,"High-contributing peers are mostly following SI, while low-contributors are using SFI.",rounds[10].agents[18].belief_state.observations
RB-10-A19-contribution,10,19,SI,contribution,1,0,1,,0.2774192485901204,opportunistic,"Following the high-contributor SI strategy, I choose a contribution that is higher than the previous round's group average to achieve cooperation and maximize my cumulative payoff.",rounds[10].agents[19].contribution_reasoning
RB-10-A19-punishment,10,19,SI,punishment,1,0,1,,0.2774192485901204,opportunistic,Targeted free-riders and rewarded generous contributors to promote cooperation within the SI institution.,rounds[10].agents[19].punishment_reasoning
RB-10-A19-belief_strategy,10,19,SI,belief_strategy,1,0,1,,0.2774192485901204,,Most contributors are using the Strategy of Inclusion (SI).,rounds[10].agents[19].belief_state.institutional_strategy
RB-10-A19-belief_observations,10,19,SI,belief_observations,1,0,1,,0.2774192485901204,,"High contributors in SI, low contributors in SFI.",rounds[10].agents[19].belief_state.observations
RB-10-A20-punishment,10,20,SI,punishment,0,0,0,,0.7293713037395159,opportunistic,Punished free-riders and rewarded consistent high contributors.,rounds[10].agents[20].punishment_reasoning
RB-10-A21-punishment,10,21,SI,punishment,0,0,0,,0.1585657666364165,opportunistic,"Punished free-riders and defectors, rewarded high contributors who demonstrated generosity towards cooperation.",rounds[10].agents[21].punishment_reasoning
RB-10-A22-contribution,10,22,SI,contribution,0,0,0,,0.3045009202647112,opportunistic,"Following my institution's strategy and past contributions, I'm choosing a moderate contribution to balance self-interest with cooperation.",rounds[10].agents[22].contribution_reasoning
RB-10-A22-punishment,10,22,SI,punishment,0,0,0,,0.3045009202647112,opportunistic,Punishing free-riders and rewarding cooperative agents to maintain cooperation within the institution.,rounds[10].agents[22].punishment_reasoning
RB-10-A23-contribution,10,23,SFI,contribution,1,1,1,,0.4468144618266618,,"Following my past contributions and considering the current decision card, I choose to contribute a moderate amount.",rounds[10].agents[23].contribution_reasoning
RB-10-A23-belief_strategy,10,23,SFI,belief_strategy,1,1,1,,0.4468144618266618,,Most peers contribute highly to SI institutions.,rounds[10].agents[23].belief_state.institutional_strategy
RB-10-A23-belief_observations,10,23,SFI,belief_observations,1,1,1,,0.4468144618266618,,"High contributors dominate, while SFI agents are low contributors.",rounds[10].agents[23].belief_state.observations
RB-10-A24-contribution,10,24,SI,contribution,1,1,0,,0.352700328896035,,"My contribution is based on the marginal return to me per unit contributed, which is 0.1333, and I want to maintain a balance between contributing enough to achieve some level of cooperation while also considering my own interests.",rounds[10].agents[24].contribution_reasoning
RB-10-A24-punishment,10,24,SI,punishment,1,1,0,,0.352700328896035,opportunistic,"Punishing free-riders, rewarding high contributors, and aiming for budget limit of 1,502,997 million USD.",rounds[10].agents[24].punishment_reasoning
RB-10-A24-belief_strategy,10,24,SI,belief_strategy,1,1,0,,0.352700328896035,,Most peers contribute to SI.,rounds[10].agents[24].belief_state.institutional_strategy
RB-10-A24-belief_observations,10,24,SI,belief_observations,1,1,0,,0.352700328896035,,High-contributors are mostly in SI.,rounds[10].agents[24].belief_state.observations
RB-10-A25-punishment,10,25,SI,punishment,0,0,0,,0.5671153213013213,opportunistic,Punishing free-riders and rewarding cooperative agents to maintain overall cooperation within SI institutions.,rounds[10].agents[25].punishment_reasoning
RB-11-A0-punishment,11,0,SI,punishment,0,0,0,,1.6499184991867843,future_rounds|opportunistic,Punishing free-riders and rewarding cooperative agents to maintain credibility and long-term climate stability.,rounds[11].agents[0].punishment_reasoning
RB-11-A0-belief_strategy,11,0,SI,belief_strategy,0,0,0,,1.6499184991867843,conformity,Most peers are following the SI strategy.,rounds[11].agents[0].belief_state.institutional_strategy
RB-11-A1-contribution,11,1,SFI,contribution,0,1,0,,0.5057410422640852,opportunistic,Contributing a significant amount aligns with my self-interest and allows me to maximize my cumulative payoff.,rounds[11].agents[1].contribution_reasoning
RB-11-A1-belief_strategy,11,1,SFI,belief_strategy,0,1,0,,0.5057410422640852,,Most peers contribute highly in SI institutions.,rounds[11].agents[1].belief_state.institutional_strategy
RB-11-A1-belief_observations,11,1,SFI,belief_observations,0,1,0,,0.5057410422640852,,Low contributors are mostly in SFI institutions.,rounds[11].agents[1].belief_state.observations
RB-11-A4-contribution,11,4,SI,contribution,0,0,0,,0.2647112161282337,opportunistic,"My contribution is based on a self-interested strategy, considering my previous contributions and the marginal return to me per unit contributed.",rounds[11].agents[4].contribution_reasoning
RB-11-A4-punishment,11,4,SI,punishment,0,0,0,,0.2647112161282337,future_rounds|opportunistic,Punished free-riders and rewarded high contributors to encourage long-term cooperation and climate stability.,rounds[11].agents[4].punishment_reasoning
RB-11-A4-belief_observations,11,4,SI,belief_observations,0,0,0,,0.2647112161282337,conformity,"High contributors are emerging, but some peers are not contributing.",rounds[11].agents[4].belief_state.observations
RB-11-A5-belief_strategy,11,5,SFI,belief_strategy,0,0,0,,0.0,conformity,Most peers are using the SI strategy.,rounds[11].agents[5].belief_state.institutional_strategy
RB-11-A6-contribution,11,6,SI,contribution,0,1,0,,0.3081046147738191,conformity,Following the group average contribution from the previous round to maintain cooperation and credibility.,rounds[11].agents[6].contribution_reasoning
RB-11-A6-punishment,11,6,SI,punishment,0,1,0,,0.3081046147738191,opportunistic,Punishing free-riders and rewarding those who contribute significantly to climate goals.,rounds[11].agents[6].punishment_reasoning
RB-11-A6-belief_strategy,11,6,SI,belief_strategy,0,1,0,,0.3081046147738191,,Most contributors follow the SI strategy.,rounds[11].agents[6].belief_state.institutional_strategy
RB-11-A6-belief_observations,11,6,SI,belief_observations,0,1,0,,0.3081046147738191,,High contributions from peers with similar strategies.,rounds[11].agents[6].belief_state.observations
RB-11-A7-punishment,11,7,SI,punishment,0,0,0,,0.5290329921986964,future_rounds|opportunistic,Punishing free-riders and rewarding cooperative agents to maintain long-term climate stability and institutional credibility.,rounds[11].agents[7].punishment_reasoning
RB-11-A7-belief_observations,11,7,SI,belief_observations,0,0,0,,0.5290329921986964,named_agents,"Agent 5, 12, 15, and others have not contributed this round.",rounds[11].agents[7].belief_state.observations
RB-11-A8-contribution,11,8,SFI,contribution,1,1,0,,0.0243207349895069,,"Given my past contributions and current budget, contributing a moderate amount aligns with maximizing my cumulative payoff.",rounds[11].agents[8].contribution_reasoning
RB-11-A8-belief_strategy,11,8,SFI,belief_strategy,1,1,0,,0.0243207349895069,,Most peers contribute highly in SI institutions.,rounds[11].agents[8].belief_state.institutional_strategy
RB-11-A8-belief_observations,11,8,SFI,belief_observations,1,1,0,,0.0243207349895069,,Low contributors and defectors are present in SFI.,rounds[11].agents[8].belief_state.observations
RB-11-A9-contribution,11,9,SFI,contribution,0,1,0,,3.09238985197129,,Contribute maximum to maximize cumulative payoff and benefit from MCPR.,rounds[11].agents[9].contribution_reasoning
RB-11-A9-belief_strategy,11,9,SFI,belief_strategy,0,1,0,,3.09238985197129,,Most peers follow the SI strategy.,rounds[11].agents[9].belief_state.institutional_strategy
RB-11-A9-belief_observations,11,9,SFI,belief_observations,0,1,0,,3.09238985197129,named_agents,"Agent 9 contributed significantly, but still received a negative payoff.",rounds[11].agents[9].belief_state.observations
RB-11-A10-contribution,11,10,SFI,contribution,0,0,0,,0.4851468615094084,opportunistic,"Contributing 1 billion aligns with my self-interest, given the high marginal return and the fact that most peers contribute highly in SI.",rounds[11].agents[10].contribution_reasoning
RB-11-A11-contribution,11,11,SFI,contribution,0,1,0,,0.1610320287243841,,Choosing a moderate contribution to balance immediate resilience needs and long-run cooperation incentives.,rounds[11].agents[11].contribution_reasoning
RB-11-A11-belief_strategy,11,11,SFI,belief_strategy,0,1,0,,0.1610320287243841,,Agents contribute based on institutional strategy (SFI or SI).,rounds[11].agents[11].belief_state.institutional_strategy
RB-11-A11-belief_observations,11,11,SFI,belief_observations,0,1,0,,0.1610320287243841,,"High contributors in SI, low contributors in SFI.",rounds[11].agents[11].belief_state.observations
RB-11-A14-punishment,11,14,SI,punishment,0,0,0,,0.2496469196787151,future_rounds|opportunistic,Punishing free-riders and rewarding high contributors to promote cooperation and long-term climate stability.,rounds[11].agents[14].punishment_reasoning
RB-11-A15-contribution,11,15,SFI,contribution,1,1,1,,0.0,,"The marginal return to me per unit contributed is low, and I have no incentive to contribute more than zero.",rounds[11].agents[15].contribution_reasoning
RB-11-A15-belief_strategy,11,15,SFI,belief_strategy,1,1,1,,0.0,,Most peers follow the SI strategy.,rounds[11].agents[15].belief_state.institutional_strategy
RB-11-A15-belief_observations,11,15,SFI,belief_observations,1,1,1,,0.0,,High contributors are mostly from the SI institution.,rounds[11].agents[15].belief_state.observations
RB-11-A16-contribution,11,16,SFI,contribution,1,0,0,,0.0,,Contribution is not justified by a high enough marginal return to investment (MCPR of 0.1143) given current wealth and budget constraints.,rounds[11].agents[16].contribution_reasoning
RB-11-A16-belief_strategy,11,16,SFI,belief_strategy,1,0,0,,0.0,,"Most peers follow SI, but SFI is also present.",rounds[11].agents[16].belief_state.institutional_strategy
RB-11-A16-belief_observations,11,16,SFI,belief_observations,1,0,0,,0.0,,"High contributions from some agents, low or no contribution from others.",rounds[11].agents[16].belief_state.observations
RB-11-A18-contribution,11,18,SI,contribution,0,0,0,,0.1968120131197721,future_rounds,My contribution is based on my institution's strategy of contributing a significant amount to maintain credibility and long-term climate stability.,rounds[11].agents[18].contribution_reasoning
RB-11-A18-punishment,11,18,SI,punishment,0,0,0,,0.1968120131197721,named_agents|opportunistic,Focusing on free-riders who significantly deviated from their stated intent or contributed below the group average. Rewarding Agent 0 for its generous contribution.,rounds[11].agents[18].punishment_reasoning
RB-11-A19-contribution,11,19,SI,contribution,0,0,0,,0.2450410795768961,opportunistic,"Based on previous round data and internal beliefs, I choose a moderate contribution to balance self-interest with cooperation.",rounds[11].agents[19].contribution_reasoning
RB-11-A19-punishment,11,19,SI,punishment,0,0,0,,0.2450410795768961,opportunistic,Punishing free-riders and rewarding high contributors to maintain cooperation and credibility within SI.,rounds[11].agents[19].punishment_reasoning
RB-11-A20-punishment,11,20,SI,punishment,0,0,0,,0.6443040107204764,opportunistic,Focused on punishing free-riders and rewarding high contributors in line with the SI strategy.,rounds[11].agents[20].punishment_reasoning
RB-11-A21-contribution,11,21,SI,contribution,1,1,1,,0.0352592924630727,opportunistic,"I'm choosing a moderate contribution to balance self-interest and cooperation, considering my previous contributions and the current MCPR.",rounds[11].agents[21].contribution_reasoning
RB-11-A21-punishment,11,21,SI,punishment,1,1,1,,0.0352592924630727,opportunistic,Punish free-riders while rewarding high contributors who have shown cooperation in the past.,rounds[11].agents[21].punishment_reasoning
RB-11-A21-belief_strategy,11,21,SI,belief_strategy,1,1,1,,0.0352592924630727,,Most peers follow a strategy of high contribution in SI institutions.,rounds[11].agents[21].belief_state.institutional_strategy
RB-11-A21-belief_observations,11,21,SI,belief_observations,1,1,1,,0.0352592924630727,,Low contributors were mostly found in SFI institutions.,rounds[11].agents[21].belief_state.observations
RB-11-A22-contribution,11,22,SI,contribution,0,0,0,,0.282855959336572,conformity,Following the group average contribution from the previous round to maintain cooperation and credibility.,rounds[11].agents[22].contribution_reasoning
RB-11-A22-punishment,11,22,SI,punishment,0,0,0,,0.282855959336572,opportunistic,Punish free-riders and reward cooperative contributors while considering their stated intent and past contributions.,rounds[11].agents[22].punishment_reasoning
RB-11-A24-contribution,11,24,SI,contribution,0,0,0,,0.1998279752011439,opportunistic,Contributing this amount aligns with my past behavior and allows for a balance between self-interest and cooperation.,rounds[11].agents[24].contribution_reasoning
RB-11-A24-punishment,11,24,SI,punishment,0,0,0,,0.1998279752011439,future_rounds|opportunistic,Punishing free-riders and rewarding generous contributors to maintain long-term climate stability and institutional credibility.,rounds[11].agents[24].punishment_reasoning
RB-11-A25-contribution,11,25,SI,contribution,0,0,0,,0.1825249320721905,opportunistic,"Following my past contributions and internal beliefs, I choose a moderate contribution to maintain credibility while balancing self-interest.",rounds[11].agents[25].contribution_reasoning
RB-11-A25-punishment,11,25,SI,punishment,0,0,0,,0.1825249320721905,opportunistic,Targeted punishments to free-riders and rewards for high contributors who set a good example.,rounds[11].agents[25].punishment_reasoning
RB-12-A0-contribution,12,0,SI,contribution,0,0,0,,0.0,conformity,"Based on previous rounds' data, I see that most peers are contributing significantly less than their budget, and my MCPR is relatively low at 0.1333.",rounds[12].agents[0].contribution_reasoning
RB-12-A0-punishment,12,0,SI,punishment,0,0,0,,0.0,opportunistic,Punishing free-riders and rewarding generous contributors in SI.,rounds[12].agents[0].punishment_reasoning
RB-12-A2-belief_strategy,12,2,SFI,belief_strategy,0,0,0,,0.0,conformity,Most peers are contributing highly in the SI institution.,rounds[12].agents[2].belief_state.institutional_strategy
RB-12-A4-contribution,12,4,SI,contribution,0,1,0,,0.3946635721899331,opportunistic,"To maximize my cumulative payoff, I will contribute a significant amount to take advantage of the high MCPR and set an example for other agents.",rounds[12].agents[4].contribution_reasoning
RB-12-A4-punishment,12,4,SI,punishment,0,1,0,,0.3946635721899331,future_rounds|opportunistic,Punishing free-riders and rewarding high contributors to maintain cooperation and long-term climate stability within our institution.,rounds[12].agents[4].punishment_reasoning
RB-12-A4-belief_strategy,12,4,SI,belief_strategy,0,1,0,,0.3946635721899331,,Most contributors are using the Strategy Incentivization (SI) approach.,rounds[12].agents[4].belief_state.institutional_strategy
RB-12-A4-belief_observations,12,4,SI,belief_observations,0,1,0,,0.3946635721899331,,"High contributions from peers with institutional strategy SI, while some agents have low or no contribution.",rounds[12].agents[4].belief_state.observations
RB-12-A5-contribution,12,5,SFI,contribution,1,1,1,,0.0343392318544406,opportunistic,I'm choosing to contribute my Stage 2 budget as it is a significant amount and I want to maximize my payoff.,rounds[12].agents[5].contribution_reasoning
RB-12-A5-belief_strategy,12,5,SFI,belief_strategy,1,1,1,,0.0343392318544406,,Most peers follow SI strategy.,rounds[12].agents[5].belief_state.institutional_strategy
RB-12-A5-belief_observations,12,5,SFI,belief_observations,1,1,1,,0.0343392318544406,,"High contributors in SI, low contributor in SFI.",rounds[12].agents[5].belief_state.observations
RB-12-A6-punishment,12,6,SI,punishment,0,0,0,,0.2104080081160708,opportunistic,Punishing free-riders and rewarding generous contributors who followed the SI strategy.,rounds[12].agents[6].punishment_reasoning
RB-12-A7-contribution,12,7,SI,contribution,0,1,0,,0.416874473077283,,My contribution is consistent with my past behavior and takes into account the high marginal return to investment.,rounds[12].agents[7].contribution_reasoning
RB-12-A7-punishment,12,7,SI,punishment,0,1,0,,0.416874473077283,opportunistic,Punishing free-riders while rewarding high contributors to maintain cooperation and long-run climate stability.,rounds[12].agents[7].punishment_reasoning
RB-12-A7-belief_strategy,12,7,SI,belief_strategy,0,1,0,,0.416874473077283,,Players are using the Strategy-Institution (SI) framework.,rounds[12].agents[7].belief_state.institutional_strategy
RB-12-A7-belief_observations,12,7,SI,belief_observations,0,1,0,,0.416874473077283,,"High contributors were observed, but some players still did not contribute.",rounds[12].agents[7].belief_state.observations
RB-12-A8-contribution,12,8,SFI,contribution,1,1,1,,0.0183031459508161,,"Given my past contributions and the current decision card, I choose to contribute a moderate amount.",rounds[12].agents[8].contribution_reasoning
RB-12-A8-belief_strategy,12,8,SFI,belief_strategy,1,1,1,,0.0183031459508161,,Most contributors are using the SI strategy.,rounds[12].agents[8].belief_state.institutional_strategy
RB-12-A8-belief_observations,12,8,SFI,belief_observations,1,1,1,,0.0183031459508161,,High contributions from peers with SI strategy.,rounds[12].agents[8].belief_state.observations
RB-12-A9-contribution,12,9,SFI,contribution,1,1,1,,0.4705442587812733,opportunistic,I choose to contribute the maximum amount as it aligns with my institution's strategy and will maximize my payoff.,rounds[12].agents[9].contribution_reasoning
RB-12-A9-belief_strategy,12,9,SFI,belief_strategy,1,1,1,,0.4705442587812733,,Most peers follow the SI strategy.,rounds[12].agents[9].belief_state.institutional_strategy
RB-12-A9-belief_observations,12,9,SFI,belief_observations,1,1,1,,0.4705442587812733,,High contributors are mostly from the SI institution.,rounds[12].agents[9].belief_state.observations
RB-12-A11-contribution,12,11,SFI,contribution,0,0,0,,0.1157398386832152,conformity,My contribution is consistent with my past behavior and the group's average contribution.,rounds[12].agents[11].contribution_reasoning
RB-12-A13-contribution,12,13,SFI,contribution,0,1,0,,0.1202926884708552,,Consistent with past behavior and maintaining a significant contribution to the institution.,rounds[12].agents[13].contribution_reasoning
RB-12-A13-belief_strategy,12,13,SFI,belief_strategy,0,1,0,,0.1202926884708552,,Most contributors are in the SI institution.,rounds[12].agents[13].belief_state.institutional_strategy
RB-12-A13-belief_observations,12,13,SFI,belief_observations,0,1,0,,0.1202926884708552,,High contributions from peers in the SI institution.,rounds[12].agents[13].belief_state.observations
RB-12-A14-punishment,12,14,SI,punishment,0,0,0,,0.2070700987851541,opportunistic,Punishing free-riders and rewarding high contributors to encourage cooperation and maximize cumulative payoff.,rounds[12].agents[14].punishment_reasoning
RB-12-A14-belief_strategy,12,14,SI,belief_strategy,0,0,0,,0.2070700987851541,conformity,"All peers are using the same strategy, SI.",rounds[12].agents[14].belief_state.institutional_strategy
RB-12-A15-contribution,12,15,SFI,contribution,1,0,1,,3.02552853958473,,"Maximizing my cumulative payoff requires contributing the maximum amount, as I have a high budget and marginal return to investment is relatively low.",rounds[12].agents[15].contribution_reasoning
RB-12-A15-belief_strategy,12,15,SFI,belief_strategy,1,0,1,,3.02552853958473,,Most peers follow the SI strategy.,rounds[12].agents[15].belief_state.institutional_strategy
RB-12-A15-belief_observations,12,15,SFI,belief_observations,1,0,1,,3.02552853958473,,High contributors are mostly from the SI institution.,rounds[12].agents[15].belief_state.observations
RB-12-A16-contribution,12,16,SFI,contribution,1,1,1,,2.1053116581910056,,"Contribute maximum to maximize cumulative payoff, as MCPR is low and vulnerability index is high.",rounds[12].agents[16].contribution_reasoning
RB-12-A16-belief_strategy,12,16,SFI,belief_strategy,1,1,1,,2.1053116581910056,,Most peers follow the SI strategy.,rounds[12].agents[16].belief_state.institutional_strategy
RB-12-A16-belief_observations,12,16,SFI,belief_observations,1,1,1,,2.1053116581910056,,High contributors are mostly in the SI institution.,rounds[12].agents[16].belief_state.observations
RB-12-A17-belief_strategy,12,17,SFI,belief_strategy,0,0,0,,0.2640795763770229,conformity,Most peers are using the SI strategy.,rounds[12].agents[17].belief_state.institutional_strategy
RB-12-A18-punishment,12,18,SI,punishment,0,0,0,,0.3015884024200759,named_agents|opportunistic,"Punishing free-riders who contributed below the group average or stated intent does not match their action, while rewarding generous contributors like Agent 7 and Agent 4.",rounds[12].agents[18].punishment_reasoning
RB-12-A19-punishment,12,19,SI,punishment,0,0,0,,0.5457142116556698,named_agents|opportunistic,"Punishing free-riders who contributed below the group average, while rewarding high contributors like Agent 7 and Agent 4 for their generous contributions.",rounds[12].agents[19].punishment_reasoning
RB-12-A20-punishment,12,20,SI,punishment,0,0,0,,0.5496796478738688,opportunistic,Punishing free-riders and rewarding high contributors to promote cooperation and emissions reduction.,rounds[12].agents[20].punishment_reasoning
RB-12-A21-contribution,12,21,SI,contribution,0,0,0,,0.2601180152383084,opportunistic,"To maximize my cumulative payoff, I will contribute a significant amount to take advantage of the high marginal return to investment.",rounds[12].agents[21].contribution_reasoning
RB-12-A21-punishment,12,21,SI,punishment,0,0,0,,0.2601180152383084,opportunistic,"Punishing free-riders (below-average contributors) to maintain cooperation and credibility in the group, while rewarding generous contributors for setting an example.",rounds[12].agents[21].punishment_reasoning
RB-12-A22-punishment,12,22,SI,punishment,0,0,0,,0.0,fairness|opportunistic,Punished free-riders and rewarded cooperative contributors to maintain a fair balance in emissions reduction efforts.,rounds[12].agents[22].punishment_reasoning
RB-12-A22-belief_strategy,12,22,SI,belief_strategy,0,0,0,,0.0,conformity,Most peers are using the SI strategy.,rounds[12].agents[22].belief_state.institutional_strategy
RB-12-A23-contribution,12,23,SFI,contribution,0,1,0,,0.0,,Low marginal return and high vulnerability index make contributing zero a rational choice.,rounds[12].agents[23].contribution_reasoning
RB-12-A23-belief_strategy,12,23,SFI,belief_strategy,0,1,0,,0.0,conformity,Most peers are using the SI strategy.,rounds[12].agents[23].belief_state.institutional_strategy
RB-12-A23-belief_observations,12,23,SFI,belief_observations,0,1,0,,0.0,,"High contributors in SI, low contributors in SFI.",rounds[12].agents[23].belief_state.observations
RB-12-A24-contribution,12,24,SI,contribution,0,0,0,,0.3746681904784985,opportunistic,"Based on past contributions and outcomes, I choose to contribute a moderate amount to balance self-interest with cooperation.",rounds[12].agents[24].contribution_reasoning
RB-12-A24-punishment,12,24,SI,punishment,0,0,0,,0.3746681904784985,opportunistic,Punishing free-riders and rewarding high contributors to maintain credibility and promote cooperation within the SI institution.,rounds[12].agents[24].punishment_reasoning
RB-12-A25-punishment,12,25,SI,punishment,0,0,0,,0.2858444470299881,opportunistic,I punished free-riders and rewarded high contributors to maintain credibility and cooperation within our institution.,rounds[12].agents[25].punishment_reasoning
RB-13-A0-punishment,13,0,SI,punishment,0,0,0,,0.1714553829137577,opportunistic,Punish free-riders with low contributions and mismatched intentions. Reward a generous contributor to maintain cooperation.,rounds[13].agents[0].punishment_reasoning
RB-13-A0-belief_strategy,13,0,SI,belief_strategy,0,0,0,,0.1714553829137577,conformity,Most peers are cooperative in SI institutions.,rounds[13].agents[0].belief_state.institutional_strategy
RB-13-A1-belief_strategy,13,1,SFI,belief_strategy,0,0,0,,0.0,conformity,Most peers are contributing highly in SI.,rounds[13].agents[1].belief_state.institutional_strategy
RB-13-A2-belief_strategy,13,2,SFI,belief_strategy,0,0,0,,0.0,conformity,Most peers are contributing highly in the SI institution.,rounds[13].agents[2].belief_state.institutional_strategy
RB-13-A3-contribution,13,3,SFI,contribution,0,0,0,,0.2027293334314543,future_rounds,Maximizing my cumulative payoff requires contributing a significant amount to take advantage of the high MCPR and potential future benefits.,rounds[13].agents[3].contribution_reasoning
RB-13-A3-belief_observations,13,3,SFI,belief_observations,0,0,0,,0.2027293334314543,named_agents,Agent 3 contributed moderately in the SFI institution.,rounds[13].agents[3].belief_state.observations
RB-13-A4-punishment,13,4,SI,punishment,0,0,0,,0.2574754680095201,opportunistic,Targeted punishments for free-riders and rewarded high contributors.,rounds[13].agents[4].punishment_reasoning
RB-13-A5-contribution,13,5,SFI,contribution,1,0,1,,0.0,,No contribution is rational given low marginal return and high vulnerability index.,rounds[13].agents[5].contribution_reasoning
RB-13-A5-belief_strategy,13,5,SFI,belief_strategy,1,0,1,,0.0,,Most peers contribute highly in SI.,rounds[13].agents[5].belief_state.institutional_strategy
RB-13-A5-belief_observations,13,5,SFI,belief_observations,1,0,1,,0.0,,"High contributors are mostly in SI, while SFI has low contributors.",rounds[13].agents[5].belief_state.observations
RB-13-A6-punishment,13,6,SI,punishment,0,0,0,,0.3232715728682947,opportunistic,Punishing free-riders and rewarding high contributors for their efforts in reducing emissions.,rounds[13].agents[6].punishment_reasoning
RB-13-A7-contribution,13,7,SI,contribution,0,0,0,,0.4431155593942044,opportunistic,"Based on previous rounds' data and internal beliefs, contributing $25 billion is a rational choice to maximize my cumulative payoff.",rounds[13].agents[7].contribution_reasoning
RB-13-A7-punishment,13,7,SI,punishment,0,0,0,,0.4431155593942044,opportunistic,Punished free-riders and rewarded consistent contributors.,rounds[13].agents[7].punishment_reasoning
RB-13-A10-contribution,13,10,SFI,contribution,0,1,0,,0.407910361846652,,"I'm choosing a contribution level that balances my own interests with cooperation incentives, considering previous rounds' data and my institution's strategy.",rounds[13].agents[10].contribution_reasoning
RB-13-A10-belief_strategy,13,10,SFI,belief_strategy,0,1,0,,0.407910361846652,,"Most peers follow SI, but some deviate.",rounds[13].agents[10].belief_state.institutional_strategy
RB-13-A10-belief_observations,13,10,SFI,belief_observations,0,1,0,,0.407910361846652,,"High contributions from a few agents, with most contributing little.",rounds[13].agents[10].belief_state.observations
RB-13-A12-contribution,13,12,SFI,contribution,1,1,1,,1.5285389170351371,,Contribute maximum to maximize cumulative payoff and exploit others' cooperative actions.,rounds[13].agents[12].contribution_reasoning
RB-13-A12-belief_strategy,13,12,SFI,belief_strategy,1,1,1,,1.5285389170351371,,Most peers follow the SI strategy.,rounds[13].agents[12].belief_state.institutional_strategy
RB-13-A12-belief_observations,13,12,SFI,belief_observations,1,1,1,,1.5285389170351371,,"High contributions from some agents, low contribution from others.",rounds[13].agents[12].belief_state.observations
RB-13-A14-punishment,13,14,SI,punishment,0,0,0,,0.0,opportunistic,Punishing free-riders and rewarding generous contributors to maintain consistency within our institution's strategy.,rounds[13].agents[14].punishment_reasoning
RB-13-A14-belief_observations,13,14,SI,belief_observations,0,0,0,,0.0,named_agents,"Agent 14 contributed 0, while Agent 24 contributed 30000000 in this round.",rounds[13].agents[14].belief_state.observations
RB-13-A15-contribution,13,15,SFI,contribution,1,0,1,,0.8461929807241791,,"Given my high budget and low marginal return, I choose to contribute the maximum amount.",rounds[13].agents[15].contribution_reasoning
RB-13-A15-belief_strategy,13,15,SFI,belief_strategy,1,0,1,,0.8461929807241791,,Most peers follow the SI strategy.,rounds[13].agents[15].belief_state.institutional_strategy
RB-13-A15-belief_observations,13,15,SFI,belief_observations,1,0,1,,0.8461929807241791,,High contributors are mostly from the SI institution.,rounds[13].agents[15].belief_state.observations
RB-13-A16-contribution,13,16,SFI,contribution,1,0,1,,0.3059496188684124,,I'm choosing a contribution close to the previous round's group average to maintain cooperation incentives.,rounds[13].agents[16].contribution_reasoning
RB-13-A16-belief_strategy,13,16,SFI,belief_strategy,1,0,1,,0.3059496188684124,,Most peers follow SI strategy.,rounds[13].agents[16].belief_state.institutional_strategy
RB-13-A16-belief_observations,13,16,SFI,belief_observations,1,0,1,,0.3059496188684124,,High contributors are mostly in the SI institution.,rounds[13].agents[16].belief_state.observations
RB-13-A18-punishment,13,18,SI,punishment,0,0,0,,0.2810923930412299,opportunistic,Punishing free-riders and rewarding generous contributors according to their actions and stated intent.,rounds[13].agents[18].punishment_reasoning
RB-13-A19-contribution,13,19,SI,contribution,0,0,0,,0.3150887280279428,future_rounds|opportunistic,"To maximize my cumulative payoff, I will contribute a significant amount to the Global Emissions Reduction Fund while considering the long-term stability and institutional credibility of our institution.",rounds[13].agents[19].contribution_reasoning
RB-13-A19-punishment,13,19,SI,punishment,0,0,0,,0.3150887280279428,fairness|opportunistic,Punishing free-riders and rewarding consistent contributors within the SI institution to promote cooperation and fairness.,rounds[13].agents[19].punishment_reasoning
RB-13-A20-punishment,13,20,SI,punishment,0,0,0,,0.4852523333678714,opportunistic,Punishing free-riders and rewarding cooperative peers.,rounds[13].agents[20].punishment_reasoning
RB-13-A21-punishment,13,21,SI,punishment,0,0,0,,0.1866467704195747,opportunistic,Punishing free-riders and rewarding high contributors who follow SI strategy.,rounds[13].agents[21].punishment_reasoning
RB-13-A22-punishment,13,22,SI,punishment,0,0,0,,0.0,opportunistic,Targeted free-riders and rewarded high contributors in line with SI strategy,rounds[13].agents[22].punishment_reasoning
RB-13-A23-contribution,13,23,SFI,contribution,1,1,1,,2.5720304835852947,,"Contribute maximum to maximize cumulative payoff, given high marginal return and no significant losses.",rounds[13].agents[23].contribution_reasoning
RB-13-A23-belief_strategy,13,23,SFI,belief_strategy,1,1,1,,2.5720304835852947,,Most contributors are using the SI strategy.,rounds[13].agents[23].belief_state.institutional_strategy
RB-13-A23-belief_observations,13,23,SFI,belief_observations,1,1,1,,2.5720304835852947,,High contributions from peers with institutional strategy SI.,rounds[13].agents[23].belief_state.observations
RB-13-A24-contribution,13,24,SI,contribution,0,0,0,,0.4426311492193053,opportunistic,"My contribution is based on balancing self-interest with cooperation, considering my past contributions and the current MCPR.",rounds[13].agents[24].contribution_reasoning
RB-13-A24-punishment,13,24,SI,punishment,0,0,0,,0.4426311492193053,opportunistic,Punishing free-riders while rewarding cooperative agents to maintain social norms and encourage responsible behavior.,rounds[13].agents[24].punishment_reasoning
RB-13-A25-punishment,13,25,SI,punishment,0,0,0,,0.3411195908468629,opportunistic,Punishing free-riders and rewarding those who contributed generously or consistently to the collective effort.,rounds[13].agents[25].punishment_reasoning
RB-14-A0-contribution,14,0,SI,contribution,1,1,1,,0.4880887007255085,punishment_avoidance,"I'm choosing a contribution that's slightly above my recent average, but not too high to avoid punishment effects.",rounds[14].agents[0].contribution_reasoning
RB-14-A0-punishment,14,0,SI,punishment,1,1,1,,0.4880887007255085,opportunistic,Punishing free-riders while rewarding cooperative peers in SI institution.,rounds[14].agents[0].punishment_reasoning
RB-14-A0-belief_strategy,14,0,SI,belief_strategy,1,1,1,,0.4880887007255085,,Players can choose between SI and SFI.,rounds[14].agents[0].belief_state.institutional_strategy
RB-14-A0-belief_observations,14,0,SI,belief_observations,1,1,1,,0.4880887007255085,,"High contributions were observed from agents 18, 20, 22, 24, and 25.",rounds[14].agents[0].belief_state.observations
RB-14-A2-contribution,14,2,SFI,contribution,1,1,1,,0.0141555739576244,,Maximizing my cumulative payoff requires contributing a moderate amount to balance immediate resilience needs and long-run cooperation incentives.,rounds[14].agents[2].contribution_reasoning
RB-14-A2-belief_strategy,14,2,SFI,belief_strategy,1,1,1,,0.0141555739576244,,Most peers contribute highly in institution SI.,rounds[14].agents[2].belief_state.institutional_strategy
RB-14-A2-belief_observations,14,2,SFI,belief_observations,1,1,1,,0.0141555739576244,,"High contributors in SI, low contributors in SFI.",rounds[14].agents[2].belief_state.observations
RB-14-A3-contribution,14,3,SFI,contribution,1,1,0,,0.4146162584669896,,Maximizing my contribution while considering the high marginal return to me per unit contributed and balancing immediate resilience needs against long-run cooperation incentives.,rounds[14].agents[3].contribution_reasoning
RB-14-A3-belief_strategy,14,3,SFI,belief_strategy,1,1,0,,0.4146162584669896,,"Most peers follow the cooperative strategy in SI, but some deviate to high-contribution.",rounds[14].agents[3].belief_state.institutional_strategy
RB-14-A3-belief_observations,14,3,SFI,belief_observations,1,1,0,,0.4146162584669896,,High contributors in SI have a significant impact on the overall payoff.,rounds[14].agents[3].belief_state.observations
RB-14-A4-contribution,14,4,SI,contribution,0,0,0,,0.1507543567104563,opportunistic,"Maximizing cumulative payoff requires balancing cooperation with self-interest, and a moderate contribution aligns with observed peer behavior and internal beliefs.",rounds[14].agents[4].contribution_reasoning
RB-14-A4-punishment,14,4,SI,punishment,0,0,0,,0.1507543567104563,opportunistic,Punishing free-riders and rewarding generous contributors to promote cooperation within SI peers.,rounds[14].agents[4].punishment_reasoning
RB-14-A6-punishment,14,6,SI,punishment,0,0,0,,0.1683414645547007,opportunistic,Focused on punishing free-riders and rewarding high contributors.,rounds[14].agents[6].punishment_reasoning
RB-14-A7-punishment,14,7,SI,punishment,0,0,0,,0.2804576957411416,opportunistic,Punishing free-riders and rewarding generous contributors to maintain a balanced group dynamic.,rounds[14].agents[7].punishment_reasoning
RB-14-A8-contribution,14,8,SFI,contribution,0,0,0,,0.0117161854008837,conformity,My contribution is based on my past behavior and previous round's group average contribution.,rounds[14].agents[8].contribution_reasoning
RB-14-A11-contribution,14,11,SFI,contribution,0,1,0,,0.0,,I choose to contribute nothing due to low marginal return and high vulnerability index.,rounds[14].agents[11].contribution_reasoning
RB-14-A11-belief_strategy,14,11,SFI,belief_strategy,0,1,0,,0.0,,Most peers follow SI strategy.,rounds[14].agents[11].belief_state.institutional_strategy
RB-14-A11-belief_observations,14,11,SFI,belief_observations,0,1,0,,0.0,,High contributors are mostly from SI institution.,rounds[14].agents[11].belief_state.observations
RB-14-A12-contribution,14,12,SFI,contribution,0,0,0,,1.102679584119126,opportunistic,"To maximize my cumulative payoff, I will contribute the maximum allowed amount.",rounds[14].agents[12].contribution_reasoning
RB-14-A14-contribution,14,14,SI,contribution,0,0,0,,0.0692744564739999,opportunistic,I'm choosing a moderate contribution to balance between cooperation and self-interest.,rounds[14].agents[14].contribution_reasoning
RB-14-A14-punishment,14,14,SI,punishment,0,0,0,,0.0692744564739999,future_rounds|opportunistic,Punishing free-riders and rewarding cooperative agents to maintain institutional credibility and promote cooperation in future rounds.,rounds[14].agents[14].punishment_reasoning
RB-14-A15-belief_observations,14,15,SFI,belief_observations,0,0,0,,0.0269267963128079,named_agents,"Agent 15 contributed significantly, but Agent 5 and others were low contributors.",rounds[14].agents[15].belief_state.observations
RB-14-A16-contribution,14,16,SFI,contribution,0,0,0,,1.5588345525737302,opportunistic,"As a high-contributor institution, I should maximize my contribution to achieve the highest marginal return per unit contributed.",rounds[14].agents[16].contribution_reasoning
RB-14-A16-belief_strategy,14,16,SFI,belief_strategy,0,0,0,,1.5588345525737302,named_agents,"Most peers follow SI, except Agent 16 who follows SFI.",rounds[14].agents[16].belief_state.institutional_strategy
RB-14-A18-punishment,14,18,SI,punishment,0,0,0,,0.241770144288422,opportunistic,"Punish free-riders who contributed below the group average, while rewarding generous contributors who exceeded the group average.",rounds[14].agents[18].punishment_reasoning
RB-14-A19-punishment,14,19,SI,punishment,0,0,0,,0.2024363190757129,opportunistic,Punished free-riders (below-average contributors) and rewarded generous contributors.,rounds[14].agents[19].punishment_reasoning
RB-14-A20-punishment,14,20,SI,punishment,0,0,0,,0.3788912988901439,opportunistic,Punishing free-riders and rewarding high contributors to promote cooperation within our institution.,rounds[14].agents[20].punishment_reasoning
RB-14-A21-contribution,14,21,SI,contribution,1,1,0,,0.1520359523816988,,"My contribution is based on the group average from the previous round, which was also a member of SI institution.",rounds[14].agents[21].contribution_reasoning
RB-14-A21-punishment,14,21,SI,punishment,1,1,0,,0.1520359523816988,opportunistic,Punished free-riders and rewarded cooperative members to maintain institutional credibility and long-run climate stability.,rounds[14].agents[21].punishment_reasoning
RB-14-A21-belief_strategy,14,21,SI,belief_strategy,1,1,0,,0.1520359523816988,,SI: Contribute significantly to the group.,rounds[14].agents[21].belief_state.institutional_strategy
RB-14-A21-belief_observations,14,21,SI,belief_observations,1,1,0,,0.1520359523816988,,"High contributors are rewarded, while low contributors and defectors are penalized.",rounds[14].agents[21].belief_state.observations
RB-14-A22-contribution,14,22,SI,contribution,1,1,1,,0.4402757531574969,,"High contribution to maximize cumulative payoff, considering SI strategy and high marginal return.",rounds[14].agents[22].contribution_reasoning
RB-14-A22-punishment,14,22,SI,punishment,1,1,1,,0.4402757531574969,opportunistic,"Targeted punishments towards free-riders, while rewarding those who consistently contribute highly.",rounds[14].agents[22].punishment_reasoning
RB-14-A22-belief_strategy,14,22,SI,belief_strategy,1,1,1,,0.4402757531574969,,Most contributors follow the SI strategy.,rounds[14].agents[22].belief_state.institutional_strategy
RB-14-A22-belief_observations,14,22,SI,belief_observations,1,1,1,,0.4402757531574969,,High contributions from peers with SI strategy.,rounds[14].agents[22].belief_state.observations
RB-14-A23-contribution,14,23,SFI,contribution,1,0,1,,0.0269267963128079,future_rounds,"I'm choosing to contribute my Stage 2 budget as it is the maximum amount I can afford, and it will not affect my future contributions.",rounds[14].agents[23].contribution_reasoning
RB-14-A23-belief_strategy,14,23,SFI,belief_strategy,1,0,1,,0.0269267963128079,,Most contributors are using the SI strategy.,rounds[14].agents[23].belief_state.institutional_strategy
RB-14-A23-belief_observations,14,23,SFI,belief_observations,1,0,1,,0.0269267963128079,,High contributions from peers with SI strategy.,rounds[14].agents[23].belief_state.observations
RB-14-A24-punishment,14,24,SI,punishment,0,0,0,,0.3884065059902316,opportunistic,Punished free-riders and rewarded consistent high contributors based on their past behavior and current contributions.,rounds[14].agents[24].punishment_reasoning
RB-14-A25-contribution,14,25,SI,contribution,0,0,0,,0.2849006387939558,opportunistic,"To maximize my cumulative payoff, I will contribute at the maximum allowed amount.",rounds[14].agents[25].contribution_reasoning
RB-14-A25-punishment,14,25,SI,punishment,0,0,0,,0.2849006387939558,opportunistic,Punishing free-riders and rewarding generous contributors to maintain cooperation and long-run climate stability.,rounds[14].agents[25].punishment_reasoning
RB-15-A0-punishment,15,0,SI,punishment,0,0,0,,0.4214633254648238,fairness|opportunistic,Punishing free-riders and rewarding a generous contributor to maintain fairness and cooperation in the group.,rounds[15].agents[0].punishment_reasoning
RB-15-A1-contribution,15,1,SFI,contribution,1,1,1,,0.1920642919742489,,"Based on previous round data and internal beliefs, I will contribute a moderate amount to balance immediate resilience needs with long-run cooperation incentives.",rounds[15].agents[1].contribution_reasoning
RB-15-A1-belief_strategy,15,1,SFI,belief_strategy,1,1,1,,0.1920642919742489,,Most peers follow the SI strategy.,rounds[15].agents[1].belief_state.institutional_strategy
RB-15-A1-belief_observations,15,1,SFI,belief_observations,1,1,1,,0.1920642919742489,,High contributors are mostly from the SI institution.,rounds[15].agents[1].belief_state.observations
RB-15-A2-contribution,15,2,SFI,contribution,1,0,1,,0.0,,"I choose to contribute nothing due to low marginal return and high vulnerability index, which aligns with my previous contributions.",rounds[15].agents[2].contribution_reasoning
RB-15-A2-belief_strategy,15,2,SFI,belief_strategy,1,0,1,,0.0,,Most peers contribute highly in the SI institution.,rounds[15].agents[2].belief_state.institutional_strategy
RB-15-A2-belief_observations,15,2,SFI,belief_observations,1,0,1,,0.0,,High contributors are mostly in the SI institution.,rounds[15].agents[2].belief_state.observations
RB-15-A4-punishment,15,4,SI,punishment,0,0,0,,0.1529100145849241,fairness|opportunistic,Punishing free-riders and rewarding cooperators to maintain a fair group dynamic.,rounds[15].agents[4].punishment_reasoning
RB-15-A5-contribution,15,5,SFI,contribution,1,1,1,,0.0168160037565717,,Contributing a moderate amount to balance immediate resilience needs with long-run cooperation incentives.,rounds[15].agents[5].contribution_reasoning
RB-15-A5-belief_strategy,15,5,SFI,belief_strategy,1,1,1,,0.0168160037565717,,Most contributors are using the Selfish-Institution (SI) strategy.,rounds[15].agents[5].belief_state.institutional_strategy
RB-15-A5-belief_observations,15,5,SFI,belief_observations,1,1,1,,0.0168160037565717,,"High contributors are mostly from the SI institution, while low contributors are from the Standard Framework Institution (SFI).",rounds[15].agents[5].belief_state.observations
RB-15-A6-punishment,15,6,SI,punishment,0,0,0,,0.4937818226254474,opportunistic,Punishing free-riders and rewarding generous contributors to maintain institutional norms within SI.,rounds[15].agents[6].punishment_reasoning
RB-15-A7-contribution,15,7,SI,contribution,1,1,0,,0.1996625863288809,,"My contribution is based on my past contributions and recent institution choices, which suggest a consistent strategy of moderate contribution.",rounds[15].agents[7].contribution_reasoning
RB-15-A7-punishment,15,7,SI,punishment,1,1,0,,0.1996625863288809,opportunistic,"Punished free-riders for contributing below the group average, while rewarding generous contributors to encourage continued cooperation and consistency in actions.",rounds[15].agents[7].punishment_reasoning
RB-15-A7-belief_strategy,15,7,SI,belief_strategy,1,1,0,,0.1996625863288809,,Most contributors follow the SI strategy.,rounds[15].agents[7].belief_state.institutional_strategy
RB-15-A7-belief_observations,15,7,SI,belief_observations,1,1,0,,0.1996625863288809,,High contributions from peers with SI strategy.,rounds[15].agents[7].belief_state.observations
RB-15-A12-contribution,15,12,SFI,contribution,1,1,1,,0.4906704494316077,,Contribute at the group average of the previous round to maintain cooperation incentives.,rounds[15].agents[12].contribution_reasoning
RB-15-A12-belief_strategy,15,12,SFI,belief_strategy,1,1,1,,0.4906704494316077,,"Most peers follow SI, but some contribute highly in SFI.",rounds[15].agents[12].belief_state.institutional_strategy
RB-15-A12-belief_observations,15,12,SFI,belief_observations,1,1,1,,0.4906704494316077,,"High contributors are mostly in SI, while low contributors are in SFI.",rounds[15].agents[12].belief_state.observations
RB-15-A14-contribution,15,14,SI,contribution,1,1,1,,0.3432230385427783,opportunistic,"The marginal return to me per unit contributed is high, and I want to maximize my payoff by contributing a significant amount.",rounds[15].agents[14].contribution_reasoning
RB-15-A14-punishment,15,14,SI,punishment,1,1,1,,0.3432230385427783,opportunistic,Punishing free-riders and rewarding high contributors to maintain a balance within the SI institution.,rounds[15].agents[14].punishment_reasoning
RB-15-A14-belief_strategy,15,14,SI,belief_strategy,1,1,1,,0.3432230385427783,,Most peers follow the SI strategy.,rounds[15].agents[14].belief_state.institutional_strategy
RB-15-A14-belief_observations,15,14,SI,belief_observations,1,1,1,,0.3432230385427783,,Low contributors are mostly from SFI.,rounds[15].agents[14].belief_state.observations
RB-15-A18-punishment,15,18,SI,punishment,0,0,0,,0.1927379493368748,future_rounds|opportunistic,Punishing free-riders and rewarding cooperative agents to promote long-term climate stability and institutional credibility.,rounds[15].agents[18].punishment_reasoning
RB-15-A19-contribution,15,19,SI,contribution,0,1,0,,0.4994006915366509,opportunistic,Contributing half of my budget maximizes my payoff by balancing self-interest and cooperation.,rounds[15].agents[19].contribution_reasoning
RB-15-A19-punishment,15,19,SI,punishment,0,1,0,,0.4994006915366509,opportunistic,"Punished free-riders who contributed below the group average or had inconsistent actions, while rewarding cooperative SI members with generous contributions.",rounds[15].agents[19].punishment_reasoning
RB-15-A19-belief_strategy,15,19,SI,belief_strategy,0,1,0,,0.4994006915366509,,"Most peers follow the same strategy, with some exceptions.",rounds[15].agents[19].belief_state.institutional_strategy
RB-15-A19-belief_observations,15,19,SI,belief_observations,0,1,0,,0.4994006915366509,,"High contributions from a few agents, while others contribute little or nothing.",rounds[15].agents[19].belief_state.observations
RB-15-A20-punishment,15,20,SI,punishment,0,0,0,,0.2708856036602027,opportunistic,"Targeted free-riders and rewarded high contributors, aiming to maintain cooperation within SI.",rounds[15].agents[20].punishment_reasoning
RB-15-A21-contribution,15,21,SI,contribution,0,0,0,,0.1638799194506279,opportunistic,"To maximize my cumulative payoff, I will contribute an amount that is slightly above the previous round's group average.",rounds[15].agents[21].contribution_reasoning
RB-15-A21-punishment,15,21,SI,punishment,0,0,0,,0.1638799194506279,fairness|opportunistic,"Punished free-riders and rewarded high contributors to maintain fairness and encourage cooperation within our institution, SI.",rounds[15].agents[21].punishment_reasoning
RB-15-A22-contribution,15,22,SI,contribution,1,0,0,,0.2224019715592773,conformity|opportunistic,"To maximize my cumulative payoff, I will contribute a moderate amount to take advantage of the MCPR while also considering the group's average contribution and my institution's strategy.",rounds[15].agents[22].contribution_reasoning
RB-15-A22-punishment,15,22,SI,punishment,1,0,0,,0.2224019715592773,reputation_management|opportunistic,Punishing free-riders and rewarding high contributors to maintain SI's reputation and effectiveness.,rounds[15].agents[22].punishment_reasoning
RB-15-A22-belief_strategy,15,22,SI,belief_strategy,1,0,0,,0.2224019715592773,,Most contributors follow the SI strategy.,rounds[15].agents[22].belief_state.institutional_strategy
RB-15-A22-belief_observations,15,22,SI,belief_observations,1,0,0,,0.2224019715592773,,High contributions from peers with SI strategy.,rounds[15].agents[22].belief_state.observations
RB-15-A24-contribution,15,24,SI,contribution,0,0,0,,0.2414117818166949,conformity|opportunistic,"To maximize my cumulative payoff, I will contribute a moderate amount based on past rounds' group average contribution and recent contributions.",rounds[15].agents[24].contribution_reasoning
RB-15-A24-punishment,15,24,SI,punishment,0,0,0,,0.2414117818166949,fairness|opportunistic,Punished free-riders and rewarded those who consistently contributed or helped others. Focused on maintaining a fair balance within the SI community.,rounds[15].agents[24].punishment_reasoning
RB-15-A25-contribution,15,25,SI,contribution,0,0,0,,0.2191615224031892,opportunistic,"Based on my institution's (SI) strategy of contributing significantly to emissions reduction, I choose a high contribution to align with this pattern and maximize my cumulative payoff.",rounds[15].agents[25].contribution_reasoning
RB-15-A25-punishment,15,25,SI,punishment,0,0,0,,0.2191615224031892,opportunistic,Targeted punishments to free-riders and rewards for generous contributors.,rounds[15].agents[25].punishment_reasoning
RB-16-A0-punishment,16,0,SI,punishment,0,0,0,,1.7713198320908503,opportunistic,"Punished free-riders, rewarded cooperative agents to maintain credibility and long-run climate stability.",rounds[16].agents[0].punishment_reasoning
RB-16-A0-belief_strategy,16,0,SI,belief_strategy,0,0,0,,1.7713198320908503,conformity|opportunistic,"Most peers are cooperative, but some free-ride.",rounds[16].agents[0].belief_state.institutional_strategy
RB-16-A1-belief_observations,16,1,SFI,belief_observations,0,0,0,,0.1713449467021751,opportunistic,"High contributors in SI institutions, free-riders in SFI.",rounds[16].agents[1].belief_state.observations
RB-16-A2-belief_strategy,16,2,SFI,belief_strategy,0,0,0,,0.0109493915125729,opportunistic,"Most peers follow SI, except for some free-riders and defectors.",rounds[16].agents[2].belief_state.institutional_strategy
RB-16-A4-punishment,16,4,SI,punishment,0,0,0,,0.1584976158585745,opportunistic,Punishing free-riders and rewarding cooperative high contributors to maintain SI credibility and encourage long-run climate stability.,rounds[16].agents[4].punishment_reasoning
RB-16-A4-belief_strategy,16,4,SI,belief_strategy,0,0,0,,0.1584976158585745,opportunistic,Most contributors follow the Self-Interest (SI) strategy.,rounds[16].agents[4].belief_state.institutional_strategy
RB-16-A5-contribution,16,5,SFI,contribution,0,0,1,,0.0,,"I choose to contribute zero due to low marginal return and high vulnerability index, aligning with my institution's typical behavior.",rounds[16].agents[5].contribution_reasoning
RB-16-A5-belief_strategy,16,5,SFI,belief_strategy,0,0,1,,0.0,,Most peers follow the SI strategy.,rounds[16].agents[5].belief_state.institutional_strategy
RB-16-A5-belief_observations,16,5,SFI,belief_observations,0,0,1,,0.0,,"High contributors in SI, low contributors in SFI.",rounds[16].agents[5].belief_state.observations
RB-16-A6-punishment,16,6,SI,punishment,0,0,0,,0.2480415545801449,opportunistic,Punishing free-riders and rewarding cooperative agents to promote long-run climate stability and institutional credibility.,rounds[16].agents[6].punishment_reasoning
RB-16-A7-contribution,16,7,SI,contribution,0,0,0,,0.3658419036734934,opportunistic,"Contribute a moderate amount to balance self-interest and cooperation, considering the high marginal return and previous rounds' contributions.",rounds[16].agents[7].contribution_reasoning
RB-16-A7-punishment,16,7,SI,punishment,0,0,0,,0.3658419036734934,opportunistic,Punishing free-riders and rewarding high contributors to encourage cooperation and long-run climate stability.,rounds[16].agents[7].punishment_reasoning
RB-16-A11-contribution,16,11,SFI,contribution,1,1,1,,0.0,,"I choose to contribute zero due to low marginal return and high vulnerability index, which aligns with my previous contributions.",rounds[16].agents[11].contribution_reasoning
RB-16-A11-belief_strategy,16,11,SFI,belief_strategy,1,1,1,,0.0,,Most peers contribute significantly to the institution.,rounds[16].agents[11].belief_state.institutional_strategy
RB-16-A11-belief_observations,16,11,SFI,belief_observations,1,1,1,,0.0,,"High contributors are mostly from SI, while SFI agents contribute little.",rounds[16].agents[11].belief_state.observations
RB-16-A14-punishment,16,14,SI,punishment,0,0,0,,0.0,opportunistic,Punishing free-riders and rewarding cooperative peers to maintain long-run climate stability and institutional credibility.,rounds[16].agents[14].punishment_reasoning
RB-16-A15-contribution,16,15,SFI,contribution,0,1,0,,0.0177138111767392,,Choosing a moderate contribution based on past behavior and marginal return to me per unit contributed.,rounds[16].agents[15].contribution_reasoning
RB-16-A15-belief_strategy,16,15,SFI,belief_strategy,0,1,0,,0.0177138111767392,,"Most peers follow SI, except for SFI agents.",rounds[16].agents[15].belief_state.institutional_strategy
RB-16-A15-belief_observations,16,15,SFI,belief_observations,0,1,0,,0.0177138111767392,,"High contributors are mostly from SI, while SFI agents contribute little.",rounds[16].agents[15].belief_state.observations
RB-16-A17-contribution,16,17,SFI,contribution,0,1,0,,0.3548356592492668,,"My contribution is based on my past contributions and recent institution choices, which suggest a consistent level of cooperation.",rounds[16].agents[17].contribution_reasoning
RB-16-A17-belief_strategy,16,17,SFI,belief_strategy,0,1,0,,0.3548356592492668,,Most contributors are from the SI institution.,rounds[16].agents[17].belief_state.institutional_strategy
RB-16-A17-belief_observations,16,17,SFI,belief_observations,0,1,0,,0.3548356592492668,,High contributors are mostly from the SI institution.,rounds[16].agents[17].belief_state.observations
RB-16-A18-punishment,16,18,SI,punishment,0,0,0,,0.159596530573666,opportunistic,"Punished free-riders, rewarded agents with high contributions.",rounds[16].agents[18].punishment_reasoning
RB-16-A19-punishment,16,19,SI,punishment,0,0,0,,0.2457899334605848,opportunistic,Punished free-riders and rewarded peers who demonstrated cooperative behavior.,rounds[16].agents[19].punishment_reasoning
RB-16-A20-punishment,16,20,SI,punishment,0,0,0,,0.2626389335664464,future_rounds|opportunistic,Punishing free-riders while rewarding high contributors to maintain cooperation and long-term climate stability.,rounds[16].agents[20].punishment_reasoning
RB-16-A21-punishment,16,21,SI,punishment,0,0,0,,0.2418785055852425,opportunistic,I punished free-riders who contributed below the group average and rewarded generous contributors who exceeded the group average.,rounds[16].agents[21].punishment_reasoning
RB-16-A22-punishment,16,22,SI,punishment,0,0,0,,0.0,opportunistic,"Punished free-riders and defectors, rewarded high contributors.",rounds[16].agents[22].punishment_reasoning
RB-16-A23-contribution,16,23,SFI,contribution,0,1,0,,2.6513112817461364,,"I'm choosing to contribute significantly, following my institution's pattern and aiming for a moderate contribution that balances immediate needs with long-run cooperation incentives.",rounds[16].agents[23].contribution_reasoning
RB-16-A23-belief_strategy,16,23,SFI,belief_strategy,0,1,0,,2.6513112817461364,,Most peers contribute highly in SI institutions.,rounds[16].agents[23].belief_state.institutional_strategy
RB-16-A23-belief_observations,16,23,SFI,belief_observations,0,1,0,,2.6513112817461364,,"High contributors in SI, low contributors in SFI.",rounds[16].agents[23].belief_state.observations
RB-16-A24-contribution,16,24,SI,contribution,1,1,1,,0.191581246872551,opportunistic,"Choosing a moderate contribution to balance self-interest and cooperation, considering past peer contributions and institutional strategy.",rounds[16].agents[24].contribution_reasoning
RB-16-A24-punishment,16,24,SI,punishment,1,1,1,,0.191581246872551,opportunistic,Punishing free-riders who contributed below the group average and rewarding generous contributors to maintain credibility and long-run climate stability.,rounds[16].agents[24].punishment_reasoning
RB-16-A24-belief_strategy,16,24,SI,belief_strategy,1,1,1,,0.191581246872551,,"Most peers follow SI, except for low-contributors.",rounds[16].agents[24].belief_state.institutional_strategy
RB-16-A24-belief_observations,16,24,SI,belief_observations,1,1,1,,0.191581246872551,,"High contributors in SI, while some agents deviate.",rounds[16].agents[24].belief_state.observations
RB-16-A25-contribution,16,25,SI,contribution,0,0,0,,0.4310085657676901,opportunistic,"Given my institution's history of high contributions and the current marginal return to me per unit contributed, I choose a high contribution to maximize my cumulative payoff.",rounds[16].agents[25].contribution_reasoning
RB-16-A25-punishment,16,25,SI,punishment,0,0,0,,0.4310085657676901,opportunistic,"Punish free-riders who contributed significantly below the group average, while rewarding cooperators with high contributions.",rounds[16].agents[25].punishment_reasoning
RB-17-A0-punishment,17,0,SI,punishment,0,0,0,,0.4442509133027069,future_rounds|opportunistic,Punished free-riders and rewarded cooperative peers to encourage long-term climate stability and institutional credibility.,rounds[17].agents[0].punishment_reasoning
RB-17-A1-belief_observations,17,1,SFI,belief_observations,0,0,0,,2.707427323273047,named_agents,"Agent 1's contribution was low, while Agent 4 and 20 had high contributions.",rounds[17].agents[1].belief_state.observations
RB-17-A2-contribution,17,2,SFI,contribution,1,1,1,,0.0,,"I choose to contribute zero due to low marginal return and high vulnerability index, aligning with my institution's typical behavior of contributing more when it serves their interests.",rounds[17].agents[2].contribution_reasoning
RB-17-A2-belief_strategy,17,2,SFI,belief_strategy,1,1,1,,0.0,,Most contributors are from institution SI.,rounds[17].agents[2].belief_state.institutional_strategy
RB-17-A2-belief_observations,17,2,SFI,belief_observations,1,1,1,,0.0,,Low contributors were mostly from SFI and SI.,rounds[17].agents[2].belief_state.observations
RB-17-A4-contribution,17,4,SI,contribution,1,1,0,,2.1284100103068693,future_rounds,Maximizing my cumulative payoff requires contributing the maximum amount to take advantage of the high MCPR and ensure a strong position for future rounds.,rounds[17].agents[4].contribution_reasoning
RB-17-A4-punishment,17,4,SI,punishment,1,1,0,,2.1284100103068693,opportunistic,"Punished free-riders, rewarded high contributors who matched their stated intentions.",rounds[17].agents[4].punishment_reasoning
RB-17-A4-belief_strategy,17,4,SI,belief_strategy,1,1,0,,2.1284100103068693,,Most peers follow the Selfish-Institutional strategy.,rounds[17].agents[4].belief_state.institutional_strategy
RB-17-A4-belief_observations,17,4,SI,belief_observations,1,1,0,,2.1284100103068693,named_agents,Agent 2 and Agent 9 are low contributors in a Self-Focused Institution.,rounds[17].agents[4].belief_state.observations
RB-17-A6-contribution,17,6,SI,contribution,0,0,0,,0.1833436456887116,future_rounds|opportunistic,"Contribute a moderate amount to balance self-interest and institutional credibility, while also considering the potential long-term benefits of cooperation.",rounds[17].agents[6].contribution_reasoning
RB-17-A6-punishment,17,6,SI,punishment,0,0,0,,0.1833436456887116,opportunistic,Focusing on free-riders and rewarding high contributors based on current-round data and internal beliefs.,rounds[17].agents[6].punishment_reasoning
RB-17-A7-punishment,17,7,SI,punishment,0,0,0,,0.3593536623057261,fairness|opportunistic,Punishing free-riders and rewarding generous contributors to promote fair cooperation among SI peers.,rounds[17].agents[7].punishment_reasoning
RB-17-A10-contribution,17,10,SFI,contribution,1,1,1,,6.990666984210721e-05,reputation_management|future_rounds,Contribute a minimal amount to maintain reputation and keep options open for future rounds.,rounds[17].agents[10].contribution_reasoning
RB-17-A10-belief_strategy,17,10,SFI,belief_strategy,1,1,1,,6.990666984210721e-05,,"Most peers contribute to SI, but some defect or contribute low amounts to SFI.",rounds[17].agents[10].belief_state.institutional_strategy
RB-17-A10-belief_observations,17,10,SFI,belief_observations,1,1,1,,6.990666984210721e-05,,High contributors to SI are rewarded with large payoffs.,rounds[17].agents[10].belief_state.observations
RB-17-A11-contribution,17,11,SFI,contribution,1,0,1,,0.0866063733550969,,Contribute a significant amount to align with my institution's typical behavior and increase my cumulative payoff.,rounds[17].agents[11].contribution_reasoning
RB-17-A11-belief_strategy,17,11,SFI,belief_strategy,1,0,1,,0.0866063733550969,,Most peers follow SI strategy.,rounds[17].agents[11].belief_state.institutional_strategy
RB-17-A11-belief_observations,17,11,SFI,belief_observations,1,0,1,,0.0866063733550969,,"High contributors in SI, low contributors in SFI.",rounds[17].agents[11].belief_state.observations
RB-17-A13-contribution,17,13,SFI,contribution,0,1,0,,0.0,,I chose to contribute zero due to low marginal return and high vulnerability index.,rounds[17].agents[13].contribution_reasoning
RB-17-A13-belief_strategy,17,13,SFI,belief_strategy,0,1,0,,0.0,,Most contributors are using the Strategy of Iterated Prisoner's Dilemma (SI).,rounds[17].agents[13].belief_state.institutional_strategy
RB-17-A13-belief_observations,17,13,SFI,belief_observations,0,1,0,,0.0,,High contributors have been rewarded with large payoffs.,rounds[17].agents[13].belief_state.observations
RB-17-A14-contribution,17,14,SI,contribution,0,0,0,,0.2255271806551916,opportunistic,"Following my institution's typical behavior of contributing more, I choose a moderate contribution to balance self-interest with cooperation.",rounds[17].agents[14].contribution_reasoning
RB-17-A14-punishment,17,14,SI,punishment,0,0,0,,0.2255271806551916,opportunistic,"Punished free-riders who did not contribute in line with their stated intent or capabilities, while rewarding cooperative and generous peers.",rounds[17].agents[14].punishment_reasoning
RB-17-A16-contribution,17,16,SFI,contribution,1,1,1,,0.8892298010709987,,"Based on my institution's typical behavior and previous contributions, I choose to contribute a significant amount.",rounds[17].agents[16].contribution_reasoning
RB-17-A16-belief_strategy,17,16,SFI,belief_strategy,1,1,1,,0.8892298010709987,,Most peers contribute highly in SI institutions.,rounds[17].agents[16].belief_state.institutional_strategy
RB-17-A16-belief_observations,17,16,SFI,belief_observations,1,1,1,,0.8892298010709987,,"High contributors are mostly in SI, while SFI has low contributors.",rounds[17].agents[16].belief_state.observations
RB-17-A18-punishment,17,18,SI,punishment,0,0,0,,0.1676904021946681,opportunistic,Punished free-riders and rewarded high contributors based on their stated intent and actual contributions.,rounds[17].agents[18].punishment_reasoning
RB-17-A19-contribution,17,19,SI,contribution,0,0,0,,0.0537195412895818,opportunistic,"I'm choosing a moderate contribution to balance between cooperation and self-interest, considering my institution's typical behavior.",rounds[17].agents[19].contribution_reasoning
RB-17-A19-punishment,17,19,SI,punishment,0,0,0,,0.0537195412895818,opportunistic,Targeted free-riders with punishments and rewarded generous contributors.,rounds[17].agents[19].punishment_reasoning
RB-17-A20-punishment,17,20,SI,punishment,0,0,0,,1.5413434943960498,opportunistic,Focused on punishing free-riders and rewarding high contributors based on current-round contributions and stated intent.,rounds[17].agents[20].punishment_reasoning
RB-17-A21-punishment,17,21,SI,punishment,0,0,0,,0.0878928657458713,opportunistic,Punishing free-riders who contributed below the group average and rewarding highly cooperative agents.,rounds[17].agents[21].punishment_reasoning
RB-17-A22-punishment,17,22,SI,punishment,0,0,0,,0.0,opportunistic,Punishing free-riders while rewarding high contributors to maintain the SI strategy.,rounds[17].agents[22].punishment_reasoning
RB-17-A24-contribution,17,24,SI,contribution,0,0,0,,0.0513894330425546,opportunistic,"I'm choosing a moderate contribution to balance between cooperation and self-interest, considering my institution's typical behavior.",rounds[17].agents[24].contribution_reasoning
RB-17-A24-punishment,17,24,SI,punishment,0,0,0,,0.0513894330425546,opportunistic,Punishing free-riders and rewarding high contributors within SI institution.,rounds[17].agents[24].punishment_reasoning
RB-17-A25-contribution,17,25,SI,contribution,0,0,0,,0.2842861174138421,named_agents,"I'm choosing a contribution level similar to Agent 7's, as it aligns with SI institution behavior and maximizes my payoff.",rounds[17].agents[25].contribution_reasoning
RB-17-A25-punishment,17,25,SI,punishment,0,0,0,,0.2842861174138421,fairness|opportunistic,Punishing free-riders and rewarding high contributors to maintain a fair and balanced climate strategy.,rounds[17].agents[25].punishment_reasoning
RB-18-A0-contribution,18,0,SI,contribution,0,0,0,,0.4586201032014833,opportunistic,"I'm choosing a contribution that's similar to my historical average, as it balances self-interest and cooperation.",rounds[18].agents[0].contribution_reasoning
RB-18-A0-punishment,18,0,SI,punishment,0,0,0,,0.4586201032014833,opportunistic,"Punishing free-riders, rewarding generous contributors to global emissions reduction.",rounds[18].agents[0].punishment_reasoning
RB-18-A1-contribution,18,1,SFI,contribution,0,0,0,,0.523363374690105,opportunistic,"To maximize my cumulative payoff, I will contribute a moderate amount that balances immediate resilience needs with long-run cooperation incentives.",rounds[18].agents[1].contribution_reasoning
RB-18-A3-contribution,18,3,SFI,contribution,0,1,0,,1.063288081277821,,"Contributing a moderate amount balances immediate resilience needs with long-run cooperation incentives, considering my institution's typical behavior and previous contributions.",rounds[18].agents[3].contribution_reasoning
RB-18-A3-belief_strategy,18,3,SFI,belief_strategy,0,1,0,,1.063288081277821,,Most contributors used the Selfish-Institution strategy.,rounds[18].agents[3].belief_state.institutional_strategy
RB-18-A3-belief_observations,18,3,SFI,belief_observations,0,1,0,,1.063288081277821,,High contributions were observed in institutions with a SI label.,rounds[18].agents[3].belief_state.observations
RB-18-A4-punishment,18,4,SI,punishment,0,0,0,,0.7073846455196366,opportunistic,"Punishing free-riders who contributed below the group average, while rewarding cooperative agents for their generous contributions.",rounds[18].agents[4].punishment_reasoning
RB-18-A4-belief_observations,18,4,SI,belief_observations,0,0,0,,0.7073846455196366,opportunistic,"High contributors are rewarded, while low contributors and free-riders are penalized.",rounds[18].agents[4].belief_state.observations
RB-18-A5-contribution,18,5,SFI,contribution,1,1,1,,0.0,,"I chose to contribute zero due to low marginal return and high vulnerability index, which makes contributing more than this amount unprofitable.",rounds[18].agents[5].contribution_reasoning
RB-18-A5-belief_strategy,18,5,SFI,belief_strategy,1,1,1,,0.0,,Most peers contribute highly in the SI institution.,rounds[18].agents[5].belief_state.institutional_strategy
RB-18-A5-belief_observations,18,5,SFI,belief_observations,1,1,1,,0.0,,"High contributors dominate in SI, while SFI has low contributors.",rounds[18].agents[5].belief_state.observations
RB-18-A6-punishment,18,6,SI,punishment,0,0,0,,0.0492808495886002,opportunistic,Punished free-riders and rewarded cooperative agents to maintain institutional credibility.,rounds[18].agents[6].punishment_reasoning
RB-18-A7-punishment,18,7,SI,punishment,0,0,0,,0.2929938847361844,opportunistic,Targeted punishments for free-riders and rewards for high contributors.,rounds[18].agents[7].punishment_reasoning
RB-18-A9-contribution,18,9,SFI,contribution,1,1,1,,0.0,,Contribution is zero due to low marginal return and high vulnerability index.,rounds[18].agents[9].contribution_reasoning
RB-18-A9-belief_strategy,18,9,SFI,belief_strategy,1,1,1,,0.0,,Most peers follow the Selfish-Institution strategy.,rounds[18].agents[9].belief_state.institutional_strategy
RB-18-A9-belief_observations,18,9,SFI,belief_observations,1,1,1,,0.0,,High contributors in SI are rewarded with high payoffs.,rounds[18].agents[9].belief_state.observations
RB-18-A11-contribution,18,11,SFI,contribution,1,0,1,,0.0,,"I choose to contribute zero due to low marginal return and high vulnerability index, as indicated by my internal beliefs.",rounds[18].agents[11].contribution_reasoning
RB-18-A11-belief_strategy,18,11,SFI,belief_strategy,1,0,1,,0.0,,Agents in SI contribute maximally.,rounds[18].agents[11].belief_state.institutional_strategy
RB-18-A11-belief_observations,18,11,SFI,belief_observations,1,0,1,,0.0,,"High contributors emerge in SI, while SFI agents contribute minimally.",rounds[18].agents[11].belief_state.observations
RB-18-A14-contribution,18,14,SI,contribution,1,1,1,,0.2290656537146452,,My contribution is based on past behavior and marginal return to me per unit contributed.,rounds[18].agents[14].contribution_reasoning
RB-18-A14-punishment,18,14,SI,punishment,1,1,1,,0.2290656537146452,opportunistic,Punishing free-riders and rewarding generous contributors.,rounds[18].agents[14].punishment_reasoning
RB-18-A14-belief_strategy,18,14,SI,belief_strategy,1,1,1,,0.2290656537146452,,Most contributors used the Strong Institution (SI) strategy.,rounds[18].agents[14].belief_state.institutional_strategy
RB-18-A14-belief_observations,18,14,SI,belief_observations,1,1,1,,0.2290656537146452,,"High contributions were observed from Agents 14, 4, and 22.",rounds[18].agents[14].belief_state.observations
RB-18-A18-contribution,18,18,SI,contribution,0,0,0,,0.0,opportunistic,"Based on previous round data, I expect most SI members to contribute significantly, so contributing zero will allow me to free ride and maintain a high cumulative payoff.",rounds[18].agents[18].contribution_reasoning
RB-18-A18-punishment,18,18,SI,punishment,0,0,0,,0.0,opportunistic,Focused on punishing free-riders and rewarding high contributors to maintain SI norms.,rounds[18].agents[18].punishment_reasoning
RB-18-A19-contribution,18,19,SI,contribution,0,0,0,,0.0448982607790354,opportunistic,"I'm choosing a moderate contribution to balance between cooperation and self-interest, considering my institution's typical behavior.",rounds[18].agents[19].contribution_reasoning
RB-18-A19-punishment,18,19,SI,punishment,0,0,0,,0.0448982607790354,opportunistic,Punishing free-riders and rewarding generous contributors to maintain cooperation and balance individual interests with collective well-being.,rounds[18].agents[19].punishment_reasoning
RB-18-A20-contribution,18,20,SI,contribution,0,0,0,,0.498408526014971,opportunistic,"To maximize my cumulative payoff, I will contribute a moderate amount similar to the previous round's group average.",rounds[18].agents[20].contribution_reasoning
RB-18-A20-punishment,18,20,SI,punishment,0,0,0,,0.498408526014971,opportunistic,"Targeted punishments for free-riders, rewarding high contributors who follow SI strategy.",rounds[18].agents[20].punishment_reasoning
RB-18-A21-punishment,18,21,SI,punishment,0,0,0,,0.08106856028296,future_rounds|opportunistic,"Punishing free-riders, rewarding high contributors for long-term climate stability",rounds[18].agents[21].punishment_reasoning
RB-18-A22-contribution,18,22,SI,contribution,1,1,1,,0.1941943595241572,,"Given my institution's typical behavior and the high marginal return, I choose to contribute a significant amount.",rounds[18].agents[22].contribution_reasoning
RB-18-A22-punishment,18,22,SI,punishment,1,1,1,,0.1941943595241572,fairness|opportunistic,Punishing free-riders and rewarding cooperative peers to maintain a fair environment within our institution.,rounds[18].agents[22].punishment_reasoning
RB-18-A22-belief_strategy,18,22,SI,belief_strategy,1,1,1,,0.1941943595241572,,Most contributors are using the Strategy of Institutions.,rounds[18].agents[22].belief_state.institutional_strategy
RB-18-A22-belief_observations,18,22,SI,belief_observations,1,1,1,,0.1941943595241572,,"High contributions from peers in SI, low contributions from SFI.",rounds[18].agents[22].belief_state.observations
RB-18-A24-contribution,18,24,SI,contribution,0,0,0,,0.1156513135766866,opportunistic,"Choosing a moderate contribution to balance self-interest and cooperation, considering previous rounds' data and internal beliefs.",rounds[18].agents[24].contribution_reasoning
RB-18-A24-punishment,18,24,SI,punishment,0,0,0,,0.1156513135766866,opportunistic,Punish free-riders and reward contributors who significantly exceeded the group average.,rounds[18].agents[24].punishment_reasoning
RB-18-A25-contribution,18,25,SI,contribution,0,0,0,,0.0541698300312593,opportunistic,"To maximize my cumulative payoff, I will contribute a large amount to take advantage of the high marginal return to me per unit contributed.",rounds[18].agents[25].contribution_reasoning
RB-18-A25-punishment,18,25,SI,punishment,0,0,0,,0.0541698300312593,opportunistic,"Focus on punishing free-riders and rewarding generous contributors within the SI institution, maintaining a balance between punishment and reward.",rounds[18].agents[25].punishment_reasoning
RB-19-A0-contribution,19,0,SI,contribution,0,0,0,,1.8641734609613363,opportunistic,"I choose to contribute my full budget as I am a developed country with high fiscal capacity and historically higher emissions, and contributing fully will maximize my cumulative payoff while also demonstrating cooperation.",rounds[19].agents[0].contribution_reasoning
RB-19-A0-punishment,19,0,SI,punishment,0,0,0,,1.8641734609613363,opportunistic,"Punished free-riders, rewarded high contributors and generous members.",rounds[19].agents[0].punishment_reasoning
RB-19-A0-belief_strategy,19,0,SI,belief_strategy,0,0,0,,1.8641734609613363,opportunistic,Most peers follow a self-interested strategy.,rounds[19].agents[0].belief_state.institutional_strategy
RB-19-A2-contribution,19,2,SFI,contribution,1,1,1,,0.0,,"The marginal return to me per unit contributed is low, and contributing zero aligns with my previous behavior.",rounds[19].agents[2].contribution_reasoning
RB-19-A2-belief_strategy,19,2,SFI,belief_strategy,1,1,1,,0.0,,Most contributors are from the same institution.,rounds[19].agents[2].belief_state.institutional_strategy
RB-19-A2-belief_observations,19,2,SFI,belief_observations,1,1,1,,0.0,,High contributions were observed in this round.,rounds[19].agents[2].belief_state.observations
RB-19-A4-punishment,19,4,SI,punishment,0,0,0,,0.2001887435527063,opportunistic,Punishing free-riders and rewarding high contributors to maintain institutional credibility and cooperation.,rounds[19].agents[4].punishment_reasoning
RB-19-A6-contribution,19,6,SI,contribution,0,0,0,,0.1350490065970188,opportunistic,"To maximize my cumulative payoff, I will contribute a significant amount to take advantage of the high MCPR while also considering my institution's historical contributions and the current group average.",rounds[19].agents[6].contribution_reasoning
RB-19-A6-punishment,19,6,SI,punishment,0,0,0,,0.1350490065970188,opportunistic,Punishing free-riders while rewarding cooperative and generous contributors maximizes my cumulative payoff in this round.,rounds[19].agents[6].punishment_reasoning
RB-19-A7-contribution,19,7,SI,contribution,0,1,0,,0.3500059184600787,,"Following my institution's strategy and past contributions, I choose to contribute a significant amount to demonstrate commitment and maximize cumulative payoff.",rounds[19].agents[7].contribution_reasoning
RB-19-A7-punishment,19,7,SI,punishment,0,1,0,,0.3500059184600787,opportunistic,Punishing free-riders and rewarding contributors who balance self-interest with cooperation.,rounds[19].agents[7].punishment_reasoning
RB-19-A7-belief_strategy,19,7,SI,belief_strategy,0,1,0,,0.3500059184600787,,Most peers follow SI strategy.,rounds[19].agents[7].belief_state.institutional_strategy
RB-19-A7-belief_observations,19,7,SI,belief_observations,0,1,0,,0.3500059184600787,,High contributors are mostly following SI.,rounds[19].agents[7].belief_state.observations
RB-19-A9-contribution,19,9,SFI,contribution,1,0,1,,0.0,,Low marginal return and high vulnerability index make contributing zero the optimal choice.,rounds[19].agents[9].contribution_reasoning
RB-19-A9-belief_strategy,19,9,SFI,belief_strategy,1,0,1,,0.0,,Most contributors are from the SI institution.,rounds[19].agents[9].belief_state.institutional_strategy
RB-19-A9-belief_observations,19,9,SFI,belief_observations,1,0,1,,0.0,,High contributions were observed in the SI institution.,rounds[19].agents[9].belief_state.observations
RB-19-A12-contribution,19,12,SFI,contribution,0,1,0,,0.2033605631277275,,Contribute a moderate amount based on past contributions and institutional strategy.,rounds[19].agents[12].contribution_reasoning
RB-19-A12-belief_strategy,19,12,SFI,belief_strategy,0,1,0,,0.2033605631277275,,Most peers follow the SFI strategy.,rounds[19].agents[12].belief_state.institutional_strategy
RB-19-A12-belief_observations,19,12,SFI,belief_observations,0,1,0,,0.2033605631277275,,High contributors are mostly from the SI institution.,rounds[19].agents[12].belief_state.observations
RB-19-A13-contribution,19,13,SFI,contribution,1,1,1,,0.2963374611758766,,I'm choosing a moderate contribution to balance my immediate needs with long-run cooperation incentives.,rounds[19].agents[13].contribution_reasoning
RB-19-A13-belief_strategy,19,13,SFI,belief_strategy,1,1,1,,0.2963374611758766,,Most peers follow the SI strategy.,rounds[19].agents[13].belief_state.institutional_strategy
RB-19-A13-belief_observations,19,13,SFI,belief_observations,1,1,1,,0.2963374611758766,,"High contributors are mostly from SI, while low contributors and defectors are from SFI.",rounds[19].agents[13].belief_state.observations
RB-19-A14-contribution,19,14,SI,contribution,0,0,0,,0.0388348223286412,opportunistic,"To maximize my cumulative payoff, I will contribute a moderate amount to balance self-interest and cooperation.",rounds[19].agents[14].contribution_reasoning
RB-19-A14-punishment,19,14,SI,punishment,0,0,0,,0.0388348223286412,fairness|opportunistic,Punishing free-riders and rewarding cooperative agents to maintain a fair balance in the institution's contributions.,rounds[19].agents[14].punishment_reasoning
RB-19-A15-belief_observations,19,15,SFI,belief_observations,0,0,0,,0.7349887421774357,named_agents,"Agent 1, 2, 5, 9, and 11 are low contributors",rounds[19].agents[15].belief_state.observations
RB-19-A18-punishment,19,18,SI,punishment,0,0,0,,0.0538813391785285,opportunistic,Punishing free-riders and rewarding high contributors to encourage cooperation and punish non-cooperative behavior.,rounds[19].agents[18].punishment_reasoning
RB-19-A19-punishment,19,19,SI,punishment,0,0,0,,0.2252768783721059,opportunistic,Punishing free-riders and rewarding high contributors to maintain cooperation within our institution.,rounds[19].agents[19].punishment_reasoning
RB-19-A19-belief_observations,19,19,SI,belief_observations,0,0,0,,0.2252768783721059,named_agents,High-contrib agents in SI are Agent 7 and others.,rounds[19].agents[19].belief_state.observations
RB-19-A20-punishment,19,20,SI,punishment,0,0,0,,0.4799521445055333,opportunistic,Punishing free-riders and rewarding high contributors to maximize cumulative payoff.,rounds[19].agents[20].punishment_reasoning
RB-19-A21-punishment,19,21,SI,punishment,0,0,0,,0.0,opportunistic,Focusing on free-riders and rewarding high contributors to maintain cooperation and stability within the institution.,rounds[19].agents[21].punishment_reasoning
RB-19-A22-contribution,19,22,SI,contribution,1,0,1,,0.0,reputation_management|opportunistic,"Based on previous round data and internal beliefs, I expect other developed countries to contribute significantly, so contributing $0 allows me to free ride while still maintaining a good reputation.",rounds[19].agents[22].contribution_reasoning
RB-19-A22-punishment,19,22,SI,punishment,1,0,1,,0.0,opportunistic,Punishing free-riders and rewarding high contributors to encourage cooperation and responsible behavior.,rounds[19].agents[22].punishment_reasoning
RB-19-A22-belief_strategy,19,22,SI,belief_strategy,1,0,1,,0.0,,"Most peers follow SI, but some deviate.",rounds[19].agents[22].belief_state.institutional_strategy
RB-19-A22-belief_observations,19,22,SI,belief_observations,1,0,1,,0.0,,High contributors in SI are rewarded with high payoffs.,rounds[19].agents[22].belief_state.observations
RB-19-A23-contribution,19,23,SFI,contribution,0,1,0,,0.039620884666308,,"I'm choosing a contribution that balances my immediate needs with long-run cooperation incentives, considering the high marginal return to me per unit contributed and the group size.",rounds[19].agents[23].contribution_reasoning
RB-19-A23-belief_strategy,19,23,SFI,belief_strategy,0,1,0,,0.039620884666308,,"Most peers use SI, but some contribute highly in SFI.",rounds[19].agents[23].belief_state.institutional_strategy
RB-19-A23-belief_observations,19,23,SFI,belief_observations,0,1,0,,0.039620884666308,,"High contributors are mostly from SI, while low contributors are from SFI.",rounds[19].agents[23].belief_state.observations
RB-19-A24-punishment,19,24,SI,punishment,0,0,0,,0.124975118886801,opportunistic,"Punishing free-riders who contributed significantly below the group average, while rewarding generous contributors.",rounds[19].agents[24].punishment_reasoning
RB-19-A25-contribution,19,25,SI,contribution,0,0,0,,0.1519656782113317,opportunistic,"To maximize my cumulative payoff, I will contribute a moderate amount similar to the previous round's group average.",rounds[19].agents[25].contribution_reasoning
RB-19-A25-punishment,19,25,SI,punishment,0,0,0,,0.1519656782113317,opportunistic,"Targeted punishments to address free-riding, while rewarding high contributors for cooperation.",rounds[19].agents[25].punishment_reasoning
RB-20-A0-contribution,20,0,SI,contribution,0,0,0,,0.4900211255900669,opportunistic,"My contribution is equal to the previous round's group average, as I want to maintain consistency and avoid being a free-rider.",rounds[20].agents[0].contribution_reasoning
RB-20-A0-punishment,20,0,SI,punishment,0,0,0,,0.4900211255900669,future_rounds|opportunistic,I targeted free-riders and rewarded cooperative members to maintain institutional credibility and promote long-term climate stability.,rounds[20].agents[0].punishment_reasoning
RB-20-A0-belief_strategy,20,0,SI,belief_strategy,0,0,0,,0.4900211255900669,opportunistic,Most peers follow a self-interest (SI) strategy.,rounds[20].agents[0].belief_state.institutional_strategy
RB-20-A0-belief_observations,20,0,SI,belief_observations,0,0,0,,0.4900211255900669,named_agents,"Agent 0's payoff is lower than expected, while Agent 14 and others have high contributions.",rounds[20].agents[0].belief_state.observations
RB-20-A1-contribution,20,1,SFI,contribution,0,0,0,,0.8578839214133089,opportunistic,"Given my high vulnerability index and low marginal return, contributing the maximum amount is optimal to maximize my payoff.",rounds[20].agents[1].contribution_reasoning
RB-20-A2-contribution,20,2,SFI,contribution,1,0,1,,4.651415538926543,opportunistic,Contributing the maximum amount is optimal due to the high MCPR and no free-rider incentives.,rounds[20].agents[2].contribution_reasoning
RB-20-A2-belief_strategy,20,2,SFI,belief_strategy,1,0,1,,4.651415538926543,opportunistic,"Most peers contribute highly in SI, except for a few free-riders.",rounds[20].agents[2].belief_state.institutional_strategy
RB-20-A2-belief_observations,20,2,SFI,belief_observations,1,0,1,,4.651415538926543,,"High contributors are rewarded with high contributions, while low contributors receive nothing.",rounds[20].agents[2].belief_state.observations
RB-20-A4-punishment,20,4,SI,punishment,0,0,0,,0.1413382968407449,opportunistic,"Punishing free-riders who contributed below the group average or did not contribute, while rewarding generous contributors.",rounds[20].agents[4].punishment_reasoning
RB-20-A5-contribution,20,5,SFI,contribution,1,1,1,,0.0,,"The marginal return to me per unit contributed is low, and I prioritize immediate resilience needs.",rounds[20].agents[5].contribution_reasoning
RB-20-A5-belief_strategy,20,5,SFI,belief_strategy,1,1,1,,0.0,,Most peers follow the SI strategy.,rounds[20].agents[5].belief_state.institutional_strategy
RB-20-A5-belief_observations,20,5,SFI,belief_observations,1,1,1,,0.0,,"High contributors in SI, low contributors in SFI.",rounds[20].agents[5].belief_state.observations
RB-20-A6-punishment,20,6,SI,punishment,0,0,0,,0.0,opportunistic,"Punish free-riders with significant budget, reward generous contributors and cooperators.",rounds[20].agents[6].punishment_reasoning
RB-20-A7-punishment,20,7,SI,punishment,0,0,0,,0.4155960188237599,opportunistic,I targeted free-riders below the group average and rewarded cooperators.,rounds[20].agents[7].punishment_reasoning
RB-20-A8-contribution,20,8,SFI,contribution,0,0,0,,0.0058760649853657,conformity,My contribution is based on my past behavior and previous round's group average contribution.,rounds[20].agents[8].contribution_reasoning
RB-20-A8-belief_observations,20,8,SFI,belief_observations,0,0,0,,0.0058760649853657,named_agents,"Agent 5, 6, 9, and 16 have not contributed at all this round.",rounds[20].agents[8].belief_state.observations
RB-20-A9-contribution,20,9,SFI,contribution,1,0,1,,0.0,,Contribution is zero due to low marginal return and high vulnerability index.,rounds[20].agents[9].contribution_reasoning
RB-20-A9-belief_strategy,20,9,SFI,belief_strategy,1,0,1,,0.0,,Most peers contribute highly in the SI institution.,rounds[20].agents[9].belief_state.institutional_strategy
RB-20-A9-belief_observations,20,9,SFI,belief_observations,1,0,1,,0.0,named_agents,Agent 9 contributed significantly to the SFI institution.,rounds[20].agents[9].belief_state.observations
RB-20-A11-contribution,20,11,SFI,contribution,1,1,1,,0.0613046866925023,,Contribute a positive amount to balance immediate resilience needs while considering long-run cooperation incentives.,rounds[20].agents[11].contribution_reasoning
RB-20-A11-belief_strategy,20,11,SFI,belief_strategy,1,1,1,,0.0613046866925023,named_agents,"Most peers follow SI, except Agent 5 and 9 who use SFI.",rounds[20].agents[11].belief_state.institutional_strategy
RB-20-A11-belief_observations,20,11,SFI,belief_observations,1,1,1,,0.0613046866925023,named_agents,Agent 11 contributed significantly this round.,rounds[20].agents[11].belief_state.observations
RB-20-A12-contribution,20,12,SFI,contribution,1,1,1,,0.1296966131267313,,"Contributing a significant amount aligns with my institution's (SFI) recent history of high contributions, which has been a successful strategy.",rounds[20].agents[12].contribution_reasoning
RB-20-A12-belief_strategy,20,12,SFI,belief_strategy,1,1,1,,0.1296966131267313,,"Most peers contribute moderately, except for a few high and low contributors.",rounds[20].agents[12].belief_state.institutional_strategy
RB-20-A12-belief_observations,20,12,SFI,belief_observations,1,1,1,,0.1296966131267313,,High contributions are mostly seen in the SI institution.,rounds[20].agents[12].belief_state.observations
RB-20-A14-punishment,20,14,SI,punishment,0,0,0,,0.075480015745101,future_rounds|opportunistic,Punishing free-riders and rewarding cooperative agents to maintain credibility and long-term climate stability,rounds[20].agents[14].punishment_reasoning
RB-20-A16-contribution,20,16,SFI,contribution,1,1,0,,0.0,,"I choose to contribute zero due to low marginal return and high vulnerability index, aligning with my previous behavior.",rounds[20].agents[16].contribution_reasoning
RB-20-A16-belief_strategy,20,16,SFI,belief_strategy,1,1,0,,0.0,named_agents,"Most peers follow SI, except Agent 5 and 9 who follow SFI.",rounds[20].agents[16].belief_state.institutional_strategy
RB-20-A16-belief_observations,20,16,SFI,belief_observations,1,1,0,,0.0,,"High contributors are mostly from SI, while low contributors are from SFI.",rounds[20].agents[16].belief_state.observations
RB-20-A17-contribution,20,17,SFI,contribution,1,1,0,,0.2695445190509445,,"The marginal return to me per unit contributed is low, but I'm choosing a moderate contribution to balance immediate needs with long-run cooperation incentives.",rounds[20].agents[17].contribution_reasoning
RB-20-A17-belief_strategy,20,17,SFI,belief_strategy,1,1,0,,0.2695445190509445,,"Most peers contribute moderately, except for a few high and low contributors.",rounds[20].agents[17].belief_state.institutional_strategy
RB-20-A17-belief_observations,20,17,SFI,belief_observations,1,1,0,,0.2695445190509445,,"High contributions from agents 7, 0, 14, 22, and 24.",rounds[20].agents[17].belief_state.observations
RB-20-A18-contribution,20,18,SI,contribution,1,1,0,,0.0515720617138043,,"Given my institution's historical strategy and the marginal return to me per unit contributed, I choose a moderate contribution.",rounds[20].agents[18].contribution_reasoning
RB-20-A18-punishment,20,18,SI,punishment,1,1,0,,0.0515720617138043,future_rounds|opportunistic,I punished free-riders and rewarded cooperative peers to maintain credibility and long-term climate stability.,rounds[20].agents[18].punishment_reasoning
RB-20-A18-belief_strategy,20,18,SI,belief_strategy,1,1,0,,0.0515720617138043,,Most peers follow the Standard Institutional (SI) strategy.,rounds[20].agents[18].belief_state.institutional_strategy
RB-20-A18-belief_observations,20,18,SI,belief_observations,1,1,0,,0.0515720617138043,,"High contributors in SI are rewarded, while low contributors in Selfish Institutional Framework (SFI) are penalized.",rounds[20].agents[18].belief_state.observations
RB-20-A19-punishment,20,19,SI,punishment,0,0,0,,0.0639891823994918,opportunistic,Punished free-riders and rewarded high contributors in SI.,rounds[20].agents[19].punishment_reasoning
RB-20-A20-contribution,20,20,SI,contribution,0,0,0,,0.095104579338183,punishment_avoidance,Maximizing cumulative payoff requires a high contribution to benefit from the MCPR and avoid punishment effects.,rounds[20].agents[20].contribution_reasoning
RB-20-A20-punishment,20,20,SI,punishment,0,0,0,,0.095104579338183,opportunistic,Punish free-riders and reward contributors who exceeded or matched the group average.,rounds[20].agents[20].punishment_reasoning
RB-20-A21-punishment,20,21,SI,punishment,0,0,0,,0.0486397231910845,opportunistic,Punish free-riders (below group average) while rewarding high contributors with cooperative intent or significant contributions.,rounds[20].agents[21].punishment_reasoning
RB-20-A22-punishment,20,22,SI,punishment,0,0,0,,0.0636623443104557,opportunistic,Punishing free-riders and rewarding high contributors in SI while considering past contributions and stated intentions.,rounds[20].agents[22].punishment_reasoning
RB-20-A23-belief_observations,20,23,SFI,belief_observations,0,0,0,,0.2888544817351224,named_agents,Agent 23 contributed significantly to the SFI institution.,rounds[20].agents[23].belief_state.observations
RB-20-A24-punishment,20,24,SI,punishment,0,0,0,,0.0821771082906038,opportunistic,Punishing free-riders and rewarding cooperative agents to maintain credibility and trust within the SI institution.,rounds[20].agents[24].punishment_reasoning
RB-20-A25-punishment,20,25,SI,punishment,0,0,0,,0.0,opportunistic,I'm focusing on punishing free-riders and rewarding contributors who have consistently followed the SI strategy.,rounds[20].agents[25].punishment_reasoning
RB-21-A0-punishment,21,0,SI,punishment,0,0,0,,0.1779055455564493,opportunistic,Focused on punishing free-riders and rewarding high contributors. Budgeted for both punishment and reward amounts to ensure total spend is within the limit.,rounds[21].agents[0].punishment_reasoning
RB-21-A0-belief_strategy,21,0,SI,belief_strategy,0,0,0,,0.1779055455564493,opportunistic,Most peers follow a self-interested strategy (SI) with varying contribution levels.,rounds[21].agents[0].belief_state.institutional_strategy
RB-21-A1-contribution,21,1,SFI,contribution,1,1,1,,0.1157854919865489,,My contribution is based on the MCPR of 0.1143 and my institution's typical behavior.,rounds[21].agents[1].contribution_reasoning
RB-21-A1-belief_strategy,21,1,SFI,belief_strategy,1,1,1,,0.1157854919865489,named_agents,"Most peers follow SI, except Agent 1 who follows SFI.",rounds[21].agents[1].belief_state.institutional_strategy
RB-21-A1-belief_observations,21,1,SFI,belief_observations,1,1,1,,0.1157854919865489,,"High contributors are mostly from SI, while low contributors are mostly from SFI.",rounds[21].agents[1].belief_state.observations
RB-21-A2-contribution,21,2,SFI,contribution,1,0,1,,0.6301806378865628,,Contribute maximum to maximize cumulative payoff and take advantage of high MCPR.,rounds[21].agents[2].contribution_reasoning
RB-21-A2-belief_strategy,21,2,SFI,belief_strategy,1,0,1,,0.6301806378865628,opportunistic,"Most peers contribute highly in SI, except for a few free-riders.",rounds[21].agents[2].belief_state.institutional_strategy
RB-21-A2-belief_observations,21,2,SFI,belief_observations,1,0,1,,0.6301806378865628,,"High contributors are rewarded with high contributions, while low contributors receive nothing.",rounds[21].agents[2].belief_state.observations
RB-21-A4-punishment,21,4,SI,punishment,0,0,0,,0.1342766577676214,opportunistic,Punished free-riders and rewarded high contributors in SI institution.,rounds[21].agents[4].punishment_reasoning
RB-21-A5-contribution,21,5,SFI,contribution,1,0,1,,0.2521499231802925,,"Contributing a moderate amount to balance immediate resilience needs and long-run cooperation incentives, considering my institution's typical behavior and MCPR.",rounds[21].agents[5].contribution_reasoning
RB-21-A5-belief_strategy,21,5,SFI,belief_strategy,1,0,1,,0.2521499231802925,,Most peers follow the SI strategy.,rounds[21].agents[5].belief_state.institutional_strategy
RB-21-A5-belief_observations,21,5,SFI,belief_observations,1,0,1,,0.2521499231802925,,"High contributors in SI, low contributors in SFI.",rounds[21].agents[5].belief_state.observations
RB-21-A6-contribution,21,6,SI,contribution,0,0,0,,0.0,opportunistic,Low marginal return and high vulnerability index make contributing zero a self-interested choice.,rounds[21].agents[6].contribution_reasoning
RB-21-A6-punishment,21,6,SI,punishment,0,0,0,,0.0,opportunistic,Targeted free-riders and rewarded generous contributors.,rounds[21].agents[6].punishment_reasoning
RB-21-A7-punishment,21,7,SI,punishment,0,0,0,,2.081195899377632,opportunistic,Punishing free-riders and rewarding high contributors in SI.,rounds[21].agents[7].punishment_reasoning
RB-21-A7-belief_observations,21,7,SI,belief_observations,0,0,0,,2.081195899377632,opportunistic,Low contributors and free-riders are present in the population.,rounds[21].agents[7].belief_state.observations
RB-21-A8-belief_observations,21,8,SFI,belief_observations,0,0,0,,0.0045909329031183,named_agents,Agent 8 has high contributions and follows SFI.,rounds[21].agents[8].belief_state.observations
RB-21-A9-contribution,21,9,SFI,contribution,1,0,1,,1.0054478554604471,,"I'm choosing a moderate contribution to balance immediate resilience needs and long-run cooperation incentives, considering my institution's history of high contributions.",rounds[21].agents[9].contribution_reasoning
RB-21-A9-belief_strategy,21,9,SFI,belief_strategy,1,0,1,,1.0054478554604471,,Most contributors use the SI strategy.,rounds[21].agents[9].belief_state.institutional_strategy
RB-21-A9-belief_observations,21,9,SFI,belief_observations,1,0,1,,1.0054478554604471,,High contributors are mostly using the SI strategy.,rounds[21].agents[9].belief_state.observations
RB-21-A10-contribution,21,10,SFI,contribution,0,0,0,,0.0288698927000597,punishment_avoidance,"I'm choosing to contribute my Stage 2 budget as it is the maximum I can afford without going into debt, and it will also help me avoid any potential punishment effects.",rounds[21].agents[10].contribution_reasoning
RB-21-A11-contribution,21,11,SFI,contribution,1,0,1,,0.8181048147567369,,"I'm choosing a moderate contribution to balance immediate resilience needs and long-run cooperation incentives, considering my institution's historical behavior and the current decision card.",rounds[21].agents[11].contribution_reasoning
RB-21-A11-belief_strategy,21,11,SFI,belief_strategy,1,0,1,,0.8181048147567369,,"Most contributors are from SI, but some SFI agents deviate.",rounds[21].agents[11].belief_state.institutional_strategy
RB-21-A11-belief_observations,21,11,SFI,belief_observations,1,0,1,,0.8181048147567369,,High contributions from Agents 24 and 7 in SI institutions.,rounds[21].agents[11].belief_state.observations
RB-21-A14-contribution,21,14,SI,contribution,0,0,0,,0.183605597352944,opportunistic,"To maximize my cumulative payoff, I will contribute a moderate amount to take advantage of the MCPR and maintain a consistent level of contribution.",rounds[21].agents[14].contribution_reasoning
RB-21-A14-punishment,21,14,SI,punishment,0,0,0,,0.183605597352944,opportunistic,Punished free-riders and rewarded generous contributors to encourage cooperation within our institution.,rounds[21].agents[14].punishment_reasoning
RB-21-A18-contribution,21,18,SI,contribution,0,0,0,,0.0524821813009098,conformity,"The previous round's group average contribution was around 17 billion USD, and I am choosing to contribute a similar amount to maintain consistency with the group.",rounds[21].agents[18].contribution_reasoning
RB-21-A18-punishment,21,18,SI,punishment,0,0,0,,0.0524821813009098,reputation_management|gossip_reference|opportunistic,"Punishing free-riders and rewarding consistent contributors based on current-round contributions and per-target trust scores, internal beliefs, and gossip.",rounds[21].agents[18].punishment_reasoning
RB-21-A19-punishment,21,19,SI,punishment,0,0,0,,0.0542033074088734,opportunistic,Targeted free-riders (below group average) for punishment and generous contributors for rewards based on current-round data.,rounds[21].agents[19].punishment_reasoning
RB-21-A20-contribution,21,20,SI,contribution,0,0,0,,0.123155929685905,conformity,Following the group average contribution from previous rounds to maximize cumulative payoff.,rounds[21].agents[20].contribution_reasoning
RB-21-A20-punishment,21,20,SI,punishment,0,0,0,,0.123155929685905,opportunistic,"Punished free-riders who contributed below the group average or had inconsistent stated intent, rewarded high contributors who followed the SI strategy.",rounds[21].agents[20].punishment_reasoning
RB-21-A21-contribution,21,21,SI,contribution,1,1,0,,0.0427702992960063,opportunistic,"My contribution is based on a balance between self-interest and cooperation, considering my historical emissions index and the institutional strategy of SI.",rounds[21].agents[21].contribution_reasoning
RB-21-A21-punishment,21,21,SI,punishment,1,1,0,,0.0427702992960063,opportunistic,Punished free-riders and rewarded high contributors who matched their stated intentions.,rounds[21].agents[21].punishment_reasoning
RB-21-A21-belief_strategy,21,21,SI,belief_strategy,1,1,0,,0.0427702992960063,,"Most peers follow SI, but some deviate.",rounds[21].agents[21].belief_state.institutional_strategy
RB-21-A21-belief_observations,21,21,SI,belief_observations,1,1,0,,0.0427702992960063,,Some high contributors and low contributors observed.,rounds[21].agents[21].belief_state.observations
RB-21-A22-contribution,21,22,SI,contribution,1,1,0,,0.0420794835279844,,"Based on my institution's historical strategy and previous contributions, I choose a moderate contribution to maintain credibility while also considering the current budget.",rounds[21].agents[22].contribution_reasoning
RB-21-A22-punishment,21,22,SI,punishment,1,1,0,,0.0420794835279844,opportunistic,"Punishing free-riders who contributed below the group average or had inconsistent stated intent, while rewarding high contributors who follow the SI strategy.",rounds[21].agents[22].punishment_reasoning
RB-21-A22-belief_strategy,21,22,SI,belief_strategy,1,1,0,,0.0420794835279844,,Most contributors follow the SI strategy.,rounds[21].agents[22].belief_state.institutional_strategy
RB-21-A22-belief_observations,21,22,SI,belief_observations,1,1,0,,0.0420794835279844,,"High contributors are mostly from SI, while low contributors are mostly from SFI.",rounds[21].agents[22].belief_state.observations
RB-21-A24-punishment,21,24,SI,punishment,0,0,0,,0.6964199730106493,opportunistic,Punish free-riders and reward those who consistently contribute significantly. This strategy aims to maintain a high contribution level within the SI institution by addressing those who do not meet expectations.,rounds[21].agents[24].punishment_reasoning
RB-21-A25-contribution,21,25,SI,contribution,0,0,0,,0.0746960979544231,opportunistic,"To maximize my cumulative payoff, I will contribute a significant amount to take advantage of the high MCPR and demonstrate cooperation as a developed country.",rounds[21].agents[25].contribution_reasoning
RB-21-A25-punishment,21,25,SI,punishment,0,0,0,,0.0746960979544231,opportunistic,"Punishing free-riders from SI, while rewarding high contributors for their generosity and consistency.",rounds[21].agents[25].punishment_reasoning
RB-22-A0-punishment,22,0,SI,punishment,0,0,0,,2.1428769195226645,opportunistic,Punish free-riders and reward high contributors based on their actions and stated intent.,rounds[22].agents[0].punishment_reasoning
RB-22-A3-contribution,22,3,SFI,contribution,0,1,0,,0.3609976018138554,,Choosing a moderate contribution to balance immediate resilience needs with long-run cooperation incentives.,rounds[22].agents[3].contribution_reasoning
RB-22-A3-belief_strategy,22,3,SFI,belief_strategy,0,1,0,,0.3609976018138554,,High contributors are rewarded in institution SI.,rounds[22].agents[3].belief_state.institutional_strategy
RB-22-A3-belief_observations,22,3,SFI,belief_observations,0,1,0,,0.3609976018138554,named_agents,Agent 5 and others with low contributions were observed.,rounds[22].agents[3].belief_state.observations
RB-22-A4-punishment,22,4,SI,punishment,0,0,0,,0.1861526703302093,opportunistic,Punishing free-riders and rewarding generous contributors to maintain cooperation.,rounds[22].agents[4].punishment_reasoning
RB-22-A5-contribution,22,5,SFI,contribution,1,0,1,,0.0,,I choose to contribute zero due to low marginal return and high vulnerability index.,rounds[22].agents[5].contribution_reasoning
RB-22-A5-belief_strategy,22,5,SFI,belief_strategy,1,0,1,,0.0,,Most peers contribute highly in the Standard Institutional setting.,rounds[22].agents[5].belief_state.institutional_strategy
RB-22-A5-belief_observations,22,5,SFI,belief_observations,1,0,1,,0.0,,"High contributors in SI, low contributors in SFI.",rounds[22].agents[5].belief_state.observations
RB-22-A6-contribution,22,6,SI,contribution,1,1,1,,0.0449109750311184,opportunistic,"Contribute a moderate amount to balance self-interest and institutional credibility, given the high marginal return and significant wealth.",rounds[22].agents[6].contribution_reasoning
RB-22-A6-punishment,22,6,SI,punishment,1,1,1,,0.0449109750311184,opportunistic,"Punish free-riders who did not match their stated intent with actual contribution, and reward generous contributors who consistently exceed group averages.",rounds[22].agents[6].punishment_reasoning
RB-22-A6-belief_strategy,22,6,SI,belief_strategy,1,1,1,,0.0449109750311184,,Most peers follow the SI strategy.,rounds[22].agents[6].belief_state.institutional_strategy
RB-22-A6-belief_observations,22,6,SI,belief_observations,1,1,1,,0.0449109750311184,,High contributors are mostly following the SI strategy.,rounds[22].agents[6].belief_state.observations
RB-22-A7-contribution,22,7,SI,contribution,0,0,0,,1.366109843526861,opportunistic,Maximizing my cumulative payoff requires contributing the maximum allowed to maximize my MCPR.,rounds[22].agents[7].contribution_reasoning
RB-22-A7-punishment,22,7,SI,punishment,0,0,0,,1.366109843526861,opportunistic,Punished free-riders and rewarded cooperative agents based on contributions and stated intent.,rounds[22].agents[7].punishment_reasoning
RB-22-A7-belief_strategy,22,7,SI,belief_strategy,0,0,0,,1.366109843526861,fairness,Most peers follow a strategy of institutional interaction (SI) or strict fairness institution (SFI).,rounds[22].agents[7].belief_state.institutional_strategy
RB-22-A9-contribution,22,9,SFI,contribution,1,0,1,,0.597475049339889,,"I'm choosing a moderate contribution to balance immediate resilience needs with long-run cooperation incentives, considering my institution's strategy and past contributions.",rounds[22].agents[9].contribution_reasoning
RB-22-A9-belief_strategy,22,9,SFI,belief_strategy,1,0,1,,0.597475049339889,,"Most peers follow SI, except for a few deviants.",rounds[22].agents[9].belief_state.institutional_strategy
RB-22-A9-belief_observations,22,9,SFI,belief_observations,1,0,1,,0.597475049339889,,"High-contributors are mostly from SI, while low-contributors are from SFI.",rounds[22].agents[9].belief_state.observations
RB-22-A13-contribution,22,13,SFI,contribution,0,0,0,,0.0,future_rounds,I choose to contribute zero as my marginal return is low and I want to preserve wealth for future rounds.,rounds[22].agents[13].contribution_reasoning
RB-22-A13-belief_strategy,22,13,SFI,belief_strategy,0,0,0,,0.0,conformity,Most peers are using the Strategy of Iterated Prisoner's Dilemma (SI).,rounds[22].agents[13].belief_state.institutional_strategy
RB-22-A13-belief_observations,22,13,SFI,belief_observations,0,0,0,,0.0,named_agents,"Agent 13 contributed significantly, while Agents 5, 11, and 12 did not contribute at all.",rounds[22].agents[13].belief_state.observations
RB-22-A14-contribution,22,14,SI,contribution,0,0,0,,0.0500708257282082,opportunistic,"The marginal return to me per unit contributed is 0.1333, and contributing this amount balances self-interest with cooperation.",rounds[22].agents[14].contribution_reasoning
RB-22-A14-punishment,22,14,SI,punishment,0,0,0,,0.0500708257282082,fairness|opportunistic,Punishing free-riders and rewarding consistent contributors to maintain fair cooperation within our group.,rounds[22].agents[14].punishment_reasoning
RB-22-A16-contribution,22,16,SFI,contribution,1,1,1,,0.1474249412921766,,"My contribution is based on balancing immediate resilience needs with long-run cooperation incentives, considering my institution's and group's characteristics.",rounds[22].agents[16].contribution_reasoning
RB-22-A16-belief_strategy,22,16,SFI,belief_strategy,1,1,1,,0.1474249412921766,,"Most peers follow SI, except SFI agents.",rounds[22].agents[16].belief_state.institutional_strategy
RB-22-A16-belief_observations,22,16,SFI,belief_observations,1,1,1,,0.1474249412921766,,High contributors are mostly from SI institutions.,rounds[22].agents[16].belief_state.observations
RB-22-A18-punishment,22,18,SI,punishment,0,0,0,,0.0418947214284149,fairness|opportunistic,Punished free-riders and rewarded generous contributors to promote cooperation and fairness.,rounds[22].agents[18].punishment_reasoning
RB-22-A19-contribution,22,19,SI,contribution,0,0,0,,0.0,opportunistic,"Based on my internal beliefs and observed peer data, I conclude that contributing zero is a self-interested choice given the low marginal return and high vulnerability index.",rounds[22].agents[19].contribution_reasoning
RB-22-A19-punishment,22,19,SI,punishment,0,0,0,,0.0,reputation_management|opportunistic,"Punishing free-riders, rewarding cooperative behavior, and considering social reputation.",rounds[22].agents[19].punishment_reasoning
RB-22-A19-belief_strategy,22,19,SI,belief_strategy,0,0,0,,0.0,conformity,Most peers are cooperative in the Standard Inspection (SI) institution.,rounds[22].agents[19].belief_state.institutional_strategy
RB-22-A20-contribution,22,20,SI,contribution,0,0,0,,0.2906309432343759,conformity,"Choosing a contribution similar to my recent history, considering MCPR and previous round's group average contribution.",rounds[22].agents[20].contribution_reasoning
RB-22-A20-punishment,22,20,SI,punishment,0,0,0,,0.2906309432343759,opportunistic,Punished free-riders with low contributions and rewarded generous contributors.,rounds[22].agents[20].punishment_reasoning
RB-22-A21-punishment,22,21,SI,punishment,0,0,0,,0.0396992401726521,opportunistic,Punishing free-riders and rewarding generous contributors.,rounds[22].agents[21].punishment_reasoning
RB-22-A22-contribution,22,22,SI,contribution,0,0,0,,0.0528183081050599,opportunistic,"Choosing a moderate contribution to balance self-interest and cooperation, given the high marginal return and institutional strategy.",rounds[22].agents[22].contribution_reasoning
RB-22-A22-punishment,22,22,SI,punishment,0,0,0,,0.0528183081050599,opportunistic,"Punish free-riders, reward cooperative agents. Focus on those with significant capabilities but low contributions.",rounds[22].agents[22].punishment_reasoning
RB-22-A24-contribution,22,24,SI,contribution,0,1,0,,0.0,,"My marginal return to contributing is low due to a high group size and vulnerability index, making it less beneficial for me to contribute.",rounds[22].agents[24].contribution_reasoning
RB-22-A24-punishment,22,24,SI,punishment,0,1,0,,0.0,opportunistic,"Punished free-riders who did not contribute proportionally to their wealth, while rewarding agents who consistently supported the group.",rounds[22].agents[24].punishment_reasoning
RB-22-A24-belief_strategy,22,24,SI,belief_strategy,0,1,0,,0.0,,Most peers follow the SI strategy.,rounds[22].agents[24].belief_state.institutional_strategy
RB-22-A24-belief_observations,22,24,SI,belief_observations,0,1,0,,0.0,,"High contributors are rewarded, while low contributors are penalized.",rounds[22].agents[24].belief_state.observations
RB-22-A25-contribution,22,25,SI,contribution,1,1,1,,0.0508557504358661,opportunistic,"High contribution to maximize my cumulative payoff, considering high MCPR and recent contributions from peers.",rounds[22].agents[25].contribution_reasoning
RB-22-A25-punishment,22,25,SI,punishment,1,1,1,,0.0508557504358661,named_agents|opportunistic,"Punishing free-riders Agent 19 and Agent 24 for their low contributions, while rewarding generous contributor Agent 20.",rounds[22].agents[25].punishment_reasoning
RB-22-A25-belief_strategy,22,25,SI,belief_strategy,1,1,1,,0.0508557504358661,,Most peers contribute significantly in the Standard Institutional setting.,rounds[22].agents[25].belief_state.institutional_strategy
RB-22-A25-belief_observations,22,25,SI,belief_observations,1,1,1,,0.0508557504358661,opportunistic,"High contributors are mostly from the Standard Institutional setting, while free-riders are from the Selfish Institutional setting.",rounds[22].agents[25].belief_state.observations
RB-23-A0-contribution,23,0,SI,contribution,0,0,0,,0.4102465605988161,opportunistic,"Given my high budget and the marginal return to contribution, I choose to contribute a significant amount to maximize my cumulative payoff.",rounds[23].agents[0].contribution_reasoning
RB-23-A0-punishment,23,0,SI,punishment,0,0,0,,0.4102465605988161,future_rounds|opportunistic,Punished free-riders and rewarded cooperative agents to maintain institutional credibility and long-term climate stability.,rounds[23].agents[0].punishment_reasoning
RB-23-A4-punishment,23,4,SI,punishment,0,0,0,,0.1358882386372171,future_rounds|opportunistic,"Punished free-riders in SI, rewarded high contributors for long-term cooperation.",rounds[23].agents[4].punishment_reasoning
RB-23-A5-contribution,23,5,SFI,contribution,0,0,0,,2.251265708214518,opportunistic,"Contribute a significant amount to maximize my payoff, considering the high MCPR and previous round data.",rounds[23].agents[5].contribution_reasoning
RB-23-A6-contribution,23,6,SI,contribution,1,0,1,,0.0671558163790692,,Contribute at the previous round's group average to maintain cooperation and institutional credibility.,rounds[23].agents[6].contribution_reasoning
RB-23-A6-punishment,23,6,SI,punishment,1,0,1,,0.0671558163790692,opportunistic,Punishing free-riders and rewarding generous contributors to maintain cooperation within the group.,rounds[23].agents[6].punishment_reasoning
RB-23-A6-belief_strategy,23,6,SI,belief_strategy,1,0,1,,0.0671558163790692,,Most contributors follow the SI strategy.,rounds[23].agents[6].belief_state.institutional_strategy
RB-23-A6-belief_observations,23,6,SI,belief_observations,1,0,1,,0.0671558163790692,,"Low contributors are mostly from SFI, while high contributors use SI.",rounds[23].agents[6].belief_state.observations
RB-23-A7-contribution,23,7,SI,contribution,0,0,0,,0.0148983142633477,opportunistic,"I'm choosing a moderate contribution to balance self-interest and cooperation, considering my previous contributions and current MCPR.",rounds[23].agents[7].contribution_reasoning
RB-23-A7-punishment,23,7,SI,punishment,0,0,0,,0.0148983142633477,opportunistic,"Focused on punishing free-riders and rewarding high contributors in SI, aligning with institutional strategy and internal beliefs.",rounds[23].agents[7].punishment_reasoning
RB-23-A8-contribution,23,8,SFI,contribution,0,0,0,,0.0034444758887003,opportunistic,"Based on past contributions and my institution's strategy, I will contribute a moderate amount to maintain cooperation while avoiding free riding.",rounds[23].agents[8].contribution_reasoning
RB-23-A8-belief_strategy,23,8,SFI,belief_strategy,0,0,0,,0.0034444758887003,opportunistic,"Most peers follow SI, but some defect or free-ride.",rounds[23].agents[8].belief_state.institutional_strategy
RB-23-A10-belief_observations,23,10,SFI,belief_observations,0,0,0,,0.0181998621977143,named_agents,Agent 10's contribution is significantly higher than average.,rounds[23].agents[10].belief_state.observations
RB-23-A11-contribution,23,11,SFI,contribution,0,0,0,,0.0,opportunistic,Free riding is a self-interested choice given the low marginal return and high vulnerability index.,rounds[23].agents[11].contribution_reasoning
RB-23-A11-belief_strategy,23,11,SFI,belief_strategy,0,0,0,,0.0,conditional_cooperation,Players cooperate if others contribute.,rounds[23].agents[11].belief_state.institutional_strategy
RB-23-A12-contribution,23,12,SFI,contribution,0,0,0,,0.1798978931426149,conformity,"Maximizing my cumulative payoff requires balancing immediate resilience needs against long-run cooperation incentives, and contributing 3 billion aligns with previous rounds' group average contribution.",rounds[23].agents[12].contribution_reasoning
RB-23-A12-belief_strategy,23,12,SFI,belief_strategy,0,0,0,,0.1798978931426149,opportunistic,"Most peers contribute to SFI, but some defect or free-ride.",rounds[23].agents[12].belief_state.institutional_strategy
RB-23-A14-contribution,23,14,SI,contribution,0,0,0,,0.142395008022586,future_rounds,Maximizing my cumulative payoff requires a balance between contributing to emissions reduction and maintaining sufficient wealth for future rounds.,rounds[23].agents[14].contribution_reasoning
RB-23-A14-punishment,23,14,SI,punishment,0,0,0,,0.142395008022586,future_rounds|opportunistic,Punishing free-riders and rewarding high contributors to promote cooperation and long-term climate stability.,rounds[23].agents[14].punishment_reasoning
RB-23-A14-belief_observations,23,14,SI,belief_observations,0,0,0,,0.142395008022586,named_agents,"Notable peers this round: Agent 25 contributed high, while Agents 2, 11, and 17 contributed low.",rounds[23].agents[14].belief_state.observations
RB-23-A15-belief_observations,23,15,SFI,belief_observations,0,0,0,,0.275918537211936,named_agents|opportunistic,"Agent 15 contributed significantly, while Agent 1 was a free-rider.",rounds[23].agents[15].belief_state.observations
RB-23-A18-punishment,23,18,SI,punishment,0,0,0,,0.0634196740875722,opportunistic,Punishing free-riders and rewarding cooperative members within the SI institution.,rounds[23].agents[18].punishment_reasoning
RB-23-A19-contribution,23,19,SI,contribution,0,1,0,,0.0369970140387425,opportunistic,"Self-interested choice to maximize cumulative payoff, considering previous rounds' contributions and MCPR.",rounds[23].agents[19].contribution_reasoning
RB-23-A19-punishment,23,19,SI,punishment,0,1,0,,0.0369970140387425,fairness|opportunistic,Punishing free-riders and rewarding high contributors to maintain cooperation and fairness in the SI institution.,rounds[23].agents[19].punishment_reasoning
RB-23-A19-belief_strategy,23,19,SI,belief_strategy,0,1,0,,0.0369970140387425,,Most peers follow the SI strategy.,rounds[23].agents[19].belief_state.institutional_strategy
RB-23-A19-belief_observations,23,19,SI,belief_observations,0,1,0,,0.0369970140387425,,High contributors are mostly from the SI institution.,rounds[23].agents[19].belief_state.observations
RB-23-A20-punishment,23,20,SI,punishment,0,0,0,,0.0423102673713177,opportunistic,Targeted punishments for free-riders and rewards for generous contributors to promote cooperation and collective action in addressing the climate crisis.,rounds[23].agents[20].punishment_reasoning
RB-23-A20-belief_observations,23,20,SI,belief_observations,0,0,0,,0.0423102673713177,named_agents,"Agent 20 contributed $10,000,000 and received a payoff of $91,550,254.20.",rounds[23].agents[20].belief_state.observations
RB-23-A21-punishment,23,21,SI,punishment,0,0,0,,0.032300071493093,opportunistic,Focused on punishing free-riders and rewarding cooperative agents to maintain institutional integrity.,rounds[23].agents[21].punishment_reasoning
RB-23-A22-contribution,23,22,SI,contribution,0,0,0,,0.0594683071863425,opportunistic,"I chose to contribute the average of the previous round's group contribution, which balances self-interest with cooperation.",rounds[23].agents[22].contribution_reasoning
RB-23-A22-punishment,23,22,SI,punishment,0,0,0,,0.0594683071863425,opportunistic,Punished free-riders and rewarded high contributors to maintain social cohesion and encourage cooperation.,rounds[23].agents[22].punishment_reasoning
RB-23-A22-belief_observations,23,22,SI,belief_observations,0,0,0,,0.0594683071863425,named_agents,Agent 25 and Agent 24 had high contributions.,rounds[23].agents[22].belief_state.observations
RB-23-A24-punishment,23,24,SI,punishment,0,0,0,,2.160547827559748,opportunistic,"Punishing free-riders who contributed below the group average or had inconsistent stated intent, while rewarding a generous contributor",rounds[23].agents[24].punishment_reasoning
RB-23-A25-punishment,23,25,SI,punishment,0,0,0,,2.904233300171251,named_agents|opportunistic,"Punished Agent 19 for being a free-rider. Rewarded generous contributors including Agent 7, Agent 20, Agent 22, and Agent 6.",rounds[23].agents[25].punishment_reasoning
RB-24-A0-contribution,24,0,SI,contribution,0,0,0,,0.4214152740609124,opportunistic,"The marginal return to me per unit contributed is high, and contributing a significant amount will maximize my cumulative payoff.",rounds[24].agents[0].contribution_reasoning
RB-24-A0-punishment,24,0,SI,punishment,0,0,0,,0.4214152740609124,opportunistic,Punish free-riders and reward high contributors to maintain cooperation and consistency.,rounds[24].agents[0].punishment_reasoning
RB-24-A0-belief_observations,24,0,SI,belief_observations,0,0,0,,0.4214152740609124,named_agents,"High contributions from agents 7 and 25, while agent 2 is a low contributor.",rounds[24].agents[0].belief_state.observations
RB-24-A2-contribution,24,2,SFI,contribution,0,0,0,,0.0,opportunistic,Low marginal return and high vulnerability index make contributing zero dollars maximize my payoff.,rounds[24].agents[2].contribution_reasoning
RB-24-A3-contribution,24,3,SFI,contribution,0,1,0,,0.4441906325069008,,"Contributing a significant amount maximizes my payoff, given my institution's history and peer data.",rounds[24].agents[3].contribution_reasoning
RB-24-A3-belief_strategy,24,3,SFI,belief_strategy,0,1,0,,0.4441906325069008,named_agents,"Most peers follow SI strategy, except Agent 3 who follows SFI.",rounds[24].agents[3].belief_state.institutional_strategy
RB-24-A3-belief_observations,24,3,SFI,belief_observations,0,1,0,,0.4441906325069008,named_agents,"Agent 7 and others contributed highly in SI, while Agent 2 and others did not contribute at all.",rounds[24].agents[3].belief_state.observations
RB-24-A4-contribution,24,4,SI,contribution,0,0,0,,0.0,opportunistic,Free riding is a valid strategy given the high marginal return and low vulnerability index.,rounds[24].agents[4].contribution_reasoning
RB-24-A4-punishment,24,4,SI,punishment,0,0,0,,0.0,opportunistic,Punishing free-riders who contributed below the group average to maintain cooperation and consistency. Rewarding high contributors for their generosity.,rounds[24].agents[4].punishment_reasoning
RB-24-A5-contribution,24,5,SFI,contribution,1,1,1,,0.0,,I choose to contribute zero due to low marginal return and high vulnerability index.,rounds[24].agents[5].contribution_reasoning
RB-24-A5-belief_strategy,24,5,SFI,belief_strategy,1,1,1,,0.0,,Most peers follow SI strategy.,rounds[24].agents[5].belief_state.institutional_strategy
RB-24-A5-belief_observations,24,5,SFI,belief_observations,1,1,1,,0.0,,"High contributions from Agents 7, 0, and 25.",rounds[24].agents[5].belief_state.observations
RB-24-A6-contribution,24,6,SI,contribution,0,0,0,,0.0475414336025931,opportunistic,"Contributing a moderate amount to balance self-interest and cooperation, considering previous rounds' contributions and internal beliefs.",rounds[24].agents[6].contribution_reasoning
RB-24-A6-punishment,24,6,SI,punishment,0,0,0,,0.0475414336025931,opportunistic,Punishing free-riders and rewarding cooperative peers to maintain institutional credibility and encourage cooperation.,rounds[24].agents[6].punishment_reasoning
RB-24-A7-contribution,24,7,SI,contribution,0,1,0,,0.6567802823155191,,Contribute at the group average of the previous round to maintain cooperation and consistency.,rounds[24].agents[7].contribution_reasoning
RB-24-A7-punishment,24,7,SI,punishment,0,1,0,,0.6567802823155191,opportunistic,Punishing free-riders and rewarding a generous contributor to maintain cooperation within our institution.,rounds[24].agents[7].punishment_reasoning
RB-24-A7-belief_strategy,24,7,SI,belief_strategy,0,1,0,,0.6567802823155191,,Most peers follow the SI strategy.,rounds[24].agents[7].belief_state.institutional_strategy
RB-24-A7-belief_observations,24,7,SI,belief_observations,0,1,0,,0.6567802823155191,opportunistic,"High contributors in SI are rewarded, while free-riders in SFI are penalized.",rounds[24].agents[7].belief_state.observations
RB-24-A8-contribution,24,8,SFI,contribution,0,0,0,,0.0030821460675429,conformity,My contribution is based on my past behavior and previous round's group average contribution.,rounds[24].agents[8].contribution_reasoning
RB-24-A11-contribution,24,11,SFI,contribution,1,1,1,,0.0,opportunistic,Low marginal return and high vulnerability index make free riding a rational choice.,rounds[24].agents[11].contribution_reasoning
RB-24-A11-belief_strategy,24,11,SFI,belief_strategy,1,1,1,,0.0,,"Most peers follow SI, but some deviate.",rounds[24].agents[11].belief_state.institutional_strategy
RB-24-A11-belief_observations,24,11,SFI,belief_observations,1,1,1,,0.0,,"High contributors in SI, low contributors in SFI.",rounds[24].agents[11].belief_state.observations
RB-24-A12-contribution,24,12,SFI,contribution,1,1,1,,0.1671715313250592,,"Based on past rounds, contributing a moderate amount maximizes my payoff.",rounds[24].agents[12].contribution_reasoning
RB-24-A12-belief_strategy,24,12,SFI,belief_strategy,1,1,1,,0.1671715313250592,named_agents,"Most peers contribute to SFI, except Agent 8 who contributes slightly.",rounds[24].agents[12].belief_state.institutional_strategy
RB-24-A12-belief_observations,24,12,SFI,belief_observations,1,1,1,,0.1671715313250592,named_agents,"Agent 7 and Agents 0, 25 have high contributions in SI.",rounds[24].agents[12].belief_state.observations
RB-24-A13-contribution,24,13,SFI,contribution,1,1,1,,0.125911066621335,,"I choose to contribute a moderate amount, balancing immediate resilience needs with long-run cooperation incentives.",rounds[24].agents[13].contribution_reasoning
RB-24-A13-belief_strategy,24,13,SFI,belief_strategy,1,1,1,,0.125911066621335,,Most peers follow institutional strategy (SI) except for a few.,rounds[24].agents[13].belief_state.institutional_strategy
RB-24-A13-belief_observations,24,13,SFI,belief_observations,1,1,1,,0.125911066621335,,"High contributors are mostly from SI, while low contributors are from SFI.",rounds[24].agents[13].belief_state.observations
RB-24-A14-punishment,24,14,SI,punishment,0,0,0,,0.0267611426203137,opportunistic,I punished free-riders and rewarded generous contributors to maintain cooperation within SI institutions.,rounds[24].agents[14].punishment_reasoning
RB-24-A15-belief_observations,24,15,SFI,belief_observations,0,0,0,,0.2470704183988115,named_agents,"Agent 15 contributed significantly to SFI, while Agent 2 and others did not contribute at all.",rounds[24].agents[15].belief_state.observations
RB-24-A17-contribution,24,17,SFI,contribution,0,1,0,,0.1916288558600231,,"My contribution is based on my institution's strategy of contributing a moderate amount, considering our vulnerability index and historical emissions index.",rounds[24].agents[17].contribution_reasoning
RB-24-A17-belief_strategy,24,17,SFI,belief_strategy,0,1,0,,0.1916288558600231,,"Most peers contribute to SFI, except for SI.",rounds[24].agents[17].belief_state.institutional_strategy
RB-24-A17-belief_observations,24,17,SFI,belief_observations,0,1,0,,0.1916288558600231,,"High contributors are mostly from SI, while low contributors are from SFI.",rounds[24].agents[17].belief_state.observations
RB-24-A18-punishment,24,18,SI,punishment,0,0,0,,0.0449710993702093,opportunistic,Punishing free-riders and rewarding generous contributors to promote cooperation and long-run climate stability.,rounds[24].agents[18].punishment_reasoning
RB-24-A19-contribution,24,19,SI,contribution,1,1,1,,0.0354628036737683,,Contributing a moderate amount to maintain credibility while not overextending myself.,rounds[24].agents[19].contribution_reasoning
RB-24-A19-punishment,24,19,SI,punishment,1,1,1,,0.0354628036737683,opportunistic,Punishing free-riders who contributed below the group average or did not match their stated intent. Rewarding high contributors to maintain cooperation and institutional credibility.,rounds[24].agents[19].punishment_reasoning
RB-24-A19-belief_strategy,24,19,SI,belief_strategy,1,1,1,,0.0354628036737683,named_agents,"Most peers contribute moderately, except Agent 0 and 25 who are high contributors.",rounds[24].agents[19].belief_state.institutional_strategy
RB-24-A19-belief_observations,24,19,SI,belief_observations,1,1,1,,0.0354628036737683,,"Agents 2, 4, 5, 11, 16, and 8 have not contributed this round.",rounds[24].agents[19].belief_state.observations
RB-24-A20-contribution,24,20,SI,contribution,0,0,0,,0.0,opportunistic,"The marginal return to me per unit contributed is low, and I expect others to free ride.",rounds[24].agents[20].contribution_reasoning
RB-24-A20-punishment,24,20,SI,punishment,0,0,0,,0.0,opportunistic,"I punished free-riders who did not match their stated intent with their contributions, while rewarding generous contributors to encourage cooperation.",rounds[24].agents[20].punishment_reasoning
RB-24-A21-punishment,24,21,SI,punishment,0,0,0,,0.0311244935145407,opportunistic,I punished free-riders (Agents 4 and 20) while rewarding high contributors (Agents 0 and 7).,rounds[24].agents[21].punishment_reasoning
RB-24-A22-contribution,24,22,SI,contribution,0,1,0,,0.0318604623084091,future_rounds,Contributing a moderate amount aligns with past behavior and allows for future cooperation.,rounds[24].agents[22].contribution_reasoning
RB-24-A22-punishment,24,22,SI,punishment,0,1,0,,0.0318604623084091,future_rounds|opportunistic,Punished free-riders and rewarded high contributors to maintain cooperation and long-term institutional credibility.,rounds[24].agents[22].punishment_reasoning
RB-24-A22-belief_strategy,24,22,SI,belief_strategy,0,1,0,,0.0318604623084091,,Most contributors follow the SI strategy.,rounds[24].agents[22].belief_state.institutional_strategy
RB-24-A22-belief_observations,24,22,SI,belief_observations,0,1,0,,0.0318604623084091,,"High contributions are rewarded, but some agents deviate from this norm.",rounds[24].agents[22].belief_state.observations
RB-24-A23-belief_observations,24,23,SFI,belief_observations,0,0,0,,0.4737965214733347,named_agents,High contributions from Agent 7 and low contributions from Agent 2.,rounds[24].agents[23].belief_state.observations
RB-24-A24-contribution,24,24,SI,contribution,1,1,0,,0.0805846609264042,,Contribute a significant amount to maximize payoff while considering institutional strategy and peer behavior.,rounds[24].agents[24].contribution_reasoning
RB-24-A24-punishment,24,24,SI,punishment,1,1,0,,0.0805846609264042,opportunistic,Punishing free-riders and rewarding a generous contributor to encourage cooperation and reduce climate damage.,rounds[24].agents[24].punishment_reasoning
RB-24-A24-belief_strategy,24,24,SI,belief_strategy,1,1,0,,0.0805846609264042,,"Most peers contribute significantly to the institution, except for a few.",rounds[24].agents[24].belief_state.institutional_strategy
RB-24-A24-belief_observations,24,24,SI,belief_observations,1,1,0,,0.0805846609264042,,"High contributors are mostly from SI, while low contributors are mostly from SFI.",rounds[24].agents[24].belief_state.observations
RB-24-A25-punishment,24,25,SI,punishment,0,0,0,,0.2881761825263061,opportunistic,Punishing free-riders and rewarding cooperators to maintain institutional credibility and long-run climate stability.,rounds[24].agents[25].punishment_reasoning
RB-25-A0-contribution,25,0,SI,contribution,0,0,0,,0.2203259749355795,opportunistic,"To maximize my cumulative payoff, I will contribute a significant amount to reduce emissions and receive a higher marginal return.",rounds[25].agents[0].contribution_reasoning
RB-25-A0-punishment,25,0,SI,punishment,0,0,0,,0.2203259749355795,opportunistic,Punishing free-riders and rewarding generous contributors to maintain cooperation and credibility within the institution.,rounds[25].agents[0].punishment_reasoning
RB-25-A2-contribution,25,2,SFI,contribution,1,1,1,,0.0,,Contribution is not necessary due to low marginal return and high vulnerability index.,rounds[25].agents[2].contribution_reasoning
RB-25-A2-belief_strategy,25,2,SFI,belief_strategy,1,1,1,,0.0,,"Most peers in SI, some in SFI.",rounds[25].agents[2].belief_state.institutional_strategy
RB-25-A2-belief_observations,25,2,SFI,belief_observations,1,1,1,,0.0,,"High contributors in SI, low contributors in SFI.",rounds[25].agents[2].belief_state.observations
RB-25-A4-contribution,25,4,SI,contribution,0,1,0,,0.1138964489304026,,High marginal return and low vulnerability index make contributing a significant amount rational.,rounds[25].agents[4].contribution_reasoning
RB-25-A4-punishment,25,4,SI,punishment,0,1,0,,0.1138964489304026,opportunistic,Punished free-riders and rewarded high contributors to maintain consistency with the institutional strategy of rewarding cooperation.,rounds[25].agents[4].punishment_reasoning
RB-25-A4-belief_strategy,25,4,SI,belief_strategy,0,1,0,,0.1138964489304026,,Most contributors follow the SI strategy.,rounds[25].agents[4].belief_state.institutional_strategy
RB-25-A4-belief_observations,25,4,SI,belief_observations,0,1,0,,0.1138964489304026,named_agents,Agent 4 has a high contribution and payoff.,rounds[25].agents[4].belief_state.observations
RB-25-A6-contribution,25,6,SI,contribution,0,1,0,,0.0458885239543492,,My contribution is based on the group average from the previous round.,rounds[25].agents[6].contribution_reasoning
RB-25-A6-punishment,25,6,SI,punishment,0,1,0,,0.0458885239543492,opportunistic,Punish free-riders and under-contributors while rewarding generous contributors who align with our institutional strategy.,rounds[25].agents[6].punishment_reasoning
RB-25-A6-belief_strategy,25,6,SI,belief_strategy,0,1,0,,0.0458885239543492,,Most contributors are using the SI strategy.,rounds[25].agents[6].belief_state.institutional_strategy
RB-25-A6-belief_observations,25,6,SI,belief_observations,0,1,0,,0.0458885239543492,conformity,"High contributors are emerging, while some peers are not contributing at all.",rounds[25].agents[6].belief_state.observations
RB-25-A7-punishment,25,7,SI,punishment,0,0,0,,1.164685321306577,opportunistic,Punishing free-riders and rewarding high contributors to maintain cooperation and credibility.,rounds[25].agents[7].punishment_reasoning
RB-25-A7-belief_observations,25,7,SI,belief_observations,0,0,0,,1.164685321306577,opportunistic,"High contributors in SI are rewarded, while free-riders in SFI are penalized.",rounds[25].agents[7].belief_state.observations
RB-25-A9-contribution,25,9,SFI,contribution,0,1,0,,0.0347212745154767,,"I'm choosing to contribute the maximum allowed for Stage 2, as it's my best option given the current situation.",rounds[25].agents[9].contribution_reasoning
RB-25-A9-belief_strategy,25,9,SFI,belief_strategy,0,1,0,,0.0347212745154767,named_agents,"Most contributors follow SI, except for Agent 9.",rounds[25].agents[9].belief_state.institutional_strategy
RB-25-A9-belief_observations,25,9,SFI,belief_observations,0,1,0,,0.0347212745154767,,"High contributions from Agents 7, 24, and 4; low contributions from Agents 2, 10, 12, 13, and others.",rounds[25].agents[9].belief_state.observations
RB-25-A10-contribution,25,10,SFI,contribution,0,0,0,,0.0,opportunistic,Free riding is a rational choice given my high vulnerability index and low marginal return.,rounds[25].agents[10].contribution_reasoning
RB-25-A11-contribution,25,11,SFI,contribution,1,0,1,,0.5081432024317629,,"Contribute a moderate amount to balance immediate resilience needs and long-run cooperation incentives, considering my institution's and peers' past contributions.",rounds[25].agents[11].contribution_reasoning
RB-25-A11-belief_strategy,25,11,SFI,belief_strategy,1,0,1,,0.5081432024317629,,Most peers follow SI strategy.,rounds[25].agents[11].belief_state.institutional_strategy
RB-25-A11-belief_observations,25,11,SFI,belief_observations,1,0,1,,0.5081432024317629,,"High contributions from a few agents, low contributions from others.",rounds[25].agents[11].belief_state.observations
RB-25-A13-contribution,25,13,SFI,contribution,0,0,0,,0.0,opportunistic,Free riding is a rational choice given my high marginal return and low vulnerability index.,rounds[25].agents[13].contribution_reasoning
RB-25-A14-punishment,25,14,SI,punishment,0,0,0,,0.0245563919552877,opportunistic,"Targeted free-riders in SI institution, rewarding those who contributed generously while punishing those who did not meet their stated intent or contributed below the group average.",rounds[25].agents[14].punishment_reasoning
RB-25-A16-contribution,25,16,SFI,contribution,1,1,0,,0.1519407634652049,,Contribute a moderate amount to balance immediate resilience needs and long-run cooperation incentives.,rounds[25].agents[16].contribution_reasoning
RB-25-A16-belief_strategy,25,16,SFI,belief_strategy,1,1,0,,0.1519407634652049,,Most contributors follow the SI strategy.,rounds[25].agents[16].belief_state.institutional_strategy
RB-25-A16-belief_observations,25,16,SFI,belief_observations,1,1,0,,0.1519407634652049,,High contributions from peers with SI strategy.,rounds[25].agents[16].belief_state.observations
RB-25-A17-contribution,25,17,SFI,contribution,1,1,1,,0.1787049272304685,,Contributing a moderate amount to balance immediate resilience needs with long-run cooperation incentives.,rounds[25].agents[17].contribution_reasoning
RB-25-A17-belief_strategy,25,17,SFI,belief_strategy,1,1,1,,0.1787049272304685,,Most contributors are using the SI strategy.,rounds[25].agents[17].belief_state.institutional_strategy
RB-25-A17-belief_observations,25,17,SFI,belief_observations,1,1,1,,0.1787049272304685,,High contributors are mostly using the SI strategy.,rounds[25].agents[17].belief_state.observations
RB-25-A18-punishment,25,18,SI,punishment,0,0,0,,0.0435304671982671,future_rounds|opportunistic,Punishing free-riders and rewarding high contributors to promote cooperation and long-term climate stability within our institution.,rounds[25].agents[18].punishment_reasoning
RB-25-A19-punishment,25,19,SI,punishment,0,0,0,,0.0447899940462362,opportunistic,"Targeted free-riders and inconsistent contributors, while rewarding generous peers to promote cooperation within the institution.",rounds[25].agents[19].punishment_reasoning
RB-25-A20-contribution,25,20,SI,contribution,0,1,0,,0.0504310238296395,opportunistic,"The marginal return to me per unit contributed is relatively high, and contributing this amount will maximize my payoff while also supporting climate goals.",rounds[25].agents[20].contribution_reasoning
RB-25-A20-punishment,25,20,SI,punishment,0,1,0,,0.0504310238296395,,Punishing those who contributed below the group average or deviated from stated intent. Rewarding high contributors and generous agents.,rounds[25].agents[20].punishment_reasoning
RB-25-A20-belief_strategy,25,20,SI,belief_strategy,0,1,0,,0.0504310238296395,,Most contributors follow the SI strategy.,rounds[25].agents[20].belief_state.institutional_strategy
RB-25-A20-belief_observations,25,20,SI,belief_observations,0,1,0,,0.0504310238296395,,High contributions from peers with SI strategy.,rounds[25].agents[20].belief_state.observations
RB-25-A21-contribution,25,21,SI,contribution,0,0,0,,0.0395659318735328,opportunistic,"To maximize my payoff, I will contribute a moderate amount based on previous round data and internal beliefs.",rounds[25].agents[21].contribution_reasoning
RB-25-A21-punishment,25,21,SI,punishment,0,0,0,,0.0395659318735328,opportunistic,"Punished free-riders to maintain cooperation and credibility within the institution, while rewarding high contributors for their significant contributions to climate goals.",rounds[25].agents[21].punishment_reasoning
RB-25-A22-contribution,25,22,SI,contribution,0,1,0,,0.0510878899207366,,"I'm choosing a moderate contribution to balance individual and collective interests, considering the high marginal return to me per unit contributed.",rounds[25].agents[22].contribution_reasoning
RB-25-A22-punishment,25,22,SI,punishment,0,1,0,,0.0510878899207366,conformity|opportunistic,Targeted free-riders with below-average contributions and rewarded generous contributors who exceeded the group average.,rounds[25].agents[22].punishment_reasoning
RB-25-A22-belief_strategy,25,22,SI,belief_strategy,0,1,0,,0.0510878899207366,,Most contributors follow the SI strategy.,rounds[25].agents[22].belief_state.institutional_strategy
RB-25-A22-belief_observations,25,22,SI,belief_observations,0,1,0,,0.0510878899207366,,High contributions from peers with SI strategy.,rounds[25].agents[22].belief_state.observations
RB-25-A24-contribution,25,24,SI,contribution,0,0,0,,0.3133734691348264,opportunistic,Contributing a significant amount to maximize my payoff while also contributing to emissions reduction.,rounds[25].agents[24].contribution_reasoning
RB-25-A24-punishment,25,24,SI,punishment,0,0,0,,0.3133734691348264,opportunistic,Punishing free-riders and rewarding a generous contributor to maintain cooperation and institutional credibility.,rounds[25].agents[24].punishment_reasoning
RB-25-A25-contribution,25,25,SI,contribution,1,1,0,,0.1517965706825094,,Contribute at the previous round's group average to maintain consistency and align with institutional strategy.,rounds[25].agents[25].contribution_reasoning
RB-25-A25-punishment,25,25,SI,punishment,1,1,0,,0.1517965706825094,opportunistic,"I punished free-riders and rewarded a generous contributor, maintaining credibility and cooperation within the SI institution while maximizing my cumulative payoff.",rounds[25].agents[25].punishment_reasoning
RB-25-A25-belief_strategy,25,25,SI,belief_strategy,1,1,0,,0.1517965706825094,,Most contributors follow the SI strategy.,rounds[25].agents[25].belief_state.institutional_strategy
RB-25-A25-belief_observations,25,25,SI,belief_observations,1,1,0,,0.1517965706825094,,"High contributions from peers 0, 7, and 24.",rounds[25].agents[25].belief_state.observations
RB-26-A0-contribution,26,0,SI,contribution,0,0,0,,0.1207033887623652,opportunistic,"To maximize my cumulative payoff, I will contribute a significant amount to take advantage of the high marginal return per unit contributed.",rounds[26].agents[0].contribution_reasoning
RB-26-A0-punishment,26,0,SI,punishment,0,0,0,,0.1207033887623652,opportunistic,Targeted punishments for free-riders and generous rewards for cooperative peers.,rounds[26].agents[0].punishment_reasoning
RB-26-A1-contribution,26,1,SFI,contribution,0,0,0,,0.3116891767848022,opportunistic,"To maximize my cumulative payoff, I will contribute a moderate amount to balance immediate resilience needs and long-run cooperation incentives.",rounds[26].agents[1].contribution_reasoning
RB-26-A2-contribution,26,2,SFI,contribution,1,0,1,,0.5622199140863716,,I'm choosing a moderate contribution to balance immediate resilience needs with long-run cooperation incentives.,rounds[26].agents[2].contribution_reasoning
RB-26-A2-belief_strategy,26,2,SFI,belief_strategy,1,0,1,,0.5622199140863716,,"Most peers in SI, some in SFI.",rounds[26].agents[2].belief_state.institutional_strategy
RB-26-A2-belief_observations,26,2,SFI,belief_observations,1,0,1,,0.5622199140863716,,"High contributors in SI, low contributors in SFI.",rounds[26].agents[2].belief_state.observations
RB-26-A3-contribution,26,3,SFI,contribution,0,1,0,,0.3903894156729302,,"My contribution is based on balancing immediate resilience needs with long-run cooperation incentives, considering my high vulnerability index and the group's recent contributions.",rounds[26].agents[3].contribution_reasoning
RB-26-A3-belief_strategy,26,3,SFI,belief_strategy,0,1,0,,0.3903894156729302,,Most contributors are using the Strategy Infection (SI) approach.,rounds[26].agents[3].belief_state.institutional_strategy
RB-26-A3-belief_observations,26,3,SFI,belief_observations,0,1,0,,0.3903894156729302,named_agents,"Agent 3's contribution was significantly higher than Agent 1, 15, and 17.",rounds[26].agents[3].belief_state.observations
RB-26-A4-contribution,26,4,SI,contribution,1,1,1,,3.820359078538911,,"Maximizing my cumulative payoff requires contributing the maximum amount, as I have a high budget and there is no significant risk of punishment or negative consequences.",rounds[26].agents[4].contribution_reasoning
RB-26-A4-punishment,26,4,SI,punishment,1,1,1,,3.820359078538911,opportunistic,"Punishing free-riders, rewarding high contributors in SI to promote cooperation and stability within the group.",rounds[26].agents[4].punishment_reasoning
RB-26-A4-belief_strategy,26,4,SI,belief_strategy,1,1,1,,3.820359078538911,,Most contributors are using the Strategy Incentivizing (SI) framework.,rounds[26].agents[4].belief_state.institutional_strategy
RB-26-A4-belief_observations,26,4,SI,belief_observations,1,1,1,,3.820359078538911,,"High contributors in SI have made significant contributions, while low contributors in SFI have not contributed at all.",rounds[26].agents[4].belief_state.observations
RB-26-A5-contribution,26,5,SFI,contribution,1,1,1,,0.3183760217664406,,Contributing a moderate amount balances immediate resilience needs with long-run cooperation incentives.,rounds[26].agents[5].contribution_reasoning
RB-26-A5-belief_strategy,26,5,SFI,belief_strategy,1,1,1,,0.3183760217664406,,Most contributors are from institution SI.,rounds[26].agents[5].belief_state.institutional_strategy
RB-26-A5-belief_observations,26,5,SFI,belief_observations,1,1,1,,0.3183760217664406,named_agents,Agent 5 contributed significantly to SFI.,rounds[26].agents[5].belief_state.observations
RB-26-A6-contribution,26,6,SI,contribution,0,0,0,,0.0403148973409924,conformity|opportunistic,"Contributing a moderate amount balances self-interest with cooperation, considering the high MCPR and previous round's group average contribution.",rounds[26].agents[6].contribution_reasoning
RB-26-A6-punishment,26,6,SI,punishment,0,0,0,,0.0403148973409924,opportunistic,Punish free-riders who contributed below the group average or did not match their stated intent. Reward high contributors who went above and beyond the group average.,rounds[26].agents[6].punishment_reasoning
RB-26-A6-belief_observations,26,6,SI,belief_observations,0,0,0,,0.0403148973409924,named_agents,Agent 6 contributed 20000000 and received a payoff of 52227364.5.,rounds[26].agents[6].belief_state.observations
RB-26-A7-punishment,26,7,SI,punishment,0,0,0,,0.5499841077692184,opportunistic,Punishing free-riders and rewarding a high contributor to maintain cooperation and stability in the group.,rounds[26].agents[7].punishment_reasoning
RB-26-A8-belief_observations,26,8,SFI,belief_observations,0,0,0,,0.0023952514144017,named_agents,Agent 8's high contribution and payoff suggest a cooperative behavior.,rounds[26].agents[8].belief_state.observations
RB-26-A10-contribution,26,10,SFI,contribution,0,1,0,,0.0105487308266458,,"Following my past behavior and considering the current budget, I choose to contribute a moderate amount.",rounds[26].agents[10].contribution_reasoning
RB-26-A10-belief_strategy,26,10,SFI,belief_strategy,0,1,0,,0.0105487308266458,,Most contributors are from the SI institution.,rounds[26].agents[10].belief_state.institutional_strategy
RB-26-A10-belief_observations,26,10,SFI,belief_observations,0,1,0,,0.0105487308266458,,High contributors were mostly from the SI institution.,rounds[26].agents[10].belief_state.observations
RB-26-A11-contribution,26,11,SFI,contribution,1,0,1,,0.0,,I choose to contribute nothing due to low marginal return and high vulnerability index.,rounds[26].agents[11].contribution_reasoning
RB-26-A11-belief_strategy,26,11,SFI,belief_strategy,1,0,1,,0.0,,Players with high contributions are rewarded.,rounds[26].agents[11].belief_state.institutional_strategy
RB-26-A11-belief_observations,26,11,SFI,belief_observations,1,0,1,,0.0,,"High contributors in SI institutions, low contributors in SFI.",rounds[26].agents[11].belief_state.observations
RB-26-A14-contribution,26,14,SI,contribution,0,0,0,,0.1164268422897092,conformity|opportunistic,"To maximize my cumulative payoff, I will contribute a moderate amount to align with previous round's group average contribution and not deviate too far from it.",rounds[26].agents[14].contribution_reasoning
RB-26-A14-punishment,26,14,SI,punishment,0,0,0,,0.1164268422897092,opportunistic,Targeted punishments at free-riders with significant deviations from the group average and inconsistent stated intent. Reward for generous contribution that exceeded the group average.,rounds[26].agents[14].punishment_reasoning
RB-26-A15-belief_observations,26,15,SFI,belief_observations,0,0,0,,0.169552992831146,opportunistic,"High contributors are rewarded, while low contributors and free-riders are penalized.",rounds[26].agents[15].belief_state.observations
RB-26-A16-contribution,26,16,SFI,contribution,1,1,1,,0.5826268157804005,,"Based on my institution's past behavior and high marginal return, I choose to contribute a significant amount.",rounds[26].agents[16].contribution_reasoning
RB-26-A16-belief_strategy,26,16,SFI,belief_strategy,1,1,1,,0.5826268157804005,,Most peers contribute significantly to the institution.,rounds[26].agents[16].belief_state.institutional_strategy
RB-26-A16-belief_observations,26,16,SFI,belief_observations,1,1,1,,0.5826268157804005,,"High contributors are rewarded, while low contributors and defectors are penalized.",rounds[26].agents[16].belief_state.observations
RB-26-A17-belief_observations,26,17,SFI,belief_observations,0,0,0,,0.1414656711183982,named_agents,"Agent 17's contribution was high, but Agent 11 and Agent 20 did not contribute at all.",rounds[26].agents[17].belief_state.observations
RB-26-A18-punishment,26,18,SI,punishment,0,0,0,,0.0543462296580243,opportunistic,Punish free-riders and reward cooperative agents to maintain a balanced institution.,rounds[26].agents[18].punishment_reasoning
RB-26-A19-punishment,26,19,SI,punishment,0,0,0,,0.0297765447900817,opportunistic,Punishing free-riders while rewarding high contributors to maintain cooperation and credibility.,rounds[26].agents[19].punishment_reasoning
RB-26-A20-contribution,26,20,SI,contribution,1,1,0,,0.0,opportunistic,"Based on my internal beliefs and previous round data, I have observed that many contributors with SI strategy follow a pattern of contributing a significant amount, but also take advantage of free-riding opportunities when marginal return is low.",rounds[26].agents[20].contribution_reasoning
RB-26-A20-punishment,26,20,SI,punishment,1,1,0,,0.0,opportunistic,"Prioritizing punishment for free-riders, rewarding cooperative peers.",rounds[26].agents[20].punishment_reasoning
RB-26-A20-belief_strategy,26,20,SI,belief_strategy,1,1,0,,0.0,,"Most peers follow SI, but some deviate.",rounds[26].agents[20].belief_state.institutional_strategy
RB-26-A20-belief_observations,26,20,SI,belief_observations,1,1,0,,0.0,,"High contributors are mostly from SI, while low contributors are from SFI.",rounds[26].agents[20].belief_state.observations
RB-26-A21-punishment,26,21,SI,punishment,0,0,0,,0.0266566951765613,opportunistic,Punishing free-riders while rewarding generous contributors to maintain the SI strategy and promote cooperation.,rounds[26].agents[21].punishment_reasoning
RB-26-A22-contribution,26,22,SI,contribution,0,0,0,,0.036928971732347,conformity|opportunistic,"Focusing on a moderate contribution to balance self-interest and cooperation, while also considering the previous round's average contribution.",rounds[26].agents[22].contribution_reasoning
RB-26-A22-punishment,26,22,SI,punishment,0,0,0,,0.036928971732347,opportunistic,"Punished free-riders below the group average, rewarded high contributors to balance self-interest with cooperation.",rounds[26].agents[22].punishment_reasoning
RB-26-A22-belief_strategy,26,22,SI,belief_strategy,0,0,0,,0.036928971732347,opportunistic,"Most peers follow a self-interested strategy (SI), but some deviate.",rounds[26].agents[22].belief_state.institutional_strategy
RB-26-A22-belief_observations,26,22,SI,belief_observations,0,0,0,,0.036928971732347,named_agents,"Agent 11 and Agent 20 contributed little, while Agent 4 and Agent 7 made significant contributions.",rounds[26].agents[22].belief_state.observations
RB-26-A23-contribution,26,23,SFI,contribution,0,1,0,,0.3669164239812535,,"My contribution is based on my past contributions and the MCPR, which indicates a moderate return for each unit contributed.",rounds[26].agents[23].contribution_reasoning
RB-26-A23-belief_strategy,26,23,SFI,belief_strategy,0,1,0,,0.3669164239812535,,Peer contributions vary significantly across institutions.,rounds[26].agents[23].belief_state.institutional_strategy
RB-26-A23-belief_observations,26,23,SFI,belief_observations,0,1,0,,0.3669164239812535,,"High contributors in SI institution, low contributors in SFI institution.",rounds[26].agents[23].belief_state.observations
RB-26-A24-punishment,26,24,SI,punishment,0,0,0,,0.1111907973550342,opportunistic,Punishing free-riders and rewarding high contributors to maintain cooperation and stability in the institution.,rounds[26].agents[24].punishment_reasoning
RB-26-A25-punishment,26,25,SI,punishment,0,0,0,,0.1618826420629226,opportunistic,Punished free-riders and rewarded high contributors to maintain group stability and encourage cooperation.,rounds[26].agents[25].punishment_reasoning
RB-27-A0-punishment,27,0,SI,punishment,0,0,0,,0.1779143068235572,opportunistic,Punishing free-riders and rewarding cooperative peers based on current-round contributions and past behavior.,rounds[27].agents[0].punishment_reasoning
RB-27-A1-contribution,27,1,SFI,contribution,0,1,0,,0.0,,I choose to contribute nothing due to low marginal return and high vulnerability index.,rounds[27].agents[1].contribution_reasoning
RB-27-A1-belief_strategy,27,1,SFI,belief_strategy,0,1,0,,0.0,,Most peers follow SI strategy.,rounds[27].agents[1].belief_state.institutional_strategy
RB-27-A1-belief_observations,27,1,SFI,belief_observations,0,1,0,,0.0,,High contributions from agents 6 and 14.,rounds[27].agents[1].belief_state.observations
RB-27-A2-contribution,27,2,SFI,contribution,1,0,1,,0.0,,I choose to contribute nothing due to low marginal return and high vulnerability index.,rounds[27].agents[2].contribution_reasoning
RB-27-A2-belief_strategy,27,2,SFI,belief_strategy,1,0,1,,0.0,,Most contributors are from the SI institution.,rounds[27].agents[2].belief_state.institutional_strategy
RB-27-A2-belief_observations,27,2,SFI,belief_observations,1,0,1,,0.0,,"High contributors in SI, low contributors in SFI.",rounds[27].agents[2].belief_state.observations
RB-27-A3-belief_observations,27,3,SFI,belief_observations,0,0,0,,0.8058322992164179,named_agents,Agent 1 and others have made low contributions to the public goods game.,rounds[27].agents[3].belief_state.observations
RB-27-A4-punishment,27,4,SI,punishment,0,0,0,,0.1132141304228976,opportunistic,Punished free-riders and rewarded high contributors to promote cooperation within the SI institution.,rounds[27].agents[4].punishment_reasoning
RB-27-A6-punishment,27,6,SI,punishment,0,0,0,,3.000477531780465,fairness|opportunistic,Punishing free-riders and rewarding generous contributors to maintain fairness and accountability within the SI institution.,rounds[27].agents[6].punishment_reasoning
RB-27-A7-contribution,27,7,SI,contribution,0,0,0,,0.2424293360458024,opportunistic,"To maximize my cumulative payoff, I will contribute a significant amount to the Global Emissions Reduction Fund while also considering the potential reward effect.",rounds[27].agents[7].contribution_reasoning
RB-27-A7-punishment,27,7,SI,punishment,0,0,0,,0.2424293360458024,opportunistic,Punished free-riders and rewarded high contributors to maintain cooperation within SI institutional strategy.,rounds[27].agents[7].punishment_reasoning
RB-27-A9-contribution,27,9,SFI,contribution,0,1,0,,0.3495720445811024,future_rounds,Maximizing my cumulative payoff requires a balance between contributing to emissions reduction and preserving wealth for future rounds.,rounds[27].agents[9].contribution_reasoning
RB-27-A9-belief_strategy,27,9,SFI,belief_strategy,0,1,0,,0.3495720445811024,,Most contributors follow the institutional strategy of SI.,rounds[27].agents[9].belief_state.institutional_strategy
RB-27-A9-belief_observations,27,9,SFI,belief_observations,0,1,0,,0.3495720445811024,,"High contributions from peers 6 and 14, low contributions from peers 1-5, 8, 10, 15, and 17.",rounds[27].agents[9].belief_state.observations
RB-27-A10-contribution,27,10,SFI,contribution,1,1,1,,0.0083893370596516,,"My contribution is based on my past behavior and recent contributions, which indicate a consistent level of commitment.",rounds[27].agents[10].contribution_reasoning
RB-27-A10-belief_strategy,27,10,SFI,belief_strategy,1,1,1,,0.0083893370596516,,Agents in SI contribute more than those in SFI.,rounds[27].agents[10].belief_state.institutional_strategy
RB-27-A10-belief_observations,27,10,SFI,belief_observations,1,1,1,,0.0083893370596516,,High contributors are mostly from the SI institution.,rounds[27].agents[10].belief_state.observations
RB-27-A11-belief_observations,27,11,SFI,belief_observations,0,0,0,,2.8222399330440218,named_agents,"Agent 11 contributed significantly, while Agents 1-5 and 8-10 made low contributions.",rounds[27].agents[11].belief_state.observations
RB-27-A12-contribution,27,12,SFI,contribution,1,1,1,,0.0,,I choose to contribute nothing due to low marginal return and high vulnerability index.,rounds[27].agents[12].contribution_reasoning
RB-27-A12-belief_strategy,27,12,SFI,belief_strategy,1,1,1,,0.0,,Most peers follow the SI strategy.,rounds[27].agents[12].belief_state.institutional_strategy
RB-27-A12-belief_observations,27,12,SFI,belief_observations,1,1,1,,0.0,,"High-contributors are mostly from SI, while SFI agents contribute little.",rounds[27].agents[12].belief_state.observations
RB-27-A13-contribution,27,13,SFI,contribution,1,1,1,,1.6614981770362427,,I'm choosing a moderate contribution to balance my own interests with cooperation incentives.,rounds[27].agents[13].contribution_reasoning
RB-27-A13-belief_strategy,27,13,SFI,belief_strategy,1,1,1,,1.6614981770362427,,Most contributors follow the institutional strategy (SI) except for a few defectors.,rounds[27].agents[13].belief_state.institutional_strategy
RB-27-A13-belief_observations,27,13,SFI,belief_observations,1,1,1,,1.6614981770362427,,"High-contributors in SI are rewarded with large payoffs, while low-contributors in SFI are penalized.",rounds[27].agents[13].belief_state.observations
RB-27-A14-punishment,27,14,SI,punishment,0,0,0,,2.5974229573028977,opportunistic,Punishing free-riders and rewarding those who contributed generously or consistently with their stated intent.,rounds[27].agents[14].punishment_reasoning
RB-27-A15-belief_observations,27,15,SFI,belief_observations,0,0,0,,0.1234802214573318,opportunistic,"High contributors from SI institutions, while SFI agents mostly free-ride.",rounds[27].agents[15].belief_state.observations
RB-27-A18-punishment,27,18,SI,punishment,0,0,0,,0.0429792593442119,fairness|opportunistic,Punished free-riders and rewarded high contributors to encourage cooperation and fairness.,rounds[27].agents[18].punishment_reasoning
RB-27-A19-punishment,27,19,SI,punishment,0,0,0,,0.0388144636579508,opportunistic,Punish free-riders and reward high contributors.,rounds[27].agents[19].punishment_reasoning
RB-27-A20-punishment,27,20,SI,punishment,0,0,0,,0.0288466335027981,opportunistic,Punishing free-riders and rewarding consistent contributors to promote cooperation and accountability within our institution.,rounds[27].agents[20].punishment_reasoning
RB-27-A21-punishment,27,21,SI,punishment,0,0,0,,0.0355594424000569,fairness|opportunistic,"Punished free-riders and low contributors, rewarded generous peers to encourage cooperation and fairness within the SI institution.",rounds[27].agents[21].punishment_reasoning
RB-27-A22-contribution,27,22,SI,contribution,0,0,0,,0.0403226696234091,opportunistic,"I'm choosing a moderate contribution to balance between self-interest and cooperation, considering my previous contributions and the marginal return.",rounds[27].agents[22].contribution_reasoning
RB-27-A22-punishment,27,22,SI,punishment,0,0,0,,0.0403226696234091,opportunistic,Punishing free-riders and rewarding high contributors.,rounds[27].agents[22].punishment_reasoning
RB-27-A23-belief_observations,27,23,SFI,belief_observations,0,0,0,,0.2564808807217808,named_agents,Agent 23 contributed significantly in this round.,rounds[27].agents[23].belief_state.observations
RB-27-A24-contribution,27,24,SI,contribution,0,0,0,,0.169371221600028,conformity|opportunistic,"To maximize my cumulative payoff, I will contribute a significant amount to take advantage of the high MCPR and influence the group average contribution.",rounds[27].agents[24].contribution_reasoning
RB-27-A24-punishment,27,24,SI,punishment,0,0,0,,0.169371221600028,opportunistic,Focused on punishing free-riders and rewarding generous contributors.,rounds[27].agents[24].punishment_reasoning
RB-27-A25-punishment,27,25,SI,punishment,0,0,0,,0.0629267252906274,fairness|opportunistic,Focused on punishing free-riders and rewarding high contributors to maintain a fair environment.,rounds[27].agents[25].punishment_reasoning
RB-28-A0-contribution,28,0,SI,contribution,0,0,0,,0.5890880391542525,opportunistic,"Contribute a moderate amount to balance self-interest and cooperation, considering past contributions and MCPR.",rounds[28].agents[0].contribution_reasoning
RB-28-A0-punishment,28,0,SI,punishment,0,0,0,,0.5890880391542525,opportunistic,Punishing free-riders and rewarding cooperative agents to maximize cumulative payoff while maintaining institutional credibility.,rounds[28].agents[0].punishment_reasoning
RB-28-A1-contribution,28,1,SFI,contribution,0,0,0,,0.7299714952179448,opportunistic,Contribute a significant amount to maximize my cumulative payoff while balancing immediate resilience needs and long-run cooperation incentives.,rounds[28].agents[1].contribution_reasoning
RB-28-A2-belief_observations,28,2,SFI,belief_observations,0,0,0,,0.0,named_agents,"Agent 2 contributed significantly, while Agent 12 and others did not contribute at all.",rounds[28].agents[2].belief_state.observations
RB-28-A3-contribution,28,3,SFI,contribution,0,0,0,,0.4208075512361685,opportunistic,"Based on previous rounds' data, I expect a mix of cooperative and free-riding behavior from other agents.",rounds[28].agents[3].contribution_reasoning
RB-28-A3-belief_observations,28,3,SFI,belief_observations,0,0,0,,0.4208075512361685,opportunistic,"High contributors in SI, defectors and free riders in SFI.",rounds[28].agents[3].belief_state.observations
RB-28-A4-punishment,28,4,SI,punishment,0,0,0,,0.5466740854203449,opportunistic,Punished free-riders and rewarded high contributors who also contributed generously.,rounds[28].agents[4].punishment_reasoning
RB-28-A6-contribution,28,6,SI,contribution,0,0,0,,0.4332269755452351,opportunistic,"Based on my institution's strategy to follow SI, I'm choosing a moderate contribution that balances self-interest with cooperative action.",rounds[28].agents[6].contribution_reasoning
RB-28-A6-punishment,28,6,SI,punishment,0,0,0,,0.4332269755452351,opportunistic,"Punish free-riders who contributed below the group average, while rewarding high contributors who demonstrated cooperation and institutional credibility.",rounds[28].agents[6].punishment_reasoning
RB-28-A7-punishment,28,7,SI,punishment,0,0,0,,0.5480961160830875,future_rounds|opportunistic,Focused on punishing free-riders and rewarding high contributors to promote cooperation and long-term climate stability.,rounds[28].agents[7].punishment_reasoning
RB-28-A9-contribution,28,9,SFI,contribution,1,1,0,,0.2420303033670796,,"I choose to contribute a moderate amount, balancing my institutional strategy with the observed contributions of peers 6 and 14.",rounds[28].agents[9].contribution_reasoning
RB-28-A9-belief_strategy,28,9,SFI,belief_strategy,1,1,0,,0.2420303033670796,,Most contributors follow the SI strategy.,rounds[28].agents[9].belief_state.institutional_strategy
RB-28-A9-belief_observations,28,9,SFI,belief_observations,1,1,0,,0.2420303033670796,,"High contributors in SI, low contributors in SFI.",rounds[28].agents[9].belief_state.observations
RB-28-A11-contribution,28,11,SFI,contribution,1,1,1,,0.2709001238663724,,"To balance immediate resilience needs and long-run cooperation incentives, I will contribute a moderate amount to the Global Emissions Reduction Fund.",rounds[28].agents[11].contribution_reasoning
RB-28-A11-belief_strategy,28,11,SFI,belief_strategy,1,1,1,,0.2709001238663724,,"Most peers follow SI, except for a few SFI agents.",rounds[28].agents[11].belief_state.institutional_strategy
RB-28-A11-belief_observations,28,11,SFI,belief_observations,1,1,1,,0.2709001238663724,,"High contributors are mostly from SI, while low contributors are from SFI.",rounds[28].agents[11].belief_state.observations
RB-28-A14-punishment,28,14,SI,punishment,0,0,0,,0.2329265893864774,opportunistic,"Punishing free-riders while rewarding cooperative agents in the developed country group, following SI's strategy of contributing more.",rounds[28].agents[14].punishment_reasoning
RB-28-A15-contribution,28,15,SFI,contribution,0,0,0,,0.0,opportunistic,Free-riding is a rational choice given the low marginal return and high vulnerability index.,rounds[28].agents[15].contribution_reasoning
RB-28-A18-punishment,28,18,SI,punishment,0,0,0,,0.172486784275414,opportunistic,Punishing free-riders and rewarding high contributors to maintain cooperation and institutional credibility.,rounds[28].agents[18].punishment_reasoning
RB-28-A19-contribution,28,19,SI,contribution,0,0,0,,0.0347990156782718,opportunistic,"To maximize my cumulative payoff, I will contribute a moderate amount based on historical emissions and marginal return.",rounds[28].agents[19].contribution_reasoning
RB-28-A19-punishment,28,19,SI,punishment,0,0,0,,0.0347990156782718,opportunistic,Punishing free-riders and rewarding high contributors to maintain cooperation and institutional credibility within the SI institution.,rounds[28].agents[19].punishment_reasoning
RB-28-A19-belief_strategy,28,19,SI,belief_strategy,0,0,0,,0.0347990156782718,opportunistic,Most peers follow a self-interested strategy (SI).,rounds[28].agents[19].belief_state.institutional_strategy
RB-28-A20-contribution,28,20,SI,contribution,1,1,1,,0.087825190011959,opportunistic,"Given my high budget and the marginal return to me per unit contributed, I choose a significant contribution to maximize my payoff while also contributing to global emissions reduction.",rounds[28].agents[20].contribution_reasoning
RB-28-A20-punishment,28,20,SI,punishment,1,1,1,,0.087825190011959,opportunistic,Punished free-riders who did not meet their stated intentions and rewarded high contributors to maintain cooperation and institutional credibility.,rounds[28].agents[20].punishment_reasoning
RB-28-A20-belief_strategy,28,20,SI,belief_strategy,1,1,1,,0.087825190011959,,Most peers contribute significantly to the institution.,rounds[28].agents[20].belief_state.institutional_strategy
RB-28-A20-belief_observations,28,20,SI,belief_observations,1,1,1,,0.087825190011959,,"High contributors are rewarded, while low contributors and defectors are penalized.",rounds[28].agents[20].belief_state.observations
RB-28-A21-punishment,28,21,SI,punishment,0,0,0,,0.0,opportunistic,Punished free-riders and rewarded high contributors to maintain cooperation and institutional credibility.,rounds[28].agents[21].punishment_reasoning
RB-28-A22-contribution,28,22,SI,contribution,0,0,0,,0.0130066323105584,opportunistic,"I choose to contribute a moderate amount, balancing between self-interest and cooperation.",rounds[28].agents[22].contribution_reasoning
RB-28-A22-punishment,28,22,SI,punishment,0,0,0,,0.0130066323105584,opportunistic,Punished free-riders and rewarded high contributors to maintain institutional credibility and cooperation.,rounds[28].agents[22].punishment_reasoning
RB-28-A24-punishment,28,24,SI,punishment,0,0,0,,0.1451248732767429,opportunistic,"Punished free-riders, rewarded generous contributors to encourage cooperation within the SI group.",rounds[28].agents[24].punishment_reasoning
RB-28-A25-contribution,28,25,SI,contribution,0,0,0,,0.0245609344937413,future_rounds,I'm choosing a moderate contribution to balance between reducing emissions and preserving wealth for future rounds.,rounds[28].agents[25].contribution_reasoning
RB-28-A25-punishment,28,25,SI,punishment,0,0,0,,0.0245609344937413,opportunistic,Punished free-riders with low contributions and rewarded high contributors who prioritize emissions reduction.,rounds[28].agents[25].punishment_reasoning
RB-29-A0-contribution,29,0,SI,contribution,0,0,0,,0.5474170344614322,opportunistic,"I'm choosing a moderate contribution to balance self-interest and cooperation, considering my institution's strategy and historical emissions index.",rounds[29].agents[0].contribution_reasoning
RB-29-A0-punishment,29,0,SI,punishment,0,0,0,,0.5474170344614322,opportunistic,Punishing free-riders and rewarding cooperative peers to maintain institutional credibility and balance self-interest with cooperation.,rounds[29].agents[0].punishment_reasoning
RB-29-A1-contribution,29,1,SFI,contribution,1,1,1,,0.9504218239530552,,"To balance immediate resilience needs and long-run cooperation incentives, I contribute a moderate amount to protect my institution's interests while also contributing to global emissions reduction.",rounds[29].agents[1].contribution_reasoning
RB-29-A1-belief_strategy,29,1,SFI,belief_strategy,1,1,1,,0.9504218239530552,,"Most peers contribute to SI, except SFI.",rounds[29].agents[1].belief_state.institutional_strategy
RB-29-A1-belief_observations,29,1,SFI,belief_observations,1,1,1,,0.9504218239530552,,"High contributors in SI, low contributors in SFI.",rounds[29].agents[1].belief_state.observations
RB-29-A2-contribution,29,2,SFI,contribution,1,1,1,,0.348634860239536,,"Contributing a significant amount aligns with my past actions and intent, while also maximizing my cumulative payoff.",rounds[29].agents[2].contribution_reasoning
RB-29-A2-belief_strategy,29,2,SFI,belief_strategy,1,1,1,,0.348634860239536,,Most contributors are using the SI strategy.,rounds[29].agents[2].belief_state.institutional_strategy
RB-29-A2-belief_observations,29,2,SFI,belief_observations,1,1,1,,0.348634860239536,,"High contributors in SI, low contributors in SFI.",rounds[29].agents[2].belief_state.observations
RB-29-A3-belief_observations,29,3,SFI,belief_observations,0,0,0,,0.3648464621220091,named_agents,Agent 3 made a high contribution in this round.,rounds[29].agents[3].belief_state.observations
RB-29-A4-contribution,29,4,SI,contribution,0,0,0,,0.5735138502786769,named_agents,"I'm choosing a contribution similar to Agent 0's, as they have a high budget and are likely taking a cooperative approach.",rounds[29].agents[4].contribution_reasoning
RB-29-A4-punishment,29,4,SI,punishment,0,0,0,,0.5735138502786769,opportunistic,"Punishing free-riders and rewarding high contributors based on their contributions and stated intent, while considering the institutional strategy of SI and internal beliefs.",rounds[29].agents[4].punishment_reasoning
RB-29-A5-contribution,29,5,SFI,contribution,1,1,1,,0.1398534361163119,,"My contribution is based on a balance between immediate resilience needs and long-run cooperation incentives, considering my institution's strategy and observed peer behavior.",rounds[29].agents[5].contribution_reasoning
RB-29-A5-belief_strategy,29,5,SFI,belief_strategy,1,1,1,,0.1398534361163119,,Most contributors follow the SI strategy.,rounds[29].agents[5].belief_state.institutional_strategy
RB-29-A5-belief_observations,29,5,SFI,belief_observations,1,1,1,,0.1398534361163119,,High contributions from peers with SI strategy.,rounds[29].agents[5].belief_state.observations
RB-29-A6-contribution,29,6,SI,contribution,0,1,0,,0.195699880815178,,My contribution is based on the group average from the previous round.,rounds[29].agents[6].contribution_reasoning
RB-29-A6-punishment,29,6,SI,punishment,0,1,0,,0.195699880815178,opportunistic,Punished free-riders and rewarded generous contributors to promote cooperation in emissions reduction efforts.,rounds[29].agents[6].punishment_reasoning
RB-29-A6-belief_strategy,29,6,SI,belief_strategy,0,1,0,,0.195699880815178,,"Most peers follow SI, except for SFI agents.",rounds[29].agents[6].belief_state.institutional_strategy
RB-29-A6-belief_observations,29,6,SI,belief_observations,0,1,0,,0.195699880815178,,"High contributors are mostly from SI, while low contributors are all from SFI.",rounds[29].agents[6].belief_state.observations
RB-29-A7-contribution,29,7,SI,contribution,0,0,0,,0.1505830327167119,opportunistic,"Choosing a moderate contribution to balance self-interest and cooperation, while also considering past peer behavior.",rounds[29].agents[7].contribution_reasoning
RB-29-A7-punishment,29,7,SI,punishment,0,0,0,,0.1505830327167119,opportunistic,Punished free-riders and rewarded cooperative peers with high contributions.,rounds[29].agents[7].punishment_reasoning
RB-29-A10-belief_observations,29,10,SFI,belief_observations,0,0,0,,0.0067990867386598,named_agents,Agent 10 contributed significantly to the SFI institution.,rounds[29].agents[10].belief_state.observations
RB-29-A12-contribution,29,12,SFI,contribution,1,1,1,,0.0,,Contributing zero aligns with my internal beliefs of low marginal return and high vulnerability index.,rounds[29].agents[12].contribution_reasoning
RB-29-A12-belief_strategy,29,12,SFI,belief_strategy,1,1,1,,0.0,,Most peers follow the SI strategy.,rounds[29].agents[12].belief_state.institutional_strategy
RB-29-A12-belief_observations,29,12,SFI,belief_observations,1,1,1,,0.0,,High contributors are mostly from the SI institution.,rounds[29].agents[12].belief_state.observations
RB-29-A13-belief_strategy,29,13,SFI,belief_strategy,0,0,0,,0.8824416591913139,conditional_cooperation,Institutional strategy: Cooperate if others cooperate.,rounds[29].agents[13].belief_state.institutional_strategy
RB-29-A13-belief_observations,29,13,SFI,belief_observations,0,0,0,,0.8824416591913139,opportunistic,"Observations: High contributors in SI, defectors and free-riders in SFI.",rounds[29].agents[13].belief_state.observations
RB-29-A14-punishment,29,14,SI,punishment,0,0,0,,1.1624709910398034,opportunistic,Punishing free-riders and rewarding high contributors to promote cooperation within SI.,rounds[29].agents[14].punishment_reasoning
RB-29-A15-contribution,29,15,SFI,contribution,0,0,0,,0.0,opportunistic,Free-riding is rational due to low marginal return and high vulnerability index.,rounds[29].agents[15].contribution_reasoning
RB-29-A15-belief_observations,29,15,SFI,belief_observations,0,0,0,,0.0,named_agents,"Agent 15 contributed significantly in SFI, while others varied.",rounds[29].agents[15].belief_state.observations
RB-29-A17-contribution,29,17,SFI,contribution,0,0,0,,0.0906256005348574,opportunistic,I'm choosing a high contribution to align with my previous actions and maximize my cumulative payoff.,rounds[29].agents[17].contribution_reasoning
RB-29-A18-punishment,29,18,SI,punishment,0,0,0,,3.4595483334310746,opportunistic,Punishing free-riders while rewarding cooperative peers for their contributions to climate goals.,rounds[29].agents[18].punishment_reasoning
RB-29-A19-contribution,29,19,SI,contribution,0,0,0,,0.0403192921361861,opportunistic,Contributing a moderate amount aligns with my institution's (SI) self-interested strategy and maximizes my cumulative payoff.,rounds[29].agents[19].contribution_reasoning
RB-29-A19-punishment,29,19,SI,punishment,0,0,0,,0.0403192921361861,opportunistic,Focused on punishing free-riders and rewarding consistent contributors.,rounds[29].agents[19].punishment_reasoning
RB-29-A20-punishment,29,20,SI,punishment,0,0,0,,0.0414380412790099,opportunistic,Punished free-riders and rewarded high contributors who demonstrated a consistent effort in reducing emissions.,rounds[29].agents[20].punishment_reasoning
RB-29-A20-belief_strategy,29,20,SI,belief_strategy,0,0,0,,0.0414380412790099,opportunistic,Most peers follow a Self-Interested (SI) strategy.,rounds[29].agents[20].belief_state.institutional_strategy
RB-29-A20-belief_observations,29,20,SI,belief_observations,0,0,0,,0.0414380412790099,named_agents,"Agent 20 contributed significantly, while Agent 9 and others did not contribute at all.",rounds[29].agents[20].belief_state.observations
RB-29-A21-contribution,29,21,SI,contribution,0,0,0,,0.0259868835676322,conformity|opportunistic,"Following my internal beliefs and previous-round peer data, I will contribute a moderate amount to maximize my cumulative payoff while considering the group's average contribution.",rounds[29].agents[21].contribution_reasoning
RB-29-A21-punishment,29,21,SI,punishment,0,0,0,,0.0259868835676322,opportunistic,Punishing free-riders and rewarding high contributors to promote cooperation and stability in emissions reduction efforts.,rounds[29].agents[21].punishment_reasoning
RB-29-A22-contribution,29,22,SI,contribution,0,1,0,,0.0437877154832304,opportunistic,"I'm choosing a moderate contribution to balance self-interest and cooperation, considering my previous contributions and institutional strategy.",rounds[29].agents[22].contribution_reasoning
RB-29-A22-punishment,29,22,SI,punishment,0,1,0,,0.0437877154832304,opportunistic,Punishing free-riders (below-average contributors) while rewarding cooperative peers with high contributions.,rounds[29].agents[22].punishment_reasoning
RB-29-A22-belief_strategy,29,22,SI,belief_strategy,0,1,0,,0.0437877154832304,,Most contributors follow the SI strategy.,rounds[29].agents[22].belief_state.institutional_strategy
RB-29-A22-belief_observations,29,22,SI,belief_observations,0,1,0,,0.0437877154832304,,High contributions from peers with SI strategy.,rounds[29].agents[22].belief_state.observations
RB-29-A24-punishment,29,24,SI,punishment,0,0,0,,0.0,opportunistic,Punishing free-riders who contributed below the group average or had inconsistent actions. Rewarding high contributors who demonstrated generosity and consistency in their actions.,rounds[29].agents[24].punishment_reasoning
RB-29-A25-punishment,29,25,SI,punishment,0,0,0,,0.0,opportunistic,"Focused on punishing free-riders and rewarding consistent contributors, with an emphasis on maintaining a balanced climate effort within the SI institution.",rounds[29].agents[25].punishment_reasoning
RB-30-A0-contribution,30,0,SI,contribution,0,0,0,,0.2523636874938408,opportunistic,"To maximize my cumulative payoff, I will contribute a value slightly above the previous round's group average to maintain cooperation and institutional credibility.",rounds[30].agents[0].contribution_reasoning
RB-30-A0-punishment,30,0,SI,punishment,0,0,0,,0.2523636874938408,opportunistic,Punished free-riders and rewarded cooperative agents to maintain team cohesion and encourage collective action.,rounds[30].agents[0].punishment_reasoning
RB-30-A0-belief_strategy,30,0,SI,belief_strategy,0,0,0,,0.2523636874938408,named_agents|opportunistic,Most peers follow a self-interested strategy (SI) except for Agent 5 who follows a SFI strategy.,rounds[30].agents[0].belief_state.institutional_strategy
RB-30-A2-contribution,30,2,SFI,contribution,1,0,1,,0.1382908153559145,,"To balance immediate resilience needs and long-run cooperation incentives, I contribute a moderate amount.",rounds[30].agents[2].contribution_reasoning
RB-30-A2-belief_strategy,30,2,SFI,belief_strategy,1,0,1,,0.1382908153559145,,"Most contributors follow the institutional strategy, but some deviate.",rounds[30].agents[2].belief_state.institutional_strategy
RB-30-A2-belief_observations,30,2,SFI,belief_observations,1,0,1,,0.1382908153559145,named_agents,"High contributions from agents 4 and 21, while agent 5 contributed nothing.",rounds[30].agents[2].belief_state.observations
RB-30-A3-contribution,30,3,SFI,contribution,0,0,0,,0.6181699527868986,conformity|opportunistic,"To maximize my cumulative payoff, I will contribute a high amount to take advantage of the MCPR and shift the group average contribution upwards.",rounds[30].agents[3].contribution_reasoning
RB-30-A4-punishment,30,4,SI,punishment,0,0,0,,0.8683640216533237,opportunistic,Punishing free-riders and rewarding contributors who exceeded expectations.,rounds[30].agents[4].punishment_reasoning
RB-30-A6-punishment,30,6,SI,punishment,0,0,0,,0.0016920851842166,opportunistic,Focused on punishing free-riders while rewarding high contributors.,rounds[30].agents[6].punishment_reasoning
RB-30-A7-punishment,30,7,SI,punishment,0,0,0,,0.2457646339312328,opportunistic,Focused on punishing free-riders and rewarding generous contributors to maintain a balanced community.,rounds[30].agents[7].punishment_reasoning
RB-30-A10-belief_observations,30,10,SFI,belief_observations,0,0,0,,0.0055843066747341,named_agents,Agent 10 contributed significantly to the SFI institution.,rounds[30].agents[10].belief_state.observations
RB-30-A12-contribution,30,12,SFI,contribution,1,0,1,,0.23328516414607,,Contribute a moderate amount to balance immediate needs and long-run cooperation incentives.,rounds[30].agents[12].contribution_reasoning
RB-30-A12-belief_strategy,30,12,SFI,belief_strategy,1,0,1,,0.23328516414607,,"Most peers follow the Selfish-Institutional (SFI) strategy, but some deviate to Selfish-Institutional (SI).",rounds[30].agents[12].belief_state.institutional_strategy
RB-30-A12-belief_observations,30,12,SFI,belief_observations,1,0,1,,0.23328516414607,,High contributors in this round were mostly using the SI strategy.,rounds[30].agents[12].belief_state.observations
RB-30-A13-belief_strategy,30,13,SFI,belief_strategy,0,0,0,,0.2658926696160827,conditional_cooperation,Institutional strategy: Cooperate if others cooperate.,rounds[30].agents[13].belief_state.institutional_strategy
RB-30-A13-belief_observations,30,13,SFI,belief_observations,0,0,0,,0.2658926696160827,opportunistic,"Observations: High contributors in SI, defectors and free-riders in SFI.",rounds[30].agents[13].belief_state.observations
RB-30-A14-contribution,30,14,SI,contribution,0,0,0,,0.1196816883390964,opportunistic,Choosing a moderate contribution to balance self-interest and cooperation.,rounds[30].agents[14].contribution_reasoning
RB-30-A14-punishment,30,14,SI,punishment,0,0,0,,0.1196816883390964,fairness|opportunistic,Punished free-riders and rewarded generous contributors to maintain a fair contribution distribution within our institution.,rounds[30].agents[14].punishment_reasoning
RB-30-A15-contribution,30,15,SFI,contribution,1,1,1,,0.26272481303138,,"Contribute a significant amount to maintain credibility and contribute to emissions reduction, while also considering the vulnerability index.",rounds[30].agents[15].contribution_reasoning
RB-30-A15-belief_strategy,30,15,SFI,belief_strategy,1,1,1,,0.26272481303138,,"Most peers follow SI, but some deviate to SFI.",rounds[30].agents[15].belief_state.institutional_strategy
RB-30-A15-belief_observations,30,15,SFI,belief_observations,1,1,1,,0.26272481303138,,"High contributors are mostly from SI, while low contributors are mostly from SFI.",rounds[30].agents[15].belief_state.observations
RB-30-A16-belief_strategy,30,16,SFI,belief_strategy,0,0,0,,0.5703627399308882,conformity,"SI: High contributors are rewarded, SFI: Average contributions are expected.",rounds[30].agents[16].belief_state.institutional_strategy
RB-30-A17-contribution,30,17,SFI,contribution,0,0,0,,1.9260876591329943,opportunistic,"I'm choosing a high contribution to maximize my payoff and take advantage of the MCPR, while also considering the fact that most peers follow SI but some contribute highly in SFI.",rounds[30].agents[17].contribution_reasoning
RB-30-A18-punishment,30,18,SI,punishment,0,0,0,,0.1196802683036807,opportunistic,Punishing free-riders and rewarding high contributors to encourage cooperation within our institution.,rounds[30].agents[18].punishment_reasoning
RB-30-A18-belief_strategy,30,18,SI,belief_strategy,0,0,0,,0.1196802683036807,opportunistic,Most peers follow a self-interested strategy.,rounds[30].agents[18].belief_state.institutional_strategy
RB-30-A19-punishment,30,19,SI,punishment,0,0,0,,0.1193254856124341,fairness|opportunistic,Punishing free-riders and rewarding cooperative peers for maintaining a fair and productive environment within our institution.,rounds[30].agents[19].punishment_reasoning
RB-30-A19-belief_observations,30,19,SI,belief_observations,0,0,0,,0.1193254856124341,opportunistic,High contributors are mostly following the Self-Interested strategy.,rounds[30].agents[19].belief_state.observations
RB-30-A20-punishment,30,20,SI,punishment,0,0,0,,0.2478026993711545,opportunistic,Punished free-riders and rewarded generous contributors based on their contributions and stated intentions.,rounds[30].agents[20].punishment_reasoning
RB-30-A21-contribution,30,21,SI,contribution,1,1,1,,3.3979292230445117,future_rounds,"Maximizing my cumulative payoff requires contributing the maximum amount possible, as it directly affects my wealth and future decisions.",rounds[30].agents[21].contribution_reasoning
RB-30-A21-punishment,30,21,SI,punishment,1,1,1,,3.3979292230445117,opportunistic,"Punished free-riders and low contributors, while rewarding generous contributors to maintain a balanced coalition.",rounds[30].agents[21].punishment_reasoning
RB-30-A21-belief_strategy,30,21,SI,belief_strategy,1,1,1,,3.3979292230445117,,Most peers follow the SI strategy.,rounds[30].agents[21].belief_state.institutional_strategy
RB-30-A21-belief_observations,30,21,SI,belief_observations,1,1,1,,3.3979292230445117,,High contributors are mostly following the SI strategy.,rounds[30].agents[21].belief_state.observations
RB-30-A22-punishment,30,22,SI,punishment,0,0,0,,0.1138067421657314,opportunistic,Targeted free-riders with punishments and rewarded high contributors.,rounds[30].agents[22].punishment_reasoning
RB-30-A22-belief_observations,30,22,SI,belief_observations,0,0,0,,0.1138067421657314,opportunistic,"High contributors are emerging, while some agents are free-riding.",rounds[30].agents[22].belief_state.observations
RB-30-A24-contribution,30,24,SI,contribution,0,0,0,,0.1834260162103081,opportunistic,"To maximize my cumulative payoff, I will contribute a significant amount, slightly above the previous round's group average.",rounds[30].agents[24].contribution_reasoning
RB-30-A24-punishment,30,24,SI,punishment,0,0,0,,0.1834260162103081,opportunistic,Punishing free-riders and rewarding generous contributors to maintain social norms within the SI group.,rounds[30].agents[24].punishment_reasoning
RB-30-A25-punishment,30,25,SI,punishment,0,0,0,,0.0115617200942472,fairness|opportunistic,Targeted free-riders and rewarded generous contributors to maintain a fair and cooperative environment within SI.,rounds[30].agents[25].punishment_reasoning
