run,source_file,round_number,agent_id,agent_group,institution_choice,contribution,wealth_end_of_round,contribution_capacity,stage1_cap_from_end_wealth,prop_of_wealth,prop_of_capacity,prop_of_stage1_cap,note,reputation,reputation_delta,tom_scores_count,in_gossip_bulletin,bad_rep,rep_drop,bad_rep_prev,rep_drop_prev,gossip_prev,prop
20260804_024555,results/simulation_llama3.1_8b_Full_scnldf_sh1_ldf1_seed2_26agents_30rounds_20260804_024555.json,1,0,developed,SI,1000.0,7750663.0,1.0,7750663.0,0.0001290212205072,1000.0,0.0001290212205072,proportional columns are analyst-derived; stage1_cap uses end-of-round wealth (approx),5.0,,0,0,0,0,0,0,0,0.0001290212205072
20260804_024555,results/simulation_llama3.1_8b_Full_scnldf_sh1_ldf1_seed2_26agents_30rounds_20260804_024555.json,2,0,developed,SI,1000.0,10592194.066666666,1.0,10592194.0,9.440914636817046e-05,1000.0,9.440914696237624e-05,proportional columns are analyst-derived; stage1_cap uses end-of-round wealth (approx),5.0,0.0,25,0,0,0,0,0,0,9.440914636817046e-05
20260804_024555,results/simulation_llama3.1_8b_Full_scnldf_sh1_ldf1_seed2_26agents_30rounds_20260804_024555.json,3,0,developed,SI,2000000.0,13627851.133333333,1.0,13627851.0,0.1467582805559166,2000000.0,0.1467582819917828,proportional columns are analyst-derived; stage1_cap uses end-of-round wealth (approx),5.0,0.0,25,0,0,0,0,0,0,0.1467582805559166
20260804_024555,results/simulation_llama3.1_8b_Full_scnldf_sh1_ldf1_seed2_26agents_30rounds_20260804_024555.json,4,0,developed,SI,0.0,19775739.2,1.0,19775739.0,0.0,0.0,0.0,proportional columns are analyst-derived; stage1_cap uses end-of-round wealth (approx),5.0,0.0,25,0,0,0,0,0,0,0.0
20260804_024555,results/simulation_llama3.1_8b_Full_scnldf_sh1_ldf1_seed2_26agents_30rounds_20260804_024555.json,5,0,developed,SI,2000000.0,24320089.33333333,1.0,24320089.0,0.0822365400302531,2000000.0,0.0822365411573946,proportional columns are analyst-derived; stage1_cap uses end-of-round wealth (approx),1.36,-3.64,25,0,1,1,0,0,0,0.0822365400302531
20260804_024555,results/simulation_llama3.1_8b_Full_scnldf_sh1_ldf1_seed2_26agents_30rounds_20260804_024555.json,6,0,developed,SI,0.0,31966882.266666666,1.0,31966882.0,0.0,0.0,0.0,proportional columns are analyst-derived; stage1_cap uses end-of-round wealth (approx),5.0,3.64,25,0,0,0,1,1,0,0.0
20260804_024555,results/simulation_llama3.1_8b_Full_scnldf_sh1_ldf1_seed2_26agents_30rounds_20260804_024555.json,7,0,developed,SI,31966882.0,12281276.733333334,1.0,12281276.0,2.6028956674542485,31966882.0,2.6028958228770365,proportional columns are analyst-derived; stage1_cap uses end-of-round wealth (approx),1.0,-4.0,25,1,1,1,0,0,0,2.6028956674542485
20260804_024555,results/simulation_llama3.1_8b_Full_scnldf_sh1_ldf1_seed2_26agents_30rounds_20260804_024555.json,8,0,developed,SI,12281276.0,21118927.066666663,1.0,21118927.0,0.5815293533251654,12281276.0,0.5815293551608943,proportional columns are analyst-derived; stage1_cap uses end-of-round wealth (approx),4.84,3.84,25,0,0,0,1,1,1,0.5815293533251654
20260804_024555,results/simulation_llama3.1_8b_Full_scnldf_sh1_ldf1_seed2_26agents_30rounds_20260804_024555.json,9,0,developed,SI,10559546.0,34747621.46666667,1.0,34747621.0,0.3038926278775585,10559546.0,0.3038926319588901,proportional columns are analyst-derived; stage1_cap uses end-of-round wealth (approx),5.0,0.1600000000000001,25,0,0,0,0,0,0,0.3038926278775585
20260804_024555,results/simulation_llama3.1_8b_Full_scnldf_sh1_ldf1_seed2_26agents_30rounds_20260804_024555.json,10,0,developed,SI,13500000.0,48714218.86666668,1.0,48714218.0,0.277126479990374,13500000.0,0.2771264849206858,proportional columns are analyst-derived; stage1_cap uses end-of-round wealth (approx),5.0,0.0,25,0,0,0,0,0,0,0.277126479990374
20260804_024555,results/simulation_llama3.1_8b_Full_scnldf_sh1_ldf1_seed2_26agents_30rounds_20260804_024555.json,11,0,developed,SI,48714218.0,29525226.866666675,1.0,29525226.0,1.6499184991867843,48714218.0,1.6499185476175526,proportional columns are analyst-derived; stage1_cap uses end-of-round wealth (approx),5.0,0.0,25,0,0,0,0,0,0,1.6499184991867843
20260804_024555,results/simulation_llama3.1_8b_Full_scnldf_sh1_ldf1_seed2_26agents_30rounds_20260804_024555.json,12,0,developed,SI,0.0,61198656.26666668,1.0,61198656.0,0.0,0.0,0.0,proportional columns are analyst-derived; stage1_cap uses end-of-round wealth (approx),5.16,0.1600000000000001,25,0,0,0,0,0,0,0.0
20260804_024555,results/simulation_llama3.1_8b_Full_scnldf_sh1_ldf1_seed2_26agents_30rounds_20260804_024555.json,13,0,developed,SI,13500000.0,78737685.40000002,1.0,78737685.0,0.1714553829137577,13500000.0,0.1714553837847785,proportional columns are analyst-derived; stage1_cap uses end-of-round wealth (approx),1.0,-4.16,25,1,1,1,0,0,0,0.1714553829137577
20260804_024555,results/simulation_llama3.1_8b_Full_scnldf_sh1_ldf1_seed2_26agents_30rounds_20260804_024555.json,14,0,developed,SI,38768783.0,79429790.00000003,1.0,79429790.0,0.4880887007255085,38768783.0,0.4880887007255086,proportional columns are analyst-derived; stage1_cap uses end-of-round wealth (approx),5.0,4.0,25,0,0,0,1,1,1,0.4880887007255085
20260804_024555,results/simulation_llama3.1_8b_Full_scnldf_sh1_ldf1_seed2_26agents_30rounds_20260804_024555.json,15,0,developed,SI,38768783.0,91986136.53333336,1.0,91986136.0,0.4214633254648238,38768783.0,0.4214633279084578,proportional columns are analyst-derived; stage1_cap uses end-of-round wealth (approx),5.84,0.8399999999999999,25,0,0,0,0,0,0,0.4214633254648238
20260804_024555,results/simulation_llama3.1_8b_Full_scnldf_sh1_ldf1_seed2_26agents_30rounds_20260804_024555.json,16,0,developed,SI,91986136.0,51930845.200000025,1.0,51930845.0,1.7713198320908503,91986136.0,1.7713198389126923,proportional columns are analyst-derived; stage1_cap uses end-of-round wealth (approx),5.0,-0.8399999999999999,25,0,0,0,0,0,0,1.7713198320908503
20260804_024555,results/simulation_llama3.1_8b_Full_scnldf_sh1_ldf1_seed2_26agents_30rounds_20260804_024555.json,17,0,developed,SI,38768783.0,87267762.06666669,1.0,87267762.0,0.4442509133027069,38768783.0,0.4442509136420847,proportional columns are analyst-derived; stage1_cap uses end-of-round wealth (approx),4.84,-0.1600000000000001,25,0,0,0,0,0,0,0.4442509133027069
20260804_024555,results/simulation_llama3.1_8b_Full_scnldf_sh1_ldf1_seed2_26agents_30rounds_20260804_024555.json,18,0,developed,SI,42083069.0,91760192.60000002,1.0,91760192.0,0.4586201032014833,42083069.0,0.4586201062003009,proportional columns are analyst-derived; stage1_cap uses end-of-round wealth (approx),5.0,0.1600000000000001,25,0,0,0,0,0,0,0.4586201032014833
20260804_024555,results/simulation_llama3.1_8b_Full_scnldf_sh1_ldf1_seed2_26agents_30rounds_20260804_024555.json,19,0,developed,SI,91760192.0,49222990.200000025,1.0,49222990.0,1.8641734609613363,91760192.0,1.8641734685357392,proportional columns are analyst-derived; stage1_cap uses end-of-round wealth (approx),5.12,0.1200000000000001,25,0,0,0,0,0,0,1.8641734609613363
20260804_024555,results/simulation_llama3.1_8b_Full_scnldf_sh1_ldf1_seed2_26agents_30rounds_20260804_024555.json,20,0,developed,SI,25219266.0,51465670.93333336,1.0,51465670.0,0.4900211255900669,25219266.0,0.4900211344766327,proportional columns are analyst-derived; stage1_cap uses end-of-round wealth (approx),4.2,-0.92,25,0,0,0,0,0,0,0.4900211255900669
20260804_024555,results/simulation_llama3.1_8b_Full_scnldf_sh1_ldf1_seed2_26agents_30rounds_20260804_024555.json,21,0,developed,SI,16433919.0,92374405.4666667,1.0,92374405.0,0.1779055455564493,16433919.0,0.1779055464552112,proportional columns are analyst-derived; stage1_cap uses end-of-round wealth (approx),5.0,0.7999999999999998,25,0,0,0,0,0,0,0.1779055455564493
20260804_024555,results/simulation_llama3.1_8b_Full_scnldf_sh1_ldf1_seed2_26agents_30rounds_20260804_024555.json,22,0,developed,SI,91760192.0,42821027.73333337,1.0,42821027.0,2.1428769195226645,91760192.0,2.142876956220597,proportional columns are analyst-derived; stage1_cap uses end-of-round wealth (approx),5.0,0.0,25,0,0,0,0,0,0,2.1428769195226645
20260804_024555,results/simulation_llama3.1_8b_Full_scnldf_sh1_ldf1_seed2_26agents_30rounds_20260804_024555.json,23,0,developed,SI,42000000.0,102377457.93333337,1.0,102377457.0,0.4102465605988161,42000000.0,0.4102465643388661,proportional columns are analyst-derived; stage1_cap uses end-of-round wealth (approx),5.0,0.0,25,0,0,0,0,0,0,0.4102465605988161
20260804_024555,results/simulation_llama3.1_8b_Full_scnldf_sh1_ldf1_seed2_26agents_30rounds_20260804_024555.json,24,0,developed,SI,40000000.0,94918249.20000003,1.0,94918249.0,0.4214152740609124,40000000.0,0.4214152749488667,proportional columns are analyst-derived; stage1_cap uses end-of-round wealth (approx),5.0,0.0,25,0,0,0,0,0,0,0.4214152740609124
20260804_024555,results/simulation_llama3.1_8b_Full_scnldf_sh1_ldf1_seed2_26agents_30rounds_20260804_024555.json,25,0,developed,SI,25000000.0,113468237.26666673,1.0,113468237.0,0.2203259749355795,25000000.0,0.2203259754533773,proportional columns are analyst-derived; stage1_cap uses end-of-round wealth (approx),5.0,0.0,25,0,0,0,0,0,0,0.2203259749355795
20260804_024555,results/simulation_llama3.1_8b_Full_scnldf_sh1_ldf1_seed2_26agents_30rounds_20260804_024555.json,26,0,developed,SI,20000000.0,165695430.80000007,1.0,165695430.0,0.1207033887623652,20000000.0,0.1207033893451376,proportional columns are analyst-derived; stage1_cap uses end-of-round wealth (approx),5.0,0.0,25,0,0,0,0,0,0,0.1207033887623652
20260804_024555,results/simulation_llama3.1_8b_Full_scnldf_sh1_ldf1_seed2_26agents_30rounds_20260804_024555.json,27,0,developed,SI,50000000.0,281034172.5333334,1.0,281034172.0,0.1779143068235572,50000000.0,0.1779143071611946,proportional columns are analyst-derived; stage1_cap uses end-of-round wealth (approx),5.0,0.0,25,0,0,0,0,0,0,0.1779143068235572
20260804_024555,results/simulation_llama3.1_8b_Full_scnldf_sh1_ldf1_seed2_26agents_30rounds_20260804_024555.json,28,0,developed,SI,141000000.0,239353017.9333334,1.0,239353017.0,0.5890880391542525,141000000.0,0.589088041451343,proportional columns are analyst-derived; stage1_cap uses end-of-round wealth (approx),5.0,0.0,25,0,0,0,0,0,0,0.5890880391542525
20260804_024555,results/simulation_llama3.1_8b_Full_scnldf_sh1_ldf1_seed2_26agents_30rounds_20260804_024555.json,29,0,developed,SI,150000000.0,274014125.5333334,1.0,274014125.0,0.5474170344614322,150000000.0,0.5474170355269095,proportional columns are analyst-derived; stage1_cap uses end-of-round wealth (approx),5.12,0.1200000000000001,25,0,0,0,0,0,0,0.5474170344614322
20260804_024555,results/simulation_llama3.1_8b_Full_scnldf_sh1_ldf1_seed2_26agents_30rounds_20260804_024555.json,30,0,developed,SI,112268001.0,444865908.0666668,1.0,444865908.0,0.2523636874938408,112268001.0,0.2523636875316595,proportional columns are analyst-derived; stage1_cap uses end-of-round wealth (approx),5.0,-0.1200000000000001,25,0,0,0,0,0,0,0.2523636874938408
20260804_024555,results/simulation_llama3.1_8b_Full_scnldf_sh1_ldf1_seed2_26agents_30rounds_20260804_024555.json,1,1,developing,SFI,10000.0,469441.1428571429,0.1,469441.0,0.021301924963665,100000.0,0.0213019314461242,proportional columns are analyst-derived; stage1_cap uses end-of-round wealth (approx),5.0,,0,0,0,0,0,0,0,0.021301924963665
20260804_024555,results/simulation_llama3.1_8b_Full_scnldf_sh1_ldf1_seed2_26agents_30rounds_20260804_024555.json,2,1,developing,SFI,200000.0,521374.17142857146,0.1,521374.0,0.3836016645243427,2000000.0,0.3836017906531587,proportional columns are analyst-derived; stage1_cap uses end-of-round wealth (approx),5.0,0.0,25,0,0,0,0,0,0,0.3836016645243427
20260804_024555,results/simulation_llama3.1_8b_Full_scnldf_sh1_ldf1_seed2_26agents_30rounds_20260804_024555.json,3,1,developing,SFI,100000.0,657936.4571428571,0.1,657936.0,0.151990361552935,1000000.0,0.1519904671578998,proportional columns are analyst-derived; stage1_cap uses end-of-round wealth (approx),7.88,2.88,25,0,0,0,0,0,0,0.151990361552935
20260804_024555,results/simulation_llama3.1_8b_Full_scnldf_sh1_ldf1_seed2_26agents_30rounds_20260804_024555.json,4,1,developing,SFI,0.0,1083126.6285714286,0.1,1083126.0,0.0,0.0,0.0,proportional columns are analyst-derived; stage1_cap uses end-of-round wealth (approx),5.12,-2.76,25,0,0,1,0,0,0,0.0
20260804_024555,results/simulation_llama3.1_8b_Full_scnldf_sh1_ldf1_seed2_26agents_30rounds_20260804_024555.json,5,1,developing,SFI,500000.0,1362466.9142857145,0.1,1362466.0,0.3669813885074263,5000000.0,0.3669816347710695,proportional columns are analyst-derived; stage1_cap uses end-of-round wealth (approx),1.0,-4.12,25,1,1,1,0,1,0,0.3669813885074263
20260804_024555,results/simulation_llama3.1_8b_Full_scnldf_sh1_ldf1_seed2_26agents_30rounds_20260804_024555.json,6,1,developing,SFI,500000.0,1524893.4285714286,0.1,1524893.0,0.3278917664878501,5000000.0,0.327891858641885,proportional columns are analyst-derived; stage1_cap uses end-of-round wealth (approx),6.44,5.44,25,0,0,0,1,1,1,0.3278917664878501
20260804_024555,results/simulation_llama3.1_8b_Full_scnldf_sh1_ldf1_seed2_26agents_30rounds_20260804_024555.json,7,1,developing,SFI,500000.0,1697496.285714286,0.1,1697496.0,0.2945514545203296,5000000.0,0.2945515040978005,proportional columns are analyst-derived; stage1_cap uses end-of-round wealth (approx),5.0,-1.4400000000000004,25,0,0,1,0,0,0,0.2945514545203296
20260804_024555,results/simulation_llama3.1_8b_Full_scnldf_sh1_ldf1_seed2_26agents_30rounds_20260804_024555.json,8,1,developing,SFI,1000000.0,1667706.685714286,0.1,1667706.0,0.5996258266313154,10000000.0,0.5996260731807644,proportional columns are analyst-derived; stage1_cap uses end-of-round wealth (approx),5.0,0.0,25,0,0,0,0,1,0,0.5996258266313154
20260804_024555,results/simulation_llama3.1_8b_Full_scnldf_sh1_ldf1_seed2_26agents_30rounds_20260804_024555.json,9,1,developing,SFI,1000000.0,1504897.428571429,0.1,1504897.0,0.6644971152281662,10000000.0,0.6644973044666844,proportional columns are analyst-derived; stage1_cap uses end-of-round wealth (approx),6.68,1.6799999999999995,25,0,0,0,0,0,0,0.6644971152281662
20260804_024555,results/simulation_llama3.1_8b_Full_scnldf_sh1_ldf1_seed2_26agents_30rounds_20260804_024555.json,10,1,developing,SFI,500000.0,1616601.428571429,0.1,1616601.0,0.3092908314709606,5000000.0,0.3092909134659696,proportional columns are analyst-derived; stage1_cap uses end-of-round wealth (approx),4.84,-1.84,25,0,0,1,0,0,0,0.3092908314709606
20260804_024555,results/simulation_llama3.1_8b_Full_scnldf_sh1_ldf1_seed2_26agents_30rounds_20260804_024555.json,11,1,developing,SFI,1000000.0,1977296.5142857148,0.1,1977296.0,0.5057410422640852,10000000.0,0.5057411738050348,proportional columns are analyst-derived; stage1_cap uses end-of-round wealth (approx),5.0,0.1600000000000001,25,0,0,0,0,1,0,0.5057410422640852
20260804_024555,results/simulation_llama3.1_8b_Full_scnldf_sh1_ldf1_seed2_26agents_30rounds_20260804_024555.json,12,1,developing,SFI,1000000.0,2741799.600000001,0.1,2741799.0,0.3647239572140866,10000000.0,0.3647240370282431,proportional columns are analyst-derived; stage1_cap uses end-of-round wealth (approx),5.0,0.0,25,0,0,0,0,0,0,0.3647239572140866
20260804_024555,results/simulation_llama3.1_8b_Full_scnldf_sh1_ldf1_seed2_26agents_30rounds_20260804_024555.json,13,1,developing,SFI,0.0,4827024.285714286,0.1,4827024.0,0.0,0.0,0.0,proportional columns are analyst-derived; stage1_cap uses end-of-round wealth (approx),5.0,0.0,25,0,0,0,0,0,0,0.0
20260804_024555,results/simulation_llama3.1_8b_Full_scnldf_sh1_ldf1_seed2_26agents_30rounds_20260804_024555.json,14,1,developing,SFI,2000000.0,4718076.514285715,0.1,4718076.0,0.4239015611434581,20000000.0,0.4239016073501147,proportional columns are analyst-derived; stage1_cap uses end-of-round wealth (approx),1.0,-4.0,25,1,1,1,0,0,0,0.4239015611434581
20260804_024555,results/simulation_llama3.1_8b_Full_scnldf_sh1_ldf1_seed2_26agents_30rounds_20260804_024555.json,15,1,developing,SFI,1000000.0,5206589.885714287,0.1,5206589.0,0.1920642919742489,10000000.0,0.1920643246470962,proportional columns are analyst-derived; stage1_cap uses end-of-round wealth (approx),5.0,4.0,25,0,0,0,1,1,1,0.1920642919742489
20260804_024555,results/simulation_llama3.1_8b_Full_scnldf_sh1_ldf1_seed2_26agents_30rounds_20260804_024555.json,16,1,developing,SFI,1000000.0,5836180.285714287,0.1,5836180.0,0.1713449467021751,10000000.0,0.1713449550904872,proportional columns are analyst-derived; stage1_cap uses end-of-round wealth (approx),5.12,0.1200000000000001,25,0,0,0,0,0,0,0.1713449467021751
20260804_024555,results/simulation_llama3.1_8b_Full_scnldf_sh1_ldf1_seed2_26agents_30rounds_20260804_024555.json,17,1,developing,SFI,5836180.0,2155618.3428571443,0.1,2155618.0,2.707427323273047,58361800.0,2.707427753897026,proportional columns are analyst-derived; stage1_cap uses end-of-round wealth (approx),5.0,-0.1200000000000001,25,0,0,0,0,0,0,2.707427323273047
20260804_024555,results/simulation_llama3.1_8b_Full_scnldf_sh1_ldf1_seed2_26agents_30rounds_20260804_024555.json,18,1,developing,SFI,1000000.0,1910718.3428571443,0.1,1910718.0,0.523363374690105,10000000.0,0.5233634686018555,proportional columns are analyst-derived; stage1_cap uses end-of-round wealth (approx),5.64,0.6399999999999997,25,0,0,0,0,0,0,0.523363374690105
20260804_024555,results/simulation_llama3.1_8b_Full_scnldf_sh1_ldf1_seed2_26agents_30rounds_20260804_024555.json,19,1,developing,SFI,0.0,3195836.1714285733,0.1,3195836.0,0.0,0.0,0.0,proportional columns are analyst-derived; stage1_cap uses end-of-round wealth (approx),5.0,-0.6399999999999997,25,0,0,0,0,0,0,0.0
20260804_024555,results/simulation_llama3.1_8b_Full_scnldf_sh1_ldf1_seed2_26agents_30rounds_20260804_024555.json,20,1,developing,SFI,3195836.0,3725254.571428573,0.1,3725254.0,0.8578839214133089,31958360.0,0.8578840530068553,proportional columns are analyst-derived; stage1_cap uses end-of-round wealth (approx),1.36,-3.64,25,1,1,1,0,0,0,0.8578839214133089
20260804_024555,results/simulation_llama3.1_8b_Full_scnldf_sh1_ldf1_seed2_26agents_30rounds_20260804_024555.json,21,1,developing,SFI,1000000.0,8636660.628571432,0.1,8636660.0,0.1157854919865489,10000000.0,0.1157855004133542,proportional columns are analyst-derived; stage1_cap uses end-of-round wealth (approx),5.0,3.64,25,0,0,0,1,1,1,0.1157854919865489
20260804_024555,results/simulation_llama3.1_8b_Full_scnldf_sh1_ldf1_seed2_26agents_30rounds_20260804_024555.json,22,1,developing,SFI,3195836.0,8718632.514285717,0.1,8718632.0,0.3665524375254417,31958360.0,0.3665524591472607,proportional columns are analyst-derived; stage1_cap uses end-of-round wealth (approx),5.0,0.0,25,0,0,0,0,0,0,0.3665524375254417
20260804_024555,results/simulation_llama3.1_8b_Full_scnldf_sh1_ldf1_seed2_26agents_30rounds_20260804_024555.json,23,1,developing,SFI,3000000.0,11495243.371428575,0.1,11495243.0,0.2609775107029486,30000000.0,0.2609775191355241,proportional columns are analyst-derived; stage1_cap uses end-of-round wealth (approx),5.12,0.1200000000000001,25,0,0,0,0,0,0,0.2609775107029486
20260804_024555,results/simulation_llama3.1_8b_Full_scnldf_sh1_ldf1_seed2_26agents_30rounds_20260804_024555.json,24,1,developing,SFI,11495243.0,4269513.28571429,0.1,4269513.0,2.692401271700656,114952430.0,2.6924014518751904,proportional columns are analyst-derived; stage1_cap uses end-of-round wealth (approx),5.0,-0.1200000000000001,25,0,0,0,0,0,0,2.692401271700656
20260804_024555,results/simulation_llama3.1_8b_Full_scnldf_sh1_ldf1_seed2_26agents_30rounds_20260804_024555.json,25,1,developing,SFI,3195836.0,5205864.828571433,0.1,5205864.0,0.6138914676501473,31958360.0,0.613891565357835,proportional columns are analyst-derived; stage1_cap uses end-of-round wealth (approx),7.92,2.92,25,0,0,0,0,0,0,0.6138914676501473
20260804_024555,results/simulation_llama3.1_8b_Full_scnldf_sh1_ldf1_seed2_26agents_30rounds_20260804_024555.json,26,1,developing,SFI,3000000.0,9624973.285714293,0.1,9624973.0,0.3116891767848022,30000000.0,0.3116891860371972,proportional columns are analyst-derived; stage1_cap uses end-of-round wealth (approx),5.04,-2.88,25,0,0,1,0,0,0,0.3116891767848022
20260804_024555,results/simulation_llama3.1_8b_Full_scnldf_sh1_ldf1_seed2_26agents_30rounds_20260804_024555.json,27,1,developing,SFI,0.0,19226778.885714293,0.1,19226778.0,0.0,0.0,0.0,proportional columns are analyst-derived; stage1_cap uses end-of-round wealth (approx),5.0,-0.04,25,0,0,0,0,1,0,0.0
20260804_024555,results/simulation_llama3.1_8b_Full_scnldf_sh1_ldf1_seed2_26agents_30rounds_20260804_024555.json,28,1,developing,SFI,10000000.0,13699165.057142865,0.1,13699165.0,0.7299714952179448,100000000.0,0.7299714982628503,proportional columns are analyst-derived; stage1_cap uses end-of-round wealth (approx),1.0,-4.0,25,1,1,1,0,0,0,0.7299714952179448
20260804_024555,results/simulation_llama3.1_8b_Full_scnldf_sh1_ldf1_seed2_26agents_30rounds_20260804_024555.json,29,1,developing,SFI,10000000.0,10521643.914285723,0.1,10521643.0,0.9504218239530552,100000000.0,0.950421906540642,proportional columns are analyst-derived; stage1_cap uses end-of-round wealth (approx),5.0,4.0,25,0,0,0,1,1,1,0.9504218239530552
20260804_024555,results/simulation_llama3.1_8b_Full_scnldf_sh1_ldf1_seed2_26agents_30rounds_20260804_024555.json,30,1,developing,SFI,5000000.0,17994030.085714296,0.1,17994030.0,0.2778699366502431,50000000.0,0.2778699379738724,proportional columns are analyst-derived; stage1_cap uses end-of-round wealth (approx),5.0,0.0,25,0,0,0,0,0,0,0.2778699366502431
20260804_024555,results/simulation_llama3.1_8b_Full_scnldf_sh1_ldf1_seed2_26agents_30rounds_20260804_024555.json,1,2,developing,SFI,20000.0,748431.1428571428,0.1,748431.0,0.0267225651830171,200000.0,0.0267225702837001,proportional columns are analyst-derived; stage1_cap uses end-of-round wealth (approx),5.0,,0,0,0,0,0,0,0,0.0267225651830171
20260804_024555,results/simulation_llama3.1_8b_Full_scnldf_sh1_ldf1_seed2_26agents_30rounds_20260804_024555.json,2,2,developing,SFI,0.0,1000364.1714285716,0.1,1000364.0,0.0,0.0,0.0,proportional columns are analyst-derived; stage1_cap uses end-of-round wealth (approx),5.0,0.0,25,0,0,0,0,0,0,0.0
20260804_024555,results/simulation_llama3.1_8b_Full_scnldf_sh1_ldf1_seed2_26agents_30rounds_20260804_024555.json,3,2,developing,SFI,1000364.0,236562.45714285717,0.1,236562.0,4.228752153161364,10003640.0,4.228760324988798,proportional columns are analyst-derived; stage1_cap uses end-of-round wealth (approx),1.0,-4.0,25,1,1,1,0,0,0,4.228752153161364
20260804_024555,results/simulation_llama3.1_8b_Full_scnldf_sh1_ldf1_seed2_26agents_30rounds_20260804_024555.json,4,2,developing,SFI,0.0,661752.6285714286,0.1,661752.0,0.0,0.0,0.0,proportional columns are analyst-derived; stage1_cap uses end-of-round wealth (approx),5.24,4.24,25,0,0,0,1,1,1,0.0
20260804_024555,results/simulation_llama3.1_8b_Full_scnldf_sh1_ldf1_seed2_26agents_30rounds_20260804_024555.json,5,2,developing,SFI,300000.0,1141092.9142857145,0.1,1141092.0,0.2629058477571828,3000000.0,0.2629060584072099,proportional columns are analyst-derived; stage1_cap uses end-of-round wealth (approx),1.0,-4.24,25,1,1,1,0,0,0,0.2629058477571828
20260804_024555,results/simulation_llama3.1_8b_Full_scnldf_sh1_ldf1_seed2_26agents_30rounds_20260804_024555.json,6,2,developing,SFI,500.0,1803019.4285714289,0.1,1803019.0,0.0002773125969009,5000.0,0.0002773126628171,proportional columns are analyst-derived; stage1_cap uses end-of-round wealth (approx),5.12,4.12,25,0,0,0,1,1,1,0.0002773125969009
20260804_024555,results/simulation_llama3.1_8b_Full_scnldf_sh1_ldf1_seed2_26agents_30rounds_20260804_024555.json,7,2,developing,SFI,1000000.0,1475622.285714286,0.1,1475622.0,0.677680196132266,10000000.0,0.6776803273467054,proportional columns are analyst-derived; stage1_cap uses end-of-round wealth (approx),5.0,-0.1200000000000001,25,0,0,0,0,0,0,0.677680196132266
20260804_024555,results/simulation_llama3.1_8b_Full_scnldf_sh1_ldf1_seed2_26agents_30rounds_20260804_024555.json,8,2,developing,SFI,300000.0,2145832.685714286,0.1,2145832.0,0.1398058674365558,3000000.0,0.1398059121124114,proportional columns are analyst-derived; stage1_cap uses end-of-round wealth (approx),5.6,0.5999999999999996,25,0,0,0,0,0,0,0.1398058674365558
20260804_024555,results/simulation_llama3.1_8b_Full_scnldf_sh1_ldf1_seed2_26agents_30rounds_20260804_024555.json,9,2,developing,SFI,107291.0,2875732.4285714286,0.1,2875732.0,0.0373091039117636,1072910.0,0.0373091094719535,proportional columns are analyst-derived; stage1_cap uses end-of-round wealth (approx),5.0,-0.5999999999999996,25,0,0,0,0,0,0,0.0373091039117636
20260804_024555,results/simulation_llama3.1_8b_Full_scnldf_sh1_ldf1_seed2_26agents_30rounds_20260804_024555.json,10,2,developing,SFI,143786.0,3343650.4285714286,0.1,3343650.0,0.0430027011111423,1437860.0,0.0430027066230018,proportional columns are analyst-derived; stage1_cap uses end-of-round wealth (approx),5.36,0.3600000000000003,25,0,0,0,0,0,0,0.0430027011111423
20260804_024555,results/simulation_llama3.1_8b_Full_scnldf_sh1_ldf1_seed2_26agents_30rounds_20260804_024555.json,11,2,developing,SFI,143786.0,4560559.514285714,0.1,4560559.0,0.0315281490241708,1437860.0,0.0315281525795412,proportional columns are analyst-derived; stage1_cap uses end-of-round wealth (approx),5.0,-0.3600000000000003,25,0,0,0,0,0,0,0.0315281490241708
20260804_024555,results/simulation_llama3.1_8b_Full_scnldf_sh1_ldf1_seed2_26agents_30rounds_20260804_024555.json,12,2,developing,SFI,0.0,6325062.600000001,0.1,6325062.0,0.0,0.0,0.0,proportional columns are analyst-derived; stage1_cap uses end-of-round wealth (approx),5.0,0.0,25,0,0,0,0,0,0,0.0
20260804_024555,results/simulation_llama3.1_8b_Full_scnldf_sh1_ldf1_seed2_26agents_30rounds_20260804_024555.json,13,2,developing,SFI,0.0,8410287.285714287,0.1,8410287.0,0.0,0.0,0.0,proportional columns are analyst-derived; stage1_cap uses end-of-round wealth (approx),1.0,-4.0,25,1,1,1,0,0,0,0.0
20260804_024555,results/simulation_llama3.1_8b_Full_scnldf_sh1_ldf1_seed2_26agents_30rounds_20260804_024555.json,14,2,developing,SFI,143786.0,10157553.514285715,0.1,10157553.0,0.0141555739576244,1437860.0,0.0141555746743334,proportional columns are analyst-derived; stage1_cap uses end-of-round wealth (approx),1.36,0.3600000000000001,25,1,1,0,1,1,1,0.0141555739576244
20260804_024555,results/simulation_llama3.1_8b_Full_scnldf_sh1_ldf1_seed2_26agents_30rounds_20260804_024555.json,15,2,developing,SFI,0.0,11646066.885714289,0.1,11646066.0,0.0,0.0,0.0,proportional columns are analyst-derived; stage1_cap uses end-of-round wealth (approx),5.0,3.64,25,0,0,0,1,0,1,0.0
20260804_024555,results/simulation_llama3.1_8b_Full_scnldf_sh1_ldf1_seed2_26agents_30rounds_20260804_024555.json,16,2,developing,SFI,143786.0,13131871.285714287,0.1,13131871.0,0.0109493915125729,1437860.0,0.0109493917508023,proportional columns are analyst-derived; stage1_cap uses end-of-round wealth (approx),1.36,-3.64,25,1,1,1,0,0,0,0.0109493915125729
20260804_024555,results/simulation_llama3.1_8b_Full_scnldf_sh1_ldf1_seed2_26agents_30rounds_20260804_024555.json,17,2,developing,SFI,0.0,15287489.342857145,0.1,15287489.0,0.0,0.0,0.0,proportional columns are analyst-derived; stage1_cap uses end-of-round wealth (approx),5.0,3.64,25,0,0,0,1,1,1,0.0
20260804_024555,results/simulation_llama3.1_8b_Full_scnldf_sh1_ldf1_seed2_26agents_30rounds_20260804_024555.json,18,2,developing,SFI,0.0,16042589.342857145,0.1,16042589.0,0.0,0.0,0.0,proportional columns are analyst-derived; stage1_cap uses end-of-round wealth (approx),1.0,-4.0,25,1,1,1,0,0,0,0.0
20260804_024555,results/simulation_llama3.1_8b_Full_scnldf_sh1_ldf1_seed2_26agents_30rounds_20260804_024555.json,19,2,developing,SFI,0.0,17327707.171428572,0.1,17327707.0,0.0,0.0,0.0,proportional columns are analyst-derived; stage1_cap uses end-of-round wealth (approx),1.36,0.3600000000000001,25,1,1,0,1,1,1,0.0
20260804_024555,results/simulation_llama3.1_8b_Full_scnldf_sh1_ldf1_seed2_26agents_30rounds_20260804_024555.json,20,2,developing,SFI,17327707.0,3725254.5714285728,0.1,3725254.0,4.651415538926543,173277070.0,4.651416252421982,proportional columns are analyst-derived; stage1_cap uses end-of-round wealth (approx),1.0,-0.3600000000000001,25,1,1,0,1,0,1,4.651415538926543
20260804_024555,results/simulation_llama3.1_8b_Full_scnldf_sh1_ldf1_seed2_26agents_30rounds_20260804_024555.json,21,2,developing,SFI,3725254.0,5911406.628571431,0.1,5911406.0,0.6301806378865628,37252540.0,0.63018070489491,proportional columns are analyst-derived; stage1_cap uses end-of-round wealth (approx),5.16,4.16,25,0,0,0,1,0,1,0.6301806378865628
20260804_024555,results/simulation_llama3.1_8b_Full_scnldf_sh1_ldf1_seed2_26agents_30rounds_20260804_024555.json,22,2,developing,SFI,3000000.0,6189214.514285717,0.1,6189214.0,0.4847141738382973,30000000.0,0.4847142141150718,proportional columns are analyst-derived; stage1_cap uses end-of-round wealth (approx),5.0,-0.1600000000000001,25,0,0,0,0,0,0,0.4847141738382973
20260804_024555,results/simulation_llama3.1_8b_Full_scnldf_sh1_ldf1_seed2_26agents_30rounds_20260804_024555.json,23,2,developing,SFI,0.0,11965825.371428575,0.1,11965825.0,0.0,0.0,0.0,proportional columns are analyst-derived; stage1_cap uses end-of-round wealth (approx),5.0,0.0,25,0,0,0,0,0,0,0.0
20260804_024555,results/simulation_llama3.1_8b_Full_scnldf_sh1_ldf1_seed2_26agents_30rounds_20260804_024555.json,24,2,developing,SFI,0.0,16235338.285714293,0.1,16235338.0,0.0,0.0,0.0,proportional columns are analyst-derived; stage1_cap uses end-of-round wealth (approx),1.0,-4.0,25,1,1,1,0,0,0,0.0
20260804_024555,results/simulation_llama3.1_8b_Full_scnldf_sh1_ldf1_seed2_26agents_30rounds_20260804_024555.json,25,2,developing,SFI,0.0,20367525.828571435,0.1,20367525.0,0.0,0.0,0.0,proportional columns are analyst-derived; stage1_cap uses end-of-round wealth (approx),1.0,0.0,25,1,1,0,1,1,1,0.0
20260804_024555,results/simulation_llama3.1_8b_Full_scnldf_sh1_ldf1_seed2_26agents_30rounds_20260804_024555.json,26,2,developing,SFI,10000000.0,17786634.28571429,0.1,17786634.0,0.5622199140863716,100000000.0,0.56221992311755,proportional columns are analyst-derived; stage1_cap uses end-of-round wealth (approx),1.0,0.0,25,1,1,0,1,0,1,0.5622199140863716
20260804_024555,results/simulation_llama3.1_8b_Full_scnldf_sh1_ldf1_seed2_26agents_30rounds_20260804_024555.json,27,2,developing,SFI,0.0,27388439.885714293,0.1,27388439.0,0.0,0.0,0.0,proportional columns are analyst-derived; stage1_cap uses end-of-round wealth (approx),5.0,4.0,25,0,0,0,1,0,1,0.0
20260804_024555,results/simulation_llama3.1_8b_Full_scnldf_sh1_ldf1_seed2_26agents_30rounds_20260804_024555.json,28,2,developing,SFI,0.0,31860826.057142865,0.1,31860826.0,0.0,0.0,0.0,proportional columns are analyst-derived; stage1_cap uses end-of-round wealth (approx),1.0,-4.0,25,1,1,1,0,0,0,0.0
20260804_024555,results/simulation_llama3.1_8b_Full_scnldf_sh1_ldf1_seed2_26agents_30rounds_20260804_024555.json,29,2,developing,SFI,10000000.0,28683304.914285723,0.1,28683304.0,0.348634860239536,100000000.0,0.3486348713523379,proportional columns are analyst-derived; stage1_cap uses end-of-round wealth (approx),1.0,0.0,25,1,1,0,1,1,1,0.348634860239536
20260804_024555,results/simulation_llama3.1_8b_Full_scnldf_sh1_ldf1_seed2_26agents_30rounds_20260804_024555.json,30,2,developing,SFI,5000000.0,36155691.085714296,0.1,36155691.0,0.1382908153559145,50000000.0,0.1382908156837605,proportional columns are analyst-derived; stage1_cap uses end-of-round wealth (approx),5.0,4.0,25,0,0,0,1,0,1,0.1382908153559145
20260804_024555,results/simulation_llama3.1_8b_Full_scnldf_sh1_ldf1_seed2_26agents_30rounds_20260804_024555.json,1,3,developing,SFI,500000.0,970641.1428571428,0.1,970641.0,0.5151234353493597,5000000.0,0.5151235111642719,proportional columns are analyst-derived; stage1_cap uses end-of-round wealth (approx),5.0,,0,0,0,0,0,0,0,0.5151234353493597
20260804_024555,results/simulation_llama3.1_8b_Full_scnldf_sh1_ldf1_seed2_26agents_30rounds_20260804_024555.json,2,3,developing,SFI,0.0,1222574.1714285717,0.1,1222574.0,0.0,0.0,0.0,proportional columns are analyst-derived; stage1_cap uses end-of-round wealth (approx),5.0,0.0,25,0,0,0,0,0,0,0.0
20260804_024555,results/simulation_llama3.1_8b_Full_scnldf_sh1_ldf1_seed2_26agents_30rounds_20260804_024555.json,3,3,developing,SFI,0.0,1459136.4571428571,0.1,1459136.0,0.0,0.0,0.0,proportional columns are analyst-derived; stage1_cap uses end-of-round wealth (approx),1.0,-4.0,25,1,1,1,0,0,0,0.0
20260804_024555,results/simulation_llama3.1_8b_Full_scnldf_sh1_ldf1_seed2_26agents_30rounds_20260804_024555.json,4,3,developing,SFI,100000.0,1784326.6285714286,0.1,1784326.0,0.0560435507707813,1000000.0,0.0560435705134599,proportional columns are analyst-derived; stage1_cap uses end-of-round wealth (approx),1.0,0.0,25,1,1,0,1,1,1,0.0560435507707813
20260804_024555,results/simulation_llama3.1_8b_Full_scnldf_sh1_ldf1_seed2_26agents_30rounds_20260804_024555.json,5,3,developing,SFI,1784326.0,779340.9142857143,0.1,779340.0,2.2895320485456354,17843260.0,2.289534734518952,proportional columns are analyst-derived; stage1_cap uses end-of-round wealth (approx),7.76,6.76,25,0,0,0,1,0,1,2.2895320485456354
20260804_024555,results/simulation_llama3.1_8b_Full_scnldf_sh1_ldf1_seed2_26agents_30rounds_20260804_024555.json,6,3,developing,SFI,388814.0,1052953.4285714286,0.1,1052953.0,0.3692603959963498,3888140.0,0.3692605462921897,proportional columns are analyst-derived; stage1_cap uses end-of-round wealth (approx),6.24,-1.5199999999999996,25,0,0,1,0,0,0,0.3692603959963498
20260804_024555,results/simulation_llama3.1_8b_Full_scnldf_sh1_ldf1_seed2_26agents_30rounds_20260804_024555.json,7,3,developing,SFI,500000.0,1225556.285714286,0.1,1225556.0,0.407977998096258,5000000.0,0.4079780932083071,proportional columns are analyst-derived; stage1_cap uses end-of-round wealth (approx),7.64,1.3999999999999997,25,0,0,0,0,1,0,0.407977998096258
20260804_024555,results/simulation_llama3.1_8b_Full_scnldf_sh1_ldf1_seed2_26agents_30rounds_20260804_024555.json,8,3,developing,SFI,1000000.0,1195766.685714286,0.1,1195766.0,0.8362835425563427,10000000.0,0.8362840221247301,proportional columns are analyst-derived; stage1_cap uses end-of-round wealth (approx),5.36,-2.28,25,0,0,1,0,0,0,0.8362835425563427
20260804_024555,results/simulation_llama3.1_8b_Full_scnldf_sh1_ldf1_seed2_26agents_30rounds_20260804_024555.json,9,3,developing,SFI,388814.0,1644143.428571429,0.1,1644143.0,0.2364842344307117,3888140.0,0.2364842960740033,proportional columns are analyst-derived; stage1_cap uses end-of-round wealth (approx),3.0,-2.3600000000000003,25,0,1,1,0,1,0,0.2364842344307117
20260804_024555,results/simulation_llama3.1_8b_Full_scnldf_sh1_ldf1_seed2_26agents_30rounds_20260804_024555.json,10,3,developing,SFI,533585.0,1722262.428571429,0.1,1722262.0,0.3098163155324677,5335850.0,0.3098163926278348,proportional columns are analyst-derived; stage1_cap uses end-of-round wealth (approx),5.12,2.12,25,0,0,0,1,1,0,0.3098163155324677
20260804_024555,results/simulation_llama3.1_8b_Full_scnldf_sh1_ldf1_seed2_26agents_30rounds_20260804_024555.json,11,3,developing,SFI,1000000.0,2082957.5142857148,0.1,2082957.0,0.4800866043313988,10000000.0,0.4800867228656184,proportional columns are analyst-derived; stage1_cap uses end-of-round wealth (approx),5.0,-0.1200000000000001,25,0,0,0,0,0,0,0.4800866043313988
20260804_024555,results/simulation_llama3.1_8b_Full_scnldf_sh1_ldf1_seed2_26agents_30rounds_20260804_024555.json,12,3,developing,SFI,0.0,3847460.600000001,0.1,3847460.0,0.0,0.0,0.0,proportional columns are analyst-derived; stage1_cap uses end-of-round wealth (approx),7.64,2.64,25,0,0,0,0,0,0,0.0
20260804_024555,results/simulation_llama3.1_8b_Full_scnldf_sh1_ldf1_seed2_26agents_30rounds_20260804_024555.json,13,3,developing,SFI,1000000.0,4932685.285714286,0.1,4932685.0,0.2027293334314543,10000000.0,0.2027293451740786,proportional columns are analyst-derived; stage1_cap uses end-of-round wealth (approx),2.44,-5.199999999999999,25,0,1,1,0,0,0,0.2027293334314543
20260804_024555,results/simulation_llama3.1_8b_Full_scnldf_sh1_ldf1_seed2_26agents_30rounds_20260804_024555.json,14,3,developing,SFI,2000000.0,4823737.514285715,0.1,4823737.0,0.4146162584669896,20000000.0,0.4146163026715594,proportional columns are analyst-derived; stage1_cap uses end-of-round wealth (approx),4.04,1.6,25,0,0,0,1,1,0,0.4146162584669896
20260804_024555,results/simulation_llama3.1_8b_Full_scnldf_sh1_ldf1_seed2_26agents_30rounds_20260804_024555.json,15,3,developing,SFI,3000000.0,3312250.885714287,0.1,3312250.0,0.9057284920471989,30000000.0,0.905728734244094,proportional columns are analyst-derived; stage1_cap uses end-of-round wealth (approx),7.64,3.6,25,0,0,0,0,0,0,0.9057284920471989
20260804_024555,results/simulation_llama3.1_8b_Full_scnldf_sh1_ldf1_seed2_26agents_30rounds_20260804_024555.json,16,3,developing,SFI,1000000.0,3941841.2857142873,0.1,3941841.0,0.2536885499738718,10000000.0,0.253688568361839,proportional columns are analyst-derived; stage1_cap uses end-of-round wealth (approx),8.0,0.3600000000000003,25,0,0,0,0,0,0,0.2536885499738718
20260804_024555,results/simulation_llama3.1_8b_Full_scnldf_sh1_ldf1_seed2_26agents_30rounds_20260804_024555.json,17,3,developing,SFI,3941841.0,2155618.3428571443,0.1,2155618.0,1.8286358589690437,39418410.0,1.8286361498187529,proportional columns are analyst-derived; stage1_cap uses end-of-round wealth (approx),5.48,-2.52,25,0,0,1,0,0,0,1.8286358589690437
20260804_024555,results/simulation_llama3.1_8b_Full_scnldf_sh1_ldf1_seed2_26agents_30rounds_20260804_024555.json,18,3,developing,SFI,1500000.0,1410718.3428571443,0.1,1410718.0,1.063288081277821,15000000.0,1.0632883396965234,proportional columns are analyst-derived; stage1_cap uses end-of-round wealth (approx),6.12,0.6399999999999997,25,0,0,0,0,1,0,1.063288081277821
20260804_024555,results/simulation_llama3.1_8b_Full_scnldf_sh1_ldf1_seed2_26agents_30rounds_20260804_024555.json,19,3,developing,SFI,700000.0,1995836.171428573,0.1,1995836.0,0.3507301901933946,7000000.0,0.3507302203187035,proportional columns are analyst-derived; stage1_cap uses end-of-round wealth (approx),7.52,1.3999999999999997,25,0,0,0,0,0,0,0.3507301901933946
20260804_024555,results/simulation_llama3.1_8b_Full_scnldf_sh1_ldf1_seed2_26agents_30rounds_20260804_024555.json,20,3,developing,SFI,1500000.0,4221090.571428573,0.1,4221090.0,0.3553584019620656,15000000.0,0.3553584500685842,proportional columns are analyst-derived; stage1_cap uses end-of-round wealth (approx),7.52,0.0,25,0,0,0,0,0,0,0.3553584019620656
20260804_024555,results/simulation_llama3.1_8b_Full_scnldf_sh1_ldf1_seed2_26agents_30rounds_20260804_024555.json,21,3,developing,SFI,2100000.0,8032496.628571431,0.1,8032496.0,0.2614380182283976,21000000.0,0.261438038686854,proportional columns are analyst-derived; stage1_cap uses end-of-round wealth (approx),5.0,-2.52,25,0,0,1,0,0,0,0.2614380182283976
20260804_024555,results/simulation_llama3.1_8b_Full_scnldf_sh1_ldf1_seed2_26agents_30rounds_20260804_024555.json,22,3,developing,SFI,3000000.0,8310304.514285717,0.1,8310304.0,0.3609976018138554,30000000.0,0.3609976241543029,proportional columns are analyst-derived; stage1_cap uses end-of-round wealth (approx),7.04,2.04,25,0,0,0,0,1,0,0.3609976018138554
20260804_024555,results/simulation_llama3.1_8b_Full_scnldf_sh1_ldf1_seed2_26agents_30rounds_20260804_024555.json,23,3,developing,SFI,2100000.0,11986915.371428575,0.1,11986915.0,0.1751910257917943,21000000.0,0.1751910312202931,proportional columns are analyst-derived; stage1_cap uses end-of-round wealth (approx),5.0,-2.04,25,0,0,1,0,0,0,0.1751910257917943
20260804_024555,results/simulation_llama3.1_8b_Full_scnldf_sh1_ldf1_seed2_26agents_30rounds_20260804_024555.json,24,3,developing,SFI,5000000.0,11256428.285714293,0.1,11256428.0,0.4441906325069008,50000000.0,0.4441906437814908,proportional columns are analyst-derived; stage1_cap uses end-of-round wealth (approx),6.32,1.3200000000000005,25,0,0,0,0,1,0,0.4441906325069008
20260804_024555,results/simulation_llama3.1_8b_Full_scnldf_sh1_ldf1_seed2_26agents_30rounds_20260804_024555.json,25,3,developing,SFI,5000000.0,10388615.828571437,0.1,10388615.0,0.4812960727885115,50000000.0,0.4812961111755513,proportional columns are analyst-derived; stage1_cap uses end-of-round wealth (approx),5.0,-1.3200000000000005,25,0,0,1,0,0,0,0.4812960727885115
20260804_024555,results/simulation_llama3.1_8b_Full_scnldf_sh1_ldf1_seed2_26agents_30rounds_20260804_024555.json,26,3,developing,SFI,5000000.0,12807724.285714293,0.1,12807724.0,0.3903894156729302,50000000.0,0.3903894243817246,proportional columns are analyst-derived; stage1_cap uses end-of-round wealth (approx),5.0,0.0,25,0,0,0,0,1,0,0.3903894156729302
20260804_024555,results/simulation_llama3.1_8b_Full_scnldf_sh1_ldf1_seed2_26agents_30rounds_20260804_024555.json,27,3,developing,SFI,10000000.0,12409529.885714293,0.1,12409529.0,0.8058322992164179,100000000.0,0.8058323567316696,proportional columns are analyst-derived; stage1_cap uses end-of-round wealth (approx),5.0,0.0,25,0,0,0,0,0,0,0.8058322992164179
20260804_024555,results/simulation_llama3.1_8b_Full_scnldf_sh1_ldf1_seed2_26agents_30rounds_20260804_024555.json,28,3,developing,SFI,5000000.0,11881916.057142865,0.1,11881916.0,0.4208075512361685,50000000.0,0.4208075532599288,proportional columns are analyst-derived; stage1_cap uses end-of-round wealth (approx),5.0,0.0,25,0,0,0,0,0,0,0.4208075512361685
20260804_024555,results/simulation_llama3.1_8b_Full_scnldf_sh1_ldf1_seed2_26agents_30rounds_20260804_024555.json,29,3,developing,SFI,5000000.0,13704394.914285723,0.1,13704394.0,0.3648464621220091,50000000.0,0.364846486462663,proportional columns are analyst-derived; stage1_cap uses end-of-round wealth (approx),5.0,0.0,25,0,0,0,0,0,0,0.3648464621220091
20260804_024555,results/simulation_llama3.1_8b_Full_scnldf_sh1_ldf1_seed2_26agents_30rounds_20260804_024555.json,30,3,developing,SFI,10000000.0,16176781.085714296,0.1,16176781.0,0.6181699527868986,100000000.0,0.618169956062334,proportional columns are analyst-derived; stage1_cap uses end-of-round wealth (approx),5.0,0.0,25,0,0,0,0,0,0,0.6181699527868986
20260804_024555,results/simulation_llama3.1_8b_Full_scnldf_sh1_ldf1_seed2_26agents_30rounds_20260804_024555.json,1,4,developed,SI,20000000.0,12858133.0,1.0,12858133.0,1.5554357697186676,20000000.0,1.5554357697186676,proportional columns are analyst-derived; stage1_cap uses end-of-round wealth (approx),5.0,,0,0,0,0,0,0,0,1.5554357697186676
20260804_024555,results/simulation_llama3.1_8b_Full_scnldf_sh1_ldf1_seed2_26agents_30rounds_20260804_024555.json,2,4,developed,SI,0.0,15700531.066666666,1.0,15700531.0,0.0,0.0,0.0,proportional columns are analyst-derived; stage1_cap uses end-of-round wealth (approx),5.0,0.0,25,0,0,0,0,0,0,0.0
20260804_024555,results/simulation_llama3.1_8b_Full_scnldf_sh1_ldf1_seed2_26agents_30rounds_20260804_024555.json,3,4,developed,SI,12000000.0,8741802.133333333,1.0,8741802.0,1.3727146664922607,12000000.0,1.3727146874294338,proportional columns are analyst-derived; stage1_cap uses end-of-round wealth (approx),1.0,-4.0,25,1,1,1,0,0,0,1.3727146664922607
20260804_024555,results/simulation_llama3.1_8b_Full_scnldf_sh1_ldf1_seed2_26agents_30rounds_20260804_024555.json,4,4,developed,SI,3000000.0,11897887.2,1.0,11897887.0,0.2521456078353138,3000000.0,0.2521456120738077,proportional columns are analyst-derived; stage1_cap uses end-of-round wealth (approx),7.52,6.52,25,0,0,0,1,1,1,0.2521456078353138
20260804_024555,results/simulation_llama3.1_8b_Full_scnldf_sh1_ldf1_seed2_26agents_30rounds_20260804_024555.json,5,4,developed,SI,8000000.0,10444406.333333332,1.0,10444406.0,0.7659602417485418,8000000.0,0.7659602661941713,proportional columns are analyst-derived; stage1_cap uses end-of-round wealth (approx),3.16,-4.359999999999999,25,0,1,1,0,0,0,0.7659602417485418
20260804_024555,results/simulation_llama3.1_8b_Full_scnldf_sh1_ldf1_seed2_26agents_30rounds_20260804_024555.json,6,4,developed,SI,6000000.0,12099744.266666666,1.0,12099744.0,0.4958782489750031,6000000.0,0.4958782599036806,proportional columns are analyst-derived; stage1_cap uses end-of-round wealth (approx),5.0,1.84,25,0,0,0,1,1,0,0.4958782489750031
20260804_024555,results/simulation_llama3.1_8b_Full_scnldf_sh1_ldf1_seed2_26agents_30rounds_20260804_024555.json,7,4,developed,SI,10000000.0,14425014.733333332,1.0,14425014.0,0.6932401931550194,10000000.0,0.6932402283976986,proportional columns are analyst-derived; stage1_cap uses end-of-round wealth (approx),5.12,0.1200000000000001,25,0,0,0,0,0,0,0.6932401931550194
20260804_024555,results/simulation_llama3.1_8b_Full_scnldf_sh1_ldf1_seed2_26agents_30rounds_20260804_024555.json,8,4,developed,SI,10000000.0,25479066.066666663,1.0,25479066.0,0.3924790639435029,10000000.0,0.3924790649704349,proportional columns are analyst-derived; stage1_cap uses end-of-round wealth (approx),5.0,-0.1200000000000001,25,0,0,0,0,0,0,0.3924790639435029
20260804_024555,results/simulation_llama3.1_8b_Full_scnldf_sh1_ldf1_seed2_26agents_30rounds_20260804_024555.json,9,4,developed,SI,20000000.0,29672723.466666665,1.0,29672723.0,0.6740196942982778,20000000.0,0.6740197048986707,proportional columns are analyst-derived; stage1_cap uses end-of-round wealth (approx),4.92,-0.08,25,0,0,0,0,0,0,0.6740196942982778
20260804_024555,results/simulation_llama3.1_8b_Full_scnldf_sh1_ldf1_seed2_26agents_30rounds_20260804_024555.json,10,4,developed,SI,15000000.0,42141377.86666667,1.0,42141377.0,0.3559446975715719,15000000.0,0.3559447048918216,proportional columns are analyst-derived; stage1_cap uses end-of-round wealth (approx),8.0,3.08,25,0,0,0,0,0,0,0.3559446975715719
20260804_024555,results/simulation_llama3.1_8b_Full_scnldf_sh1_ldf1_seed2_26agents_30rounds_20260804_024555.json,11,4,developed,SI,15000000.0,56665524.86666667,1.0,56665524.0,0.2647112161282337,15000000.0,0.2647112201768398,proportional columns are analyst-derived; stage1_cap uses end-of-round wealth (approx),5.0,-3.0,25,0,0,1,0,0,0,0.2647112161282337
20260804_024555,results/simulation_llama3.1_8b_Full_scnldf_sh1_ldf1_seed2_26agents_30rounds_20260804_024555.json,12,4,developed,SI,25000000.0,63345091.266666666,1.0,63345091.0,0.3946635721899331,25000000.0,0.394663573851366,proportional columns are analyst-derived; stage1_cap uses end-of-round wealth (approx),5.0,0.0,25,0,0,0,0,1,0,0.3946635721899331
20260804_024555,results/simulation_llama3.1_8b_Full_scnldf_sh1_ldf1_seed2_26agents_30rounds_20260804_024555.json,13,4,developed,SI,19326626.0,75062009.4,1.0,75062009.0,0.2574754680095201,19326626.0,0.2574754693815882,proportional columns are analyst-derived; stage1_cap uses end-of-round wealth (approx),5.0,0.0,25,0,0,0,0,0,0,0.2574754680095201
20260804_024555,results/simulation_llama3.1_8b_Full_scnldf_sh1_ldf1_seed2_26agents_30rounds_20260804_024555.json,14,4,developed,SI,15000000.0,99499612.0,1.0,99499612.0,0.1507543567104563,15000000.0,0.1507543567104563,proportional columns are analyst-derived; stage1_cap uses end-of-round wealth (approx),5.0,0.0,25,0,0,0,0,0,0,0.1507543567104563
20260804_024555,results/simulation_llama3.1_8b_Full_scnldf_sh1_ldf1_seed2_26agents_30rounds_20260804_024555.json,15,4,developed,SI,20000000.0,130795880.53333332,1.0,130795880.0,0.1529100145849241,20000000.0,0.1529100152084301,proportional columns are analyst-derived; stage1_cap uses end-of-round wealth (approx),5.0,0.0,25,0,0,0,0,0,0,0.1529100145849241
20260804_024555,results/simulation_llama3.1_8b_Full_scnldf_sh1_ldf1_seed2_26agents_30rounds_20260804_024555.json,16,4,developed,SI,25000000.0,157731079.2,1.0,157731079.0,0.1584976158585745,25000000.0,0.1584976160595465,proportional columns are analyst-derived; stage1_cap uses end-of-round wealth (approx),3.24,-1.7599999999999998,25,0,1,1,0,0,0,0.1584976158585745
20260804_024555,results/simulation_llama3.1_8b_Full_scnldf_sh1_ldf1_seed2_26agents_30rounds_20260804_024555.json,17,4,developed,SI,157731079.0,74107469.06666666,1.0,74107469.0,2.1284100103068693,157731079.0,2.128410012221575,proportional columns are analyst-derived; stage1_cap uses end-of-round wealth (approx),5.6,2.3599999999999994,25,0,0,0,1,1,0,2.1284100103068693
20260804_024555,results/simulation_llama3.1_8b_Full_scnldf_sh1_ldf1_seed2_26agents_30rounds_20260804_024555.json,18,4,developed,SI,50000000.0,70682902.6,1.0,70682902.0,0.7073846455196366,50000000.0,0.707384651524353,proportional columns are analyst-derived; stage1_cap uses end-of-round wealth (approx),4.84,-0.7599999999999998,25,0,0,0,0,0,0,0.7073846455196366
20260804_024555,results/simulation_llama3.1_8b_Full_scnldf_sh1_ldf1_seed2_26agents_30rounds_20260804_024555.json,19,4,developed,SI,20000000.0,99905717.2,1.0,99905717.0,0.2001887435527063,20000000.0,0.2001887439534616,proportional columns are analyst-derived; stage1_cap uses end-of-round wealth (approx),5.0,0.1600000000000001,25,0,0,0,0,0,0,0.2001887435527063
20260804_024555,results/simulation_llama3.1_8b_Full_scnldf_sh1_ldf1_seed2_26agents_30rounds_20260804_024555.json,20,4,developed,SI,15773107.0,111598252.93333332,1.0,111598252.0,0.1413382968407449,15773107.0,0.1413382980228041,proportional columns are analyst-derived; stage1_cap uses end-of-round wealth (approx),5.0,0.0,25,0,0,0,0,0,0,0.1413382968407449
20260804_024555,results/simulation_llama3.1_8b_Full_scnldf_sh1_ldf1_seed2_26agents_30rounds_20260804_024555.json,21,4,developed,SI,20000000.0,148946215.46666667,1.0,148946215.0,0.1342766577676214,20000000.0,0.1342766581883265,proportional columns are analyst-derived; stage1_cap uses end-of-round wealth (approx),5.72,0.7199999999999998,25,0,0,0,0,0,0,0.1342766577676214
20260804_024555,results/simulation_llama3.1_8b_Full_scnldf_sh1_ldf1_seed2_26agents_30rounds_20260804_024555.json,22,4,developed,SI,30000000.0,161158042.73333335,1.0,161158042.0,0.1861526703302093,30000000.0,0.1861526711772782,proportional columns are analyst-derived; stage1_cap uses end-of-round wealth (approx),5.0,-0.7199999999999998,25,0,0,0,0,0,0,0.1861526703302093
20260804_024555,results/simulation_llama3.1_8b_Full_scnldf_sh1_ldf1_seed2_26agents_30rounds_20260804_024555.json,23,4,developed,SI,31428571.0,231282495.9333333,1.0,231282495.0,0.1358882386372171,31428571.0,0.1358882391855899,proportional columns are analyst-derived; stage1_cap uses end-of-round wealth (approx),6.2,1.2000000000000002,25,0,0,0,0,0,0,0.1358882386372171
20260804_024555,results/simulation_llama3.1_8b_Full_scnldf_sh1_ldf1_seed2_26agents_30rounds_20260804_024555.json,24,4,developed,SI,0.0,263818547.2,1.0,263818547.0,0.0,0.0,0.0,proportional columns are analyst-derived; stage1_cap uses end-of-round wealth (approx),5.0,-1.2000000000000002,25,0,0,1,0,0,0,0.0
20260804_024555,results/simulation_llama3.1_8b_Full_scnldf_sh1_ldf1_seed2_26agents_30rounds_20260804_024555.json,25,4,developed,SI,31428571.0,275939867.2666667,1.0,275939867.0,0.1138964489304026,31428571.0,0.1138964490404715,proportional columns are analyst-derived; stage1_cap uses end-of-round wealth (approx),1.0,-4.0,25,1,1,1,0,1,0,0.1138964489304026
20260804_024555,results/simulation_llama3.1_8b_Full_scnldf_sh1_ldf1_seed2_26agents_30rounds_20260804_024555.json,26,4,developed,SI,275939867.0,72228777.80000007,1.0,72228777.0,3.820359078538911,275939867.0,3.8203591208528977,proportional columns are analyst-derived; stage1_cap uses end-of-round wealth (approx),5.12,4.12,25,0,0,0,1,1,1,3.820359078538911
20260804_024555,results/simulation_llama3.1_8b_Full_scnldf_sh1_ldf1_seed2_26agents_30rounds_20260804_024555.json,27,4,developed,SI,24160509.0,213405419.53333345,1.0,213405419.0,0.1132141304228976,24160509.0,0.1132141307058374,proportional columns are analyst-derived; stage1_cap uses end-of-round wealth (approx),4.84,-0.2800000000000002,25,0,0,0,0,0,0,0.1132141304228976
20260804_024555,results/simulation_llama3.1_8b_Full_scnldf_sh1_ldf1_seed2_26agents_30rounds_20260804_024555.json,28,4,developed,SI,110533898.0,202193410.9333334,1.0,202193410.0,0.5466740854203449,110533898.0,0.5466740879438158,proportional columns are analyst-derived; stage1_cap uses end-of-round wealth (approx),5.0,0.1600000000000001,25,0,0,0,0,0,0,0.5466740854203449
20260804_024555,results/simulation_llama3.1_8b_Full_scnldf_sh1_ldf1_seed2_26agents_30rounds_20260804_024555.json,29,4,developed,SI,141000000.0,245852824.53333345,1.0,245852824.0,0.5735138502786769,141000000.0,0.5735138515228119,proportional columns are analyst-derived; stage1_cap uses end-of-round wealth (approx),5.0,0.0,25,0,0,0,0,0,0,0.5735138502786769
20260804_024555,results/simulation_llama3.1_8b_Full_scnldf_sh1_ldf1_seed2_26agents_30rounds_20260804_024555.json,30,4,developed,SI,245852824.0,283121845.0666668,1.0,283121845.0,0.8683640216533237,245852824.0,0.8683640218577977,proportional columns are analyst-derived; stage1_cap uses end-of-round wealth (approx),5.0,0.0,25,0,0,0,0,0,0,0.8683640216533237
20260804_024555,results/simulation_llama3.1_8b_Full_scnldf_sh1_ldf1_seed2_26agents_30rounds_20260804_024555.json,1,5,developing,SFI,2000.0,402821.1428571429,0.1,402821.0,0.004964982686396,20000.0,0.0049649844471862,proportional columns are analyst-derived; stage1_cap uses end-of-round wealth (approx),5.0,,0,0,0,0,0,0,0,0.004964982686396
20260804_024555,results/simulation_llama3.1_8b_Full_scnldf_sh1_ldf1_seed2_26agents_30rounds_20260804_024555.json,2,5,developing,SFI,1000.0,653754.1714285715,0.1,653754.0,0.0015296269510828,10000.0,0.0015296273521844,proportional columns are analyst-derived; stage1_cap uses end-of-round wealth (approx),5.0,0.0,25,0,0,0,0,0,0,0.0015296269510828
20260804_024555,results/simulation_llama3.1_8b_Full_scnldf_sh1_ldf1_seed2_26agents_30rounds_20260804_024555.json,3,5,developing,SFI,100000.0,790316.4571428571,0.1,790316.0,0.1265315926249579,1000000.0,0.1265316658146867,proportional columns are analyst-derived; stage1_cap uses end-of-round wealth (approx),5.0,0.0,25,0,0,0,0,0,0,0.1265315926249579
20260804_024555,results/simulation_llama3.1_8b_Full_scnldf_sh1_ldf1_seed2_26agents_30rounds_20260804_024555.json,4,5,developing,SFI,0.0,1215506.6285714286,0.1,1215506.0,0.0,0.0,0.0,proportional columns are analyst-derived; stage1_cap uses end-of-round wealth (approx),5.48,0.4800000000000004,25,0,0,0,0,0,0,0.0
20260804_024555,results/simulation_llama3.1_8b_Full_scnldf_sh1_ldf1_seed2_26agents_30rounds_20260804_024555.json,5,5,developing,SFI,1215506.0,779340.9142857143,0.1,779340.0,1.5596589088538255,12155060.0,1.559660738573665,proportional columns are analyst-derived; stage1_cap uses end-of-round wealth (approx),1.0,-4.48,25,1,1,1,0,0,0,1.5596589088538255
20260804_024555,results/simulation_llama3.1_8b_Full_scnldf_sh1_ldf1_seed2_26agents_30rounds_20260804_024555.json,6,5,developing,SFI,500000.0,941767.4285714286,0.1,941767.0,0.5309166412332313,5000000.0,0.5309168828383242,proportional columns are analyst-derived; stage1_cap uses end-of-round wealth (approx),5.16,4.16,25,0,0,0,1,1,1,0.5309166412332313
20260804_024555,results/simulation_llama3.1_8b_Full_scnldf_sh1_ldf1_seed2_26agents_30rounds_20260804_024555.json,7,5,developing,SFI,407402.0,1206968.285714286,0.1,1206968.0,0.3375415947726404,4074020.0,0.3375416746757163,proportional columns are analyst-derived; stage1_cap uses end-of-round wealth (approx),4.92,-0.2400000000000002,25,0,0,0,0,0,0,0.3375415947726404
20260804_024555,results/simulation_llama3.1_8b_Full_scnldf_sh1_ldf1_seed2_26agents_30rounds_20260804_024555.json,8,5,developing,SFI,1000000.0,1177178.685714286,0.1,1177178.0,0.8494887073097336,10000000.0,0.8494892021427516,proportional columns are analyst-derived; stage1_cap uses end-of-round wealth (approx),5.84,0.92,25,0,0,0,0,0,0,0.8494887073097336
20260804_024555,results/simulation_llama3.1_8b_Full_scnldf_sh1_ldf1_seed2_26agents_30rounds_20260804_024555.json,9,5,developing,SFI,500000.0,1514369.428571429,0.1,1514369.0,0.3301704264273691,5000000.0,0.3301705198666903,proportional columns are analyst-derived; stage1_cap uses end-of-round wealth (approx),5.0,-0.8399999999999999,25,0,0,0,0,0,0,0.3301704264273691
20260804_024555,results/simulation_llama3.1_8b_Full_scnldf_sh1_ldf1_seed2_26agents_30rounds_20260804_024555.json,10,5,developing,SFI,0.0,2126073.428571429,0.1,2126073.0,0.0,0.0,0.0,proportional columns are analyst-derived; stage1_cap uses end-of-round wealth (approx),5.84,0.8399999999999999,25,0,0,0,0,0,0,0.0
20260804_024555,results/simulation_llama3.1_8b_Full_scnldf_sh1_ldf1_seed2_26agents_30rounds_20260804_024555.json,11,5,developing,SFI,0.0,3486768.514285715,0.1,3486768.0,0.0,0.0,0.0,proportional columns are analyst-derived; stage1_cap uses end-of-round wealth (approx),1.0,-4.84,25,1,1,1,0,0,0,0.0
20260804_024555,results/simulation_llama3.1_8b_Full_scnldf_sh1_ldf1_seed2_26agents_30rounds_20260804_024555.json,12,5,developing,SFI,174338.0,5076933.600000001,0.1,5076933.0,0.0343392318544406,1743380.0,0.0343392359127055,proportional columns are analyst-derived; stage1_cap uses end-of-round wealth (approx),1.0,0.0,25,1,1,0,1,1,1,0.0343392318544406
20260804_024555,results/simulation_llama3.1_8b_Full_scnldf_sh1_ldf1_seed2_26agents_30rounds_20260804_024555.json,13,5,developing,SFI,0.0,7162158.285714286,0.1,7162158.0,0.0,0.0,0.0,proportional columns are analyst-derived; stage1_cap uses end-of-round wealth (approx),5.0,4.0,25,0,0,0,1,0,1,0.0
20260804_024555,results/simulation_llama3.1_8b_Full_scnldf_sh1_ldf1_seed2_26agents_30rounds_20260804_024555.json,14,5,developing,SFI,0.0,9053210.514285715,0.1,9053210.0,0.0,0.0,0.0,proportional columns are analyst-derived; stage1_cap uses end-of-round wealth (approx),1.0,-4.0,25,1,1,1,0,0,0,0.0
20260804_024555,results/simulation_llama3.1_8b_Full_scnldf_sh1_ldf1_seed2_26agents_30rounds_20260804_024555.json,15,5,developing,SFI,174338.0,10367385.885714289,0.1,10367385.0,0.0168160037565717,1743380.0,0.0168160051932092,proportional columns are analyst-derived; stage1_cap uses end-of-round wealth (approx),4.96,3.96,25,1,0,0,1,1,1,0.0168160037565717
20260804_024555,results/simulation_llama3.1_8b_Full_scnldf_sh1_ldf1_seed2_26agents_30rounds_20260804_024555.json,16,5,developing,SFI,0.0,11996976.285714287,0.1,11996976.0,0.0,0.0,0.0,proportional columns are analyst-derived; stage1_cap uses end-of-round wealth (approx),5.0,0.04,25,0,0,0,0,0,1,0.0
20260804_024555,results/simulation_llama3.1_8b_Full_scnldf_sh1_ldf1_seed2_26agents_30rounds_20260804_024555.json,17,5,developing,SFI,1000000.0,13152594.342857145,0.1,13152594.0,0.0760306274132962,10000000.0,0.0760306293952356,proportional columns are analyst-derived; stage1_cap uses end-of-round wealth (approx),1.36,-3.64,25,1,1,1,0,0,0,0.0760306274132962
20260804_024555,results/simulation_llama3.1_8b_Full_scnldf_sh1_ldf1_seed2_26agents_30rounds_20260804_024555.json,18,5,developing,SFI,0.0,13907694.342857145,0.1,13907694.0,0.0,0.0,0.0,proportional columns are analyst-derived; stage1_cap uses end-of-round wealth (approx),5.0,3.64,25,0,0,0,1,1,1,0.0
20260804_024555,results/simulation_llama3.1_8b_Full_scnldf_sh1_ldf1_seed2_26agents_30rounds_20260804_024555.json,19,5,developing,SFI,0.0,15192812.171428574,0.1,15192812.0,0.0,0.0,0.0,proportional columns are analyst-derived; stage1_cap uses end-of-round wealth (approx),1.36,-3.64,25,1,1,1,0,0,0,0.0
20260804_024555,results/simulation_llama3.1_8b_Full_scnldf_sh1_ldf1_seed2_26agents_30rounds_20260804_024555.json,20,5,developing,SFI,0.0,18918066.57142857,0.1,18918066.0,0.0,0.0,0.0,proportional columns are analyst-derived; stage1_cap uses end-of-round wealth (approx),1.0,-0.3600000000000001,25,1,1,0,1,1,1,0.0
20260804_024555,results/simulation_llama3.1_8b_Full_scnldf_sh1_ldf1_seed2_26agents_30rounds_20260804_024555.json,21,5,developing,SFI,5000000.0,19829472.628571432,0.1,19829472.0,0.2521499231802925,50000000.0,0.2521499311731547,proportional columns are analyst-derived; stage1_cap uses end-of-round wealth (approx),1.0,0.0,25,1,1,0,1,0,1,0.2521499231802925
20260804_024555,results/simulation_llama3.1_8b_Full_scnldf_sh1_ldf1_seed2_26agents_30rounds_20260804_024555.json,22,5,developing,SFI,0.0,23107280.51428572,0.1,23107280.0,0.0,0.0,0.0,proportional columns are analyst-derived; stage1_cap uses end-of-round wealth (approx),6.08,5.08,25,0,0,0,1,0,1,0.0
20260804_024555,results/simulation_llama3.1_8b_Full_scnldf_sh1_ldf1_seed2_26agents_30rounds_20260804_024555.json,23,5,developing,SFI,20000000.0,8883891.371428575,0.1,8883891.0,2.251265708214518,200000000.0,2.251265802338187,proportional columns are analyst-derived; stage1_cap uses end-of-round wealth (approx),1.36,-4.72,25,1,1,1,0,0,0,2.251265708214518
20260804_024555,results/simulation_llama3.1_8b_Full_scnldf_sh1_ldf1_seed2_26agents_30rounds_20260804_024555.json,24,5,developing,SFI,0.0,13153404.285714293,0.1,13153404.0,0.0,0.0,0.0,proportional columns are analyst-derived; stage1_cap uses end-of-round wealth (approx),6.8,5.44,25,0,0,0,1,1,1,0.0
20260804_024555,results/simulation_llama3.1_8b_Full_scnldf_sh1_ldf1_seed2_26agents_30rounds_20260804_024555.json,25,5,developing,SFI,4000000.0,13285591.828571437,0.1,13285591.0,0.3010780439150455,40000000.0,0.3010780626921301,proportional columns are analyst-derived; stage1_cap uses end-of-round wealth (approx),1.36,-5.44,25,1,1,1,0,0,0,0.3010780439150455
20260804_024555,results/simulation_llama3.1_8b_Full_scnldf_sh1_ldf1_seed2_26agents_30rounds_20260804_024555.json,26,5,developing,SFI,5000000.0,15704700.285714293,0.1,15704700.0,0.3183760217664406,50000000.0,0.3183760275586289,proportional columns are analyst-derived; stage1_cap uses end-of-round wealth (approx),5.0,3.64,25,0,0,0,1,1,1,0.3183760217664406
20260804_024555,results/simulation_llama3.1_8b_Full_scnldf_sh1_ldf1_seed2_26agents_30rounds_20260804_024555.json,27,5,developing,SFI,0.0,25306505.885714293,0.1,25306505.0,0.0,0.0,0.0,proportional columns are analyst-derived; stage1_cap uses end-of-round wealth (approx),4.28,-0.7199999999999998,25,0,0,0,0,0,0,0.0
20260804_024555,results/simulation_llama3.1_8b_Full_scnldf_sh1_ldf1_seed2_26agents_30rounds_20260804_024555.json,28,5,developing,SFI,4000000.0,25778892.057142865,0.1,25778892.0,0.1551657065452381,40000000.0,0.1551657068891867,proportional columns are analyst-derived; stage1_cap uses end-of-round wealth (approx),1.0,-3.28,25,1,1,1,0,0,0,0.1551657065452381
20260804_024555,results/simulation_llama3.1_8b_Full_scnldf_sh1_ldf1_seed2_26agents_30rounds_20260804_024555.json,29,5,developing,SFI,4000000.0,28601370.914285723,0.1,28601370.0,0.1398534361163119,40000000.0,0.1398534405869369,proportional columns are analyst-derived; stage1_cap uses end-of-round wealth (approx),4.68,3.68,25,0,0,0,1,1,1,0.1398534361163119
20260804_024555,results/simulation_llama3.1_8b_Full_scnldf_sh1_ldf1_seed2_26agents_30rounds_20260804_024555.json,30,5,developing,SFI,0.0,41073757.085714296,0.1,41073757.0,0.0,0.0,0.0,proportional columns are analyst-derived; stage1_cap uses end-of-round wealth (approx),5.0,0.3200000000000003,25,0,0,0,0,0,0,0.0
20260804_024555,results/simulation_llama3.1_8b_Full_scnldf_sh1_ldf1_seed2_26agents_30rounds_20260804_024555.json,1,6,developed,SI,1580000.0,5669396.0,1.0,5669396.0,0.2786892995303203,1580000.0,0.2786892995303203,proportional columns are analyst-derived; stage1_cap uses end-of-round wealth (approx),5.0,,0,0,0,0,0,0,0,0.2786892995303203
20260804_024555,results/simulation_llama3.1_8b_Full_scnldf_sh1_ldf1_seed2_26agents_30rounds_20260804_024555.json,2,6,developed,SI,2834690.0,5678052.066666666,1.0,5678052.0,0.4992363519597173,2834690.0,0.4992363578213091,proportional columns are analyst-derived; stage1_cap uses end-of-round wealth (approx),5.0,0.0,25,0,0,0,0,0,0,0.4992363519597173
20260804_024555,results/simulation_llama3.1_8b_Full_scnldf_sh1_ldf1_seed2_26agents_30rounds_20260804_024555.json,3,6,developed,SI,2834690.0,7884919.133333334,1.0,7884919.0,0.3595078087759208,2834690.0,0.3595078148551685,proportional columns are analyst-derived; stage1_cap uses end-of-round wealth (approx),5.24,0.2400000000000002,25,0,0,0,0,0,0,0.3595078087759208
20260804_024555,results/simulation_llama3.1_8b_Full_scnldf_sh1_ldf1_seed2_26agents_30rounds_20260804_024555.json,4,6,developed,SI,0.0,14029548.2,1.0,14029548.0,0.0,0.0,0.0,proportional columns are analyst-derived; stage1_cap uses end-of-round wealth (approx),6.56,1.3199999999999994,25,0,0,0,0,0,0,0.0
20260804_024555,results/simulation_llama3.1_8b_Full_scnldf_sh1_ldf1_seed2_26agents_30rounds_20260804_024555.json,5,6,developed,SI,4000000.0,16575910.333333332,1.0,16575910.0,0.2413140466835295,4000000.0,0.2413140515362354,proportional columns are analyst-derived; stage1_cap uses end-of-round wealth (approx),1.0,-5.56,25,1,1,1,0,0,0,0.2413140466835295
20260804_024555,results/simulation_llama3.1_8b_Full_scnldf_sh1_ldf1_seed2_26agents_30rounds_20260804_024555.json,6,6,developed,SI,4102865.0,20126455.266666666,1.0,20126455.0,0.2038543273337925,4102865.0,0.2038543300347726,proportional columns are analyst-derived; stage1_cap uses end-of-round wealth (approx),5.0,4.0,25,0,0,0,1,1,1,0.2038543273337925
20260804_024555,results/simulation_llama3.1_8b_Full_scnldf_sh1_ldf1_seed2_26agents_30rounds_20260804_024555.json,7,6,developed,SI,0.0,32432568.73333333,1.0,32432568.0,0.0,0.0,0.0,proportional columns are analyst-derived; stage1_cap uses end-of-round wealth (approx),5.0,0.0,25,0,0,0,0,0,0,0.0
20260804_024555,results/simulation_llama3.1_8b_Full_scnldf_sh1_ldf1_seed2_26agents_30rounds_20260804_024555.json,8,6,developed,SI,30000000.0,23251345.066666663,1.0,23251345.0,1.2902479367960638,30000000.0,1.2902479404954854,proportional columns are analyst-derived; stage1_cap uses end-of-round wealth (approx),1.0,-4.0,25,1,1,1,0,0,0,1.2902479367960638
20260804_024555,results/simulation_llama3.1_8b_Full_scnldf_sh1_ldf1_seed2_26agents_30rounds_20260804_024555.json,9,6,developed,SI,12000000.0,35442880.46666667,1.0,35442880.0,0.3385729331814823,12000000.0,0.3385729376393792,proportional columns are analyst-derived; stage1_cap uses end-of-round wealth (approx),8.0,7.0,25,0,0,0,1,1,1,0.3385729331814823
20260804_024555,results/simulation_llama3.1_8b_Full_scnldf_sh1_ldf1_seed2_26agents_30rounds_20260804_024555.json,10,6,developed,SI,21000000.0,41912006.86666668,1.0,41912006.0,0.5010497365780319,21000000.0,0.5010497469388604,proportional columns are analyst-derived; stage1_cap uses end-of-round wealth (approx),5.24,-2.76,25,0,0,1,0,0,0,0.5010497365780319
20260804_024555,results/simulation_llama3.1_8b_Full_scnldf_sh1_ldf1_seed2_26agents_30rounds_20260804_024555.json,11,6,developed,SI,16825959.0,54611187.86666668,1.0,54611187.0,0.3081046147738191,16825959.0,0.3081046196633668,proportional columns are analyst-derived; stage1_cap uses end-of-round wealth (approx),5.72,0.4799999999999995,25,0,0,0,0,1,0,0.3081046147738191
20260804_024555,results/simulation_llama3.1_8b_Full_scnldf_sh1_ldf1_seed2_26agents_30rounds_20260804_024555.json,12,6,developed,SI,15000000.0,71290062.26666668,1.0,71290062.0,0.2104080081160708,15000000.0,0.2104080089031203,proportional columns are analyst-derived; stage1_cap uses end-of-round wealth (approx),5.12,-0.5999999999999996,25,0,0,0,0,0,0,0.2104080081160708
20260804_024555,results/simulation_llama3.1_8b_Full_scnldf_sh1_ldf1_seed2_26agents_30rounds_20260804_024555.json,13,6,developed,SI,25000000.0,77334359.40000002,1.0,77334359.0,0.3232715728682947,25000000.0,0.323271574540367,proportional columns are analyst-derived; stage1_cap uses end-of-round wealth (approx),5.16,0.04,25,0,0,0,0,0,0,0.3232715728682947
20260804_024555,results/simulation_llama3.1_8b_Full_scnldf_sh1_ldf1_seed2_26agents_30rounds_20260804_024555.json,14,6,developed,SI,16825959.0,99951364.00000004,1.0,99951364.0,0.1683414645547007,16825959.0,0.1683414645547008,proportional columns are analyst-derived; stage1_cap uses end-of-round wealth (approx),5.0,-0.1600000000000001,25,0,0,0,0,0,0,0.1683414645547007
20260804_024555,results/simulation_llama3.1_8b_Full_scnldf_sh1_ldf1_seed2_26agents_30rounds_20260804_024555.json,15,6,developed,SI,50000000.0,101259296.53333336,1.0,101259296.0,0.4937818226254474,50000000.0,0.4937818252261994,proportional columns are analyst-derived; stage1_cap uses end-of-round wealth (approx),5.0,0.0,25,0,0,0,0,0,0,0.4937818226254474
20260804_024555,results/simulation_llama3.1_8b_Full_scnldf_sh1_ldf1_seed2_26agents_30rounds_20260804_024555.json,16,6,developed,SI,30446705.0,122748404.20000002,1.0,122748404.0,0.2480415545801449,30446705.0,0.2480415549842912,proportional columns are analyst-derived; stage1_cap uses end-of-round wealth (approx),5.0,0.0,25,0,0,0,0,0,0,0.2480415545801449
20260804_024555,results/simulation_llama3.1_8b_Full_scnldf_sh1_ldf1_seed2_26agents_30rounds_20260804_024555.json,17,6,developed,SI,30500000.0,166354279.0666667,1.0,166354279.0,0.1833436456887116,30500000.0,0.1833436457621868,proportional columns are analyst-derived; stage1_cap uses end-of-round wealth (approx),5.0,0.0,25,0,0,0,0,0,0,0.1833436456887116
20260804_024555,results/simulation_llama3.1_8b_Full_scnldf_sh1_ldf1_seed2_26agents_30rounds_20260804_024555.json,18,6,developed,SI,10000000.0,202918579.6,1.0,202918579.0,0.0492808495886002,10000000.0,0.0492808497343163,proportional columns are analyst-derived; stage1_cap uses end-of-round wealth (approx),5.24,0.2400000000000002,25,0,0,0,0,0,0,0.0492808495886002
20260804_024555,results/simulation_llama3.1_8b_Full_scnldf_sh1_ldf1_seed2_26agents_30rounds_20260804_024555.json,19,6,developed,SI,30000000.0,222141582.2,1.0,222141582.0,0.1350490065970188,30000000.0,0.135049006718607,proportional columns are analyst-derived; stage1_cap uses end-of-round wealth (approx),5.0,-0.2400000000000002,25,0,0,0,0,0,0,0.1350490065970188
20260804_024555,results/simulation_llama3.1_8b_Full_scnldf_sh1_ldf1_seed2_26agents_30rounds_20260804_024555.json,20,6,developed,SI,0.0,249586075.9333333,1.0,249586075.0,0.0,0.0,0.0,proportional columns are analyst-derived; stage1_cap uses end-of-round wealth (approx),5.0,0.0,25,0,0,0,0,0,0,0.0
20260804_024555,results/simulation_llama3.1_8b_Full_scnldf_sh1_ldf1_seed2_26agents_30rounds_20260804_024555.json,21,6,developed,SI,0.0,306863788.4666667,1.0,306863788.0,0.0,0.0,0.0,proportional columns are analyst-derived; stage1_cap uses end-of-round wealth (approx),1.36,-3.64,25,1,1,1,0,0,0,0.0
20260804_024555,results/simulation_llama3.1_8b_Full_scnldf_sh1_ldf1_seed2_26agents_30rounds_20260804_024555.json,22,6,developed,SI,15000000.0,333994084.73333335,1.0,333994084.0,0.0449109750311184,15000000.0,0.0449109751297271,proportional columns are analyst-derived; stage1_cap uses end-of-round wealth (approx),1.0,-0.3600000000000001,25,1,1,0,1,1,1,0.0449109750311184
20260804_024555,results/simulation_llama3.1_8b_Full_scnldf_sh1_ldf1_seed2_26agents_30rounds_20260804_024555.json,23,6,developed,SI,27409310.0,408144989.9333333,1.0,408144989.0,0.0671558163790692,27409310.0,0.067155816532639,proportional columns are analyst-derived; stage1_cap uses end-of-round wealth (approx),6.56,5.56,25,0,0,0,1,0,1,0.0671558163790692
20260804_024555,results/simulation_llama3.1_8b_Full_scnldf_sh1_ldf1_seed2_26agents_30rounds_20260804_024555.json,24,6,developed,SI,20000000.0,420685673.2,1.0,420685673.0,0.0475414336025931,20000000.0,0.047541433625195,proportional columns are analyst-derived; stage1_cap uses end-of-round wealth (approx),5.0,-1.5599999999999996,25,0,0,1,0,0,0,0.0475414336025931
20260804_024555,results/simulation_llama3.1_8b_Full_scnldf_sh1_ldf1_seed2_26agents_30rounds_20260804_024555.json,25,6,developed,SI,20368409.0,443867164.26666665,1.0,443867164.0,0.0458885239543492,20368409.0,0.0458885239819181,proportional columns are analyst-derived; stage1_cap uses end-of-round wealth (approx),5.0,0.0,25,0,0,0,0,1,0,0.0458885239543492
20260804_024555,results/simulation_llama3.1_8b_Full_scnldf_sh1_ldf1_seed2_26agents_30rounds_20260804_024555.json,26,6,developed,SI,20000000.0,496094528.8,1.0,496094528.0,0.0403148973409924,20000000.0,0.040314897406004,proportional columns are analyst-derived; stage1_cap uses end-of-round wealth (approx),5.0,0.0,25,0,0,0,0,0,0,0.0403148973409924
20260804_024555,results/simulation_llama3.1_8b_Full_scnldf_sh1_ldf1_seed2_26agents_30rounds_20260804_024555.json,27,6,developed,SI,496094528.0,165338524.53333336,1.0,165338524.0,3.000477531780465,496094528.0,3.0004775414591216,proportional columns are analyst-derived; stage1_cap uses end-of-round wealth (approx),7.04,2.04,25,0,0,0,0,0,0,3.000477531780465
20260804_024555,results/simulation_llama3.1_8b_Full_scnldf_sh1_ldf1_seed2_26agents_30rounds_20260804_024555.json,28,6,developed,SI,80000000.0,184660707.9333333,1.0,184660707.0,0.4332269755452351,80000000.0,0.4332269777349006,proportional columns are analyst-derived; stage1_cap uses end-of-round wealth (approx),5.2,-1.84,25,0,0,1,0,0,0,0.4332269755452351
20260804_024555,results/simulation_llama3.1_8b_Full_scnldf_sh1_ldf1_seed2_26agents_30rounds_20260804_024555.json,29,6,developed,SI,60446409.0,308872998.53333336,1.0,308872998.0,0.195699880815178,60446409.0,0.1956998811530945,proportional columns are analyst-derived; stage1_cap uses end-of-round wealth (approx),5.0,-0.2000000000000001,25,0,0,0,0,1,0,0.195699880815178
20260804_024555,results/simulation_llama3.1_8b_Full_scnldf_sh1_ldf1_seed2_26agents_30rounds_20260804_024555.json,30,6,developed,SI,1000000.0,590986795.0666667,1.0,590986795.0,0.0016920851842166,1000000.0,0.0016920851844075,proportional columns are analyst-derived; stage1_cap uses end-of-round wealth (approx),5.0,0.0,25,0,0,0,0,0,0,0.0016920851842166
20260804_024555,results/simulation_llama3.1_8b_Full_scnldf_sh1_ldf1_seed2_26agents_30rounds_20260804_024555.json,1,7,developed,SI,1750000.0,4099152.0,1.0,4099152.0,0.4269175673407573,1750000.0,0.4269175673407573,proportional columns are analyst-derived; stage1_cap uses end-of-round wealth (approx),5.0,,0,0,0,0,0,0,0,0.4269175673407573
20260804_024555,results/simulation_llama3.1_8b_Full_scnldf_sh1_ldf1_seed2_26agents_30rounds_20260804_024555.json,2,7,developed,SI,2629141.0,4313174.066666666,1.0,4313174.0,0.6095606064959648,2629141.0,0.6095606159176513,proportional columns are analyst-derived; stage1_cap uses end-of-round wealth (approx),5.0,0.0,25,0,0,0,0,0,0,0.6095606064959648
20260804_024555,results/simulation_llama3.1_8b_Full_scnldf_sh1_ldf1_seed2_26agents_30rounds_20260804_024555.json,3,7,developed,SI,0.0,9347060.133333333,1.0,9347060.0,0.0,0.0,0.0,proportional columns are analyst-derived; stage1_cap uses end-of-round wealth (approx),5.0,0.0,25,0,0,0,0,0,0,0.0
20260804_024555,results/simulation_llama3.1_8b_Full_scnldf_sh1_ldf1_seed2_26agents_30rounds_20260804_024555.json,4,7,developed,SI,5000000.0,10501635.2,1.0,10501635.0,0.4761163290075054,5000000.0,0.4761163380749759,proportional columns are analyst-derived; stage1_cap uses end-of-round wealth (approx),1.0,-4.0,25,1,1,1,0,0,0,0.4761163290075054
20260804_024555,results/simulation_llama3.1_8b_Full_scnldf_sh1_ldf1_seed2_26agents_30rounds_20260804_024555.json,5,7,developed,SI,2629141.0,14418848.333333332,1.0,14418848.0,0.1823405683463624,2629141.0,0.1823405725616914,proportional columns are analyst-derived; stage1_cap uses end-of-round wealth (approx),5.72,4.72,25,0,0,0,1,1,1,0.1823405683463624
20260804_024555,results/simulation_llama3.1_8b_Full_scnldf_sh1_ldf1_seed2_26agents_30rounds_20260804_024555.json,6,7,developed,SI,7000000.0,15072107.266666666,1.0,15072107.0,0.4644340619497272,7000000.0,0.464434070166832,proportional columns are analyst-derived; stage1_cap uses end-of-round wealth (approx),5.0,-0.7199999999999998,25,0,0,0,0,0,0,0.4644340619497272
20260804_024555,results/simulation_llama3.1_8b_Full_scnldf_sh1_ldf1_seed2_26agents_30rounds_20260804_024555.json,7,7,developed,SI,7000000.0,20389656.73333333,1.0,20389656.0,0.3433113215955367,7000000.0,0.3433113339430542,proportional columns are analyst-derived; stage1_cap uses end-of-round wealth (approx),5.0,0.0,25,0,0,0,0,0,0,0.3433113215955367
20260804_024555,results/simulation_llama3.1_8b_Full_scnldf_sh1_ldf1_seed2_26agents_30rounds_20260804_024555.json,8,7,developed,SI,20000000.0,21509113.066666663,1.0,21509113.0,0.9298384335054064,20000000.0,0.9298384363874048,proportional columns are analyst-derived; stage1_cap uses end-of-round wealth (approx),5.6,0.5999999999999996,25,0,0,0,0,0,0,0.9298384335054064
20260804_024555,results/simulation_llama3.1_8b_Full_scnldf_sh1_ldf1_seed2_26agents_30rounds_20260804_024555.json,9,7,developed,SI,21000000.0,24703057.46666667,1.0,24703057.0,0.8500972006536669,21000000.0,0.8500972167128951,proportional columns are analyst-derived; stage1_cap uses end-of-round wealth (approx),5.0,-0.5999999999999996,25,0,0,0,0,0,0,0.8500972006536669
20260804_024555,results/simulation_llama3.1_8b_Full_scnldf_sh1_ldf1_seed2_26agents_30rounds_20260804_024555.json,10,7,developed,SI,21000000.0,31172225.86666667,1.0,31172225.0,0.6736766277077405,21000000.0,0.673676646437654,proportional columns are analyst-derived; stage1_cap uses end-of-round wealth (approx),8.0,3.0,25,0,0,0,0,0,0,0.6736766277077405
20260804_024555,results/simulation_llama3.1_8b_Full_scnldf_sh1_ldf1_seed2_26agents_30rounds_20260804_024555.json,11,7,developed,SI,21000000.0,39695066.86666668,1.0,39695066.0,0.5290329921986964,21000000.0,0.529033003749131,proportional columns are analyst-derived; stage1_cap uses end-of-round wealth (approx),5.0,-3.0,25,0,0,1,0,0,0,0.5290329921986964
20260804_024555,results/simulation_llama3.1_8b_Full_scnldf_sh1_ldf1_seed2_26agents_30rounds_20260804_024555.json,12,7,developed,SI,21000000.0,50374876.26666668,1.0,50374876.0,0.416874473077283,21000000.0,0.4168744752840682,proportional columns are analyst-derived; stage1_cap uses end-of-round wealth (approx),5.36,0.3600000000000003,25,0,0,0,0,1,0,0.416874473077283
20260804_024555,results/simulation_llama3.1_8b_Full_scnldf_sh1_ldf1_seed2_26agents_30rounds_20260804_024555.json,13,7,developed,SI,25000000.0,56418691.40000002,1.0,56418691.0,0.4431155593942044,25000000.0,0.443115562535827,proportional columns are analyst-derived; stage1_cap uses end-of-round wealth (approx),6.92,1.5599999999999996,25,0,0,0,0,0,0,0.4431155593942044
20260804_024555,results/simulation_llama3.1_8b_Full_scnldf_sh1_ldf1_seed2_26agents_30rounds_20260804_024555.json,14,7,developed,SI,21000000.0,74877603.00000003,1.0,74877603.0,0.2804576957411416,21000000.0,0.2804576957411417,proportional columns are analyst-derived; stage1_cap uses end-of-round wealth (approx),3.0,-3.92,25,0,1,1,0,0,0,0.2804576957411416
20260804_024555,results/simulation_llama3.1_8b_Full_scnldf_sh1_ldf1_seed2_26agents_30rounds_20260804_024555.json,15,7,developed,SI,21000000.0,105177441.53333336,1.0,105177441.0,0.1996625863288809,21000000.0,0.1996625873413292,proportional columns are analyst-derived; stage1_cap uses end-of-round wealth (approx),5.0,2.0,25,0,0,0,1,1,0,0.1996625863288809
20260804_024555,results/simulation_llama3.1_8b_Full_scnldf_sh1_ldf1_seed2_26agents_30rounds_20260804_024555.json,16,7,developed,SI,42083069.0,115030751.20000002,1.0,115030751.0,0.3658419036734934,42083069.0,0.3658419043095702,proportional columns are analyst-derived; stage1_cap uses end-of-round wealth (approx),5.0,0.0,25,0,0,0,0,0,0,0.3658419036734934
20260804_024555,results/simulation_llama3.1_8b_Full_scnldf_sh1_ldf1_seed2_26agents_30rounds_20260804_024555.json,17,7,developed,SI,50000000.0,139138696.0666667,1.0,139138696.0,0.3593536623057261,50000000.0,0.3593536624779062,proportional columns are analyst-derived; stage1_cap uses end-of-round wealth (approx),6.92,1.92,25,0,0,0,0,0,0,0.3593536623057261
20260804_024555,results/simulation_llama3.1_8b_Full_scnldf_sh1_ldf1_seed2_26agents_30rounds_20260804_024555.json,18,7,developed,SI,42083069.0,143631219.60000002,1.0,143631219.0,0.2929938847361844,42083069.0,0.2929938859601268,proportional columns are analyst-derived; stage1_cap uses end-of-round wealth (approx),5.0,-1.92,25,0,0,1,0,0,0,0.2929938847361844
20260804_024555,results/simulation_llama3.1_8b_Full_scnldf_sh1_ldf1_seed2_26agents_30rounds_20260804_024555.json,19,7,developed,SI,50000000.0,142854727.20000002,1.0,142854727.0,0.3500059184600787,50000000.0,0.3500059189500953,proportional columns are analyst-derived; stage1_cap uses end-of-round wealth (approx),5.24,0.2400000000000002,25,0,0,0,0,1,0,0.3500059184600787
20260804_024555,results/simulation_llama3.1_8b_Full_scnldf_sh1_ldf1_seed2_26agents_30rounds_20260804_024555.json,20,7,developed,SI,50000000.0,120309140.93333337,1.0,120309140.0,0.4155960188237599,50000000.0,0.4155960220478676,proportional columns are analyst-derived; stage1_cap uses end-of-round wealth (approx),5.0,-0.2400000000000002,25,0,0,0,0,0,0,0.4155960188237599
20260804_024555,results/simulation_llama3.1_8b_Full_scnldf_sh1_ldf1_seed2_26agents_30rounds_20260804_024555.json,21,7,developed,SI,120000000.0,57659156.46666669,1.0,57659156.0,2.081195899377632,120000000.0,2.0811959162218745,proportional columns are analyst-derived; stage1_cap uses end-of-round wealth (approx),5.0,0.0,25,0,0,0,0,0,0,2.081195899377632
20260804_024555,results/simulation_llama3.1_8b_Full_scnldf_sh1_ldf1_seed2_26agents_30rounds_20260804_024555.json,22,7,developed,SI,57659156.0,42206822.73333336,1.0,42206822.0,1.366109843526861,57659156.0,1.3661098672626903,proportional columns are analyst-derived; stage1_cap uses end-of-round wealth (approx),7.44,2.4400000000000004,25,0,0,0,0,0,0,1.366109843526861
20260804_024555,results/simulation_llama3.1_8b_Full_scnldf_sh1_ldf1_seed2_26agents_30rounds_20260804_024555.json,23,7,developed,SI,2110341.0,141649649.93333337,1.0,141649649.0,0.0148983142633477,2110341.0,0.0148983143615131,proportional columns are analyst-derived; stage1_cap uses end-of-round wealth (approx),5.0,-2.4400000000000004,25,0,0,1,0,0,0,0.0148983142633477
20260804_024555,results/simulation_llama3.1_8b_Full_scnldf_sh1_ldf1_seed2_26agents_30rounds_20260804_024555.json,24,7,developed,SI,69052507.0,105137911.20000003,1.0,105137911.0,0.6567802823155191,69052507.0,0.6567802835648884,proportional columns are analyst-derived; stage1_cap uses end-of-round wealth (approx),5.6,0.5999999999999996,25,0,0,0,0,1,0,0.6567802823155191
20260804_024555,results/simulation_llama3.1_8b_Full_scnldf_sh1_ldf1_seed2_26agents_30rounds_20260804_024555.json,25,7,developed,SI,80000000.0,68688081.26666671,1.0,68688081.0,1.164685321306577,80000000.0,1.1646853258282177,proportional columns are analyst-derived; stage1_cap uses end-of-round wealth (approx),5.0,-0.5999999999999996,25,0,0,0,0,0,0,1.164685321306577
20260804_024555,results/simulation_llama3.1_8b_Full_scnldf_sh1_ldf1_seed2_26agents_30rounds_20260804_024555.json,26,7,developed,SI,50000000.0,90911717.80000006,1.0,90911717.0,0.5499841077692184,50000000.0,0.5499841126089391,proportional columns are analyst-derived; stage1_cap uses end-of-round wealth (approx),5.0,0.0,25,0,0,0,0,0,0,0.5499841077692184
20260804_024555,results/simulation_llama3.1_8b_Full_scnldf_sh1_ldf1_seed2_26agents_30rounds_20260804_024555.json,27,7,developed,SI,50000000.0,206245666.53333345,1.0,206245666.0,0.2424293360458024,50000000.0,0.2424293366727037,proportional columns are analyst-derived; stage1_cap uses end-of-round wealth (approx),5.0,0.0,25,0,0,0,0,0,0,0.2424293360458024
20260804_024555,results/simulation_llama3.1_8b_Full_scnldf_sh1_ldf1_seed2_26agents_30rounds_20260804_024555.json,28,7,developed,SI,108184854.0,197382996.9333334,1.0,197382996.0,0.5480961160830875,108184854.0,0.5480961186747819,proportional columns are analyst-derived; stage1_cap uses end-of-round wealth (approx),5.0,0.0,25,0,0,0,0,0,0,0.5480961160830875
20260804_024555,results/simulation_llama3.1_8b_Full_scnldf_sh1_ldf1_seed2_26agents_30rounds_20260804_024555.json,29,7,developed,SI,50000000.0,332042721.5333334,1.0,332042721.0,0.1505830327167119,50000000.0,0.1505830329585812,proportional columns are analyst-derived; stage1_cap uses end-of-round wealth (approx),5.0,0.0,25,0,0,0,0,0,0,0.1505830327167119
20260804_024555,results/simulation_llama3.1_8b_Full_scnldf_sh1_ldf1_seed2_26agents_30rounds_20260804_024555.json,30,7,developed,SI,121358910.0,493801358.0666668,1.0,493801358.0,0.2457646339312328,121358910.0,0.2457646339644128,proportional columns are analyst-derived; stage1_cap uses end-of-round wealth (approx),5.12,0.1200000000000001,25,0,0,0,0,0,0,0.2457646339312328
20260804_024555,results/simulation_llama3.1_8b_Full_scnldf_sh1_ldf1_seed2_26agents_30rounds_20260804_024555.json,1,8,developing,SFI,10000.0,514341.1428571429,0.1,514341.0,0.0194423489912753,100000.0,0.0194423543913473,proportional columns are analyst-derived; stage1_cap uses end-of-round wealth (approx),5.0,,0,0,0,0,0,0,0,0.0194423489912753
20260804_024555,results/simulation_llama3.1_8b_Full_scnldf_sh1_ldf1_seed2_26agents_30rounds_20260804_024555.json,2,8,developing,SFI,514341.0,251933.17142857143,0.1,251933.0,2.0415771257252917,5143410.0,2.041578514922618,proportional columns are analyst-derived; stage1_cap uses end-of-round wealth (approx),5.0,0.0,25,0,0,0,0,0,0,2.0415771257252917
20260804_024555,results/simulation_llama3.1_8b_Full_scnldf_sh1_ldf1_seed2_26agents_30rounds_20260804_024555.json,3,8,developing,SFI,0.0,488495.45714285714,0.1,488495.0,0.0,0.0,0.0,proportional columns are analyst-derived; stage1_cap uses end-of-round wealth (approx),6.08,1.08,25,0,0,0,0,0,0,0.0
20260804_024555,results/simulation_llama3.1_8b_Full_scnldf_sh1_ldf1_seed2_26agents_30rounds_20260804_024555.json,4,8,developing,SFI,24500.0,889185.6285714286,0.1,889185.0,0.0275533018222099,245000.0,0.0275533212998419,proportional columns are analyst-derived; stage1_cap uses end-of-round wealth (approx),1.0,-5.08,25,1,1,1,0,0,0,0.0275533018222099
20260804_024555,results/simulation_llama3.1_8b_Full_scnldf_sh1_ldf1_seed2_26agents_30rounds_20260804_024555.json,5,8,developing,SFI,514341.0,1154184.9142857145,0.1,1154184.0,0.4456313660262213,5143410.0,0.4456317190326672,proportional columns are analyst-derived; stage1_cap uses end-of-round wealth (approx),5.12,4.12,25,0,0,0,1,1,1,0.4456313660262213
20260804_024555,results/simulation_llama3.1_8b_Full_scnldf_sh1_ldf1_seed2_26agents_30rounds_20260804_024555.json,6,8,developing,SFI,514341.0,1302270.4285714286,0.1,1302270.0,0.3949571369475266,5143410.0,0.3949572669262134,proportional columns are analyst-derived; stage1_cap uses end-of-round wealth (approx),5.0,-0.1200000000000001,25,0,0,0,0,0,0,0.3949571369475266
20260804_024555,results/simulation_llama3.1_8b_Full_scnldf_sh1_ldf1_seed2_26agents_30rounds_20260804_024555.json,7,8,developing,SFI,0.0,1974873.285714286,0.1,1974873.0,0.0,0.0,0.0,proportional columns are analyst-derived; stage1_cap uses end-of-round wealth (approx),7.04,2.04,25,0,0,0,0,0,0,0.0
20260804_024555,results/simulation_llama3.1_8b_Full_scnldf_sh1_ldf1_seed2_26agents_30rounds_20260804_024555.json,8,8,developing,SFI,514341.0,2430742.685714286,0.1,2430742.0,0.2115982917578371,5143410.0,0.2115983514498865,proportional columns are analyst-derived; stage1_cap uses end-of-round wealth (approx),1.0,-6.04,25,1,1,1,0,0,0,0.2115982917578371
20260804_024555,results/simulation_llama3.1_8b_Full_scnldf_sh1_ldf1_seed2_26agents_30rounds_20260804_024555.json,9,8,developing,SFI,121537.0,3146396.4285714286,0.1,3146396.0,0.03862736395718,1215370.0,0.0386273692186234,proportional columns are analyst-derived; stage1_cap uses end-of-round wealth (approx),5.12,4.12,25,0,0,0,1,1,1,0.03862736395718
20260804_024555,results/simulation_llama3.1_8b_Full_scnldf_sh1_ldf1_seed2_26agents_30rounds_20260804_024555.json,10,8,developing,SFI,0.0,3758100.4285714286,0.1,3758100.0,0.0,0.0,0.0,proportional columns are analyst-derived; stage1_cap uses end-of-round wealth (approx),3.0,-2.12,25,0,1,1,0,0,0,0.0
20260804_024555,results/simulation_llama3.1_8b_Full_scnldf_sh1_ldf1_seed2_26agents_30rounds_20260804_024555.json,11,8,developing,SFI,121537.0,4997258.514285714,0.1,4997258.0,0.0243207349895069,1215370.0,0.0243207374924408,proportional columns are analyst-derived; stage1_cap uses end-of-round wealth (approx),1.0,-2.0,25,1,1,1,1,1,0,0.0243207349895069
20260804_024555,results/simulation_llama3.1_8b_Full_scnldf_sh1_ldf1_seed2_26agents_30rounds_20260804_024555.json,12,8,developing,SFI,121537.0,6640224.600000001,0.1,6640224.0,0.0183031459508161,1215370.0,0.0183031476046591,proportional columns are analyst-derived; stage1_cap uses end-of-round wealth (approx),5.0,4.0,25,0,0,0,1,1,1,0.0183031459508161
20260804_024555,results/simulation_llama3.1_8b_Full_scnldf_sh1_ldf1_seed2_26agents_30rounds_20260804_024555.json,13,8,developing,SFI,121537.0,8603912.285714287,0.1,8603912.0,0.0141257832441872,1215370.0,0.014125783713269,proportional columns are analyst-derived; stage1_cap uses end-of-round wealth (approx),4.92,-0.08,25,0,0,0,0,0,0,0.0141257832441872
20260804_024555,results/simulation_llama3.1_8b_Full_scnldf_sh1_ldf1_seed2_26agents_30rounds_20260804_024555.json,14,8,developing,SFI,121537.0,10373427.514285715,0.1,10373427.0,0.0117161854008837,1215370.0,0.0117161859817396,proportional columns are analyst-derived; stage1_cap uses end-of-round wealth (approx),5.12,0.2000000000000001,25,0,0,0,0,0,0,0.0117161854008837
20260804_024555,results/simulation_llama3.1_8b_Full_scnldf_sh1_ldf1_seed2_26agents_30rounds_20260804_024555.json,15,8,developing,SFI,121537.0,11740403.885714289,0.1,11740403.0,0.0103520288725233,1215370.0,0.0103520296534965,proportional columns are analyst-derived; stage1_cap uses end-of-round wealth (approx),5.0,-0.1200000000000001,25,0,0,0,0,0,0,0.0103520288725233
20260804_024555,results/simulation_llama3.1_8b_Full_scnldf_sh1_ldf1_seed2_26agents_30rounds_20260804_024555.json,16,8,developing,SFI,121537.0,13248457.285714287,0.1,13248457.0,0.009173671875823,1215370.0,0.0091736720736611,proportional columns are analyst-derived; stage1_cap uses end-of-round wealth (approx),5.12,0.1200000000000001,25,0,0,0,0,0,0,0.009173671875823
20260804_024555,results/simulation_llama3.1_8b_Full_scnldf_sh1_ldf1_seed2_26agents_30rounds_20260804_024555.json,17,8,developing,SFI,121537.0,15282538.342857145,0.1,15282538.0,0.0079526710336574,1215370.0,0.0079526712120722,proportional columns are analyst-derived; stage1_cap uses end-of-round wealth (approx),5.84,0.7199999999999998,25,0,0,0,0,0,0,0.0079526710336574
20260804_024555,results/simulation_llama3.1_8b_Full_scnldf_sh1_ldf1_seed2_26agents_30rounds_20260804_024555.json,18,8,developing,SFI,121537.0,15916101.342857145,0.1,15916101.0,0.007636103677773,1215370.0,0.0076361038422663,proportional columns are analyst-derived; stage1_cap uses end-of-round wealth (approx),5.12,-0.7199999999999998,25,0,0,0,0,0,0,0.007636103677773
20260804_024555,results/simulation_llama3.1_8b_Full_scnldf_sh1_ldf1_seed2_26agents_30rounds_20260804_024555.json,19,8,developing,SFI,121537.0,17079682.171428572,0.1,17079682.0,0.0071158818284868,1215370.0,0.0071158818999089,proportional columns are analyst-derived; stage1_cap uses end-of-round wealth (approx),5.0,-0.1200000000000001,25,0,0,0,0,0,0,0.0071158818284868
20260804_024555,results/simulation_llama3.1_8b_Full_scnldf_sh1_ldf1_seed2_26agents_30rounds_20260804_024555.json,20,8,developing,SFI,121537.0,20683399.57142857,0.1,20683399.0,0.0058760649853657,1215370.0,0.0058760651477061,proportional columns are analyst-derived; stage1_cap uses end-of-round wealth (approx),5.0,0.0,25,0,0,0,0,0,0,0.0058760649853657
20260804_024555,results/simulation_llama3.1_8b_Full_scnldf_sh1_ldf1_seed2_26agents_30rounds_20260804_024555.json,21,8,developing,SFI,121537.0,26473268.62857143,0.1,26473268.0,0.0045909329031183,1215370.0,0.0045909330121237,proportional columns are analyst-derived; stage1_cap uses end-of-round wealth (approx),5.0,0.0,25,0,0,0,0,0,0,0.0045909329031183
20260804_024555,results/simulation_llama3.1_8b_Full_scnldf_sh1_ldf1_seed2_26agents_30rounds_20260804_024555.json,22,8,developing,SFI,121537.0,29629539.514285717,0.1,29629539.0,0.0041018862254474,1215370.0,0.0041018862966447,proportional columns are analyst-derived; stage1_cap uses end-of-round wealth (approx),5.0,0.0,25,0,0,0,0,0,0,0.0041018862254474
20260804_024555,results/simulation_llama3.1_8b_Full_scnldf_sh1_ldf1_seed2_26agents_30rounds_20260804_024555.json,23,8,developing,SFI,121537.0,35284613.37142857,0.1,35284613.0,0.0034444758887003,1215370.0,0.0034444759249591,proportional columns are analyst-derived; stage1_cap uses end-of-round wealth (approx),5.0,0.0,25,0,0,0,0,0,0,0.0034444758887003
20260804_024555,results/simulation_llama3.1_8b_Full_scnldf_sh1_ldf1_seed2_26agents_30rounds_20260804_024555.json,24,8,developing,SFI,121537.0,39432589.28571428,0.1,39432589.0,0.0030821460675429,1215370.0,0.003082146089875,proportional columns are analyst-derived; stage1_cap uses end-of-round wealth (approx),5.0,0.0,25,0,0,0,0,0,0,0.0030821460675429
20260804_024555,results/simulation_llama3.1_8b_Full_scnldf_sh1_ldf1_seed2_26agents_30rounds_20260804_024555.json,25,8,developing,SFI,121537.0,43443239.828571424,0.1,43443239.0,0.0027976044254431,1215370.0,0.0027976044788004,proportional columns are analyst-derived; stage1_cap uses end-of-round wealth (approx),5.0,0.0,25,0,0,0,0,0,0,0.0027976044254431
20260804_024555,results/simulation_llama3.1_8b_Full_scnldf_sh1_ldf1_seed2_26agents_30rounds_20260804_024555.json,26,8,developing,SFI,121537.0,50740811.28571428,0.1,50740811.0,0.0023952514144017,1215370.0,0.002395251427889,proportional columns are analyst-derived; stage1_cap uses end-of-round wealth (approx),5.0,0.0,25,0,0,0,0,0,0,0.0023952514144017
20260804_024555,results/simulation_llama3.1_8b_Full_scnldf_sh1_ldf1_seed2_26agents_30rounds_20260804_024555.json,27,8,developing,SFI,121537.0,60221079.885714285,0.1,60221079.0,0.0020181803486528,1215370.0,0.0020181803783356,proportional columns are analyst-derived; stage1_cap uses end-of-round wealth (approx),5.0,0.0,25,0,0,0,0,0,0,0.0020181803486528
20260804_024555,results/simulation_llama3.1_8b_Full_scnldf_sh1_ldf1_seed2_26agents_30rounds_20260804_024555.json,28,8,developing,SFI,121537.0,64571929.05714285,0.1,64571929.0,0.0018821955883096,1215370.0,0.0018821955899753,proportional columns are analyst-derived; stage1_cap uses end-of-round wealth (approx),5.12,0.1200000000000001,25,0,0,0,0,0,0,0.0018821955883096
20260804_024555,results/simulation_llama3.1_8b_Full_scnldf_sh1_ldf1_seed2_26agents_30rounds_20260804_024555.json,29,8,developing,SFI,121537.0,71272870.9142857,0.1,71272870.0,0.0017052350837131,1215370.0,0.0017052351055878,proportional columns are analyst-derived; stage1_cap uses end-of-round wealth (approx),5.0,-0.1200000000000001,25,0,0,0,0,0,0,0.0017052350837131
20260804_024555,results/simulation_llama3.1_8b_Full_scnldf_sh1_ldf1_seed2_26agents_30rounds_20260804_024555.json,30,8,developing,SFI,121537.0,83623720.08571428,0.1,83623720.0,0.0014533794941844,1215370.0,0.0014533794956741,proportional columns are analyst-derived; stage1_cap uses end-of-round wealth (approx),5.0,0.0,25,0,0,0,0,0,0,0.0014533794941844
20260804_024555,results/simulation_llama3.1_8b_Full_scnldf_sh1_ldf1_seed2_26agents_30rounds_20260804_024555.json,1,9,developing,SFI,532700.0,360641.1428571429,0.1,360641.0,1.4770915924337926,5327000.0,1.4770921775394368,proportional columns are analyst-derived; stage1_cap uses end-of-round wealth (approx),5.0,,0,0,0,0,0,0,0,1.4770915924337926
20260804_024555,results/simulation_llama3.1_8b_Full_scnldf_sh1_ldf1_seed2_26agents_30rounds_20260804_024555.json,2,9,developing,SFI,200000.0,412574.17142857146,0.1,412574.0,0.484761320146348,2000000.0,0.4847615215694639,proportional columns are analyst-derived; stage1_cap uses end-of-round wealth (approx),5.0,0.0,25,0,0,0,0,0,0,0.484761320146348
20260804_024555,results/simulation_llama3.1_8b_Full_scnldf_sh1_ldf1_seed2_26agents_30rounds_20260804_024555.json,3,9,developing,SFI,200000.0,449136.45714285714,0.1,449136.0,0.4452989660921377,2000000.0,0.4452994193295572,proportional columns are analyst-derived; stage1_cap uses end-of-round wealth (approx),6.08,1.08,25,0,0,0,0,0,0,0.4452989660921377
20260804_024555,results/simulation_llama3.1_8b_Full_scnldf_sh1_ldf1_seed2_26agents_30rounds_20260804_024555.json,4,9,developing,SFI,200000.0,674326.6285714286,0.1,674326.0,0.2965921728817132,2000000.0,0.2965924493494244,proportional columns are analyst-derived; stage1_cap uses end-of-round wealth (approx),5.0,-1.08,25,0,0,1,0,0,0,0.2965921728817132
20260804_024555,results/simulation_llama3.1_8b_Full_scnldf_sh1_ldf1_seed2_26agents_30rounds_20260804_024555.json,5,9,developing,SFI,0.0,1453666.9142857145,0.1,1453666.0,0.0,0.0,0.0,proportional columns are analyst-derived; stage1_cap uses end-of-round wealth (approx),5.0,0.0,25,0,0,0,0,1,0,0.0
20260804_024555,results/simulation_llama3.1_8b_Full_scnldf_sh1_ldf1_seed2_26agents_30rounds_20260804_024555.json,6,9,developing,SFI,100000.0,2016093.4285714289,0.1,2016093.0,0.0496008759231254,1000000.0,0.0496008864670429,proportional columns are analyst-derived; stage1_cap uses end-of-round wealth (approx),1.0,-4.0,25,1,1,1,0,0,0,0.0496008759231254
20260804_024555,results/simulation_llama3.1_8b_Full_scnldf_sh1_ldf1_seed2_26agents_30rounds_20260804_024555.json,7,9,developing,SFI,200000.0,2488696.285714286,0.1,2488696.0,0.0803633617922958,2000000.0,0.0803633710183967,proportional columns are analyst-derived; stage1_cap uses end-of-round wealth (approx),5.0,4.0,25,0,0,0,1,1,1,0.0803633617922958
20260804_024555,results/simulation_llama3.1_8b_Full_scnldf_sh1_ldf1_seed2_26agents_30rounds_20260804_024555.json,8,9,developing,SFI,500000.0,2958906.685714286,0.1,2958906.0,0.1689813343604308,5000000.0,0.1689813735211595,proportional columns are analyst-derived; stage1_cap uses end-of-round wealth (approx),5.12,0.1200000000000001,25,0,0,0,0,0,0,0.1689813343604308
20260804_024555,results/simulation_llama3.1_8b_Full_scnldf_sh1_ldf1_seed2_26agents_30rounds_20260804_024555.json,9,9,developing,SFI,200000.0,3596097.4285714286,0.1,3596097.0,0.0556158457807555,2000000.0,0.0556158524088755,proportional columns are analyst-derived; stage1_cap uses end-of-round wealth (approx),7.04,1.92,25,0,0,0,0,0,0,0.0556158457807555
20260804_024555,results/simulation_llama3.1_8b_Full_scnldf_sh1_ldf1_seed2_26agents_30rounds_20260804_024555.json,10,9,developing,SFI,0.0,4207801.428571429,0.1,4207801.0,0.0,0.0,0.0,proportional columns are analyst-derived; stage1_cap uses end-of-round wealth (approx),5.0,-2.04,25,0,0,1,0,0,0,0.0
20260804_024555,results/simulation_llama3.1_8b_Full_scnldf_sh1_ldf1_seed2_26agents_30rounds_20260804_024555.json,11,9,developing,SFI,4207801.0,1360695.5142857148,0.1,1360695.0,3.09238985197129,42078010.0,3.0923910207651235,proportional columns are analyst-derived; stage1_cap uses end-of-round wealth (approx),1.0,-4.0,25,1,1,1,0,1,0,3.09238985197129
20260804_024555,results/simulation_llama3.1_8b_Full_scnldf_sh1_ldf1_seed2_26agents_30rounds_20260804_024555.json,12,9,developing,SFI,1000000.0,2125198.600000001,0.1,2125198.0,0.4705442587812733,10000000.0,0.4705443916284506,proportional columns are analyst-derived; stage1_cap uses end-of-round wealth (approx),5.12,4.12,25,0,0,0,1,1,1,0.4705442587812733
20260804_024555,results/simulation_llama3.1_8b_Full_scnldf_sh1_ldf1_seed2_26agents_30rounds_20260804_024555.json,13,9,developing,SFI,106259.0,4104164.2857142864,0.1,4104164.0,0.0258905327863859,1062590.0,0.0258905345887737,proportional columns are analyst-derived; stage1_cap uses end-of-round wealth (approx),5.0,-0.1200000000000001,25,0,0,0,0,0,0,0.0258905327863859
20260804_024555,results/simulation_llama3.1_8b_Full_scnldf_sh1_ldf1_seed2_26agents_30rounds_20260804_024555.json,14,9,developing,SFI,2000000.0,3995216.5142857153,0.1,3995216.0,0.5005986516246592,20000000.0,0.5005987160644131,proportional columns are analyst-derived; stage1_cap uses end-of-round wealth (approx),5.0,0.0,25,0,0,0,0,0,0,0.5005986516246592
20260804_024555,results/simulation_llama3.1_8b_Full_scnldf_sh1_ldf1_seed2_26agents_30rounds_20260804_024555.json,15,9,developing,SFI,1000000.0,4483729.885714287,0.1,4483729.0,0.2230286001808723,10000000.0,0.2230286442378654,proportional columns are analyst-derived; stage1_cap uses end-of-round wealth (approx),5.48,0.4800000000000004,25,0,0,0,0,0,0,0.2230286001808723
20260804_024555,results/simulation_llama3.1_8b_Full_scnldf_sh1_ldf1_seed2_26agents_30rounds_20260804_024555.json,16,9,developing,SFI,0.0,6113320.285714287,0.1,6113320.0,0.0,0.0,0.0,proportional columns are analyst-derived; stage1_cap uses end-of-round wealth (approx),5.0,-0.4800000000000004,25,0,0,0,0,0,0,0.0
20260804_024555,results/simulation_llama3.1_8b_Full_scnldf_sh1_ldf1_seed2_26agents_30rounds_20260804_024555.json,17,9,developing,SFI,0.0,8268938.342857145,0.1,8268938.0,0.0,0.0,0.0,proportional columns are analyst-derived; stage1_cap uses end-of-round wealth (approx),1.36,-3.64,25,1,1,1,0,0,0,0.0
20260804_024555,results/simulation_llama3.1_8b_Full_scnldf_sh1_ldf1_seed2_26agents_30rounds_20260804_024555.json,18,9,developing,SFI,0.0,9024038.342857145,0.1,9024038.0,0.0,0.0,0.0,proportional columns are analyst-derived; stage1_cap uses end-of-round wealth (approx),1.0,-0.3600000000000001,25,1,1,0,1,1,1,0.0
20260804_024555,results/simulation_llama3.1_8b_Full_scnldf_sh1_ldf1_seed2_26agents_30rounds_20260804_024555.json,19,9,developing,SFI,0.0,10309156.171428574,0.1,10309156.0,0.0,0.0,0.0,proportional columns are analyst-derived; stage1_cap uses end-of-round wealth (approx),1.0,0.0,25,1,1,0,1,0,1,0.0
20260804_024555,results/simulation_llama3.1_8b_Full_scnldf_sh1_ldf1_seed2_26agents_30rounds_20260804_024555.json,20,9,developing,SFI,0.0,14034410.571428576,0.1,14034410.0,0.0,0.0,0.0,proportional columns are analyst-derived; stage1_cap uses end-of-round wealth (approx),1.0,0.0,25,1,1,0,1,0,1,0.0
20260804_024555,results/simulation_llama3.1_8b_Full_scnldf_sh1_ldf1_seed2_26agents_30rounds_20260804_024555.json,21,9,developing,SFI,10000000.0,9945816.628571432,0.1,9945816.0,1.0054478554604471,100000000.0,1.005447919004333,proportional columns are analyst-derived; stage1_cap uses end-of-round wealth (approx),1.0,0.0,25,1,1,0,1,0,1,1.0054478554604471
20260804_024555,results/simulation_llama3.1_8b_Full_scnldf_sh1_ldf1_seed2_26agents_30rounds_20260804_024555.json,22,9,developing,SFI,4945796.0,8277828.514285718,0.1,8277828.0,0.597475049339889,49457960.0,0.5974750864598781,proportional columns are analyst-derived; stage1_cap uses end-of-round wealth (approx),5.6,4.6,25,0,0,0,1,0,1,0.597475049339889
20260804_024555,results/simulation_llama3.1_8b_Full_scnldf_sh1_ldf1_seed2_26agents_30rounds_20260804_024555.json,23,9,developing,SFI,4945796.0,9108643.371428575,0.1,9108643.0,0.5429783336905762,49457960.0,0.542978355831928,proportional columns are analyst-derived; stage1_cap uses end-of-round wealth (approx),6.92,1.3200000000000005,25,0,0,0,0,0,0,0.5429783336905762
20260804_024555,results/simulation_llama3.1_8b_Full_scnldf_sh1_ldf1_seed2_26agents_30rounds_20260804_024555.json,24,9,developing,SFI,4945796.0,8432360.285714291,0.1,8432360.0,0.5865256977194079,49457960.0,0.5865257175927024,proportional columns are analyst-derived; stage1_cap uses end-of-round wealth (approx),5.0,-1.92,25,0,0,1,0,0,0,0.5865256977194079
20260804_024555,results/simulation_llama3.1_8b_Full_scnldf_sh1_ldf1_seed2_26agents_30rounds_20260804_024555.json,25,9,developing,SFI,421618.0,12142929.828571437,0.1,12142929.0,0.0347212745154767,4216180.0,0.0347212768846791,proportional columns are analyst-derived; stage1_cap uses end-of-round wealth (approx),6.68,1.6799999999999995,25,0,0,0,0,1,0,0.0347212745154767
20260804_024555,results/simulation_llama3.1_8b_Full_scnldf_sh1_ldf1_seed2_26agents_30rounds_20260804_024555.json,26,9,developing,SFI,6000000.0,13562038.285714293,0.1,13562038.0,0.4424113745734045,60000000.0,0.4424113838937776,proportional columns are analyst-derived; stage1_cap uses end-of-round wealth (approx),5.0,-1.6799999999999995,25,0,0,1,0,0,0,0.4424113745734045
20260804_024555,results/simulation_llama3.1_8b_Full_scnldf_sh1_ldf1_seed2_26agents_30rounds_20260804_024555.json,27,9,developing,SFI,6000000.0,17163843.885714293,0.1,17163843.0,0.3495720445811024,60000000.0,0.3495720626202419,proportional columns are analyst-derived; stage1_cap uses end-of-round wealth (approx),3.08,-1.92,25,0,1,1,0,1,0,0.3495720445811024
20260804_024555,results/simulation_llama3.1_8b_Full_scnldf_sh1_ldf1_seed2_26agents_30rounds_20260804_024555.json,28,9,developing,SFI,4216180.0,17420050.057142865,0.1,17420050.0,0.2420303033670796,42161800.0,0.2420303041610098,proportional columns are analyst-derived; stage1_cap uses end-of-round wealth (approx),5.0,1.92,25,0,0,0,1,1,0,0.2420303033670796
20260804_024555,results/simulation_llama3.1_8b_Full_scnldf_sh1_ldf1_seed2_26agents_30rounds_20260804_024555.json,29,9,developing,SFI,0.0,24242528.914285723,0.1,24242528.0,0.0,0.0,0.0,proportional columns are analyst-derived; stage1_cap uses end-of-round wealth (approx),5.0,0.0,25,0,0,0,0,0,0,0.0
20260804_024555,results/simulation_llama3.1_8b_Full_scnldf_sh1_ldf1_seed2_26agents_30rounds_20260804_024555.json,30,9,developing,SFI,4216180.0,32498735.085714296,0.1,32498735.0,0.1297336646758703,42161800.0,0.1297336650180384,proportional columns are analyst-derived; stage1_cap uses end-of-round wealth (approx),1.36,-3.64,25,1,1,1,0,0,0,0.1297336646758703
20260804_024555,results/simulation_llama3.1_8b_Full_scnldf_sh1_ldf1_seed2_26agents_30rounds_20260804_024555.json,1,10,developing,SFI,500.0,723641.1428571428,0.1,723641.0,0.0006909502105226,5000.0,0.0006909503469261,proportional columns are analyst-derived; stage1_cap uses end-of-round wealth (approx),5.0,,0,0,0,0,0,0,0,0.0006909502105226
20260804_024555,results/simulation_llama3.1_8b_Full_scnldf_sh1_ldf1_seed2_26agents_30rounds_20260804_024555.json,2,10,developing,SFI,0.0,975574.1714285716,0.1,975574.0,0.0,0.0,0.0,proportional columns are analyst-derived; stage1_cap uses end-of-round wealth (approx),5.0,0.0,25,0,0,0,0,0,0,0.0
20260804_024555,results/simulation_llama3.1_8b_Full_scnldf_sh1_ldf1_seed2_26agents_30rounds_20260804_024555.json,3,10,developing,SFI,0.0,1212136.4571428571,0.1,1212136.0,0.0,0.0,0.0,proportional columns are analyst-derived; stage1_cap uses end-of-round wealth (approx),1.0,-4.0,25,1,1,1,0,0,0,0.0
20260804_024555,results/simulation_llama3.1_8b_Full_scnldf_sh1_ldf1_seed2_26agents_30rounds_20260804_024555.json,4,10,developing,SFI,1212136.0,425190.6285714286,0.1,425190.0,2.850806011582569,12121360.0,2.850810226016604,proportional columns are analyst-derived; stage1_cap uses end-of-round wealth (approx),1.0,0.0,25,1,1,0,1,1,1,2.850806011582569
20260804_024555,results/simulation_llama3.1_8b_Full_scnldf_sh1_ldf1_seed2_26agents_30rounds_20260804_024555.json,5,10,developing,SFI,425190.0,779340.9142857143,0.1,779340.0,0.5455763866698792,4251900.0,0.5455770267149126,proportional columns are analyst-derived; stage1_cap uses end-of-round wealth (approx),2.6,1.6,25,1,1,0,1,0,1,0.5455763866698792
20260804_024555,results/simulation_llama3.1_8b_Full_scnldf_sh1_ldf1_seed2_26agents_30rounds_20260804_024555.json,6,10,developing,SFI,493363.0,948404.4285714286,0.1,948404.0,0.5202031803490704,4933630.0,0.5202034154221197,proportional columns are analyst-derived; stage1_cap uses end-of-round wealth (approx),4.76,2.16,25,0,0,0,1,0,1,0.5202031803490704
20260804_024555,results/simulation_llama3.1_8b_Full_scnldf_sh1_ldf1_seed2_26agents_30rounds_20260804_024555.json,7,10,developing,SFI,121213.0,1499794.285714286,0.1,1499794.0,0.0808197505181662,1212130.0,0.0808197659145189,proportional columns are analyst-derived; stage1_cap uses end-of-round wealth (approx),5.12,0.3600000000000003,25,0,0,0,0,0,0,0.0808197505181662
20260804_024555,results/simulation_llama3.1_8b_Full_scnldf_sh1_ldf1_seed2_26agents_30rounds_20260804_024555.json,8,10,developing,SFI,725000.0,1745004.685714286,0.1,1745004.0,0.4154716637355242,7250000.0,0.4154718269986773,proportional columns are analyst-derived; stage1_cap uses end-of-round wealth (approx),5.0,-0.1200000000000001,25,0,0,0,0,0,0,0.4154716637355242
20260804_024555,results/simulation_llama3.1_8b_Full_scnldf_sh1_ldf1_seed2_26agents_30rounds_20260804_024555.json,9,10,developing,SFI,493363.0,2088832.428571429,0.1,2088832.0,0.2361907988652853,4933630.0,0.2361908473252037,proportional columns are analyst-derived; stage1_cap uses end-of-round wealth (approx),5.0,0.0,25,0,0,0,0,0,0,0.2361907988652853
20260804_024555,results/simulation_llama3.1_8b_Full_scnldf_sh1_ldf1_seed2_26agents_30rounds_20260804_024555.json,10,10,developing,SFI,1000000.0,1700536.428571429,0.1,1700536.0,0.5880497372467761,10000000.0,0.5880498854478823,proportional columns are analyst-derived; stage1_cap uses end-of-round wealth (approx),5.0,0.0,25,0,0,0,0,0,0,0.5880497372467761
20260804_024555,results/simulation_llama3.1_8b_Full_scnldf_sh1_ldf1_seed2_26agents_30rounds_20260804_024555.json,11,10,developing,SFI,1000000.0,2061231.5142857148,0.1,2061231.0,0.4851468615094084,10000000.0,0.4851469825555699,proportional columns are analyst-derived; stage1_cap uses end-of-round wealth (approx),7.04,2.04,25,0,0,0,0,0,0,0.4851468615094084
20260804_024555,results/simulation_llama3.1_8b_Full_scnldf_sh1_ldf1_seed2_26agents_30rounds_20260804_024555.json,12,10,developing,SFI,1000000.0,2825734.600000001,0.1,2825734.0,0.3538902768858759,10000000.0,0.3538903520288888,proportional columns are analyst-derived; stage1_cap uses end-of-round wealth (approx),4.84,-2.2,25,0,0,1,0,0,0,0.3538902768858759
20260804_024555,results/simulation_llama3.1_8b_Full_scnldf_sh1_ldf1_seed2_26agents_30rounds_20260804_024555.json,13,10,developing,SFI,1422840.0,3488119.2857142864,0.1,3488119.0,0.407910361846652,14228400.0,0.4079103952588773,proportional columns are analyst-derived; stage1_cap uses end-of-round wealth (approx),4.84,0.0,25,0,0,0,0,1,0,0.407910361846652
20260804_024555,results/simulation_llama3.1_8b_Full_scnldf_sh1_ldf1_seed2_26agents_30rounds_20260804_024555.json,14,10,developing,SFI,1500000.0,3879171.5142857153,0.1,3879171.0,0.3866805049676181,15000000.0,0.3866805562322465,proportional columns are analyst-derived; stage1_cap uses end-of-round wealth (approx),5.0,0.1600000000000001,25,0,0,0,0,0,0,0.3866805049676181
20260804_024555,results/simulation_llama3.1_8b_Full_scnldf_sh1_ldf1_seed2_26agents_30rounds_20260804_024555.json,15,10,developing,SFI,0.0,5367684.885714287,0.1,5367684.0,0.0,0.0,0.0,proportional columns are analyst-derived; stage1_cap uses end-of-round wealth (approx),5.0,0.0,25,0,0,0,0,0,0,0.0
20260804_024555,results/simulation_llama3.1_8b_Full_scnldf_sh1_ldf1_seed2_26agents_30rounds_20260804_024555.json,16,10,developing,SFI,2000000.0,4997275.285714287,0.1,4997275.0,0.4002180959927104,20000000.0,0.4002181188747867,proportional columns are analyst-derived; stage1_cap uses end-of-round wealth (approx),1.0,-4.0,25,1,1,1,0,0,0,0.4002180959927104
20260804_024555,results/simulation_llama3.1_8b_Full_scnldf_sh1_ldf1_seed2_26agents_30rounds_20260804_024555.json,17,10,developing,SFI,500.0,7152393.342857145,0.1,7152393.0,6.990666984210721e-05,5000.0,6.990667319315368e-05,proportional columns are analyst-derived; stage1_cap uses end-of-round wealth (approx),5.0,4.0,25,0,0,0,1,1,1,6.990666984210721e-05
20260804_024555,results/simulation_llama3.1_8b_Full_scnldf_sh1_ldf1_seed2_26agents_30rounds_20260804_024555.json,18,10,developing,SFI,357619.0,7549874.342857145,0.1,7549874.0,0.0473675433205506,3576190.0,0.0473675454716197,proportional columns are analyst-derived; stage1_cap uses end-of-round wealth (approx),5.0,0.0,25,0,0,0,0,0,0,0.0473675433205506
20260804_024555,results/simulation_llama3.1_8b_Full_scnldf_sh1_ldf1_seed2_26agents_30rounds_20260804_024555.json,19,10,developing,SFI,4000000.0,4834992.171428573,0.1,4834992.0,0.8273022702367971,40000000.0,0.8273022995694719,proportional columns are analyst-derived; stage1_cap uses end-of-round wealth (approx),5.0,0.0,25,0,0,0,0,0,0,0.8273022702367971
20260804_024555,results/simulation_llama3.1_8b_Full_scnldf_sh1_ldf1_seed2_26agents_30rounds_20260804_024555.json,20,10,developing,SFI,1000000.0,7560246.571428573,0.1,7560246.0,0.1322708182269036,10000000.0,0.1322708282243725,proportional columns are analyst-derived; stage1_cap uses end-of-round wealth (approx),5.0,0.0,25,0,0,0,0,0,0,0.1322708182269036
20260804_024555,results/simulation_llama3.1_8b_Full_scnldf_sh1_ldf1_seed2_26agents_30rounds_20260804_024555.json,21,10,developing,SFI,378012.0,13093640.628571432,0.1,13093640.0,0.0288698927000597,3780120.0,0.0288698940859837,proportional columns are analyst-derived; stage1_cap uses end-of-round wealth (approx),5.0,0.0,25,0,0,0,0,0,0,0.0288698927000597
20260804_024555,results/simulation_llama3.1_8b_Full_scnldf_sh1_ldf1_seed2_26agents_30rounds_20260804_024555.json,22,10,developing,SFI,1000000.0,15371448.514285715,0.1,15371448.0,0.0650556776786932,10000000.0,0.0650556798552745,proportional columns are analyst-derived; stage1_cap uses end-of-round wealth (approx),5.0,0.0,25,0,0,0,0,0,0,0.0650556776786932
20260804_024555,results/simulation_llama3.1_8b_Full_scnldf_sh1_ldf1_seed2_26agents_30rounds_20260804_024555.json,23,10,developing,SFI,378012.0,20770047.37142857,0.1,20770047.0,0.0181998621977143,3780120.0,0.0181998625231806,proportional columns are analyst-derived; stage1_cap uses end-of-round wealth (approx),5.0,0.0,25,0,0,0,0,0,0,0.0181998621977143
20260804_024555,results/simulation_llama3.1_8b_Full_scnldf_sh1_ldf1_seed2_26agents_30rounds_20260804_024555.json,24,10,developing,SFI,378012.0,24661548.28571429,0.1,24661548.0,0.0153279913986167,3780120.0,0.0153279915761978,proportional columns are analyst-derived; stage1_cap uses end-of-round wealth (approx),7.04,2.04,25,0,0,0,0,0,0,0.0153279913986167
20260804_024555,results/simulation_llama3.1_8b_Full_scnldf_sh1_ldf1_seed2_26agents_30rounds_20260804_024555.json,25,10,developing,SFI,0.0,28793735.828571435,0.1,28793735.0,0.0,0.0,0.0,proportional columns are analyst-derived; stage1_cap uses end-of-round wealth (approx),5.0,-2.04,25,0,0,1,0,0,0,0.0
20260804_024555,results/simulation_llama3.1_8b_Full_scnldf_sh1_ldf1_seed2_26agents_30rounds_20260804_024555.json,26,10,developing,SFI,378012.0,35834832.28571429,0.1,35834832.0,0.0105487308266458,3780120.0,0.0105487309107518,proportional columns are analyst-derived; stage1_cap uses end-of-round wealth (approx),1.0,-4.0,25,1,1,1,0,1,0,0.0105487308266458
20260804_024555,results/simulation_llama3.1_8b_Full_scnldf_sh1_ldf1_seed2_26agents_30rounds_20260804_024555.json,27,10,developing,SFI,378012.0,45058625.88571429,0.1,45058625.0,0.0083893370596516,3780120.0,0.0083893372245602,proportional columns are analyst-derived; stage1_cap uses end-of-round wealth (approx),5.0,4.0,25,0,0,0,1,1,1,0.0083893370596516
20260804_024555,results/simulation_llama3.1_8b_Full_scnldf_sh1_ldf1_seed2_26agents_30rounds_20260804_024555.json,28,10,developing,SFI,378012.0,49153000.05714286,0.1,49153000.0,0.007690517355208,3780120.0,0.0076905173641486,proportional columns are analyst-derived; stage1_cap uses end-of-round wealth (approx),5.0,0.0,25,0,0,0,0,0,0,0.007690517355208
20260804_024555,results/simulation_llama3.1_8b_Full_scnldf_sh1_ldf1_seed2_26agents_30rounds_20260804_024555.json,29,10,developing,SFI,378012.0,55597466.91428572,0.1,55597466.0,0.0067990867386598,3780120.0,0.006799086850469,proportional columns are analyst-derived; stage1_cap uses end-of-round wealth (approx),5.0,0.0,25,0,0,0,0,0,0,0.0067990867386598
20260804_024555,results/simulation_llama3.1_8b_Full_scnldf_sh1_ldf1_seed2_26agents_30rounds_20260804_024555.json,30,10,developing,SFI,378012.0,67691841.0857143,0.1,67691841.0,0.0055843066747341,3780120.0,0.0055843066818052,proportional columns are analyst-derived; stage1_cap uses end-of-round wealth (approx),5.0,0.0,25,0,0,0,0,0,0,0.0055843066747341
20260804_024555,results/simulation_llama3.1_8b_Full_scnldf_sh1_ldf1_seed2_26agents_30rounds_20260804_024555.json,1,11,developing,SFI,1000.0,361761.1428571429,0.1,361761.0,0.0027642548674579,10000.0,0.0027642559590447,proportional columns are analyst-derived; stage1_cap uses end-of-round wealth (approx),5.0,,0,0,0,0,0,0,0,0.0027642548674579
20260804_024555,results/simulation_llama3.1_8b_Full_scnldf_sh1_ldf1_seed2_26agents_30rounds_20260804_024555.json,2,11,developing,SFI,0.0,613694.1714285715,0.1,613694.0,0.0,0.0,0.0,proportional columns are analyst-derived; stage1_cap uses end-of-round wealth (approx),5.0,0.0,25,0,0,0,0,0,0,0.0
20260804_024555,results/simulation_llama3.1_8b_Full_scnldf_sh1_ldf1_seed2_26agents_30rounds_20260804_024555.json,3,11,developing,SFI,100000.0,750256.4571428571,0.1,750256.0,0.1332877565370409,1000000.0,0.1332878377513808,proportional columns are analyst-derived; stage1_cap uses end-of-round wealth (approx),5.04,0.04,25,0,0,0,0,0,0,0.1332877565370409
20260804_024555,results/simulation_llama3.1_8b_Full_scnldf_sh1_ldf1_seed2_26agents_30rounds_20260804_024555.json,4,11,developing,SFI,151532.0,1023914.6285714286,0.1,1023914.0,0.1479928069896005,1515320.0,0.1479928978410296,proportional columns are analyst-derived; stage1_cap uses end-of-round wealth (approx),5.0,-0.04,25,0,0,0,0,0,0,0.1479928069896005
20260804_024555,results/simulation_llama3.1_8b_Full_scnldf_sh1_ldf1_seed2_26agents_30rounds_20260804_024555.json,5,11,developing,SFI,151532.0,1651722.9142857145,0.1,1651722.0,0.0917417798647722,1515320.0,0.0917418306470459,proportional columns are analyst-derived; stage1_cap uses end-of-round wealth (approx),5.12,0.1200000000000001,25,0,0,0,0,0,0,0.0917417798647722
20260804_024555,results/simulation_llama3.1_8b_Full_scnldf_sh1_ldf1_seed2_26agents_30rounds_20260804_024555.json,6,11,developing,SFI,514414.0,1799735.4285714286,0.1,1799735.0,0.2858275676710576,5144140.0,0.285827635735261,proportional columns are analyst-derived; stage1_cap uses end-of-round wealth (approx),5.12,0.0,25,0,0,0,0,0,0,0.2858275676710576
20260804_024555,results/simulation_llama3.1_8b_Full_scnldf_sh1_ldf1_seed2_26agents_30rounds_20260804_024555.json,7,11,developing,SFI,514414.0,1957924.285714286,0.1,1957924.0,0.2627343681026626,5144140.0,0.2627344064427424,proportional columns are analyst-derived; stage1_cap uses end-of-round wealth (approx),5.12,0.0,25,0,0,0,0,0,0,0.2627343681026626
20260804_024555,results/simulation_llama3.1_8b_Full_scnldf_sh1_ldf1_seed2_26agents_30rounds_20260804_024555.json,8,11,developing,SFI,1000000.0,1928134.685714286,0.1,1928134.0,0.5186359684357555,10000000.0,0.5186361528814906,proportional columns are analyst-derived; stage1_cap uses end-of-round wealth (approx),5.0,-0.1200000000000001,25,0,0,0,0,0,0,0.5186359684357555
20260804_024555,results/simulation_llama3.1_8b_Full_scnldf_sh1_ldf1_seed2_26agents_30rounds_20260804_024555.json,9,11,developing,SFI,514414.0,2250911.428571429,0.1,2250911.0,0.2285358692796187,5144140.0,0.2285359127926426,proportional columns are analyst-derived; stage1_cap uses end-of-round wealth (approx),7.4,2.4000000000000004,25,0,0,0,0,0,0,0.2285358692796187
20260804_024555,results/simulation_llama3.1_8b_Full_scnldf_sh1_ldf1_seed2_26agents_30rounds_20260804_024555.json,10,11,developing,SFI,514414.0,2348201.428571429,0.1,2348201.0,0.2190672374784104,5144140.0,0.2190672774604899,proportional columns are analyst-derived; stage1_cap uses end-of-round wealth (approx),5.36,-2.04,25,0,0,1,0,0,0,0.2190672374784104
20260804_024555,results/simulation_llama3.1_8b_Full_scnldf_sh1_ldf1_seed2_26agents_30rounds_20260804_024555.json,11,11,developing,SFI,514414.0,3194482.514285715,0.1,3194482.0,0.1610320287243841,5144140.0,0.1610320546492357,proportional columns are analyst-derived; stage1_cap uses end-of-round wealth (approx),5.0,-0.3600000000000003,25,0,0,0,0,1,0,0.1610320287243841
20260804_024555,results/simulation_llama3.1_8b_Full_scnldf_sh1_ldf1_seed2_26agents_30rounds_20260804_024555.json,12,11,developing,SFI,514414.0,4444571.600000001,0.1,4444571.0,0.1157398386832152,5144140.0,0.1157398543076485,proportional columns are analyst-derived; stage1_cap uses end-of-round wealth (approx),6.08,1.08,25,0,0,0,0,0,0,0.1157398386832152
20260804_024555,results/simulation_llama3.1_8b_Full_scnldf_sh1_ldf1_seed2_26agents_30rounds_20260804_024555.json,13,11,developing,SFI,1148076.0,5381720.285714286,0.1,5381720.0,0.2133288129164859,11480760.0,0.2133288242420638,proportional columns are analyst-derived; stage1_cap uses end-of-round wealth (approx),5.0,-1.08,25,0,0,1,0,0,0,0.2133288129164859
20260804_024555,results/simulation_llama3.1_8b_Full_scnldf_sh1_ldf1_seed2_26agents_30rounds_20260804_024555.json,14,11,developing,SFI,0.0,7272772.514285715,0.1,7272772.0,0.0,0.0,0.0,proportional columns are analyst-derived; stage1_cap uses end-of-round wealth (approx),5.12,0.1200000000000001,25,0,0,0,0,1,0,0.0
20260804_024555,results/simulation_llama3.1_8b_Full_scnldf_sh1_ldf1_seed2_26agents_30rounds_20260804_024555.json,15,11,developing,SFI,0.0,8761285.885714287,0.1,8761285.0,0.0,0.0,0.0,proportional columns are analyst-derived; stage1_cap uses end-of-round wealth (approx),1.0,-4.12,25,1,1,1,0,0,0,0.0
20260804_024555,results/simulation_llama3.1_8b_Full_scnldf_sh1_ldf1_seed2_26agents_30rounds_20260804_024555.json,16,11,developing,SFI,0.0,10390876.285714287,0.1,10390876.0,0.0,0.0,0.0,proportional columns are analyst-derived; stage1_cap uses end-of-round wealth (approx),1.0,0.0,25,1,1,0,1,1,1,0.0
20260804_024555,results/simulation_llama3.1_8b_Full_scnldf_sh1_ldf1_seed2_26agents_30rounds_20260804_024555.json,17,11,developing,SFI,1000000.0,11546494.342857145,0.1,11546494.0,0.0866063733550969,10000000.0,0.0866063759267531,proportional columns are analyst-derived; stage1_cap uses end-of-round wealth (approx),1.36,0.3600000000000001,25,1,1,0,1,0,1,0.0866063733550969
20260804_024555,results/simulation_llama3.1_8b_Full_scnldf_sh1_ldf1_seed2_26agents_30rounds_20260804_024555.json,18,11,developing,SFI,0.0,12301594.342857145,0.1,12301594.0,0.0,0.0,0.0,proportional columns are analyst-derived; stage1_cap uses end-of-round wealth (approx),5.0,3.64,25,0,0,0,1,0,1,0.0
20260804_024555,results/simulation_llama3.1_8b_Full_scnldf_sh1_ldf1_seed2_26agents_30rounds_20260804_024555.json,19,11,developing,SFI,0.0,13586712.171428574,0.1,13586712.0,0.0,0.0,0.0,proportional columns are analyst-derived; stage1_cap uses end-of-round wealth (approx),1.0,-4.0,25,1,1,1,0,0,0,0.0
20260804_024555,results/simulation_llama3.1_8b_Full_scnldf_sh1_ldf1_seed2_26agents_30rounds_20260804_024555.json,20,11,developing,SFI,1000000.0,16311966.571428576,0.1,16311966.0,0.0613046866925023,10000000.0,0.0613046888400821,proportional columns are analyst-derived; stage1_cap uses end-of-round wealth (approx),1.0,0.0,25,1,1,0,1,1,1,0.0613046866925023
20260804_024555,results/simulation_llama3.1_8b_Full_scnldf_sh1_ldf1_seed2_26agents_30rounds_20260804_024555.json,21,11,developing,SFI,10000000.0,12223372.628571432,0.1,12223372.0,0.8181048147567369,100000000.0,0.8181048568267414,proportional columns are analyst-derived; stage1_cap uses end-of-round wealth (approx),5.0,4.0,25,0,0,0,1,0,1,0.8181048147567369
20260804_024555,results/simulation_llama3.1_8b_Full_scnldf_sh1_ldf1_seed2_26agents_30rounds_20260804_024555.json,22,11,developing,SFI,0.0,15501180.514285715,0.1,15501180.0,0.0,0.0,0.0,proportional columns are analyst-derived; stage1_cap uses end-of-round wealth (approx),5.0,0.0,25,0,0,0,0,0,0,0.0
20260804_024555,results/simulation_llama3.1_8b_Full_scnldf_sh1_ldf1_seed2_26agents_30rounds_20260804_024555.json,23,11,developing,SFI,0.0,21277791.37142857,0.1,21277791.0,0.0,0.0,0.0,proportional columns are analyst-derived; stage1_cap uses end-of-round wealth (approx),1.0,-4.0,25,1,1,1,0,0,0,0.0
20260804_024555,results/simulation_llama3.1_8b_Full_scnldf_sh1_ldf1_seed2_26agents_30rounds_20260804_024555.json,24,11,developing,SFI,0.0,25547304.28571429,0.1,25547304.0,0.0,0.0,0.0,proportional columns are analyst-derived; stage1_cap uses end-of-round wealth (approx),1.0,0.0,25,1,1,0,1,1,1,0.0
20260804_024555,results/simulation_llama3.1_8b_Full_scnldf_sh1_ldf1_seed2_26agents_30rounds_20260804_024555.json,25,11,developing,SFI,10000000.0,19679491.828571435,0.1,19679491.0,0.5081432024317629,100000000.0,0.5081432238262666,proportional columns are analyst-derived; stage1_cap uses end-of-round wealth (approx),1.0,0.0,25,1,1,0,1,0,1,0.5081432024317629
20260804_024555,results/simulation_llama3.1_8b_Full_scnldf_sh1_ldf1_seed2_26agents_30rounds_20260804_024555.json,26,11,developing,SFI,0.0,27098600.28571429,0.1,27098600.0,0.0,0.0,0.0,proportional columns are analyst-derived; stage1_cap uses end-of-round wealth (approx),5.0,4.0,25,0,0,0,1,0,1,0.0
20260804_024555,results/simulation_llama3.1_8b_Full_scnldf_sh1_ldf1_seed2_26agents_30rounds_20260804_024555.json,27,11,developing,SFI,27098600.0,9601805.885714293,0.1,9601805.0,2.8222399330440218,270986000.0,2.822240193380307,proportional columns are analyst-derived; stage1_cap uses end-of-round wealth (approx),1.0,-4.0,25,1,1,1,0,0,0,2.8222399330440218
20260804_024555,results/simulation_llama3.1_8b_Full_scnldf_sh1_ldf1_seed2_26agents_30rounds_20260804_024555.json,28,11,developing,SFI,3000000.0,11074192.057142865,0.1,11074192.0,0.2709001238663724,30000000.0,0.2709001252642179,proportional columns are analyst-derived; stage1_cap uses end-of-round wealth (approx),5.16,4.16,25,0,0,0,1,1,1,0.2709001238663724
20260804_024555,results/simulation_llama3.1_8b_Full_scnldf_sh1_ldf1_seed2_26agents_30rounds_20260804_024555.json,29,11,developing,SFI,2779491.0,15117179.914285723,0.1,15117179.0,0.1838630628040209,27794910.0,0.1838630739240436,proportional columns are analyst-derived; stage1_cap uses end-of-round wealth (approx),4.76,-0.4000000000000003,25,0,0,0,0,0,0,0.1838630628040209
20260804_024555,results/simulation_llama3.1_8b_Full_scnldf_sh1_ldf1_seed2_26agents_30rounds_20260804_024555.json,30,11,developing,SFI,15000000.0,12589566.085714296,0.1,12589566.0,1.1914628270644598,150000000.0,1.1914628351763674,proportional columns are analyst-derived; stage1_cap uses end-of-round wealth (approx),5.24,0.4800000000000004,25,0,0,0,0,0,0,1.1914628270644598
20260804_024555,results/simulation_llama3.1_8b_Full_scnldf_sh1_ldf1_seed2_26agents_30rounds_20260804_024555.json,1,12,developing,SFI,10000.0,728341.1428571428,0.1,728341.0,0.0137298298991759,100000.0,0.0137298325921512,proportional columns are analyst-derived; stage1_cap uses end-of-round wealth (approx),5.0,,0,0,0,0,0,0,0,0.0137298298991759
20260804_024555,results/simulation_llama3.1_8b_Full_scnldf_sh1_ldf1_seed2_26agents_30rounds_20260804_024555.json,2,12,developing,SFI,500000.0,480274.17142857146,0.1,480274.0,1.0410720162459586,5000000.0,1.0410723878452717,proportional columns are analyst-derived; stage1_cap uses end-of-round wealth (approx),5.0,0.0,25,0,0,0,0,0,0,1.0410720162459586
20260804_024555,results/simulation_llama3.1_8b_Full_scnldf_sh1_ldf1_seed2_26agents_30rounds_20260804_024555.json,3,12,developing,SFI,0.0,716836.4571428571,0.1,716836.0,0.0,0.0,0.0,proportional columns are analyst-derived; stage1_cap uses end-of-round wealth (approx),5.84,0.8399999999999999,25,0,0,0,0,0,0,0.0
20260804_024555,results/simulation_llama3.1_8b_Full_scnldf_sh1_ldf1_seed2_26agents_30rounds_20260804_024555.json,4,12,developing,SFI,716836.0,425190.6285714286,0.1,425190.0,1.6859167437637383,7168360.0,1.6859192361062114,proportional columns are analyst-derived; stage1_cap uses end-of-round wealth (approx),1.52,-4.32,25,0,1,1,0,0,0,1.6859167437637383
20260804_024555,results/simulation_llama3.1_8b_Full_scnldf_sh1_ldf1_seed2_26agents_30rounds_20260804_024555.json,5,12,developing,SFI,250000.0,954530.9142857144,0.1,954530.0,0.2619087514699068,2500000.0,0.2619090023362283,proportional columns are analyst-derived; stage1_cap uses end-of-round wealth (approx),3.2,1.6800000000000002,25,0,1,0,1,1,0,0.2619087514699068
20260804_024555,results/simulation_llama3.1_8b_Full_scnldf_sh1_ldf1_seed2_26agents_30rounds_20260804_024555.json,6,12,developing,SFI,506839.0,1110118.4285714286,0.1,1110118.0,0.4565629999064449,5068390.0,0.4565631761668579,proportional columns are analyst-derived; stage1_cap uses end-of-round wealth (approx),5.0,1.7999999999999998,25,0,0,0,1,0,0,0.4565629999064449
20260804_024555,results/simulation_llama3.1_8b_Full_scnldf_sh1_ldf1_seed2_26agents_30rounds_20260804_024555.json,7,12,developing,SFI,716836.0,1065885.285714286,0.1,1065885.0,0.6725264056156136,7168360.0,0.6725265858887216,proportional columns are analyst-derived; stage1_cap uses end-of-round wealth (approx),5.24,0.2400000000000002,25,0,0,0,0,0,0,0.6725264056156136
20260804_024555,results/simulation_llama3.1_8b_Full_scnldf_sh1_ldf1_seed2_26agents_30rounds_20260804_024555.json,8,12,developing,SFI,0.0,2036095.685714286,0.1,2036095.0,0.0,0.0,0.0,proportional columns are analyst-derived; stage1_cap uses end-of-round wealth (approx),7.04,1.7999999999999998,25,0,0,0,0,0,0,0.0
20260804_024555,results/simulation_llama3.1_8b_Full_scnldf_sh1_ldf1_seed2_26agents_30rounds_20260804_024555.json,9,12,developing,SFI,1000000.0,1873286.428571429,0.1,1873286.0,0.5338211950655093,10000000.0,0.5338213171934237,proportional columns are analyst-derived; stage1_cap uses end-of-round wealth (approx),1.0,-6.04,25,1,1,1,0,0,0,0.5338211950655093
20260804_024555,results/simulation_llama3.1_8b_Full_scnldf_sh1_ldf1_seed2_26agents_30rounds_20260804_024555.json,10,12,developing,SFI,1000000.0,1484990.428571429,0.1,1484990.0,0.6734050137696893,10000000.0,0.6734052081158796,proportional columns are analyst-derived; stage1_cap uses end-of-round wealth (approx),5.12,4.12,25,0,0,0,1,1,1,0.6734050137696893
20260804_024555,results/simulation_llama3.1_8b_Full_scnldf_sh1_ldf1_seed2_26agents_30rounds_20260804_024555.json,11,12,developing,SFI,0.0,2845685.514285715,0.1,2845685.0,0.0,0.0,0.0,proportional columns are analyst-derived; stage1_cap uses end-of-round wealth (approx),4.6,-0.5200000000000005,25,0,0,0,0,0,0,0.0
20260804_024555,results/simulation_llama3.1_8b_Full_scnldf_sh1_ldf1_seed2_26agents_30rounds_20260804_024555.json,12,12,developing,SFI,1422840.0,3187348.600000001,0.1,3187348.0,0.4464023797083255,14228400.0,0.446402463741016,proportional columns are analyst-derived; stage1_cap uses end-of-round wealth (approx),1.0,-3.6,25,1,1,1,0,0,0,0.4464023797083255
20260804_024555,results/simulation_llama3.1_8b_Full_scnldf_sh1_ldf1_seed2_26agents_30rounds_20260804_024555.json,13,12,developing,SFI,3187348.0,2085225.2857142864,0.1,2085225.0,1.5285389170351371,31873480.0,1.5285391264731625,proportional columns are analyst-derived; stage1_cap uses end-of-round wealth (approx),6.56,5.56,25,0,0,0,1,1,1,1.5285389170351371
20260804_024555,results/simulation_llama3.1_8b_Full_scnldf_sh1_ldf1_seed2_26agents_30rounds_20260804_024555.json,14,12,developing,SFI,2085225.0,1891052.514285715,0.1,1891052.0,1.102679584119126,20852250.0,1.1026798840010743,proportional columns are analyst-derived; stage1_cap uses end-of-round wealth (approx),1.0,-5.56,25,1,1,1,0,0,0,1.102679584119126
20260804_024555,results/simulation_llama3.1_8b_Full_scnldf_sh1_ldf1_seed2_26agents_30rounds_20260804_024555.json,15,12,developing,SFI,1112421.0,2267144.885714287,0.1,2267144.0,0.4906704494316077,11124210.0,0.4906706411238104,proportional columns are analyst-derived; stage1_cap uses end-of-round wealth (approx),5.6,4.6,25,0,0,0,1,1,1,0.4906704494316077
20260804_024555,results/simulation_llama3.1_8b_Full_scnldf_sh1_ldf1_seed2_26agents_30rounds_20260804_024555.json,16,12,developing,SFI,1080000.0,2816735.285714288,0.1,2816735.0,0.3834226118007841,10800000.0,0.3834226506930897,proportional columns are analyst-derived; stage1_cap uses end-of-round wealth (approx),4.92,-0.6799999999999997,25,0,0,0,0,0,0,0.3834226118007841
20260804_024555,results/simulation_llama3.1_8b_Full_scnldf_sh1_ldf1_seed2_26agents_30rounds_20260804_024555.json,17,12,developing,SFI,1013762.0,3958591.342857144,0.1,3958591.0,0.2560916023396113,10137620.0,0.2560916245199365,proportional columns are analyst-derived; stage1_cap uses end-of-round wealth (approx),7.88,2.96,25,0,0,0,0,0,0,0.2560916023396113
20260804_024555,results/simulation_llama3.1_8b_Full_scnldf_sh1_ldf1_seed2_26agents_30rounds_20260804_024555.json,18,12,developing,SFI,0.0,4713691.342857145,0.1,4713691.0,0.0,0.0,0.0,proportional columns are analyst-derived; stage1_cap uses end-of-round wealth (approx),5.0,-2.88,25,0,0,1,0,0,0,0.0
20260804_024555,results/simulation_llama3.1_8b_Full_scnldf_sh1_ldf1_seed2_26agents_30rounds_20260804_024555.json,19,12,developing,SFI,1013762.0,4985047.171428573,0.1,4985047.0,0.2033605631277275,10137620.0,0.2033605701210038,proportional columns are analyst-derived; stage1_cap uses end-of-round wealth (approx),1.36,-3.64,25,1,1,1,0,1,0,0.2033605631277275
20260804_024555,results/simulation_llama3.1_8b_Full_scnldf_sh1_ldf1_seed2_26agents_30rounds_20260804_024555.json,20,12,developing,SFI,1000000.0,7710301.571428573,0.1,7710301.0,0.1296966131267313,10000000.0,0.1296966227388528,proportional columns are analyst-derived; stage1_cap uses end-of-round wealth (approx),5.0,3.64,25,0,0,0,1,1,1,0.1296966131267313
20260804_024555,results/simulation_llama3.1_8b_Full_scnldf_sh1_ldf1_seed2_26agents_30rounds_20260804_024555.json,21,12,developing,SFI,3000000.0,10621707.628571432,0.1,10621707.0,0.2824404610733467,30000000.0,0.2824404777876098,proportional columns are analyst-derived; stage1_cap uses end-of-round wealth (approx),5.0,0.0,25,0,0,0,0,0,0,0.2824404610733467
20260804_024555,results/simulation_llama3.1_8b_Full_scnldf_sh1_ldf1_seed2_26agents_30rounds_20260804_024555.json,22,12,developing,SFI,0.0,13899515.514285715,0.1,13899515.0,0.0,0.0,0.0,proportional columns are analyst-derived; stage1_cap uses end-of-round wealth (approx),5.0,0.0,25,0,0,0,0,0,0,0.0
20260804_024555,results/simulation_llama3.1_8b_Full_scnldf_sh1_ldf1_seed2_26agents_30rounds_20260804_024555.json,23,12,developing,SFI,3000000.0,16676126.371428575,0.1,16676126.0,0.1798978931426149,30000000.0,0.1798978971494938,proportional columns are analyst-derived; stage1_cap uses end-of-round wealth (approx),1.0,-4.0,25,1,1,1,0,0,0,0.1798978931426149
20260804_024555,results/simulation_llama3.1_8b_Full_scnldf_sh1_ldf1_seed2_26agents_30rounds_20260804_024555.json,24,12,developing,SFI,3000000.0,17945639.28571429,0.1,17945639.0,0.1671715313250592,30000000.0,0.1671715339866137,proportional columns are analyst-derived; stage1_cap uses end-of-round wealth (approx),5.0,4.0,25,0,0,0,1,1,1,0.1671715313250592
20260804_024555,results/simulation_llama3.1_8b_Full_scnldf_sh1_ldf1_seed2_26agents_30rounds_20260804_024555.json,25,12,developing,SFI,0.0,22077826.828571435,0.1,22077826.0,0.0,0.0,0.0,proportional columns are analyst-derived; stage1_cap uses end-of-round wealth (approx),5.0,0.0,25,0,0,0,0,0,0,0.0
20260804_024555,results/simulation_llama3.1_8b_Full_scnldf_sh1_ldf1_seed2_26agents_30rounds_20260804_024555.json,26,12,developing,SFI,10000000.0,19496935.28571429,0.1,19496935.0,0.5129011228409398,100000000.0,0.5129011303571561,proportional columns are analyst-derived; stage1_cap uses end-of-round wealth (approx),1.0,-4.0,25,1,1,1,0,0,0,0.5129011228409398
20260804_024555,results/simulation_llama3.1_8b_Full_scnldf_sh1_ldf1_seed2_26agents_30rounds_20260804_024555.json,27,12,developing,SFI,0.0,29098740.885714293,0.1,29098740.0,0.0,0.0,0.0,proportional columns are analyst-derived; stage1_cap uses end-of-round wealth (approx),6.32,5.32,25,0,0,0,1,1,1,0.0
20260804_024555,results/simulation_llama3.1_8b_Full_scnldf_sh1_ldf1_seed2_26agents_30rounds_20260804_024555.json,28,12,developing,SFI,0.0,33571127.05714286,0.1,33571127.0,0.0,0.0,0.0,proportional columns are analyst-derived; stage1_cap uses end-of-round wealth (approx),1.0,-5.32,25,1,1,1,0,0,0,0.0
20260804_024555,results/simulation_llama3.1_8b_Full_scnldf_sh1_ldf1_seed2_26agents_30rounds_20260804_024555.json,29,12,developing,SFI,0.0,40393605.91428572,0.1,40393605.0,0.0,0.0,0.0,proportional columns are analyst-derived; stage1_cap uses end-of-round wealth (approx),1.0,0.0,25,1,1,0,1,1,1,0.0
20260804_024555,results/simulation_llama3.1_8b_Full_scnldf_sh1_ldf1_seed2_26agents_30rounds_20260804_024555.json,30,12,developing,SFI,10000000.0,42865992.085714296,0.1,42865992.0,0.23328516414607,100000000.0,0.2332851646125441,proportional columns are analyst-derived; stage1_cap uses end-of-round wealth (approx),1.36,0.3600000000000001,25,0,1,0,1,0,1,0.23328516414607
20260804_024555,results/simulation_llama3.1_8b_Full_scnldf_sh1_ldf1_seed2_26agents_30rounds_20260804_024555.json,1,13,developing,SFI,2000000.0,690641.1428571427,0.1,690641.0,2.895859913190394,20000000.0,2.8958605121908487,proportional columns are analyst-derived; stage1_cap uses end-of-round wealth (approx),5.0,,0,0,0,0,0,0,0,2.895859913190394
20260804_024555,results/simulation_llama3.1_8b_Full_scnldf_sh1_ldf1_seed2_26agents_30rounds_20260804_024555.json,2,13,developing,SFI,88893.0,853681.1714285713,0.1,853681.0,0.1041290390079053,888930.0,0.1041290599181661,proportional columns are analyst-derived; stage1_cap uses end-of-round wealth (approx),7.64,2.64,25,0,0,0,0,0,0,0.1041290390079053
20260804_024555,results/simulation_llama3.1_8b_Full_scnldf_sh1_ldf1_seed2_26agents_30rounds_20260804_024555.json,3,13,developing,SFI,200000.0,890243.457142857,0.1,890243.0,0.224657646619363,2000000.0,0.2246577619818409,proportional columns are analyst-derived; stage1_cap uses end-of-round wealth (approx),5.0,-2.64,25,0,0,1,0,0,0,0.224657646619363
20260804_024555,results/simulation_llama3.1_8b_Full_scnldf_sh1_ldf1_seed2_26agents_30rounds_20260804_024555.json,4,13,developing,SFI,890000.0,425433.6285714285,0.1,425433.0,2.0919831913347977,8900000.0,2.0919862822113,proportional columns are analyst-derived; stage1_cap uses end-of-round wealth (approx),5.0,0.0,25,0,0,0,0,1,0,2.0919831913347977
20260804_024555,results/simulation_llama3.1_8b_Full_scnldf_sh1_ldf1_seed2_26agents_30rounds_20260804_024555.json,5,13,developing,SFI,213789.0,990984.9142857142,0.1,990984.0,0.2157338592324542,2137890.0,0.2157340582693565,proportional columns are analyst-derived; stage1_cap uses end-of-round wealth (approx),5.72,0.7199999999999998,25,0,0,0,0,0,0,0.2157338592324542
20260804_024555,results/simulation_llama3.1_8b_Full_scnldf_sh1_ldf1_seed2_26agents_30rounds_20260804_024555.json,6,13,developing,SFI,213789.0,1439622.4285714286,0.1,1439622.0,0.1485035213102006,2137890.0,0.1485035655192821,proportional columns are analyst-derived; stage1_cap uses end-of-round wealth (approx),5.0,-0.7199999999999998,25,0,0,0,0,0,0,0.1485035213102006
20260804_024555,results/simulation_llama3.1_8b_Full_scnldf_sh1_ldf1_seed2_26agents_30rounds_20260804_024555.json,7,13,developing,SFI,500000.0,1612225.285714286,0.1,1612225.0,0.3101303548768485,5000000.0,0.3101304098373366,proportional columns are analyst-derived; stage1_cap uses end-of-round wealth (approx),5.0,0.0,25,0,0,0,0,0,0,0.3101303548768485
20260804_024555,results/simulation_llama3.1_8b_Full_scnldf_sh1_ldf1_seed2_26agents_30rounds_20260804_024555.json,8,13,developing,SFI,1000000.0,1582435.685714286,0.1,1582435.0,0.6319372149071677,10000000.0,0.6319374887436134,proportional columns are analyst-derived; stage1_cap uses end-of-round wealth (approx),3.24,-1.7599999999999998,25,0,1,1,0,0,0,0.6319372149071677
20260804_024555,results/simulation_llama3.1_8b_Full_scnldf_sh1_ldf1_seed2_26agents_30rounds_20260804_024555.json,9,13,developing,SFI,500000.0,1919626.428571429,0.1,1919626.0,0.2604673453949558,5000000.0,0.2604674035463158,proportional columns are analyst-derived; stage1_cap uses end-of-round wealth (approx),5.36,2.12,25,0,0,0,1,1,0,0.2604673453949558
20260804_024555,results/simulation_llama3.1_8b_Full_scnldf_sh1_ldf1_seed2_26agents_30rounds_20260804_024555.json,10,13,developing,SFI,500000.0,2031330.428571429,0.1,2031330.0,0.2461440999294409,5000000.0,0.2461441518610959,proportional columns are analyst-derived; stage1_cap uses end-of-round wealth (approx),6.44,1.08,25,0,0,0,0,0,0,0.2461440999294409
20260804_024555,results/simulation_llama3.1_8b_Full_scnldf_sh1_ldf1_seed2_26agents_30rounds_20260804_024555.json,11,13,developing,SFI,500000.0,2892025.514285715,0.1,2892025.0,0.1728892077646459,5000000.0,0.1728892385093489,proportional columns are analyst-derived; stage1_cap uses end-of-round wealth (approx),5.0,-1.4400000000000004,25,0,0,1,0,0,0,0.1728892077646459
20260804_024555,results/simulation_llama3.1_8b_Full_scnldf_sh1_ldf1_seed2_26agents_30rounds_20260804_024555.json,12,13,developing,SFI,500000.0,4156528.600000001,0.1,4156528.0,0.1202926884708552,5000000.0,0.1202927058352548,proportional columns are analyst-derived; stage1_cap uses end-of-round wealth (approx),5.0,0.0,25,0,0,0,0,1,0,0.1202926884708552
20260804_024555,results/simulation_llama3.1_8b_Full_scnldf_sh1_ldf1_seed2_26agents_30rounds_20260804_024555.json,13,13,developing,SFI,2000000.0,4241753.285714286,0.1,4241753.0,0.471503141574914,20000000.0,0.4715031733342323,proportional columns are analyst-derived; stage1_cap uses end-of-round wealth (approx),8.0,3.0,25,0,0,0,0,0,0,0.471503141574914
20260804_024555,results/simulation_llama3.1_8b_Full_scnldf_sh1_ldf1_seed2_26agents_30rounds_20260804_024555.json,14,13,developing,SFI,2120870.0,4011935.5142857153,0.1,4011935.0,0.5286401021272645,21208700.0,0.5286401698930815,proportional columns are analyst-derived; stage1_cap uses end-of-round wealth (approx),7.76,-0.2400000000000002,25,0,0,0,0,0,0,0.5286401021272645
20260804_024555,results/simulation_llama3.1_8b_Full_scnldf_sh1_ldf1_seed2_26agents_30rounds_20260804_024555.json,15,13,developing,SFI,4011935.0,1488513.885714287,0.1,1488513.0,2.695262058690712,40119350.0,2.695263662460456,proportional columns are analyst-derived; stage1_cap uses end-of-round wealth (approx),8.0,0.2400000000000002,25,0,0,0,0,0,0,2.695262058690712
20260804_024555,results/simulation_llama3.1_8b_Full_scnldf_sh1_ldf1_seed2_26agents_30rounds_20260804_024555.json,16,13,developing,SFI,1488513.0,1629591.285714287,0.1,1629591.0,0.9134271967756324,14885130.0,0.9134273569257562,proportional columns are analyst-derived; stage1_cap uses end-of-round wealth (approx),5.24,-2.76,25,0,0,1,0,0,0,0.9134271967756324
20260804_024555,results/simulation_llama3.1_8b_Full_scnldf_sh1_ldf1_seed2_26agents_30rounds_20260804_024555.json,17,13,developing,SFI,0.0,3785209.342857144,0.1,3785209.0,0.0,0.0,0.0,proportional columns are analyst-derived; stage1_cap uses end-of-round wealth (approx),5.36,0.1200000000000001,25,0,0,0,0,1,0,0.0
20260804_024555,results/simulation_llama3.1_8b_Full_scnldf_sh1_ldf1_seed2_26agents_30rounds_20260804_024555.json,18,13,developing,SFI,1450896.0,3089413.342857144,0.1,3089413.0,0.4696347943710846,14508960.0,0.4696348464902556,proportional columns are analyst-derived; stage1_cap uses end-of-round wealth (approx),1.36,-4.0,25,1,1,1,0,0,0,0.4696347943710846
20260804_024555,results/simulation_llama3.1_8b_Full_scnldf_sh1_ldf1_seed2_26agents_30rounds_20260804_024555.json,19,13,developing,SFI,1000000.0,3374531.1714285724,0.1,3374531.0,0.2963374611758766,10000000.0,0.2963374762300302,proportional columns are analyst-derived; stage1_cap uses end-of-round wealth (approx),5.0,3.64,25,0,0,0,1,1,1,0.2963374611758766
20260804_024555,results/simulation_llama3.1_8b_Full_scnldf_sh1_ldf1_seed2_26agents_30rounds_20260804_024555.json,20,13,developing,SFI,1450896.0,5648889.571428573,0.1,5648889.0,0.2568462317511858,14508960.0,0.2568462577331578,proportional columns are analyst-derived; stage1_cap uses end-of-round wealth (approx),5.0,0.0,25,0,0,0,0,0,0,0.2568462317511858
20260804_024555,results/simulation_llama3.1_8b_Full_scnldf_sh1_ldf1_seed2_26agents_30rounds_20260804_024555.json,21,13,developing,SFI,2000000.0,9560295.628571432,0.1,9560295.0,0.2091985517710245,20000000.0,0.2091985655254362,proportional columns are analyst-derived; stage1_cap uses end-of-round wealth (approx),5.0,0.0,25,0,0,0,0,0,0,0.2091985517710245
20260804_024555,results/simulation_llama3.1_8b_Full_scnldf_sh1_ldf1_seed2_26agents_30rounds_20260804_024555.json,22,13,developing,SFI,0.0,12838103.514285715,0.1,12838103.0,0.0,0.0,0.0,proportional columns are analyst-derived; stage1_cap uses end-of-round wealth (approx),5.24,0.2400000000000002,25,0,0,0,0,0,0,0.0
20260804_024555,results/simulation_llama3.1_8b_Full_scnldf_sh1_ldf1_seed2_26agents_30rounds_20260804_024555.json,23,13,developing,SFI,5000000.0,13614714.371428575,0.1,13614714.0,0.3672497170041883,50000000.0,0.3672497270232779,proportional columns are analyst-derived; stage1_cap uses end-of-round wealth (approx),1.0,-4.24,25,1,1,1,0,0,0,0.3672497170041883
20260804_024555,results/simulation_llama3.1_8b_Full_scnldf_sh1_ldf1_seed2_26agents_30rounds_20260804_024555.json,24,13,developing,SFI,2000000.0,15884227.285714293,0.1,15884227.0,0.125911066621335,20000000.0,0.1259110688861346,proportional columns are analyst-derived; stage1_cap uses end-of-round wealth (approx),4.68,3.68,25,0,0,0,1,1,1,0.125911066621335
20260804_024555,results/simulation_llama3.1_8b_Full_scnldf_sh1_ldf1_seed2_26agents_30rounds_20260804_024555.json,25,13,developing,SFI,0.0,20016414.828571435,0.1,20016414.0,0.0,0.0,0.0,proportional columns are analyst-derived; stage1_cap uses end-of-round wealth (approx),5.0,0.3200000000000003,25,0,0,0,0,0,0,0.0
20260804_024555,results/simulation_llama3.1_8b_Full_scnldf_sh1_ldf1_seed2_26agents_30rounds_20260804_024555.json,26,13,developing,SFI,5000000.0,22435523.28571429,0.1,22435523.0,0.2228608593757973,50000000.0,0.2228608622139096,proportional columns are analyst-derived; stage1_cap uses end-of-round wealth (approx),1.0,-4.0,25,1,1,1,0,0,0,0.2228608593757973
20260804_024555,results/simulation_llama3.1_8b_Full_scnldf_sh1_ldf1_seed2_26agents_30rounds_20260804_024555.json,27,13,developing,SFI,20000000.0,12037328.88571429,0.1,12037328.0,1.6614981770362427,200000000.0,1.6614982992903409,proportional columns are analyst-derived; stage1_cap uses end-of-round wealth (approx),5.0,4.0,25,0,0,0,1,1,1,1.6614981770362427
20260804_024555,results/simulation_llama3.1_8b_Full_scnldf_sh1_ldf1_seed2_26agents_30rounds_20260804_024555.json,28,13,developing,SFI,2000000.0,14509715.05714286,0.1,14509715.0,0.1378386820225968,20000000.0,0.1378386825654397,proportional columns are analyst-derived; stage1_cap uses end-of-round wealth (approx),5.48,0.4800000000000004,25,0,0,0,0,0,0,0.1378386820225968
20260804_024555,results/simulation_llama3.1_8b_Full_scnldf_sh1_ldf1_seed2_26agents_30rounds_20260804_024555.json,29,13,developing,SFI,10000000.0,11332193.91428572,0.1,11332193.0,0.8824416591913139,100000000.0,0.8824417303870487,proportional columns are analyst-derived; stage1_cap uses end-of-round wealth (approx),5.0,-0.4800000000000004,25,0,0,0,0,0,0,0.8824416591913139
20260804_024555,results/simulation_llama3.1_8b_Full_scnldf_sh1_ldf1_seed2_26agents_30rounds_20260804_024555.json,30,13,developing,SFI,5000000.0,18804580.08571429,0.1,18804580.0,0.2658926696160827,50000000.0,0.2658926708280642,proportional columns are analyst-derived; stage1_cap uses end-of-round wealth (approx),5.0,0.0,25,0,0,0,0,0,0,0.2658926696160827
20260804_024555,results/simulation_llama3.1_8b_Full_scnldf_sh1_ldf1_seed2_26agents_30rounds_20260804_024555.json,1,14,developed,SI,0.0,4689206.0,1.0,4689206.0,0.0,0.0,0.0,proportional columns are analyst-derived; stage1_cap uses end-of-round wealth (approx),5.0,,0,0,0,0,0,0,0,0.0
20260804_024555,results/simulation_llama3.1_8b_Full_scnldf_sh1_ldf1_seed2_26agents_30rounds_20260804_024555.json,2,14,developed,SI,3000000.0,4528525.066666666,1.0,4528525.0,0.6624673499286214,3000000.0,0.6624673596811324,proportional columns are analyst-derived; stage1_cap uses end-of-round wealth (approx),1.0,-4.0,25,1,1,1,0,0,0,0.6624673499286214
20260804_024555,results/simulation_llama3.1_8b_Full_scnldf_sh1_ldf1_seed2_26agents_30rounds_20260804_024555.json,3,14,developed,SI,4000000.0,5568773.133333334,1.0,5568773.0,0.7182910677500873,4000000.0,0.7182910849481564,proportional columns are analyst-derived; stage1_cap uses end-of-round wealth (approx),7.16,6.16,25,0,0,0,1,1,1,0.7182910677500873
20260804_024555,results/simulation_llama3.1_8b_Full_scnldf_sh1_ldf1_seed2_26agents_30rounds_20260804_024555.json,4,14,developed,SI,3000000.0,8722833.2,1.0,8722833.0,0.3439249531906674,3000000.0,0.3439249610762925,proportional columns are analyst-derived; stage1_cap uses end-of-round wealth (approx),5.36,-1.7999999999999998,25,0,0,1,0,0,0,0.3439249531906674
20260804_024555,results/simulation_llama3.1_8b_Full_scnldf_sh1_ldf1_seed2_26agents_30rounds_20260804_024555.json,5,14,developed,SI,8000000.0,7269189.333333333,1.0,7269189.0,1.1005353737748291,8000000.0,1.1005354242405858,proportional columns are analyst-derived; stage1_cap uses end-of-round wealth (approx),5.0,-0.3600000000000003,25,0,0,0,0,1,0,1.1005353737748291
20260804_024555,results/simulation_llama3.1_8b_Full_scnldf_sh1_ldf1_seed2_26agents_30rounds_20260804_024555.json,6,14,developed,SI,4000000.0,10918856.266666666,1.0,10918856.0,0.3663387356981052,4000000.0,0.3663387446450434,proportional columns are analyst-derived; stage1_cap uses end-of-round wealth (approx),4.76,-0.2400000000000002,25,0,0,0,0,0,0,0.3663387356981052
20260804_024555,results/simulation_llama3.1_8b_Full_scnldf_sh1_ldf1_seed2_26agents_30rounds_20260804_024555.json,7,14,developed,SI,3000000.0,20228420.73333333,1.0,20228420.0,0.1483061895710158,3000000.0,0.1483061949475045,proportional columns are analyst-derived; stage1_cap uses end-of-round wealth (approx),5.0,0.2400000000000002,25,0,0,0,0,0,0,0.1483061895710158
20260804_024555,results/simulation_llama3.1_8b_Full_scnldf_sh1_ldf1_seed2_26agents_30rounds_20260804_024555.json,8,14,developed,SI,4000000.0,35768955.06666666,1.0,35768955.0,0.1118288189449411,4000000.0,0.1118288191533691,proportional columns are analyst-derived; stage1_cap uses end-of-round wealth (approx),5.0,0.0,25,0,0,0,0,0,0,0.1118288189449411
20260804_024555,results/simulation_llama3.1_8b_Full_scnldf_sh1_ldf1_seed2_26agents_30rounds_20260804_024555.json,9,14,developed,SI,15000000.0,44961096.46666667,1.0,44961096.0,0.3336217570032066,15000000.0,0.3336217604659815,proportional columns are analyst-derived; stage1_cap uses end-of-round wealth (approx),3.0,-2.0,25,0,1,1,0,0,0,0.3336217570032066
20260804_024555,results/simulation_llama3.1_8b_Full_scnldf_sh1_ldf1_seed2_26agents_30rounds_20260804_024555.json,10,14,developed,SI,15000000.0,57430162.86666668,1.0,57430162.0,0.2611867919445902,15000000.0,0.261186795886106,proportional columns are analyst-derived; stage1_cap uses end-of-round wealth (approx),5.36,2.3600000000000003,25,0,0,0,1,1,0,0.2611867919445902
20260804_024555,results/simulation_llama3.1_8b_Full_scnldf_sh1_ldf1_seed2_26agents_30rounds_20260804_024555.json,11,14,developed,SI,17371414.0,69583930.86666667,1.0,69583930.0,0.2496469196787151,17371414.0,0.2496469227880632,proportional columns are analyst-derived; stage1_cap uses end-of-round wealth (approx),5.0,-0.3600000000000003,25,0,0,0,0,0,0,0.2496469196787151
20260804_024555,results/simulation_llama3.1_8b_Full_scnldf_sh1_ldf1_seed2_26agents_30rounds_20260804_024555.json,12,14,developed,SI,17371414.0,83891465.26666668,1.0,83891465.0,0.2070700987851541,17371414.0,0.20707009944337,proportional columns are analyst-derived; stage1_cap uses end-of-round wealth (approx),5.0,0.0,25,0,0,0,0,0,0,0.2070700987851541
20260804_024555,results/simulation_llama3.1_8b_Full_scnldf_sh1_ldf1_seed2_26agents_30rounds_20260804_024555.json,13,14,developed,SI,0.0,114919946.40000002,1.0,114919946.0,0.0,0.0,0.0,proportional columns are analyst-derived; stage1_cap uses end-of-round wealth (approx),5.0,0.0,25,0,0,0,0,0,0,0.0
20260804_024555,results/simulation_llama3.1_8b_Full_scnldf_sh1_ldf1_seed2_26agents_30rounds_20260804_024555.json,14,14,developed,SI,10000000.0,144353352.00000003,1.0,144353352.0,0.0692744564739999,10000000.0,0.0692744564739999,proportional columns are analyst-derived; stage1_cap uses end-of-round wealth (approx),1.0,-4.0,25,1,1,1,0,0,0,0.0692744564739999
20260804_024555,results/simulation_llama3.1_8b_Full_scnldf_sh1_ldf1_seed2_26agents_30rounds_20260804_024555.json,15,14,developed,SI,50000000.0,145677866.53333336,1.0,145677866.0,0.3432230385427783,50000000.0,0.3432230397993336,proportional columns are analyst-derived; stage1_cap uses end-of-round wealth (approx),5.0,4.0,25,0,0,0,1,1,1,0.3432230385427783
20260804_024555,results/simulation_llama3.1_8b_Full_scnldf_sh1_ldf1_seed2_26agents_30rounds_20260804_024555.json,16,14,developed,SI,0.0,197608276.2,1.0,197608276.0,0.0,0.0,0.0,proportional columns are analyst-derived; stage1_cap uses end-of-round wealth (approx),4.92,-0.08,25,0,0,0,0,0,0,0.0
20260804_024555,results/simulation_llama3.1_8b_Full_scnldf_sh1_ldf1_seed2_26agents_30rounds_20260804_024555.json,17,14,developed,SI,50000000.0,221702767.0666667,1.0,221702767.0,0.2255271806551916,50000000.0,0.2255271807230082,proportional columns are analyst-derived; stage1_cap uses end-of-round wealth (approx),1.0,-3.92,25,1,1,1,0,0,0,0.2255271806551916
20260804_024555,results/simulation_llama3.1_8b_Full_scnldf_sh1_ldf1_seed2_26agents_30rounds_20260804_024555.json,18,14,developed,SI,50000000.0,218278031.6,1.0,218278031.0,0.2290656537146452,50000000.0,0.2290656543442981,proportional columns are analyst-derived; stage1_cap uses end-of-round wealth (approx),5.0,4.0,25,0,0,0,1,1,1,0.2290656537146452
20260804_024555,results/simulation_llama3.1_8b_Full_scnldf_sh1_ldf1_seed2_26agents_30rounds_20260804_024555.json,19,14,developed,SI,10000000.0,257500856.2,1.0,257500856.0,0.0388348223286412,10000000.0,0.0388348223588041,proportional columns are analyst-derived; stage1_cap uses end-of-round wealth (approx),5.0,0.0,25,0,0,0,0,0,0,0.0388348223286412
20260804_024555,results/simulation_llama3.1_8b_Full_scnldf_sh1_ldf1_seed2_26agents_30rounds_20260804_024555.json,20,14,developed,SI,20000000.0,264970797.9333333,1.0,264970797.0,0.075480015745101,20000000.0,0.0754800160109719,proportional columns are analyst-derived; stage1_cap uses end-of-round wealth (approx),5.0,0.0,25,0,0,0,0,0,0,0.075480015745101
20260804_024555,results/simulation_llama3.1_8b_Full_scnldf_sh1_ldf1_seed2_26agents_30rounds_20260804_024555.json,21,14,developed,SI,50000000.0,272322852.4666667,1.0,272322852.0,0.183605597352944,50000000.0,0.1836055976675802,proportional columns are analyst-derived; stage1_cap uses end-of-round wealth (approx),5.0,0.0,25,0,0,0,0,0,0,0.183605597352944
20260804_024555,results/simulation_llama3.1_8b_Full_scnldf_sh1_ldf1_seed2_26agents_30rounds_20260804_024555.json,22,14,developed,SI,15000000.0,299575646.73333335,1.0,299575646.0,0.0500708257282082,15000000.0,0.0500708258507769,proportional columns are analyst-derived; stage1_cap uses end-of-round wealth (approx),5.0,0.0,25,0,0,0,0,0,0,0.0500708257282082
20260804_024555,results/simulation_llama3.1_8b_Full_scnldf_sh1_ldf1_seed2_26agents_30rounds_20260804_024555.json,23,14,developed,SI,50000000.0,351135904.93333334,1.0,351135904.0,0.142395008022586,50000000.0,0.1423950084010776,proportional columns are analyst-derived; stage1_cap uses end-of-round wealth (approx),5.0,0.0,25,0,0,0,0,0,0,0.142395008022586
20260804_024555,results/simulation_llama3.1_8b_Full_scnldf_sh1_ldf1_seed2_26agents_30rounds_20260804_024555.json,24,14,developed,SI,10000000.0,373676122.2,1.0,373676122.0,0.0267611426203137,10000000.0,0.0267611426346369,proportional columns are analyst-derived; stage1_cap uses end-of-round wealth (approx),5.0,0.0,25,0,0,0,0,0,0,0.0267611426203137
20260804_024555,results/simulation_llama3.1_8b_Full_scnldf_sh1_ldf1_seed2_26agents_30rounds_20260804_024555.json,25,14,developed,SI,10000000.0,407225948.26666665,1.0,407225948.0,0.0245563919552877,10000000.0,0.0245563919713681,proportional columns are analyst-derived; stage1_cap uses end-of-round wealth (approx),5.72,0.7199999999999998,25,0,0,0,0,0,0,0.0245563919552877
20260804_024555,results/simulation_llama3.1_8b_Full_scnldf_sh1_ldf1_seed2_26agents_30rounds_20260804_024555.json,26,14,developed,SI,50000000.0,429454230.8,1.0,429454230.0,0.1164268422897092,50000000.0,0.1164268425065926,proportional columns are analyst-derived; stage1_cap uses end-of-round wealth (approx),5.0,-0.7199999999999998,25,0,0,0,0,0,0,0.1164268422897092
20260804_024555,results/simulation_llama3.1_8b_Full_scnldf_sh1_ldf1_seed2_26agents_30rounds_20260804_024555.json,27,14,developed,SI,429454230.0,165338582.53333336,1.0,165338582.0,2.5974229573028977,429454230.0,2.597422965681416,proportional columns are analyst-derived; stage1_cap uses end-of-round wealth (approx),5.0,0.0,25,0,0,0,0,0,0,2.5974229573028977
20260804_024555,results/simulation_llama3.1_8b_Full_scnldf_sh1_ldf1_seed2_26agents_30rounds_20260804_024555.json,28,14,developed,SI,50000000.0,214659906.9333333,1.0,214659906.0,0.2329265893864774,50000000.0,0.2329265903992336,proportional columns are analyst-derived; stage1_cap uses end-of-round wealth (approx),5.0,0.0,25,0,0,0,0,0,0,0.2329265893864774
20260804_024555,results/simulation_llama3.1_8b_Full_scnldf_sh1_ldf1_seed2_26agents_30rounds_20260804_024555.json,29,14,developed,SI,214659906.0,184658290.53333336,1.0,184658290.0,1.1624709910398034,214659906.0,1.1624709943972729,proportional columns are analyst-derived; stage1_cap uses end-of-round wealth (approx),5.0,0.0,25,0,0,0,0,0,0,1.1624709910398034
20260804_024555,results/simulation_llama3.1_8b_Full_scnldf_sh1_ldf1_seed2_26agents_30rounds_20260804_024555.json,30,14,developed,SI,50000000.0,417774855.0666667,1.0,417774855.0,0.1196816883390964,50000000.0,0.1196816883581947,proportional columns are analyst-derived; stage1_cap uses end-of-round wealth (approx),5.0,0.0,25,0,0,0,0,0,0,0.1196816883390964
20260804_024555,results/simulation_llama3.1_8b_Full_scnldf_sh1_ldf1_seed2_26agents_30rounds_20260804_024555.json,1,15,developing,SFI,10000.0,730701.1428571428,0.1,730701.0,0.0136854856431435,100000.0,0.0136854883187514,proportional columns are analyst-derived; stage1_cap uses end-of-round wealth (approx),5.0,,0,0,0,0,0,0,0,0.0136854856431435
20260804_024555,results/simulation_llama3.1_8b_Full_scnldf_sh1_ldf1_seed2_26agents_30rounds_20260804_024555.json,2,15,developing,SFI,500000.0,482634.17142857146,0.1,482634.0,1.0359813490205771,5000000.0,1.0359817169946586,proportional columns are analyst-derived; stage1_cap uses end-of-round wealth (approx),5.0,0.0,25,0,0,0,0,0,0,1.0359813490205771
20260804_024555,results/simulation_llama3.1_8b_Full_scnldf_sh1_ldf1_seed2_26agents_30rounds_20260804_024555.json,3,15,developing,SFI,0.0,719196.4571428571,0.1,719196.0,0.0,0.0,0.0,proportional columns are analyst-derived; stage1_cap uses end-of-round wealth (approx),8.0,3.0,25,0,0,0,0,0,0,0.0
20260804_024555,results/simulation_llama3.1_8b_Full_scnldf_sh1_ldf1_seed2_26agents_30rounds_20260804_024555.json,4,15,developing,SFI,200000.0,944386.6285714286,0.1,944386.0,0.2117776702350599,2000000.0,0.2117778111916102,proportional columns are analyst-derived; stage1_cap uses end-of-round wealth (approx),1.0,-7.0,25,1,1,1,0,0,0,0.2117776702350599
20260804_024555,results/simulation_llama3.1_8b_Full_scnldf_sh1_ldf1_seed2_26agents_30rounds_20260804_024555.json,5,15,developing,SFI,0.0,1723726.9142857145,0.1,1723726.0,0.0,0.0,0.0,proportional columns are analyst-derived; stage1_cap uses end-of-round wealth (approx),5.0,4.0,25,0,0,0,1,1,1,0.0
20260804_024555,results/simulation_llama3.1_8b_Full_scnldf_sh1_ldf1_seed2_26agents_30rounds_20260804_024555.json,6,15,developing,SFI,500000.0,1886153.4285714289,0.1,1886153.0,0.2650897813645519,5000000.0,0.265089841598216,proportional columns are analyst-derived; stage1_cap uses end-of-round wealth (approx),1.0,-4.0,25,1,1,1,0,0,0,0.2650897813645519
20260804_024555,results/simulation_llama3.1_8b_Full_scnldf_sh1_ldf1_seed2_26agents_30rounds_20260804_024555.json,7,15,developing,SFI,0.0,2558756.285714286,0.1,2558756.0,0.0,0.0,0.0,proportional columns are analyst-derived; stage1_cap uses end-of-round wealth (approx),5.12,4.12,25,0,0,0,1,1,1,0.0
20260804_024555,results/simulation_llama3.1_8b_Full_scnldf_sh1_ldf1_seed2_26agents_30rounds_20260804_024555.json,8,15,developing,SFI,1000000.0,2528966.685714286,0.1,2528966.0,0.3954184156117336,10000000.0,0.3954185228271159,proportional columns are analyst-derived; stage1_cap uses end-of-round wealth (approx),1.0,-4.12,25,1,1,1,0,0,0,0.3954184156117336
20260804_024555,results/simulation_llama3.1_8b_Full_scnldf_sh1_ldf1_seed2_26agents_30rounds_20260804_024555.json,9,15,developing,SFI,0.0,3366157.4285714286,0.1,3366157.0,0.0,0.0,0.0,proportional columns are analyst-derived; stage1_cap uses end-of-round wealth (approx),5.0,4.0,25,0,0,0,1,1,1,0.0
20260804_024555,results/simulation_llama3.1_8b_Full_scnldf_sh1_ldf1_seed2_26agents_30rounds_20260804_024555.json,10,15,developing,SFI,0.0,3977861.4285714286,0.1,3977861.0,0.0,0.0,0.0,proportional columns are analyst-derived; stage1_cap uses end-of-round wealth (approx),1.0,-4.0,25,1,1,1,0,0,0,0.0
20260804_024555,results/simulation_llama3.1_8b_Full_scnldf_sh1_ldf1_seed2_26agents_30rounds_20260804_024555.json,11,15,developing,SFI,0.0,5338556.514285714,0.1,5338556.0,0.0,0.0,0.0,proportional columns are analyst-derived; stage1_cap uses end-of-round wealth (approx),1.0,0.0,25,1,1,0,1,1,1,0.0
20260804_024555,results/simulation_llama3.1_8b_Full_scnldf_sh1_ldf1_seed2_26agents_30rounds_20260804_024555.json,12,15,developing,SFI,5338556.0,1764503.6000000006,0.1,1764503.0,3.02552853958473,53385560.0,3.025529568382712,proportional columns are analyst-derived; stage1_cap uses end-of-round wealth (approx),1.0,0.0,25,1,1,0,1,0,1,3.02552853958473
20260804_024555,results/simulation_llama3.1_8b_Full_scnldf_sh1_ldf1_seed2_26agents_30rounds_20260804_024555.json,13,15,developing,SFI,1764503.0,2085225.2857142864,0.1,2085225.0,0.8461929807241791,17645030.0,0.8461930966682253,proportional columns are analyst-derived; stage1_cap uses end-of-round wealth (approx),5.12,4.12,25,0,0,0,1,0,1,0.8461929807241791
20260804_024555,results/simulation_llama3.1_8b_Full_scnldf_sh1_ldf1_seed2_26agents_30rounds_20260804_024555.json,14,15,developing,SFI,104261.0,3872016.5142857153,0.1,3872016.0,0.0269267963128079,1042610.0,0.0269267998892566,proportional columns are analyst-derived; stage1_cap uses end-of-round wealth (approx),8.0,2.88,25,0,0,0,0,0,0,0.0269267963128079
20260804_024555,results/simulation_llama3.1_8b_Full_scnldf_sh1_ldf1_seed2_26agents_30rounds_20260804_024555.json,15,15,developing,SFI,1000000.0,4360529.885714287,0.1,4360529.0,0.2293299269146489,10000000.0,0.2293299734963349,proportional columns are analyst-derived; stage1_cap uses end-of-round wealth (approx),5.0,-3.0,25,0,0,1,0,0,0,0.2293299269146489
20260804_024555,results/simulation_llama3.1_8b_Full_scnldf_sh1_ldf1_seed2_26agents_30rounds_20260804_024555.json,16,15,developing,SFI,104261.0,5885859.285714287,0.1,5885859.0,0.0177138111767392,1042610.0,0.0177138120366118,proportional columns are analyst-derived; stage1_cap uses end-of-round wealth (approx),5.0,0.0,25,0,0,0,0,1,0,0.0177138111767392
20260804_024555,results/simulation_llama3.1_8b_Full_scnldf_sh1_ldf1_seed2_26agents_30rounds_20260804_024555.json,17,15,developing,SFI,1000000.0,7041477.342857145,0.1,7041477.0,0.1420156525838143,10000000.0,0.1420156594987102,proportional columns are analyst-derived; stage1_cap uses end-of-round wealth (approx),5.36,0.3600000000000003,25,0,0,0,0,0,0,0.1420156525838143
20260804_024555,results/simulation_llama3.1_8b_Full_scnldf_sh1_ldf1_seed2_26agents_30rounds_20260804_024555.json,18,15,developing,SFI,2000000.0,5796577.342857145,0.1,5796577.0,0.3450311937033856,20000000.0,0.3450312141113626,proportional columns are analyst-derived; stage1_cap uses end-of-round wealth (approx),5.0,-0.3600000000000003,25,0,0,0,0,0,0,0.3450311937033856
20260804_024555,results/simulation_llama3.1_8b_Full_scnldf_sh1_ldf1_seed2_26agents_30rounds_20260804_024555.json,19,15,developing,SFI,3000000.0,4081695.171428573,0.1,4081695.0,0.7349887421774357,30000000.0,0.7349887730464917,proportional columns are analyst-derived; stage1_cap uses end-of-round wealth (approx),5.0,0.0,25,0,0,0,0,0,0,0.7349887421774357
20260804_024555,results/simulation_llama3.1_8b_Full_scnldf_sh1_ldf1_seed2_26agents_30rounds_20260804_024555.json,20,15,developing,SFI,2000000.0,5806949.571428573,0.1,5806949.0,0.3444149075859768,20000000.0,0.3444149414778741,proportional columns are analyst-derived; stage1_cap uses end-of-round wealth (approx),6.56,1.5599999999999996,25,0,0,0,0,0,0,0.3444149075859768
20260804_024555,results/simulation_llama3.1_8b_Full_scnldf_sh1_ldf1_seed2_26agents_30rounds_20260804_024555.json,21,15,developing,SFI,2900000.0,8818355.628571432,0.1,8818355.0,0.3288594974106071,29000000.0,0.3288595208516781,proportional columns are analyst-derived; stage1_cap uses end-of-round wealth (approx),5.6,-0.96,25,0,0,0,0,0,0,0.3288594974106071
20260804_024555,results/simulation_llama3.1_8b_Full_scnldf_sh1_ldf1_seed2_26agents_30rounds_20260804_024555.json,22,15,developing,SFI,4000000.0,8096163.514285718,0.1,8096163.0,0.4940611677298737,40000000.0,0.4940611991137036,proportional columns are analyst-derived; stage1_cap uses end-of-round wealth (approx),5.0,-0.5999999999999996,25,0,0,0,0,0,0,0.4940611677298737
20260804_024555,results/simulation_llama3.1_8b_Full_scnldf_sh1_ldf1_seed2_26agents_30rounds_20260804_024555.json,23,15,developing,SFI,3000000.0,10872774.371428575,0.1,10872774.0,0.275918537211936,30000000.0,0.2759185466376841,proportional columns are analyst-derived; stage1_cap uses end-of-round wealth (approx),5.0,0.0,25,0,0,0,0,0,0,0.275918537211936
20260804_024555,results/simulation_llama3.1_8b_Full_scnldf_sh1_ldf1_seed2_26agents_30rounds_20260804_024555.json,24,15,developing,SFI,3000000.0,12142287.285714293,0.1,12142287.0,0.2470704183988115,30000000.0,0.2470704242125062,proportional columns are analyst-derived; stage1_cap uses end-of-round wealth (approx),5.0,0.0,25,0,0,0,0,0,0,0.2470704183988115
20260804_024555,results/simulation_llama3.1_8b_Full_scnldf_sh1_ldf1_seed2_26agents_30rounds_20260804_024555.json,25,15,developing,SFI,3000000.0,13274474.828571437,0.1,13274474.0,0.225997641243247,30000000.0,0.2259976553496583,proportional columns are analyst-derived; stage1_cap uses end-of-round wealth (approx),5.0,0.0,25,0,0,0,0,0,0,0.225997641243247
20260804_024555,results/simulation_llama3.1_8b_Full_scnldf_sh1_ldf1_seed2_26agents_30rounds_20260804_024555.json,26,15,developing,SFI,3000000.0,17693583.28571429,0.1,17693583.0,0.169552992831146,30000000.0,0.1695529955690715,proportional columns are analyst-derived; stage1_cap uses end-of-round wealth (approx),5.0,0.0,25,0,0,0,0,0,0,0.169552992831146
20260804_024555,results/simulation_llama3.1_8b_Full_scnldf_sh1_ldf1_seed2_26agents_30rounds_20260804_024555.json,27,15,developing,SFI,3000000.0,24295388.885714293,0.1,24295388.0,0.1234802214573318,30000000.0,0.123480225958935,proportional columns are analyst-derived; stage1_cap uses end-of-round wealth (approx),5.0,0.0,25,0,0,0,0,0,0,0.1234802214573318
20260804_024555,results/simulation_llama3.1_8b_Full_scnldf_sh1_ldf1_seed2_26agents_30rounds_20260804_024555.json,28,15,developing,SFI,0.0,28767775.057142865,0.1,28767775.0,0.0,0.0,0.0,proportional columns are analyst-derived; stage1_cap uses end-of-round wealth (approx),5.12,0.1200000000000001,25,0,0,0,0,0,0,0.0
20260804_024555,results/simulation_llama3.1_8b_Full_scnldf_sh1_ldf1_seed2_26agents_30rounds_20260804_024555.json,29,15,developing,SFI,0.0,35590253.91428572,0.1,35590253.0,0.0,0.0,0.0,proportional columns are analyst-derived; stage1_cap uses end-of-round wealth (approx),1.0,-4.12,25,1,1,1,0,0,0,0.0
20260804_024555,results/simulation_llama3.1_8b_Full_scnldf_sh1_ldf1_seed2_26agents_30rounds_20260804_024555.json,30,15,developing,SFI,10000000.0,38062640.085714296,0.1,38062640.0,0.26272481303138,100000000.0,0.2627248136230172,proportional columns are analyst-derived; stage1_cap uses end-of-round wealth (approx),1.0,0.0,25,1,1,0,1,1,1,0.26272481303138
20260804_024555,results/simulation_llama3.1_8b_Full_scnldf_sh1_ldf1_seed2_26agents_30rounds_20260804_024555.json,1,16,developing,SFI,300.0,366941.1428571429,0.1,366941.0,0.0008175698087821,3000.0,0.0008175701270776,proportional columns are analyst-derived; stage1_cap uses end-of-round wealth (approx),5.0,,0,0,0,0,0,0,0,0.0008175698087821
20260804_024555,results/simulation_llama3.1_8b_Full_scnldf_sh1_ldf1_seed2_26agents_30rounds_20260804_024555.json,2,16,developing,SFI,0.0,618874.1714285715,0.1,618874.0,0.0,0.0,0.0,proportional columns are analyst-derived; stage1_cap uses end-of-round wealth (approx),5.0,0.0,25,0,0,0,0,0,0,0.0
20260804_024555,results/simulation_llama3.1_8b_Full_scnldf_sh1_ldf1_seed2_26agents_30rounds_20260804_024555.json,3,16,developing,SFI,0.0,855436.4571428571,0.1,855436.0,0.0,0.0,0.0,proportional columns are analyst-derived; stage1_cap uses end-of-round wealth (approx),1.36,-3.64,25,1,1,1,0,0,0,0.0
20260804_024555,results/simulation_llama3.1_8b_Full_scnldf_sh1_ldf1_seed2_26agents_30rounds_20260804_024555.json,4,16,developing,SFI,0.0,1280626.6285714286,0.1,1280626.0,0.0,0.0,0.0,proportional columns are analyst-derived; stage1_cap uses end-of-round wealth (approx),1.0,-0.3600000000000001,25,0,1,0,1,1,1,0.0
20260804_024555,results/simulation_llama3.1_8b_Full_scnldf_sh1_ldf1_seed2_26agents_30rounds_20260804_024555.json,5,16,developing,SFI,1000000.0,1059966.9142857145,0.1,1059966.0,0.943425673502154,10000000.0,0.9434264872646858,proportional columns are analyst-derived; stage1_cap uses end-of-round wealth (approx),1.0,0.0,25,0,1,0,1,0,0,0.943425673502154
20260804_024555,results/simulation_llama3.1_8b_Full_scnldf_sh1_ldf1_seed2_26agents_30rounds_20260804_024555.json,6,16,developing,SFI,1059966.0,662427.4285714286,0.1,662427.0,1.6001239596704069,10599660.0,1.600124994905099,proportional columns are analyst-derived; stage1_cap uses end-of-round wealth (approx),8.0,7.0,25,0,0,0,1,0,0,1.6001239596704069
20260804_024555,results/simulation_llama3.1_8b_Full_scnldf_sh1_ldf1_seed2_26agents_30rounds_20260804_024555.json,7,16,developing,SFI,400000.0,935030.2857142858,0.1,935030.0,0.4277936299083971,4000000.0,0.4277937606280012,proportional columns are analyst-derived; stage1_cap uses end-of-round wealth (approx),5.16,-2.84,25,0,0,1,0,0,0,0.4277936299083971
20260804_024555,results/simulation_llama3.1_8b_Full_scnldf_sh1_ldf1_seed2_26agents_30rounds_20260804_024555.json,8,16,developing,SFI,0.0,1905240.6857142856,0.1,1905240.0,0.0,0.0,0.0,proportional columns are analyst-derived; stage1_cap uses end-of-round wealth (approx),5.12,-0.04,25,0,0,0,0,1,0,0.0
20260804_024555,results/simulation_llama3.1_8b_Full_scnldf_sh1_ldf1_seed2_26agents_30rounds_20260804_024555.json,9,16,developing,SFI,1000000.0,1742431.4285714286,0.1,1742431.0,0.573910676542303,10000000.0,0.5739108177023939,proportional columns are analyst-derived; stage1_cap uses end-of-round wealth (approx),1.0,-4.12,25,1,1,1,0,0,0,0.573910676542303
20260804_024555,results/simulation_llama3.1_8b_Full_scnldf_sh1_ldf1_seed2_26agents_30rounds_20260804_024555.json,10,16,developing,SFI,0.0,2354135.4285714286,0.1,2354135.0,0.0,0.0,0.0,proportional columns are analyst-derived; stage1_cap uses end-of-round wealth (approx),3.48,2.48,25,0,1,0,1,1,1,0.0
20260804_024555,results/simulation_llama3.1_8b_Full_scnldf_sh1_ldf1_seed2_26agents_30rounds_20260804_024555.json,11,16,developing,SFI,0.0,3714830.5142857134,0.1,3714830.0,0.0,0.0,0.0,proportional columns are analyst-derived; stage1_cap uses end-of-round wealth (approx),1.0,-2.48,25,1,1,1,1,0,0,0.0
20260804_024555,results/simulation_llama3.1_8b_Full_scnldf_sh1_ldf1_seed2_26agents_30rounds_20260804_024555.json,12,16,developing,SFI,3714830.0,1764503.6000000003,0.1,1764503.0,2.1053116581910056,37148300.0,2.1053123740792734,proportional columns are analyst-derived; stage1_cap uses end-of-round wealth (approx),1.0,0.0,25,1,1,0,1,1,1,2.1053116581910056
20260804_024555,results/simulation_llama3.1_8b_Full_scnldf_sh1_ldf1_seed2_26agents_30rounds_20260804_024555.json,13,16,developing,SFI,901890.0,2947838.2857142864,0.1,2947838.0,0.3059496188684124,9018900.0,0.3059496485220694,proportional columns are analyst-derived; stage1_cap uses end-of-round wealth (approx),5.24,4.24,25,0,0,0,1,0,1,0.3059496188684124
20260804_024555,results/simulation_llama3.1_8b_Full_scnldf_sh1_ldf1_seed2_26agents_30rounds_20260804_024555.json,14,16,developing,SFI,2947838.0,1891052.514285715,0.1,1891052.0,1.5588345525737302,29478380.0,1.558834976510429,proportional columns are analyst-derived; stage1_cap uses end-of-round wealth (approx),5.0,-0.2400000000000002,25,0,0,0,0,0,0,1.5588345525737302
20260804_024555,results/simulation_llama3.1_8b_Full_scnldf_sh1_ldf1_seed2_26agents_30rounds_20260804_024555.json,15,16,developing,SFI,0.0,3379565.885714287,0.1,3379565.0,0.0,0.0,0.0,proportional columns are analyst-derived; stage1_cap uses end-of-round wealth (approx),7.64,2.64,25,0,0,0,0,0,0,0.0
20260804_024555,results/simulation_llama3.1_8b_Full_scnldf_sh1_ldf1_seed2_26agents_30rounds_20260804_024555.json,16,16,developing,SFI,901890.0,4107266.2857142873,0.1,4107266.0,0.2195840097188034,9018900.0,0.2195840249937549,proportional columns are analyst-derived; stage1_cap uses end-of-round wealth (approx),1.0,-6.64,25,1,1,1,0,0,0,0.2195840097188034
20260804_024555,results/simulation_llama3.1_8b_Full_scnldf_sh1_ldf1_seed2_26agents_30rounds_20260804_024555.json,17,16,developing,SFI,2947838.0,3315046.3428571443,0.1,3315046.0,0.8892298010709987,29478380.0,0.8892298930391916,proportional columns are analyst-derived; stage1_cap uses end-of-round wealth (approx),5.0,4.0,25,0,0,0,1,1,1,0.8892298010709987
20260804_024555,results/simulation_llama3.1_8b_Full_scnldf_sh1_ldf1_seed2_26agents_30rounds_20260804_024555.json,18,16,developing,SFI,0.0,4070146.342857144,0.1,4070146.0,0.0,0.0,0.0,proportional columns are analyst-derived; stage1_cap uses end-of-round wealth (approx),6.08,1.08,25,0,0,0,0,0,0,0.0
20260804_024555,results/simulation_llama3.1_8b_Full_scnldf_sh1_ldf1_seed2_26agents_30rounds_20260804_024555.json,19,16,developing,SFI,203507.0,5151757.171428573,0.1,5151757.0,0.0395024441618951,2035070.0,0.0395024454763685,proportional columns are analyst-derived; stage1_cap uses end-of-round wealth (approx),1.36,-4.72,25,0,1,1,0,0,0,0.0395024441618951
20260804_024555,results/simulation_llama3.1_8b_Full_scnldf_sh1_ldf1_seed2_26agents_30rounds_20260804_024555.json,20,16,developing,SFI,0.0,8877011.571428573,0.1,8877011.0,0.0,0.0,0.0,proportional columns are analyst-derived; stage1_cap uses end-of-round wealth (approx),5.0,3.64,25,0,0,0,1,1,0,0.0
20260804_024555,results/simulation_llama3.1_8b_Full_scnldf_sh1_ldf1_seed2_26agents_30rounds_20260804_024555.json,21,16,developing,SFI,2500000.0,12288417.628571432,0.1,12288417.0,0.2034436064564834,25000000.0,0.2034436168629368,proportional columns are analyst-derived; stage1_cap uses end-of-round wealth (approx),1.36,-3.64,25,1,1,1,0,0,0,0.2034436064564834
20260804_024555,results/simulation_llama3.1_8b_Full_scnldf_sh1_ldf1_seed2_26agents_30rounds_20260804_024555.json,22,16,developing,SFI,2000000.0,13566225.514285715,0.1,13566225.0,0.1474249412921766,20000000.0,0.1474249468809488,proportional columns are analyst-derived; stage1_cap uses end-of-round wealth (approx),5.64,4.279999999999999,25,0,0,0,1,1,1,0.1474249412921766
20260804_024555,results/simulation_llama3.1_8b_Full_scnldf_sh1_ldf1_seed2_26agents_30rounds_20260804_024555.json,23,16,developing,SFI,5000000.0,14342836.371428575,0.1,14342836.0,0.3486060825430716,50000000.0,0.3486060915707326,proportional columns are analyst-derived; stage1_cap uses end-of-round wealth (approx),5.0,-0.6399999999999997,25,0,0,0,0,0,0,0.3486060825430716
20260804_024555,results/simulation_llama3.1_8b_Full_scnldf_sh1_ldf1_seed2_26agents_30rounds_20260804_024555.json,24,16,developing,SFI,0.0,18612349.28571429,0.1,18612349.0,0.0,0.0,0.0,proportional columns are analyst-derived; stage1_cap uses end-of-round wealth (approx),3.08,-1.92,25,0,1,1,0,0,0,0.0
20260804_024555,results/simulation_llama3.1_8b_Full_scnldf_sh1_ldf1_seed2_26agents_30rounds_20260804_024555.json,25,16,developing,SFI,3000000.0,19744536.828571435,0.1,19744536.0,0.1519407634652049,30000000.0,0.1519407698413373,proportional columns are analyst-derived; stage1_cap uses end-of-round wealth (approx),1.0,-2.08,25,1,1,1,1,1,0,0.1519407634652049
20260804_024555,results/simulation_llama3.1_8b_Full_scnldf_sh1_ldf1_seed2_26agents_30rounds_20260804_024555.json,26,16,developing,SFI,10000000.0,17163645.28571429,0.1,17163645.0,0.5826268157804005,100000000.0,0.5826268254790867,proportional columns are analyst-derived; stage1_cap uses end-of-round wealth (approx),5.0,4.0,25,0,0,0,1,1,1,0.5826268157804005
20260804_024555,results/simulation_llama3.1_8b_Full_scnldf_sh1_ldf1_seed2_26agents_30rounds_20260804_024555.json,27,16,developing,SFI,10000000.0,16765450.88571429,0.1,16765450.0,0.5964647218954858,100000000.0,0.5964647534065594,proportional columns are analyst-derived; stage1_cap uses end-of-round wealth (approx),5.0,0.0,25,0,0,0,0,0,0,0.5964647218954858
20260804_024555,results/simulation_llama3.1_8b_Full_scnldf_sh1_ldf1_seed2_26agents_30rounds_20260804_024555.json,28,16,developing,SFI,3000000.0,18237837.05714286,0.1,18237837.0,0.1644931902067327,30000000.0,0.1644931907221234,proportional columns are analyst-derived; stage1_cap uses end-of-round wealth (approx),5.0,0.0,25,0,0,0,0,0,0,0.1644931902067327
20260804_024555,results/simulation_llama3.1_8b_Full_scnldf_sh1_ldf1_seed2_26agents_30rounds_20260804_024555.json,29,16,developing,SFI,10000000.0,15060315.91428572,0.1,15060315.0,0.663996695481954,100000000.0,0.6639967357920469,proportional columns are analyst-derived; stage1_cap uses end-of-round wealth (approx),5.0,0.0,25,0,0,0,0,0,0,0.663996695481954
20260804_024555,results/simulation_llama3.1_8b_Full_scnldf_sh1_ldf1_seed2_26agents_30rounds_20260804_024555.json,30,16,developing,SFI,10000000.0,17532702.08571429,0.1,17532702.0,0.5703627399308882,100000000.0,0.5703627427192911,proportional columns are analyst-derived; stage1_cap uses end-of-round wealth (approx),5.12,0.1200000000000001,25,0,0,0,0,0,0,0.5703627399308882
20260804_024555,results/simulation_llama3.1_8b_Full_scnldf_sh1_ldf1_seed2_26agents_30rounds_20260804_024555.json,1,17,developing,SFI,25410.0,360641.1428571429,0.1,360641.0,0.0704578512553832,254100.0,0.0704578791651531,proportional columns are analyst-derived; stage1_cap uses end-of-round wealth (approx),5.0,,0,0,0,0,0,0,0,0.0704578512553832
20260804_024555,results/simulation_llama3.1_8b_Full_scnldf_sh1_ldf1_seed2_26agents_30rounds_20260804_024555.json,2,17,developing,SFI,200000.0,412574.17142857146,0.1,412574.0,0.484761320146348,2000000.0,0.4847615215694639,proportional columns are analyst-derived; stage1_cap uses end-of-round wealth (approx),5.0,0.0,25,0,0,0,0,0,0,0.484761320146348
20260804_024555,results/simulation_llama3.1_8b_Full_scnldf_sh1_ldf1_seed2_26agents_30rounds_20260804_024555.json,3,17,developing,SFI,200000.0,449136.45714285714,0.1,449136.0,0.4452989660921377,2000000.0,0.4452994193295572,proportional columns are analyst-derived; stage1_cap uses end-of-round wealth (approx),5.72,0.7199999999999998,25,0,0,0,0,0,0,0.4452989660921377
20260804_024555,results/simulation_llama3.1_8b_Full_scnldf_sh1_ldf1_seed2_26agents_30rounds_20260804_024555.json,4,17,developing,SFI,25410.0,848916.6285714286,0.1,848916.0,0.0299322679575265,254100.0,0.0299322901205773,proportional columns are analyst-derived; stage1_cap uses end-of-round wealth (approx),7.12,1.4000000000000004,25,0,0,0,0,0,0,0.0299322679575265
20260804_024555,results/simulation_llama3.1_8b_Full_scnldf_sh1_ldf1_seed2_26agents_30rounds_20260804_024555.json,5,17,developing,SFI,284231.0,1344025.9142857145,0.1,1344025.0,0.2114773212174671,2842310.0,0.2114774650769144,proportional columns are analyst-derived; stage1_cap uses end-of-round wealth (approx),5.0,-2.12,25,0,0,1,0,0,0,0.2114773212174671
20260804_024555,results/simulation_llama3.1_8b_Full_scnldf_sh1_ldf1_seed2_26agents_30rounds_20260804_024555.json,6,17,developing,SFI,504206.0,1502246.4285714286,0.1,1502246.0,0.3356346804428605,5042060.0,0.3356347761951105,proportional columns are analyst-derived; stage1_cap uses end-of-round wealth (approx),5.0,0.0,25,0,0,0,0,1,0,0.3356346804428605
20260804_024555,results/simulation_llama3.1_8b_Full_scnldf_sh1_ldf1_seed2_26agents_30rounds_20260804_024555.json,7,17,developing,SFI,25410.0,2149439.285714286,0.1,2149439.0,0.0118216877158993,254100.0,0.0118216892872977,proportional columns are analyst-derived; stage1_cap uses end-of-round wealth (approx),5.0,0.0,25,0,0,0,0,0,0,0.0118216877158993
20260804_024555,results/simulation_llama3.1_8b_Full_scnldf_sh1_ldf1_seed2_26agents_30rounds_20260804_024555.json,8,17,developing,SFI,450000.0,2669649.685714286,0.1,2669649.0,0.1685614417532085,4500000.0,0.1685614850491581,proportional columns are analyst-derived; stage1_cap uses end-of-round wealth (approx),5.0,0.0,25,0,0,0,0,0,0,0.1685614417532085
20260804_024555,results/simulation_llama3.1_8b_Full_scnldf_sh1_ldf1_seed2_26agents_30rounds_20260804_024555.json,9,17,developing,SFI,500000.0,3006840.4285714286,0.1,3006840.0,0.1662875073944491,5000000.0,0.1662875310957683,proportional columns are analyst-derived; stage1_cap uses end-of-round wealth (approx),5.0,0.0,25,0,0,0,0,0,0,0.1662875073944491
20260804_024555,results/simulation_llama3.1_8b_Full_scnldf_sh1_ldf1_seed2_26agents_30rounds_20260804_024555.json,10,17,developing,SFI,200000.0,3418544.4285714286,0.1,3418544.0,0.0585044319823503,2000000.0,0.0585044393168553,proportional columns are analyst-derived; stage1_cap uses end-of-round wealth (approx),5.12,0.1200000000000001,25,0,0,0,0,0,0,0.0585044319823503
20260804_024555,results/simulation_llama3.1_8b_Full_scnldf_sh1_ldf1_seed2_26agents_30rounds_20260804_024555.json,11,17,developing,SFI,3418544.0,1360695.5142857144,0.1,1360695.0,2.512350459091897,34185440.0,2.512351408655136,proportional columns are analyst-derived; stage1_cap uses end-of-round wealth (approx),5.0,-0.1200000000000001,25,0,0,0,0,0,0,2.512350459091897
20260804_024555,results/simulation_llama3.1_8b_Full_scnldf_sh1_ldf1_seed2_26agents_30rounds_20260804_024555.json,12,17,developing,SFI,652887.0,2472311.600000001,0.1,2472311.0,0.2640795763770229,6528870.0,0.2640796404659446,proportional columns are analyst-derived; stage1_cap uses end-of-round wealth (approx),5.16,0.1600000000000001,25,0,0,0,0,0,0,0.2640795763770229
20260804_024555,results/simulation_llama3.1_8b_Full_scnldf_sh1_ldf1_seed2_26agents_30rounds_20260804_024555.json,13,17,developing,SFI,1230000.0,3327536.2857142864,0.1,3327536.0,0.3696428511630698,12300000.0,0.3696428829019431,proportional columns are analyst-derived; stage1_cap uses end-of-round wealth (approx),7.64,2.4799999999999995,25,0,0,0,0,0,0,0.3696428511630698
20260804_024555,results/simulation_llama3.1_8b_Full_scnldf_sh1_ldf1_seed2_26agents_30rounds_20260804_024555.json,14,17,developing,SFI,1418929.0,3799659.5142857153,0.1,3799659.0,0.3734358288328736,14189290.0,0.3734358793775967,proportional columns are analyst-derived; stage1_cap uses end-of-round wealth (approx),7.64,0.0,25,0,0,0,0,0,0,0.3734358288328736
20260804_024555,results/simulation_llama3.1_8b_Full_scnldf_sh1_ldf1_seed2_26agents_30rounds_20260804_024555.json,15,17,developing,SFI,1500000.0,3788172.885714287,0.1,3788172.0,0.3959692562228886,15000000.0,0.3959693488046477,proportional columns are analyst-derived; stage1_cap uses end-of-round wealth (approx),5.12,-2.52,25,0,0,1,0,0,0,0.3959692562228886
20260804_024555,results/simulation_llama3.1_8b_Full_scnldf_sh1_ldf1_seed2_26agents_30rounds_20260804_024555.json,16,17,developing,SFI,1418929.0,3998834.2857142873,0.1,3998834.0,0.3548356592492668,14189290.0,0.3548356846020615,proportional columns are analyst-derived; stage1_cap uses end-of-round wealth (approx),5.0,-0.1200000000000001,25,0,0,0,0,1,0,0.3548356592492668
20260804_024555,results/simulation_llama3.1_8b_Full_scnldf_sh1_ldf1_seed2_26agents_30rounds_20260804_024555.json,17,17,developing,SFI,1500000.0,4654452.342857145,0.1,4654452.0,0.322272071880152,15000000.0,0.3222720956194199,proportional columns are analyst-derived; stage1_cap uses end-of-round wealth (approx),5.0,0.0,25,0,0,0,0,0,0,0.322272071880152
20260804_024555,results/simulation_llama3.1_8b_Full_scnldf_sh1_ldf1_seed2_26agents_30rounds_20260804_024555.json,18,17,developing,SFI,0.0,5409552.342857145,0.1,5409552.0,0.0,0.0,0.0,proportional columns are analyst-derived; stage1_cap uses end-of-round wealth (approx),7.44,2.4400000000000004,25,0,0,0,0,0,0,0.0
20260804_024555,results/simulation_llama3.1_8b_Full_scnldf_sh1_ldf1_seed2_26agents_30rounds_20260804_024555.json,19,17,developing,SFI,1000000.0,5694670.171428573,0.1,5694670.0,0.1756027952272323,10000000.0,0.1756028005134625,proportional columns are analyst-derived; stage1_cap uses end-of-round wealth (approx),1.0,-6.44,25,0,1,1,0,0,0,0.1756027952272323
20260804_024555,results/simulation_llama3.1_8b_Full_scnldf_sh1_ldf1_seed2_26agents_30rounds_20260804_024555.json,20,17,developing,SFI,2000000.0,7419924.571428573,0.1,7419924.0,0.2695445190509445,20000000.0,0.2695445398093026,proportional columns are analyst-derived; stage1_cap uses end-of-round wealth (approx),5.0,4.0,25,0,0,0,1,1,0,0.2695445190509445
20260804_024555,results/simulation_llama3.1_8b_Full_scnldf_sh1_ldf1_seed2_26agents_30rounds_20260804_024555.json,21,17,developing,SFI,5000000.0,8331330.628571431,0.1,8331330.0,0.6001442294047268,50000000.0,0.600144274683634,proportional columns are analyst-derived; stage1_cap uses end-of-round wealth (approx),6.56,1.5599999999999996,25,0,0,0,0,0,0,0.6001442294047268
20260804_024555,results/simulation_llama3.1_8b_Full_scnldf_sh1_ldf1_seed2_26agents_30rounds_20260804_024555.json,22,17,developing,SFI,3000000.0,8609138.514285717,0.1,8609138.0,0.3484669220993366,30000000.0,0.3484669429157715,proportional columns are analyst-derived; stage1_cap uses end-of-round wealth (approx),6.56,0.0,25,0,0,0,0,0,0,0.3484669220993366
20260804_024555,results/simulation_llama3.1_8b_Full_scnldf_sh1_ldf1_seed2_26agents_30rounds_20260804_024555.json,23,17,developing,SFI,0.0,14385749.371428575,0.1,14385749.0,0.0,0.0,0.0,proportional columns are analyst-derived; stage1_cap uses end-of-round wealth (approx),5.24,-1.3199999999999994,25,0,0,1,0,0,0,0.0
20260804_024555,results/simulation_llama3.1_8b_Full_scnldf_sh1_ldf1_seed2_26agents_30rounds_20260804_024555.json,24,17,developing,SFI,3000000.0,15655262.285714293,0.1,15655262.0,0.1916288558600231,30000000.0,0.1916288593573202,proportional columns are analyst-derived; stage1_cap uses end-of-round wealth (approx),1.0,-4.24,25,1,1,1,0,1,0,0.1916288558600231
20260804_024555,results/simulation_llama3.1_8b_Full_scnldf_sh1_ldf1_seed2_26agents_30rounds_20260804_024555.json,25,17,developing,SFI,3000000.0,16787449.828571435,0.1,16787449.0,0.1787049272304685,30000000.0,0.1787049360507364,proportional columns are analyst-derived; stage1_cap uses end-of-round wealth (approx),5.0,4.0,25,0,0,0,1,1,1,0.1787049272304685
20260804_024555,results/simulation_llama3.1_8b_Full_scnldf_sh1_ldf1_seed2_26agents_30rounds_20260804_024555.json,26,17,developing,SFI,3000000.0,21206558.28571429,0.1,21206558.0,0.1414656711183982,30000000.0,0.141465673024354,proportional columns are analyst-derived; stage1_cap uses end-of-round wealth (approx),5.0,0.0,25,0,0,0,0,0,0,0.1414656711183982
20260804_024555,results/simulation_llama3.1_8b_Full_scnldf_sh1_ldf1_seed2_26agents_30rounds_20260804_024555.json,27,17,developing,SFI,3000000.0,27808363.885714293,0.1,27808363.0,0.1078812120097852,30000000.0,0.1078812154458714,proportional columns are analyst-derived; stage1_cap uses end-of-round wealth (approx),5.0,0.0,25,0,0,0,0,0,0,0.1078812120097852
20260804_024555,results/simulation_llama3.1_8b_Full_scnldf_sh1_ldf1_seed2_26agents_30rounds_20260804_024555.json,28,17,developing,SFI,3000000.0,29280750.057142865,0.1,29280750.0,0.1024563917982069,30000000.0,0.1024563919981557,proportional columns are analyst-derived; stage1_cap uses end-of-round wealth (approx),5.0,0.0,25,0,0,0,0,0,0,0.1024563917982069
20260804_024555,results/simulation_llama3.1_8b_Full_scnldf_sh1_ldf1_seed2_26agents_30rounds_20260804_024555.json,29,17,developing,SFI,3000000.0,33103228.914285723,0.1,33103228.0,0.0906256005348574,30000000.0,0.0906256030378668,proportional columns are analyst-derived; stage1_cap uses end-of-round wealth (approx),5.0,0.0,25,0,0,0,0,0,0,0.0906256005348574
20260804_024555,results/simulation_llama3.1_8b_Full_scnldf_sh1_ldf1_seed2_26agents_30rounds_20260804_024555.json,30,17,developing,SFI,30000000.0,15575615.085714296,0.1,15575615.0,1.9260876591329943,300000000.0,1.9260876697324631,proportional columns are analyst-derived; stage1_cap uses end-of-round wealth (approx),5.0,0.0,25,0,0,0,0,0,0,1.9260876591329943
20260804_024555,results/simulation_llama3.1_8b_Full_scnldf_sh1_ldf1_seed2_26agents_30rounds_20260804_024555.json,1,18,developed,SI,1200000.0,5129394.0,1.0,5129394.0,0.2339457643534499,1200000.0,0.2339457643534499,proportional columns are analyst-derived; stage1_cap uses end-of-round wealth (approx),5.0,,0,0,0,0,0,0,0,0.2339457643534499
20260804_024555,results/simulation_llama3.1_8b_Full_scnldf_sh1_ldf1_seed2_26agents_30rounds_20260804_024555.json,2,18,developed,SI,4000000.0,3971854.066666667,1.0,3971854.0,1.0070863462909034,4000000.0,1.007086363194619,proportional columns are analyst-derived; stage1_cap uses end-of-round wealth (approx),5.0,0.0,25,0,0,0,0,0,0,1.0070863462909034
20260804_024555,results/simulation_llama3.1_8b_Full_scnldf_sh1_ldf1_seed2_26agents_30rounds_20260804_024555.json,3,18,developed,SI,3000000.0,6013498.133333335,1.0,6013498.0,0.4988776804254321,3000000.0,0.4988776914867187,proportional columns are analyst-derived; stage1_cap uses end-of-round wealth (approx),8.0,3.0,25,0,0,0,0,0,0,0.4988776804254321
20260804_024555,results/simulation_llama3.1_8b_Full_scnldf_sh1_ldf1_seed2_26agents_30rounds_20260804_024555.json,4,18,developed,SI,3164053.0,9004744.200000001,1.0,9004744.0,0.351376222325116,3164053.0,0.3513762301293629,proportional columns are analyst-derived; stage1_cap uses end-of-round wealth (approx),4.44,-3.56,25,0,0,1,0,0,0,0.351376222325116
20260804_024555,results/simulation_llama3.1_8b_Full_scnldf_sh1_ldf1_seed2_26agents_30rounds_20260804_024555.json,5,18,developed,SI,4502370.0,11048957.333333336,1.0,11048957.0,0.4074927492404109,4502370.0,0.4074927615339619,proportional columns are analyst-derived; stage1_cap uses end-of-round wealth (approx),5.48,1.04,25,0,0,0,0,1,0,0.4074927492404109
20260804_024555,results/simulation_llama3.1_8b_Full_scnldf_sh1_ldf1_seed2_26agents_30rounds_20260804_024555.json,6,18,developed,SI,5000000.0,13703987.26666667,1.0,13703987.0,0.364857315079525,5000000.0,0.3648573221793044,proportional columns are analyst-derived; stage1_cap uses end-of-round wealth (approx),5.12,-0.3600000000000003,25,0,0,0,0,0,0,0.364857315079525
20260804_024555,results/simulation_llama3.1_8b_Full_scnldf_sh1_ldf1_seed2_26agents_30rounds_20260804_024555.json,7,18,developed,SI,0.0,26009077.73333333,1.0,26009077.0,0.0,0.0,0.0,proportional columns are analyst-derived; stage1_cap uses end-of-round wealth (approx),5.0,-0.1200000000000001,25,0,0,0,0,0,0,0.0
20260804_024555,results/simulation_llama3.1_8b_Full_scnldf_sh1_ldf1_seed2_26agents_30rounds_20260804_024555.json,8,18,developed,SI,10381124.0,35620954.06666666,1.0,35620954.0,0.2914330700006274,10381124.0,0.2914330705460611,proportional columns are analyst-derived; stage1_cap uses end-of-round wealth (approx),1.0,-4.0,25,1,1,1,0,0,0,0.2914330700006274
20260804_024555,results/simulation_llama3.1_8b_Full_scnldf_sh1_ldf1_seed2_26agents_30rounds_20260804_024555.json,9,18,developed,SI,10000000.0,49806588.46666667,1.0,49806588.0,0.2007766503962132,10000000.0,0.2007766522774055,proportional columns are analyst-derived; stage1_cap uses end-of-round wealth (approx),5.0,4.0,25,0,0,0,1,1,1,0.2007766503962132
20260804_024555,results/simulation_llama3.1_8b_Full_scnldf_sh1_ldf1_seed2_26agents_30rounds_20260804_024555.json,10,18,developed,SI,15585558.0,61690097.86666668,1.0,61690097.0,0.2526427828609658,15585558.0,0.2526427864102726,proportional columns are analyst-derived; stage1_cap uses end-of-round wealth (approx),5.0,0.0,25,0,0,0,0,0,0,0.2526427828609658
20260804_024555,results/simulation_llama3.1_8b_Full_scnldf_sh1_ldf1_seed2_26agents_30rounds_20260804_024555.json,11,18,developed,SI,15000000.0,76214859.86666667,1.0,76214859.0,0.1968120131197721,15000000.0,0.1968120153577926,proportional columns are analyst-derived; stage1_cap uses end-of-round wealth (approx),5.0,0.0,25,0,0,0,0,0,0,0.1968120131197721
20260804_024555,results/simulation_llama3.1_8b_Full_scnldf_sh1_ldf1_seed2_26agents_30rounds_20260804_024555.json,12,18,developed,SI,25000000.0,82894434.26666668,1.0,82894434.0,0.3015884024200759,25000000.0,0.3015884033902686,proportional columns are analyst-derived; stage1_cap uses end-of-round wealth (approx),5.0,0.0,25,0,0,0,0,0,0,0.3015884024200759
20260804_024555,results/simulation_llama3.1_8b_Full_scnldf_sh1_ldf1_seed2_26agents_30rounds_20260804_024555.json,13,18,developed,SI,25000000.0,88938728.40000002,1.0,88938728.0,0.2810923930412299,25000000.0,0.2810923943054368,proportional columns are analyst-derived; stage1_cap uses end-of-round wealth (approx),4.92,-0.08,25,0,0,0,0,0,0,0.2810923930412299
20260804_024555,results/simulation_llama3.1_8b_Full_scnldf_sh1_ldf1_seed2_26agents_30rounds_20260804_024555.json,14,18,developed,SI,25000000.0,103404000.00000004,1.0,103404000.0,0.241770144288422,25000000.0,0.2417701442884221,proportional columns are analyst-derived; stage1_cap uses end-of-round wealth (approx),5.0,0.08,25,0,0,0,0,0,0,0.241770144288422
20260804_024555,results/simulation_llama3.1_8b_Full_scnldf_sh1_ldf1_seed2_26agents_30rounds_20260804_024555.json,15,18,developed,SI,25000000.0,129709795.53333336,1.0,129709795.0,0.1927379493368748,25000000.0,0.1927379501293638,proportional columns are analyst-derived; stage1_cap uses end-of-round wealth (approx),5.0,0.0,25,0,0,0,0,0,0,0.1927379493368748
20260804_024555,results/simulation_llama3.1_8b_Full_scnldf_sh1_ldf1_seed2_26agents_30rounds_20260804_024555.json,16,18,developed,SI,25000000.0,156645009.20000002,1.0,156645009.0,0.159596530573666,25000000.0,0.1595965307774344,proportional columns are analyst-derived; stage1_cap uses end-of-round wealth (approx),5.12,0.1200000000000001,25,0,0,0,0,0,0,0.159596530573666
20260804_024555,results/simulation_llama3.1_8b_Full_scnldf_sh1_ldf1_seed2_26agents_30rounds_20260804_024555.json,17,18,developed,SI,33137810.0,197613039.0666667,1.0,197613039.0,0.1676904021946681,33137810.0,0.1676904022512401,proportional columns are analyst-derived; stage1_cap uses end-of-round wealth (approx),5.0,-0.1200000000000001,25,0,0,0,0,0,0,0.1676904021946681
20260804_024555,results/simulation_llama3.1_8b_Full_scnldf_sh1_ldf1_seed2_26agents_30rounds_20260804_024555.json,18,18,developed,SI,0.0,244170583.6,1.0,244170583.0,0.0,0.0,0.0,proportional columns are analyst-derived; stage1_cap uses end-of-round wealth (approx),5.0,0.0,25,0,0,0,0,0,0,0.0
20260804_024555,results/simulation_llama3.1_8b_Full_scnldf_sh1_ldf1_seed2_26agents_30rounds_20260804_024555.json,19,18,developed,SI,15000000.0,278389517.20000005,1.0,278389517.0,0.0538813391785285,15000000.0,0.0538813392172378,proportional columns are analyst-derived; stage1_cap uses end-of-round wealth (approx),1.0,-4.0,25,0,1,1,0,0,0,0.0538813391785285
20260804_024555,results/simulation_llama3.1_8b_Full_scnldf_sh1_ldf1_seed2_26agents_30rounds_20260804_024555.json,20,18,developed,SI,15000000.0,290855154.9333334,1.0,290855154.0,0.0515720617138043,15000000.0,0.0515720618792954,proportional columns are analyst-derived; stage1_cap uses end-of-round wealth (approx),5.96,4.96,25,0,0,0,1,1,0,0.0515720617138043
20260804_024555,results/simulation_llama3.1_8b_Full_scnldf_sh1_ldf1_seed2_26agents_30rounds_20260804_024555.json,21,18,developed,SI,17362943.0,330835010.4666668,1.0,330835010.0,0.0524821813009098,17362943.0,0.0524821813749397,proportional columns are analyst-derived; stage1_cap uses end-of-round wealth (approx),5.0,-0.96,25,0,0,0,0,0,0,0.0524821813009098
20260804_024555,results/simulation_llama3.1_8b_Full_scnldf_sh1_ldf1_seed2_26agents_30rounds_20260804_024555.json,22,18,developed,SI,15000000.0,358040332.7333334,1.0,358040332.0,0.0418947214284149,15000000.0,0.0418947215142231,proportional columns are analyst-derived; stage1_cap uses end-of-round wealth (approx),5.0,0.0,25,0,0,0,0,0,0,0.0418947214284149
20260804_024555,results/simulation_llama3.1_8b_Full_scnldf_sh1_ldf1_seed2_26agents_30rounds_20260804_024555.json,23,18,developed,SI,27409310.0,432189385.9333334,1.0,432189385.0,0.0634196740875722,27409310.0,0.06341967422453,proportional columns are analyst-derived; stage1_cap uses end-of-round wealth (approx),5.84,0.8399999999999999,25,0,0,0,0,0,0,0.0634196740875722
20260804_024555,results/simulation_llama3.1_8b_Full_scnldf_sh1_ldf1_seed2_26agents_30rounds_20260804_024555.json,24,18,developed,SI,20000000.0,444730066.2000001,1.0,444730066.0,0.0449710993702093,20000000.0,0.0449710993904333,proportional columns are analyst-derived; stage1_cap uses end-of-round wealth (approx),5.0,-0.8399999999999999,25,0,0,0,0,0,0,0.0449710993702093
20260804_024555,results/simulation_llama3.1_8b_Full_scnldf_sh1_ldf1_seed2_26agents_30rounds_20260804_024555.json,25,18,developed,SI,20368409.0,467911564.2666667,1.0,467911564.0,0.0435304671982671,20368409.0,0.0435304672230755,proportional columns are analyst-derived; stage1_cap uses end-of-round wealth (approx),5.24,0.2400000000000002,25,0,0,0,0,0,0,0.0435304671982671
20260804_024555,results/simulation_llama3.1_8b_Full_scnldf_sh1_ldf1_seed2_26agents_30rounds_20260804_024555.json,26,18,developed,SI,27841481.0,512298298.8000001,1.0,512298298.0,0.0543462296580243,27841481.0,0.0543462297428909,proportional columns are analyst-derived; stage1_cap uses end-of-round wealth (approx),5.0,-0.2400000000000002,25,0,0,0,0,0,0,0.0543462296580243
20260804_024555,results/simulation_llama3.1_8b_Full_scnldf_sh1_ldf1_seed2_26agents_30rounds_20260804_024555.json,27,18,developed,SI,27924126.0,649711661.5333334,1.0,649711661.0,0.0429792593442119,27924126.0,0.0429792593794926,proportional columns are analyst-derived; stage1_cap uses end-of-round wealth (approx),5.0,0.0,25,0,0,0,0,0,0,0.0429792593442119
20260804_024555,results/simulation_llama3.1_8b_Full_scnldf_sh1_ldf1_seed2_26agents_30rounds_20260804_024555.json,28,18,developed,SI,110191751.0,638841702.9333334,1.0,638841702.0,0.172486784275414,110191751.0,0.1724867845274133,proportional columns are analyst-derived; stage1_cap uses end-of-round wealth (approx),5.0,0.0,25,0,0,0,0,0,0,0.172486784275414
20260804_024555,results/simulation_llama3.1_8b_Full_scnldf_sh1_ldf1_seed2_26agents_30rounds_20260804_024555.json,29,18,developed,SI,638841702.0,184660435.53333345,1.0,184660435.0,3.4595483334310746,638841702.0,3.4595483434228886,proportional columns are analyst-derived; stage1_cap uses end-of-round wealth (approx),5.0,0.0,25,0,0,0,0,0,0,3.4595483334310746
20260804_024555,results/simulation_llama3.1_8b_Full_scnldf_sh1_ldf1_seed2_26agents_30rounds_20260804_024555.json,30,18,developed,SI,50000000.0,417779812.0666668,1.0,417779812.0,0.1196802683036807,50000000.0,0.1196802683227786,proportional columns are analyst-derived; stage1_cap uses end-of-round wealth (approx),5.0,0.0,25,0,0,0,0,0,0,0.1196802683036807
20260804_024555,results/simulation_llama3.1_8b_Full_scnldf_sh1_ldf1_seed2_26agents_30rounds_20260804_024555.json,1,19,developed,SI,0.0,5290943.0,1.0,5290943.0,0.0,0.0,0.0,proportional columns are analyst-derived; stage1_cap uses end-of-round wealth (approx),5.0,,0,0,0,0,0,0,0,0.0
20260804_024555,results/simulation_llama3.1_8b_Full_scnldf_sh1_ldf1_seed2_26agents_30rounds_20260804_024555.json,2,19,developed,SI,2000000.0,6130388.066666666,1.0,6130388.0,0.3262436208361404,2000000.0,0.3262436243839705,proportional columns are analyst-derived; stage1_cap uses end-of-round wealth (approx),1.0,-4.0,25,1,1,1,0,0,0,0.3262436208361404
20260804_024555,results/simulation_llama3.1_8b_Full_scnldf_sh1_ldf1_seed2_26agents_30rounds_20260804_024555.json,3,19,developed,SI,0.0,11163146.133333333,1.0,11163146.0,0.0,0.0,0.0,proportional columns are analyst-derived; stage1_cap uses end-of-round wealth (approx),5.24,4.24,25,0,0,0,1,1,1,0.0
20260804_024555,results/simulation_llama3.1_8b_Full_scnldf_sh1_ldf1_seed2_26agents_30rounds_20260804_024555.json,4,19,developed,SI,10000000.0,7318908.199999999,1.0,7318908.0,1.3663240099117515,10000000.0,1.3663240472485787,proportional columns are analyst-derived; stage1_cap uses end-of-round wealth (approx),1.0,-4.24,25,0,1,1,0,0,0,1.3663240099117515
20260804_024555,results/simulation_llama3.1_8b_Full_scnldf_sh1_ldf1_seed2_26agents_30rounds_20260804_024555.json,5,19,developed,SI,0.0,13863695.333333332,1.0,13863695.0,0.0,0.0,0.0,proportional columns are analyst-derived; stage1_cap uses end-of-round wealth (approx),8.0,7.0,25,0,0,0,1,1,0,0.0
20260804_024555,results/simulation_llama3.1_8b_Full_scnldf_sh1_ldf1_seed2_26agents_30rounds_20260804_024555.json,6,19,developed,SI,0.0,21504470.266666666,1.0,21504470.0,0.0,0.0,0.0,proportional columns are analyst-derived; stage1_cap uses end-of-round wealth (approx),1.0,-7.0,25,1,1,1,0,0,0,0.0
20260804_024555,results/simulation_llama3.1_8b_Full_scnldf_sh1_ldf1_seed2_26agents_30rounds_20260804_024555.json,7,19,developed,SI,0.0,33775501.733333334,1.0,33775501.0,0.0,0.0,0.0,proportional columns are analyst-derived; stage1_cap uses end-of-round wealth (approx),1.0,0.0,25,1,1,0,1,1,1,0.0
20260804_024555,results/simulation_llama3.1_8b_Full_scnldf_sh1_ldf1_seed2_26agents_30rounds_20260804_024555.json,8,19,developed,SI,0.0,54820995.06666666,1.0,54820995.0,0.0,0.0,0.0,proportional columns are analyst-derived; stage1_cap uses end-of-round wealth (approx),1.0,0.0,25,1,1,0,1,0,1,0.0
20260804_024555,results/simulation_llama3.1_8b_Full_scnldf_sh1_ldf1_seed2_26agents_30rounds_20260804_024555.json,9,19,developed,SI,14381597.0,64625527.46666667,1.0,64625527.0,0.2225374022272841,14381597.0,0.2225374038342465,proportional columns are analyst-derived; stage1_cap uses end-of-round wealth (approx),1.0,0.0,25,1,1,0,1,0,1,0.2225374022272841
20260804_024555,results/simulation_llama3.1_8b_Full_scnldf_sh1_ldf1_seed2_26agents_30rounds_20260804_024555.json,10,19,developed,SI,20000000.0,72093050.86666667,1.0,72093050.0,0.2774192485901204,20000000.0,0.2774192519251162,proportional columns are analyst-derived; stage1_cap uses end-of-round wealth (approx),5.0,4.0,25,0,0,0,1,0,1,0.2774192485901204
20260804_024555,results/simulation_llama3.1_8b_Full_scnldf_sh1_ldf1_seed2_26agents_30rounds_20260804_024555.json,11,19,developed,SI,20000000.0,81618967.86666667,1.0,81618967.0,0.2450410795768961,20000000.0,0.2450410821788518,proportional columns are analyst-derived; stage1_cap uses end-of-round wealth (approx),5.0,0.0,25,0,0,0,0,0,0,0.2450410795768961
20260804_024555,results/simulation_llama3.1_8b_Full_scnldf_sh1_ldf1_seed2_26agents_30rounds_20260804_024555.json,12,19,developed,SI,40000000.0,73298439.26666668,1.0,73298439.0,0.5457142116556698,40000000.0,0.5457142136410299,proportional columns are analyst-derived; stage1_cap uses end-of-round wealth (approx),5.0,0.0,25,0,0,0,0,0,0,0.5457142116556698
20260804_024555,results/simulation_llama3.1_8b_Full_scnldf_sh1_ldf1_seed2_26agents_30rounds_20260804_024555.json,13,19,developed,SI,25000000.0,79342730.40000002,1.0,79342730.0,0.3150887280279428,25000000.0,0.3150887296164374,proportional columns are analyst-derived; stage1_cap uses end-of-round wealth (approx),5.12,0.1200000000000001,25,0,0,0,0,0,0,0.3150887280279428
20260804_024555,results/simulation_llama3.1_8b_Full_scnldf_sh1_ldf1_seed2_26agents_30rounds_20260804_024555.json,14,19,developed,SI,20000000.0,98796501.00000004,1.0,98796501.0,0.2024363190757129,20000000.0,0.202436319075713,proportional columns are analyst-derived; stage1_cap uses end-of-round wealth (approx),4.12,-1.0,25,0,0,1,0,0,0,0.2024363190757129
20260804_024555,results/simulation_llama3.1_8b_Full_scnldf_sh1_ldf1_seed2_26agents_30rounds_20260804_024555.json,15,19,developed,SI,50000000.0,100120005.53333336,1.0,100120005.0,0.4994006915366509,50000000.0,0.4994006941969289,proportional columns are analyst-derived; stage1_cap uses end-of-round wealth (approx),5.0,0.8799999999999999,25,0,0,0,0,1,0,0.4994006915366509
20260804_024555,results/simulation_llama3.1_8b_Full_scnldf_sh1_ldf1_seed2_26agents_30rounds_20260804_024555.json,16,19,developed,SI,30000000.0,122055446.20000002,1.0,122055446.0,0.2457899334605848,30000000.0,0.2457899338633361,proportional columns are analyst-derived; stage1_cap uses end-of-round wealth (approx),5.0,0.0,25,0,0,0,0,0,0,0.2457899334605848
20260804_024555,results/simulation_llama3.1_8b_Full_scnldf_sh1_ldf1_seed2_26agents_30rounds_20260804_024555.json,17,19,developed,SI,10000000.0,186151999.0666667,1.0,186151999.0,0.0537195412895818,10000000.0,0.0537195413088204,proportional columns are analyst-derived; stage1_cap uses end-of-round wealth (approx),5.12,0.1200000000000001,25,0,0,0,0,0,0,0.0537195412895818
20260804_024555,results/simulation_llama3.1_8b_Full_scnldf_sh1_ldf1_seed2_26agents_30rounds_20260804_024555.json,18,19,developed,SI,10000000.0,222725776.6,1.0,222725776.0,0.0448982607790354,10000000.0,0.0448982608999867,proportional columns are analyst-derived; stage1_cap uses end-of-round wealth (approx),5.0,-0.1200000000000001,25,0,0,0,0,0,0,0.0448982607790354
20260804_024555,results/simulation_llama3.1_8b_Full_scnldf_sh1_ldf1_seed2_26agents_30rounds_20260804_024555.json,19,19,developed,SI,50000000.0,221949098.2,1.0,221949098.0,0.2252768783721059,50000000.0,0.2252768785751046,proportional columns are analyst-derived; stage1_cap uses end-of-round wealth (approx),5.0,0.0,25,0,0,0,0,0,0,0.2252768783721059
20260804_024555,results/simulation_llama3.1_8b_Full_scnldf_sh1_ldf1_seed2_26agents_30rounds_20260804_024555.json,20,19,developed,SI,15000000.0,234414621.9333333,1.0,234414621.0,0.0639891823994918,15000000.0,0.0639891826542679,proportional columns are analyst-derived; stage1_cap uses end-of-round wealth (approx),5.84,0.8399999999999999,25,0,0,0,0,0,0,0.0639891823994918
20260804_024555,results/simulation_llama3.1_8b_Full_scnldf_sh1_ldf1_seed2_26agents_30rounds_20260804_024555.json,21,19,developed,SI,15000000.0,276735880.4666667,1.0,276735880.0,0.0542033074088734,15000000.0,0.0542033075002778,proportional columns are analyst-derived; stage1_cap uses end-of-round wealth (approx),7.28,1.4400000000000004,25,0,0,0,0,0,0,0.0542033074088734
20260804_024555,results/simulation_llama3.1_8b_Full_scnldf_sh1_ldf1_seed2_26agents_30rounds_20260804_024555.json,22,19,developed,SI,0.0,318886152.73333335,1.0,318886152.0,0.0,0.0,0.0,proportional columns are analyst-derived; stage1_cap uses end-of-round wealth (approx),5.0,-2.28,25,0,0,1,0,0,0,0.0
20260804_024555,results/simulation_llama3.1_8b_Full_scnldf_sh1_ldf1_seed2_26agents_30rounds_20260804_024555.json,23,19,developed,SI,15000000.0,405438124.9333333,1.0,405438124.0,0.0369970140387425,15000000.0,0.036997014123911,proportional columns are analyst-derived; stage1_cap uses end-of-round wealth (approx),1.0,-4.0,25,1,1,1,0,1,0,0.0369970140387425
20260804_024555,results/simulation_llama3.1_8b_Full_scnldf_sh1_ldf1_seed2_26agents_30rounds_20260804_024555.json,24,19,developed,SI,15000000.0,422978401.2,1.0,422978401.0,0.0354628036737683,15000000.0,0.0354628036905364,proportional columns are analyst-derived; stage1_cap uses end-of-round wealth (approx),5.12,4.12,25,0,0,0,1,1,1,0.0354628036737683
20260804_024555,results/simulation_llama3.1_8b_Full_scnldf_sh1_ldf1_seed2_26agents_30rounds_20260804_024555.json,25,19,developed,SI,20000000.0,446528302.26666665,1.0,446528302.0,0.0447899940462362,20000000.0,0.0447899940729848,proportional columns are analyst-derived; stage1_cap uses end-of-round wealth (approx),5.0,-0.1200000000000001,25,0,0,0,0,0,0,0.0447899940462362
20260804_024555,results/simulation_llama3.1_8b_Full_scnldf_sh1_ldf1_seed2_26agents_30rounds_20260804_024555.json,26,19,developed,SI,15000000.0,503752201.8,1.0,503752201.0,0.0297765447900817,15000000.0,0.0297765448373693,proportional columns are analyst-derived; stage1_cap uses end-of-round wealth (approx),5.0,0.0,25,0,0,0,0,0,0,0.0297765447900817
20260804_024555,results/simulation_llama3.1_8b_Full_scnldf_sh1_ldf1_seed2_26agents_30rounds_20260804_024555.json,27,19,developed,SI,25000000.0,644089796.5333333,1.0,644089796.0,0.0388144636579508,25000000.0,0.0388144636900908,proportional columns are analyst-derived; stage1_cap uses end-of-round wealth (approx),5.0,0.0,25,0,0,0,0,0,0,0.0388144636579508
20260804_024555,results/simulation_llama3.1_8b_Full_scnldf_sh1_ldf1_seed2_26agents_30rounds_20260804_024555.json,28,19,developed,SI,25000000.0,718411124.9333333,1.0,718411124.0,0.0347990156782718,25000000.0,0.0347990157234814,proportional columns are analyst-derived; stage1_cap uses end-of-round wealth (approx),5.84,0.8399999999999999,25,0,0,0,0,0,0,0.0347990156782718
20260804_024555,results/simulation_llama3.1_8b_Full_scnldf_sh1_ldf1_seed2_26agents_30rounds_20260804_024555.json,29,19,developed,SI,35000000.0,868070795.5333333,1.0,868070795.0,0.0403192921361861,35000000.0,0.0403192921609579,proportional columns are analyst-derived; stage1_cap uses end-of-round wealth (approx),5.12,-0.7199999999999998,25,0,0,0,0,0,0,0.0403192921361861
20260804_024555,results/simulation_llama3.1_8b_Full_scnldf_sh1_ldf1_seed2_26agents_30rounds_20260804_024555.json,30,19,developed,SI,122722547.0,1028468867.0666666,1.0,1028468867.0,0.1193254856124341,122722547.0,0.119325485620169,proportional columns are analyst-derived; stage1_cap uses end-of-round wealth (approx),5.0,-0.1200000000000001,25,0,0,0,0,0,0,0.1193254856124341
20260804_024555,results/simulation_llama3.1_8b_Full_scnldf_sh1_ldf1_seed2_26agents_30rounds_20260804_024555.json,1,20,developed,SI,936560.0,4089405.0,1.0,4089405.0,0.229021092310495,936560.0,0.229021092310495,proportional columns are analyst-derived; stage1_cap uses end-of-round wealth (approx),5.0,,0,0,0,0,0,0,0,0.229021092310495
20260804_024555,results/simulation_llama3.1_8b_Full_scnldf_sh1_ldf1_seed2_26agents_30rounds_20260804_024555.json,2,20,developed,SI,1200000.0,5732544.066666666,1.0,5732544.0,0.2093311426906781,1200000.0,0.2093311451250963,proportional columns are analyst-derived; stage1_cap uses end-of-round wealth (approx),5.0,0.0,25,0,0,0,0,0,0,0.2093311426906781
20260804_024555,results/simulation_llama3.1_8b_Full_scnldf_sh1_ldf1_seed2_26agents_30rounds_20260804_024555.json,3,20,developed,SI,936560.0,9836477.133333333,1.0,9836477.0,0.0952129494436819,936560.0,0.0952129507342923,proportional columns are analyst-derived; stage1_cap uses end-of-round wealth (approx),5.56,0.5599999999999996,25,0,0,0,0,0,0,0.0952129494436819
20260804_024555,results/simulation_llama3.1_8b_Full_scnldf_sh1_ldf1_seed2_26agents_30rounds_20260804_024555.json,4,20,developed,SI,1000000.0,14990107.2,1.0,14990107.0,0.0667106636835792,1000000.0,0.0667106645736418,proportional columns are analyst-derived; stage1_cap uses end-of-round wealth (approx),5.24,-0.3199999999999994,25,0,0,0,0,0,0,0.0667106636835792
20260804_024555,results/simulation_llama3.1_8b_Full_scnldf_sh1_ldf1_seed2_26agents_30rounds_20260804_024555.json,5,20,developed,SI,3000000.0,18536463.33333333,1.0,18536463.0,0.1618431707306985,3000000.0,0.1618431736410554,proportional columns are analyst-derived; stage1_cap uses end-of-round wealth (approx),5.0,-0.2400000000000002,25,0,0,0,0,0,0,0.1618431707306985
20260804_024555,results/simulation_llama3.1_8b_Full_scnldf_sh1_ldf1_seed2_26agents_30rounds_20260804_024555.json,6,20,developed,SI,3000000.0,23185230.266666666,1.0,23185230.0,0.1293927196536448,3000000.0,0.1293927211418649,proportional columns are analyst-derived; stage1_cap uses end-of-round wealth (approx),5.0,0.0,25,0,0,0,0,0,0,0.1293927196536448
20260804_024555,results/simulation_llama3.1_8b_Full_scnldf_sh1_ldf1_seed2_26agents_30rounds_20260804_024555.json,7,20,developed,SI,4000000.0,31495299.73333333,1.0,31495299.0,0.1270030777248506,4000000.0,0.1270030806819773,proportional columns are analyst-derived; stage1_cap uses end-of-round wealth (approx),5.0,0.0,25,0,0,0,0,0,0,0.1270030777248506
20260804_024555,results/simulation_llama3.1_8b_Full_scnldf_sh1_ldf1_seed2_26agents_30rounds_20260804_024555.json,8,20,developed,SI,20000000.0,32614078.066666663,1.0,32614078.0,0.6132321128047177,20000000.0,0.6132321140582297,proportional columns are analyst-derived; stage1_cap uses end-of-round wealth (approx),5.0,0.0,25,0,0,0,0,0,0,0.6132321128047177
20260804_024555,results/simulation_llama3.1_8b_Full_scnldf_sh1_ldf1_seed2_26agents_30rounds_20260804_024555.json,9,20,developed,SI,25000000.0,31806530.46666667,1.0,31806530.0,0.7860021081582623,25000000.0,0.7860021196905164,proportional columns are analyst-derived; stage1_cap uses end-of-round wealth (approx),4.12,-0.8799999999999999,25,0,0,0,0,0,0,0.7860021081582623
20260804_024555,results/simulation_llama3.1_8b_Full_scnldf_sh1_ldf1_seed2_26agents_30rounds_20260804_024555.json,10,20,developed,SI,25000000.0,34276094.866666675,1.0,34276094.0,0.7293713037395159,25000000.0,0.7293713221815765,proportional columns are analyst-derived; stage1_cap uses end-of-round wealth (approx),5.0,0.8799999999999999,25,0,0,0,0,0,0,0.7293713037395159
20260804_024555,results/simulation_llama3.1_8b_Full_scnldf_sh1_ldf1_seed2_26agents_30rounds_20260804_024555.json,11,20,developed,SI,25000000.0,38801558.86666668,1.0,38801558.0,0.6443040107204764,25000000.0,0.6443040251115689,proportional columns are analyst-derived; stage1_cap uses end-of-round wealth (approx),5.12,0.1200000000000001,25,0,0,0,0,0,0,0.6443040107204764
20260804_024555,results/simulation_llama3.1_8b_Full_scnldf_sh1_ldf1_seed2_26agents_30rounds_20260804_024555.json,12,20,developed,SI,25000000.0,45481036.26666668,1.0,45481036.0,0.5496796478738688,25000000.0,0.549679651096778,proportional columns are analyst-derived; stage1_cap uses end-of-round wealth (approx),5.0,-0.1200000000000001,25,0,0,0,0,0,0,0.5496796478738688
20260804_024555,results/simulation_llama3.1_8b_Full_scnldf_sh1_ldf1_seed2_26agents_30rounds_20260804_024555.json,13,20,developed,SI,25000000.0,51519587.40000002,1.0,51519587.0,0.4852523333678714,25000000.0,0.4852523371353889,proportional columns are analyst-derived; stage1_cap uses end-of-round wealth (approx),5.0,0.0,25,0,0,0,0,0,0,0.4852523333678714
20260804_024555,results/simulation_llama3.1_8b_Full_scnldf_sh1_ldf1_seed2_26agents_30rounds_20260804_024555.json,14,20,developed,SI,25000000.0,65981985.00000002,1.0,65981985.0,0.3788912988901439,25000000.0,0.378891298890144,proportional columns are analyst-derived; stage1_cap uses end-of-round wealth (approx),5.0,0.0,25,0,0,0,0,0,0,0.3788912988901439
20260804_024555,results/simulation_llama3.1_8b_Full_scnldf_sh1_ldf1_seed2_26agents_30rounds_20260804_024555.json,15,20,developed,SI,25000000.0,92289880.53333336,1.0,92289880.0,0.2708856036602027,25000000.0,0.2708856052256217,proportional columns are analyst-derived; stage1_cap uses end-of-round wealth (approx),5.0,0.0,25,0,0,0,0,0,0,0.2708856036602027
20260804_024555,results/simulation_llama3.1_8b_Full_scnldf_sh1_ldf1_seed2_26agents_30rounds_20260804_024555.json,16,20,developed,SI,30000000.0,114225258.20000002,1.0,114225258.0,0.2626389335664464,30000000.0,0.2626389340263079,proportional columns are analyst-derived; stage1_cap uses end-of-round wealth (approx),5.0,0.0,25,0,0,0,0,0,0,0.2626389335664464
20260804_024555,results/simulation_llama3.1_8b_Full_scnldf_sh1_ldf1_seed2_26agents_30rounds_20260804_024555.json,17,20,developed,SI,114225258.0,74107594.06666669,1.0,74107594.0,1.5413434943960498,114225258.0,1.541343495782632,proportional columns are analyst-derived; stage1_cap uses end-of-round wealth (approx),5.0,0.0,25,0,0,0,0,0,0,1.5413434943960498
20260804_024555,results/simulation_llama3.1_8b_Full_scnldf_sh1_ldf1_seed2_26agents_30rounds_20260804_024555.json,18,20,developed,SI,40142601.0,80541561.60000002,1.0,80541561.0,0.498408526014971,40142601.0,0.4984085297279003,proportional columns are analyst-derived; stage1_cap uses end-of-round wealth (approx),4.36,-0.6399999999999997,25,0,0,0,0,0,0,0.498408526014971
20260804_024555,results/simulation_llama3.1_8b_Full_scnldf_sh1_ldf1_seed2_26agents_30rounds_20260804_024555.json,19,20,developed,SI,42083069.0,87681802.20000002,1.0,87681802.0,0.4799521445055333,42083069.0,0.4799521456002923,proportional columns are analyst-derived; stage1_cap uses end-of-round wealth (approx),5.0,0.6399999999999997,25,0,0,0,0,0,0,0.4799521445055333
20260804_024555,results/simulation_llama3.1_8b_Full_scnldf_sh1_ldf1_seed2_26agents_30rounds_20260804_024555.json,20,20,developed,SI,10000000.0,105147407.93333337,1.0,105147407.0,0.095104579338183,10000000.0,0.0951045801823719,proportional columns are analyst-derived; stage1_cap uses end-of-round wealth (approx),5.84,0.8399999999999999,25,0,0,0,0,0,0,0.095104579338183
20260804_024555,results/simulation_llama3.1_8b_Full_scnldf_sh1_ldf1_seed2_26agents_30rounds_20260804_024555.json,21,20,developed,SI,17817488.0,144674219.4666667,1.0,144674219.0,0.123155929685905,17817488.0,0.1231559300831615,proportional columns are analyst-derived; stage1_cap uses end-of-round wealth (approx),5.0,-0.8399999999999999,25,0,0,0,0,0,0,0.123155929685905
20260804_024555,results/simulation_llama3.1_8b_Full_scnldf_sh1_ldf1_seed2_26agents_30rounds_20260804_024555.json,22,20,developed,SI,42083069.0,144798996.73333338,1.0,144798996.0,0.2906309432343759,42083069.0,0.290630944706274,proportional columns are analyst-derived; stage1_cap uses end-of-round wealth (approx),5.0,0.0,25,0,0,0,0,0,0,0.2906309432343759
20260804_024555,results/simulation_llama3.1_8b_Full_scnldf_sh1_ldf1_seed2_26agents_30rounds_20260804_024555.json,23,20,developed,SI,10000000.0,236349250.9333334,1.0,236349250.0,0.0423102673713177,10000000.0,0.0423102675383992,proportional columns are analyst-derived; stage1_cap uses end-of-round wealth (approx),6.92,1.92,25,0,0,0,0,0,0,0.0423102673713177
20260804_024555,results/simulation_llama3.1_8b_Full_scnldf_sh1_ldf1_seed2_26agents_30rounds_20260804_024555.json,24,20,developed,SI,0.0,268886260.20000005,1.0,268886260.0,0.0,0.0,0.0,proportional columns are analyst-derived; stage1_cap uses end-of-round wealth (approx),5.0,-1.92,25,0,0,1,0,0,0,0.0
20260804_024555,results/simulation_llama3.1_8b_Full_scnldf_sh1_ldf1_seed2_26agents_30rounds_20260804_024555.json,25,20,developed,SI,15000000.0,297435960.2666667,1.0,297435960.0,0.0504310238296395,15000000.0,0.0504310238748536,proportional columns are analyst-derived; stage1_cap uses end-of-round wealth (approx),1.0,-4.0,25,0,1,1,0,1,0,0.0504310238296395
20260804_024555,results/simulation_llama3.1_8b_Full_scnldf_sh1_ldf1_seed2_26agents_30rounds_20260804_024555.json,26,20,developed,SI,0.0,369658747.8000001,1.0,369658747.0,0.0,0.0,0.0,proportional columns are analyst-derived; stage1_cap uses end-of-round wealth (approx),5.0,4.0,25,0,0,0,1,1,0,0.0
20260804_024555,results/simulation_llama3.1_8b_Full_scnldf_sh1_ldf1_seed2_26agents_30rounds_20260804_024555.json,27,20,developed,SI,15000000.0,519991353.5333334,1.0,519991353.0,0.0288466335027981,15000000.0,0.0288466335323849,proportional columns are analyst-derived; stage1_cap uses end-of-round wealth (approx),1.0,-4.0,25,1,1,1,0,0,0,0.0288466335027981
20260804_024555,results/simulation_llama3.1_8b_Full_scnldf_sh1_ldf1_seed2_26agents_30rounds_20260804_024555.json,28,20,developed,SI,50000000.0,569312744.9333334,1.0,569312744.0,0.087825190011959,50000000.0,0.08782519015594,proportional columns are analyst-derived; stage1_cap uses end-of-round wealth (approx),5.0,4.0,25,0,0,0,1,1,1,0.087825190011959
20260804_024555,results/simulation_llama3.1_8b_Full_scnldf_sh1_ldf1_seed2_26agents_30rounds_20260804_024555.json,29,20,developed,SI,30000000.0,723972443.5333334,1.0,723972443.0,0.0414380412790099,30000000.0,0.0414380413095364,proportional columns are analyst-derived; stage1_cap uses end-of-round wealth (approx),5.12,0.1200000000000001,25,0,0,0,0,0,0,0.0414380412790099
20260804_024555,results/simulation_llama3.1_8b_Full_scnldf_sh1_ldf1_seed2_26agents_30rounds_20260804_024555.json,30,20,developed,SI,200000000.0,807093710.0666668,1.0,807093710.0,0.2478026993711545,200000000.0,0.2478026993916233,proportional columns are analyst-derived; stage1_cap uses end-of-round wealth (approx),5.0,-0.1200000000000001,25,0,0,0,0,0,0,0.2478026993711545
20260804_024555,results/simulation_llama3.1_8b_Full_scnldf_sh1_ldf1_seed2_26agents_30rounds_20260804_024555.json,1,21,developed,SI,1200000.0,5269398.0,1.0,5269398.0,0.2277299987588715,1200000.0,0.2277299987588715,proportional columns are analyst-derived; stage1_cap uses end-of-round wealth (approx),5.0,,0,0,0,0,0,0,0,0.2277299987588715
20260804_024555,results/simulation_llama3.1_8b_Full_scnldf_sh1_ldf1_seed2_26agents_30rounds_20260804_024555.json,2,21,developed,SI,2000000.0,6112881.066666666,1.0,6112881.0,0.327177967015575,2000000.0,0.3271779705837558,proportional columns are analyst-derived; stage1_cap uses end-of-round wealth (approx),5.12,0.1200000000000001,25,0,0,0,0,0,0,0.327177967015575
20260804_024555,results/simulation_llama3.1_8b_Full_scnldf_sh1_ldf1_seed2_26agents_30rounds_20260804_024555.json,3,21,developed,SI,0.0,11147917.133333333,1.0,11147917.0,0.0,0.0,0.0,proportional columns are analyst-derived; stage1_cap uses end-of-round wealth (approx),4.52,-0.6000000000000005,25,0,0,0,0,0,0,0.0
20260804_024555,results/simulation_llama3.1_8b_Full_scnldf_sh1_ldf1_seed2_26agents_30rounds_20260804_024555.json,4,21,developed,SI,8000000.0,9303682.2,1.0,9303682.0,0.8598745988980578,8000000.0,0.8598746173826664,proportional columns are analyst-derived; stage1_cap uses end-of-round wealth (approx),1.0,-3.52,25,0,1,1,0,0,0,0.8598745988980578
20260804_024555,results/simulation_llama3.1_8b_Full_scnldf_sh1_ldf1_seed2_26agents_30rounds_20260804_024555.json,5,21,developed,SI,2000000.0,13850037.333333332,1.0,13850037.0,0.1444039428822719,2000000.0,0.1444039463576884,proportional columns are analyst-derived; stage1_cap uses end-of-round wealth (approx),5.0,4.0,25,0,0,0,1,1,0,0.1444039428822719
20260804_024555,results/simulation_llama3.1_8b_Full_scnldf_sh1_ldf1_seed2_26agents_30rounds_20260804_024555.json,6,21,developed,SI,4284682.0,17218602.266666666,1.0,17218602.0,0.2488402910783691,4284682.0,0.2488402949321902,proportional columns are analyst-derived; stage1_cap uses end-of-round wealth (approx),5.0,0.0,25,0,0,0,0,0,0,0.2488402910783691
20260804_024555,results/simulation_llama3.1_8b_Full_scnldf_sh1_ldf1_seed2_26agents_30rounds_20260804_024555.json,7,21,developed,SI,10000000.0,19535170.73333333,1.0,19535170.0,0.511897240956116,10000000.0,0.5118972601722944,proportional columns are analyst-derived; stage1_cap uses end-of-round wealth (approx),5.0,0.0,25,0,0,0,0,0,0,0.511897240956116
20260804_024555,results/simulation_llama3.1_8b_Full_scnldf_sh1_ldf1_seed2_26agents_30rounds_20260804_024555.json,8,21,developed,SI,19535170.0,21419529.066666663,1.0,21419529.0,0.9120261206116278,19535170.0,0.91202612345024,proportional columns are analyst-derived; stage1_cap uses end-of-round wealth (approx),4.92,-0.08,25,0,0,0,0,0,0,0.9120261206116278
20260804_024555,results/simulation_llama3.1_8b_Full_scnldf_sh1_ldf1_seed2_26agents_30rounds_20260804_024555.json,9,21,developed,SI,0.0,45600830.46666667,1.0,45600830.0,0.0,0.0,0.0,proportional columns are analyst-derived; stage1_cap uses end-of-round wealth (approx),5.48,0.5600000000000005,25,0,0,0,0,0,0,0.0
20260804_024555,results/simulation_llama3.1_8b_Full_scnldf_sh1_ldf1_seed2_26agents_30rounds_20260804_024555.json,10,21,developed,SI,10000000.0,63065314.86666668,1.0,63065314.0,0.1585657666364165,10000000.0,0.1585657688154854,proportional columns are analyst-derived; stage1_cap uses end-of-round wealth (approx),1.0,-4.48,25,1,1,1,0,0,0,0.1585657666364165
20260804_024555,results/simulation_llama3.1_8b_Full_scnldf_sh1_ldf1_seed2_26agents_30rounds_20260804_024555.json,11,21,developed,SI,3153265.0,89430750.86666667,1.0,89430750.0,0.0352592924630727,3153265.0,0.0352592928047679,proportional columns are analyst-derived; stage1_cap uses end-of-round wealth (approx),5.12,4.12,25,0,0,0,1,1,1,0.0352592924630727
20260804_024555,results/simulation_llama3.1_8b_Full_scnldf_sh1_ldf1_seed2_26agents_30rounds_20260804_024555.json,12,21,developed,SI,25000000.0,96110221.26666668,1.0,96110221.0,0.2601180152383084,25000000.0,0.2601180159600298,proportional columns are analyst-derived; stage1_cap uses end-of-round wealth (approx),5.24,0.1200000000000001,25,0,0,0,0,0,0,0.2601180152383084
20260804_024555,results/simulation_llama3.1_8b_Full_scnldf_sh1_ldf1_seed2_26agents_30rounds_20260804_024555.json,13,21,developed,SI,20000000.0,107154278.40000002,1.0,107154278.0,0.1866467704195747,20000000.0,0.1866467711163151,proportional columns are analyst-derived; stage1_cap uses end-of-round wealth (approx),3.4,-1.8400000000000003,25,0,1,1,0,0,0,0.1866467704195747
20260804_024555,results/simulation_llama3.1_8b_Full_scnldf_sh1_ldf1_seed2_26agents_30rounds_20260804_024555.json,14,21,developed,SI,19347875.0,127258551.00000004,1.0,127258551.0,0.1520359523816988,19347875.0,0.1520359523816989,proportional columns are analyst-derived; stage1_cap uses end-of-round wealth (approx),5.0,1.6,25,0,0,0,1,1,0,0.1520359523816988
20260804_024555,results/simulation_llama3.1_8b_Full_scnldf_sh1_ldf1_seed2_26agents_30rounds_20260804_024555.json,15,21,developed,SI,25144976.0,153435369.53333336,1.0,153435369.0,0.1638799194506279,25144976.0,0.163879920020266,proportional columns are analyst-derived; stage1_cap uses end-of-round wealth (approx),5.0,0.0,25,0,0,0,0,0,0,0.1638799194506279
20260804_024555,results/simulation_llama3.1_8b_Full_scnldf_sh1_ldf1_seed2_26agents_30rounds_20260804_024555.json,16,21,developed,SI,40000000.0,165372280.20000002,1.0,165372280.0,0.2418785055852425,40000000.0,0.2418785058777686,proportional columns are analyst-derived; stage1_cap uses end-of-round wealth (approx),5.48,0.4800000000000004,25,0,0,0,0,0,0,0.2418785055852425
20260804_024555,results/simulation_llama3.1_8b_Full_scnldf_sh1_ldf1_seed2_26agents_30rounds_20260804_024555.json,17,21,developed,SI,19347875.0,220130210.0666667,1.0,220130210.0,0.0878928657458713,19347875.0,0.0878928657724898,proportional columns are analyst-derived; stage1_cap uses end-of-round wealth (approx),5.0,-0.4800000000000004,25,0,0,0,0,0,0,0.0878928657458713
20260804_024555,results/simulation_llama3.1_8b_Full_scnldf_sh1_ldf1_seed2_26agents_30rounds_20260804_024555.json,18,21,developed,SI,20000000.0,246704763.6,1.0,246704763.0,0.08106856028296,20000000.0,0.0810685604801233,proportional columns are analyst-derived; stage1_cap uses end-of-round wealth (approx),5.0,0.0,25,0,0,0,0,0,0,0.08106856028296
20260804_024555,results/simulation_llama3.1_8b_Full_scnldf_sh1_ldf1_seed2_26agents_30rounds_20260804_024555.json,19,21,developed,SI,0.0,295924309.20000005,1.0,295924309.0,0.0,0.0,0.0,proportional columns are analyst-derived; stage1_cap uses end-of-round wealth (approx),5.0,0.0,25,0,0,0,0,0,0,0.0
20260804_024555,results/simulation_llama3.1_8b_Full_scnldf_sh1_ldf1_seed2_26agents_30rounds_20260804_024555.json,20,21,developed,SI,15000000.0,308389912.9333334,1.0,308389912.0,0.0486397231910845,15000000.0,0.0486397233382913,proportional columns are analyst-derived; stage1_cap uses end-of-round wealth (approx),1.0,-4.0,25,0,1,1,0,0,0,0.0486397231910845
20260804_024555,results/simulation_llama3.1_8b_Full_scnldf_sh1_ldf1_seed2_26agents_30rounds_20260804_024555.json,21,21,developed,SI,15000000.0,350710662.4666668,1.0,350710662.0,0.0427702992960063,15000000.0,0.0427702993529178,proportional columns are analyst-derived; stage1_cap uses end-of-round wealth (approx),5.48,4.48,25,0,0,0,1,1,0,0.0427702992960063
20260804_024555,results/simulation_llama3.1_8b_Full_scnldf_sh1_ldf1_seed2_26agents_30rounds_20260804_024555.json,22,21,developed,SI,15000000.0,377840984.7333334,1.0,377840984.0,0.0396992401726521,15000000.0,0.0396992402497025,proportional columns are analyst-derived; stage1_cap uses end-of-round wealth (approx),5.12,-0.3600000000000003,25,0,0,0,0,0,0,0.0396992401726521
20260804_024555,results/simulation_llama3.1_8b_Full_scnldf_sh1_ldf1_seed2_26agents_30rounds_20260804_024555.json,23,21,developed,SI,15000000.0,464395256.9333334,1.0,464395256.0,0.032300071493093,15000000.0,0.0323000715580091,proportional columns are analyst-derived; stage1_cap uses end-of-round wealth (approx),5.0,-0.1200000000000001,25,0,0,0,0,0,0,0.032300071493093
20260804_024555,results/simulation_llama3.1_8b_Full_scnldf_sh1_ldf1_seed2_26agents_30rounds_20260804_024555.json,24,21,developed,SI,15000000.0,481935553.2000001,1.0,481935553.0,0.0311244935145407,15000000.0,0.0311244935274571,proportional columns are analyst-derived; stage1_cap uses end-of-round wealth (approx),5.0,0.0,25,0,0,0,0,0,0,0.0311244935145407
20260804_024555,results/simulation_llama3.1_8b_Full_scnldf_sh1_ldf1_seed2_26agents_30rounds_20260804_024555.json,25,21,developed,SI,20000000.0,505485377.2666667,1.0,505485377.0,0.0395659318735328,20000000.0,0.0395659318944057,proportional columns are analyst-derived; stage1_cap uses end-of-round wealth (approx),5.0,0.0,25,0,0,0,0,0,0,0.0395659318735328
20260804_024555,results/simulation_llama3.1_8b_Full_scnldf_sh1_ldf1_seed2_26agents_30rounds_20260804_024555.json,26,21,developed,SI,15000000.0,562710414.8000001,1.0,562710414.0,0.0266566951765613,15000000.0,0.0266566952144589,proportional columns are analyst-derived; stage1_cap uses end-of-round wealth (approx),5.0,0.0,25,0,0,0,0,0,0,0.0266566951765613
20260804_024555,results/simulation_llama3.1_8b_Full_scnldf_sh1_ldf1_seed2_26agents_30rounds_20260804_024555.json,27,21,developed,SI,25000000.0,703048144.5333334,1.0,703048144.0,0.0355594424000569,25000000.0,0.0355594424270324,proportional columns are analyst-derived; stage1_cap uses end-of-round wealth (approx),5.0,0.0,25,0,0,0,0,0,0,0.0355594424000569
20260804_024555,results/simulation_llama3.1_8b_Full_scnldf_sh1_ldf1_seed2_26agents_30rounds_20260804_024555.json,28,21,developed,SI,0.0,802367188.9333334,1.0,802367188.0,0.0,0.0,0.0,proportional columns are analyst-derived; stage1_cap uses end-of-round wealth (approx),5.0,0.0,25,0,0,0,0,0,0,0.0
20260804_024555,results/simulation_llama3.1_8b_Full_scnldf_sh1_ldf1_seed2_26agents_30rounds_20260804_024555.json,29,21,developed,SI,25000000.0,962023781.5333334,1.0,962023781.0,0.0259868835676322,25000000.0,0.025986883582039,proportional columns are analyst-derived; stage1_cap uses end-of-round wealth (approx),1.0,-4.0,25,1,1,1,0,0,0,0.0259868835676322
20260804_024555,results/simulation_llama3.1_8b_Full_scnldf_sh1_ldf1_seed2_26agents_30rounds_20260804_024555.json,30,21,developed,SI,962023781.0,283120606.0666667,1.0,283120606.0,3.3979292230445117,962023781.0,3.397929223844625,proportional columns are analyst-derived; stage1_cap uses end-of-round wealth (approx),5.36,4.36,25,0,0,0,1,1,1,3.3979292230445117
20260804_024555,results/simulation_llama3.1_8b_Full_scnldf_sh1_ldf1_seed2_26agents_30rounds_20260804_024555.json,1,22,developed,SI,3000.0,4690125.0,1.0,4690125.0,0.0006396418005916,3000.0,0.0006396418005916,proportional columns are analyst-derived; stage1_cap uses end-of-round wealth (approx),5.0,,0,0,0,0,0,0,0,0.0006396418005916
20260804_024555,results/simulation_llama3.1_8b_Full_scnldf_sh1_ldf1_seed2_26agents_30rounds_20260804_024555.json,2,22,developed,SI,234506.0,7297913.066666666,1.0,7297913.0,0.0321332958967557,234506.0,0.0321332961902944,proportional columns are analyst-derived; stage1_cap uses end-of-round wealth (approx),5.0,0.0,25,0,0,0,0,0,0,0.0321332958967557
20260804_024555,results/simulation_llama3.1_8b_Full_scnldf_sh1_ldf1_seed2_26agents_30rounds_20260804_024555.json,3,22,developed,SI,0.0,12337230.133333333,1.0,12337230.0,0.0,0.0,0.0,proportional columns are analyst-derived; stage1_cap uses end-of-round wealth (approx),8.0,3.0,25,0,0,0,0,0,0,0.0
20260804_024555,results/simulation_llama3.1_8b_Full_scnldf_sh1_ldf1_seed2_26agents_30rounds_20260804_024555.json,4,22,developed,SI,4000000.0,14488558.2,1.0,14488558.0,0.2760799207750016,4000000.0,0.2760799245860078,proportional columns are analyst-derived; stage1_cap uses end-of-round wealth (approx),1.0,-7.0,25,0,1,1,0,0,0,0.2760799207750016
20260804_024555,results/simulation_llama3.1_8b_Full_scnldf_sh1_ldf1_seed2_26agents_30rounds_20260804_024555.json,5,22,developed,SI,10000000.0,11035073.333333332,1.0,11035073.0,0.9062014993405876,10000000.0,0.90620152671396,proportional columns are analyst-derived; stage1_cap uses end-of-round wealth (approx),3.96,2.96,25,0,1,0,1,1,0,0.9062014993405876
20260804_024555,results/simulation_llama3.1_8b_Full_scnldf_sh1_ldf1_seed2_26agents_30rounds_20260804_024555.json,6,22,developed,SI,10000000.0,8686721.266666666,1.0,8686721.0,1.151182326797194,10000000.0,1.1511823621364148,proportional columns are analyst-derived; stage1_cap uses end-of-round wealth (approx),5.0,1.04,25,0,0,0,1,0,0,1.151182326797194
20260804_024555,results/simulation_llama3.1_8b_Full_scnldf_sh1_ldf1_seed2_26agents_30rounds_20260804_024555.json,7,22,developed,SI,6000000.0,15008505.733333332,1.0,15008505.0,0.3997733089893301,6000000.0,0.3997733285227276,proportional columns are analyst-derived; stage1_cap uses end-of-round wealth (approx),7.04,2.04,25,0,0,0,0,0,0,0.3997733089893301
20260804_024555,results/simulation_llama3.1_8b_Full_scnldf_sh1_ldf1_seed2_26agents_30rounds_20260804_024555.json,8,22,developed,SI,10000000.0,26100326.066666663,1.0,26100326.0,0.3831369759311641,10000000.0,0.3831369769097903,proportional columns are analyst-derived; stage1_cap uses end-of-round wealth (approx),5.12,-1.92,25,0,0,1,0,0,0,0.3831369759311641
20260804_024555,results/simulation_llama3.1_8b_Full_scnldf_sh1_ldf1_seed2_26agents_30rounds_20260804_024555.json,9,22,developed,SI,13500000.0,36791569.46666667,1.0,36791569.0,0.3669318867256006,13500000.0,0.3669318913797886,proportional columns are analyst-derived; stage1_cap uses end-of-round wealth (approx),5.0,-0.1200000000000001,25,0,0,0,0,1,0,0.3669318867256006
20260804_024555,results/simulation_llama3.1_8b_Full_scnldf_sh1_ldf1_seed2_26agents_30rounds_20260804_024555.json,10,22,developed,SI,15000000.0,49260934.86666668,1.0,49260934.0,0.3045009202647112,15000000.0,0.3045009256219137,proportional columns are analyst-derived; stage1_cap uses end-of-round wealth (approx),5.12,0.1200000000000001,25,0,0,0,0,0,0,0.3045009202647112
20260804_024555,results/simulation_llama3.1_8b_Full_scnldf_sh1_ldf1_seed2_26agents_30rounds_20260804_024555.json,11,22,developed,SI,17371414.0,61414346.86666668,1.0,61414346.0,0.282855959336572,17371414.0,0.2828559633281774,proportional columns are analyst-derived; stage1_cap uses end-of-round wealth (approx),5.12,0.0,25,0,0,0,0,0,0,0.282855959336572
20260804_024555,results/simulation_llama3.1_8b_Full_scnldf_sh1_ldf1_seed2_26agents_30rounds_20260804_024555.json,12,22,developed,SI,0.0,93086391.26666668,1.0,93086391.0,0.0,0.0,0.0,proportional columns are analyst-derived; stage1_cap uses end-of-round wealth (approx),5.0,-0.1200000000000001,25,0,0,0,0,0,0,0.0
20260804_024555,results/simulation_llama3.1_8b_Full_scnldf_sh1_ldf1_seed2_26agents_30rounds_20260804_024555.json,13,22,developed,SI,0.0,124117888.40000002,1.0,124117888.0,0.0,0.0,0.0,proportional columns are analyst-derived; stage1_cap uses end-of-round wealth (approx),1.0,-4.0,25,1,1,1,0,0,0,0.0
20260804_024555,results/simulation_llama3.1_8b_Full_scnldf_sh1_ldf1_seed2_26agents_30rounds_20260804_024555.json,14,22,developed,SI,50000000.0,113565191.00000004,1.0,113565191.0,0.4402757531574969,50000000.0,0.440275753157497,proportional columns are analyst-derived; stage1_cap uses end-of-round wealth (approx),1.0,0.0,25,0,1,0,1,1,1,0.4402757531574969
20260804_024555,results/simulation_llama3.1_8b_Full_scnldf_sh1_ldf1_seed2_26agents_30rounds_20260804_024555.json,15,22,developed,SI,30000000.0,134890890.53333336,1.0,134890890.0,0.2224019715592773,30000000.0,0.2224019724386131,proportional columns are analyst-derived; stage1_cap uses end-of-round wealth (approx),5.12,4.12,25,0,0,0,1,0,0,0.2224019715592773
20260804_024555,results/simulation_llama3.1_8b_Full_scnldf_sh1_ldf1_seed2_26agents_30rounds_20260804_024555.json,16,22,developed,SI,0.0,186819779.2,1.0,186819779.0,0.0,0.0,0.0,proportional columns are analyst-derived; stage1_cap uses end-of-round wealth (approx),5.0,-0.1200000000000001,25,0,0,0,0,0,0,0.0
20260804_024555,results/simulation_llama3.1_8b_Full_scnldf_sh1_ldf1_seed2_26agents_30rounds_20260804_024555.json,17,22,developed,SI,0.0,260910064.0666667,1.0,260910064.0,0.0,0.0,0.0,proportional columns are analyst-derived; stage1_cap uses end-of-round wealth (approx),1.0,-4.0,25,1,1,1,0,0,0,0.0
20260804_024555,results/simulation_llama3.1_8b_Full_scnldf_sh1_ldf1_seed2_26agents_30rounds_20260804_024555.json,18,22,developed,SI,50000000.0,257474007.6,1.0,257474007.0,0.1941943595241572,50000000.0,0.1941943599766946,proportional columns are analyst-derived; stage1_cap uses end-of-round wealth (approx),1.0,0.0,25,1,1,0,1,1,1,0.1941943595241572
20260804_024555,results/simulation_llama3.1_8b_Full_scnldf_sh1_ldf1_seed2_26agents_30rounds_20260804_024555.json,19,22,developed,SI,0.0,306690555.20000005,1.0,306690555.0,0.0,0.0,0.0,proportional columns are analyst-derived; stage1_cap uses end-of-round wealth (approx),5.0,4.0,25,0,0,0,1,0,1,0.0
20260804_024555,results/simulation_llama3.1_8b_Full_scnldf_sh1_ldf1_seed2_26agents_30rounds_20260804_024555.json,20,22,developed,SI,20000000.0,314157453.9333334,1.0,314157453.0,0.0636623443104557,20000000.0,0.0636623444995907,proportional columns are analyst-derived; stage1_cap uses end-of-round wealth (approx),1.0,-4.0,25,0,1,1,0,0,0,0.0636623443104557
20260804_024555,results/simulation_llama3.1_8b_Full_scnldf_sh1_ldf1_seed2_26agents_30rounds_20260804_024555.json,21,22,developed,SI,15000000.0,356468253.4666668,1.0,356468253.0,0.0420794835279844,15000000.0,0.0420794835830724,proportional columns are analyst-derived; stage1_cap uses end-of-round wealth (approx),5.0,4.0,25,0,0,0,1,1,0,0.0420794835279844
20260804_024555,results/simulation_llama3.1_8b_Full_scnldf_sh1_ldf1_seed2_26agents_30rounds_20260804_024555.json,22,22,developed,SI,20000000.0,378656581.7333334,1.0,378656581.0,0.0528183081050599,20000000.0,0.0528183082073516,proportional columns are analyst-derived; stage1_cap uses end-of-round wealth (approx),7.88,2.88,25,0,0,0,0,0,0,0.0528183081050599
20260804_024555,results/simulation_llama3.1_8b_Full_scnldf_sh1_ldf1_seed2_26agents_30rounds_20260804_024555.json,23,22,developed,SI,26954765.0,453262691.9333334,1.0,453262691.0,0.0594683071863425,26954765.0,0.0594683073087963,proportional columns are analyst-derived; stage1_cap uses end-of-round wealth (approx),6.2,-1.6799999999999995,25,0,0,1,0,0,0,0.0594683071863425
20260804_024555,results/simulation_llama3.1_8b_Full_scnldf_sh1_ldf1_seed2_26agents_30rounds_20260804_024555.json,24,22,developed,SI,15000000.0,470802961.2000001,1.0,470802961.0,0.0318604623084091,15000000.0,0.0318604623219436,proportional columns are analyst-derived; stage1_cap uses end-of-round wealth (approx),5.0,-1.2000000000000002,25,0,0,1,0,1,0,0.0318604623084091
20260804_024555,results/simulation_llama3.1_8b_Full_scnldf_sh1_ldf1_seed2_26agents_30rounds_20260804_024555.json,25,22,developed,SI,25000000.0,489352761.2666667,1.0,489352761.0,0.0510878899207366,25000000.0,0.0510878899485763,proportional columns are analyst-derived; stage1_cap uses end-of-round wealth (approx),5.0,0.0,25,0,0,0,0,1,0,0.0510878899207366
20260804_024555,results/simulation_llama3.1_8b_Full_scnldf_sh1_ldf1_seed2_26agents_30rounds_20260804_024555.json,26,22,developed,SI,20000000.0,541580202.8000001,1.0,541580202.0,0.036928971732347,20000000.0,0.036928971786897,proportional columns are analyst-derived; stage1_cap uses end-of-round wealth (approx),6.32,1.3200000000000005,25,0,0,0,0,0,0,0.036928971732347
20260804_024555,results/simulation_llama3.1_8b_Full_scnldf_sh1_ldf1_seed2_26agents_30rounds_20260804_024555.json,27,22,developed,SI,27400000.0,679518500.5333334,1.0,679518500.0,0.0403226696234091,27400000.0,0.0403226696550572,proportional columns are analyst-derived; stage1_cap uses end-of-round wealth (approx),6.44,0.1200000000000001,25,0,0,0,0,0,0,0.0403226696234091
20260804_024555,results/simulation_llama3.1_8b_Full_scnldf_sh1_ldf1_seed2_26agents_30rounds_20260804_024555.json,28,22,developed,SI,10000000.0,768838524.9333334,1.0,768838524.0,0.0130066323105584,10000000.0,0.0130066323263478,proportional columns are analyst-derived; stage1_cap uses end-of-round wealth (approx),5.36,-1.08,25,0,0,1,0,0,0,0.0130066323105584
20260804_024555,results/simulation_llama3.1_8b_Full_scnldf_sh1_ldf1_seed2_26agents_30rounds_20260804_024555.json,29,22,developed,SI,40000000.0,913498216.5333334,1.0,913498216.0,0.0437877154832304,40000000.0,0.0437877155087952,proportional columns are analyst-derived; stage1_cap uses end-of-round wealth (approx),5.0,-0.3600000000000003,25,0,0,0,0,1,0,0.0437877154832304
20260804_024555,results/simulation_llama3.1_8b_Full_scnldf_sh1_ldf1_seed2_26agents_30rounds_20260804_024555.json,30,22,developed,SI,122268001.0,1074347606.0666668,1.0,1074347606.0,0.1138067421657314,122268001.0,0.1138067421727935,proportional columns are analyst-derived; stage1_cap uses end-of-round wealth (approx),5.0,0.0,25,0,0,0,0,0,0,0.1138067421657314
20260804_024555,results/simulation_llama3.1_8b_Full_scnldf_sh1_ldf1_seed2_26agents_30rounds_20260804_024555.json,1,23,developing,SFI,33700.0,360641.1428571429,0.1,360641.0,0.0934446905669585,337000.0,0.0934447275822771,proportional columns are analyst-derived; stage1_cap uses end-of-round wealth (approx),5.0,,0,0,0,0,0,0,0,0.0934446905669585
20260804_024555,results/simulation_llama3.1_8b_Full_scnldf_sh1_ldf1_seed2_26agents_30rounds_20260804_024555.json,2,23,developing,SFI,180.0,612394.1714285715,0.1,612394.0,0.0002939283363525,1800.0,0.0002939284186324,proportional columns are analyst-derived; stage1_cap uses end-of-round wealth (approx),5.0,0.0,25,0,0,0,0,0,0,0.0002939283363525
20260804_024555,results/simulation_llama3.1_8b_Full_scnldf_sh1_ldf1_seed2_26agents_30rounds_20260804_024555.json,3,23,developing,SFI,169556.0,679400.4571428571,0.1,679400.0,0.2495670973096616,1695560.0,0.24956726523403,proportional columns are analyst-derived; stage1_cap uses end-of-round wealth (approx),3.8,-1.2000000000000002,25,0,1,1,0,0,0,0.2495670973096616
20260804_024555,results/simulation_llama3.1_8b_Full_scnldf_sh1_ldf1_seed2_26agents_30rounds_20260804_024555.json,4,23,developing,SFI,200000.0,904590.6285714286,0.1,904590.0,0.2210944859287888,2000000.0,0.2210946395604638,proportional columns are analyst-derived; stage1_cap uses end-of-round wealth (approx),5.0,1.2000000000000002,25,0,0,0,1,1,0,0.2210944859287888
20260804_024555,results/simulation_llama3.1_8b_Full_scnldf_sh1_ldf1_seed2_26agents_30rounds_20260804_024555.json,5,23,developing,SFI,200000.0,1483930.9142857145,0.1,1483930.0,0.134777163865657,2000000.0,0.1347772469051774,proportional columns are analyst-derived; stage1_cap uses end-of-round wealth (approx),7.52,2.52,25,0,0,0,0,0,0,0.134777163865657
20260804_024555,results/simulation_llama3.1_8b_Full_scnldf_sh1_ldf1_seed2_26agents_30rounds_20260804_024555.json,6,23,developing,SFI,0.0,2146357.4285714286,0.1,2146357.0,0.0,0.0,0.0,proportional columns are analyst-derived; stage1_cap uses end-of-round wealth (approx),5.0,-2.52,25,0,0,1,0,0,0,0.0
20260804_024555,results/simulation_llama3.1_8b_Full_scnldf_sh1_ldf1_seed2_26agents_30rounds_20260804_024555.json,7,23,developing,SFI,1000000.0,1818960.285714286,0.1,1818960.0,0.5497646143534743,10000000.0,0.5497647007080969,proportional columns are analyst-derived; stage1_cap uses end-of-round wealth (approx),1.0,-4.0,25,1,1,1,0,1,0,0.5497646143534743
20260804_024555,results/simulation_llama3.1_8b_Full_scnldf_sh1_ldf1_seed2_26agents_30rounds_20260804_024555.json,8,23,developing,SFI,0.0,2789170.685714286,0.1,2789170.0,0.0,0.0,0.0,proportional columns are analyst-derived; stage1_cap uses end-of-round wealth (approx),5.36,4.36,25,0,0,0,1,1,1,0.0
20260804_024555,results/simulation_llama3.1_8b_Full_scnldf_sh1_ldf1_seed2_26agents_30rounds_20260804_024555.json,9,23,developing,SFI,1000000.0,2626361.4285714286,0.1,2626361.0,0.3807549064349211,10000000.0,0.3807549685667735,proportional columns are analyst-derived; stage1_cap uses end-of-round wealth (approx),1.0,-4.36,25,1,1,1,0,0,0,0.3807549064349211
20260804_024555,results/simulation_llama3.1_8b_Full_scnldf_sh1_ldf1_seed2_26agents_30rounds_20260804_024555.json,10,23,developing,SFI,1000000.0,2238065.4285714286,0.1,2238065.0,0.4468144618266618,10000000.0,0.4468145473880338,proportional columns are analyst-derived; stage1_cap uses end-of-round wealth (approx),7.4,6.4,25,0,0,0,1,1,1,0.4468144618266618
20260804_024555,results/simulation_llama3.1_8b_Full_scnldf_sh1_ldf1_seed2_26agents_30rounds_20260804_024555.json,11,23,developing,SFI,0.0,3598760.5142857144,0.1,3598760.0,0.0,0.0,0.0,proportional columns are analyst-derived; stage1_cap uses end-of-round wealth (approx),5.0,-2.4000000000000004,25,0,0,1,0,0,0,0.0
20260804_024555,results/simulation_llama3.1_8b_Full_scnldf_sh1_ldf1_seed2_26agents_30rounds_20260804_024555.json,12,23,developing,SFI,0.0,5363263.600000001,0.1,5363263.0,0.0,0.0,0.0,proportional columns are analyst-derived; stage1_cap uses end-of-round wealth (approx),1.0,-4.0,25,1,1,1,0,1,0,0.0
20260804_024555,results/simulation_llama3.1_8b_Full_scnldf_sh1_ldf1_seed2_26agents_30rounds_20260804_024555.json,13,23,developing,SFI,5363263.0,2085225.2857142864,0.1,2085225.0,2.5720304835852947,53632630.0,2.572030836000911,proportional columns are analyst-derived; stage1_cap uses end-of-round wealth (approx),1.0,0.0,25,1,1,0,1,1,1,2.5720304835852947
20260804_024555,results/simulation_llama3.1_8b_Full_scnldf_sh1_ldf1_seed2_26agents_30rounds_20260804_024555.json,14,23,developing,SFI,104261.0,3872016.5142857153,0.1,3872016.0,0.0269267963128079,1042610.0,0.0269267998892566,proportional columns are analyst-derived; stage1_cap uses end-of-round wealth (approx),7.76,6.76,25,0,0,0,1,0,1,0.0269267963128079
20260804_024555,results/simulation_llama3.1_8b_Full_scnldf_sh1_ldf1_seed2_26agents_30rounds_20260804_024555.json,15,23,developing,SFI,104261.0,5256268.885714287,0.1,5256268.0,0.0198355529876648,1042610.0,0.0198355563300805,proportional columns are analyst-derived; stage1_cap uses end-of-round wealth (approx),5.0,-2.76,25,0,0,1,0,0,0,0.0198355529876648
20260804_024555,results/simulation_llama3.1_8b_Full_scnldf_sh1_ldf1_seed2_26agents_30rounds_20260804_024555.json,16,23,developing,SFI,5000000.0,1885859.2857142875,0.1,1885859.0,2.6513112817461364,50000000.0,2.651311683429143,proportional columns are analyst-derived; stage1_cap uses end-of-round wealth (approx),5.0,0.0,25,0,0,0,0,1,0,2.6513112817461364
20260804_024555,results/simulation_llama3.1_8b_Full_scnldf_sh1_ldf1_seed2_26agents_30rounds_20260804_024555.json,17,23,developing,SFI,500000.0,3541477.3428571443,0.1,3541477.0,0.1411840177400702,5000000.0,0.1411840314083643,proportional columns are analyst-derived; stage1_cap uses end-of-round wealth (approx),8.0,3.0,25,0,0,0,0,0,0,0.1411840177400702
20260804_024555,results/simulation_llama3.1_8b_Full_scnldf_sh1_ldf1_seed2_26agents_30rounds_20260804_024555.json,18,23,developing,SFI,177073.0,4119504.342857144,0.1,4119504.0,0.0429840546975096,1770730.0,0.0429840582749767,proportional columns are analyst-derived; stage1_cap uses end-of-round wealth (approx),5.0,-3.0,25,0,0,1,0,0,0,0.0429840546975096
20260804_024555,results/simulation_llama3.1_8b_Full_scnldf_sh1_ldf1_seed2_26agents_30rounds_20260804_024555.json,19,23,developing,SFI,205975.0,5198647.171428573,0.1,5198647.0,0.039620884666308,2059750.0,0.039620885972831,proportional columns are analyst-derived; stage1_cap uses end-of-round wealth (approx),5.0,0.0,25,0,0,0,0,1,0,0.039620884666308
20260804_024555,results/simulation_llama3.1_8b_Full_scnldf_sh1_ldf1_seed2_26agents_30rounds_20260804_024555.json,20,23,developing,SFI,2000000.0,6923901.571428573,0.1,6923901.0,0.2888544817351224,20000000.0,0.288854505574242,proportional columns are analyst-derived; stage1_cap uses end-of-round wealth (approx),5.0,0.0,25,0,0,0,0,0,0,0.2888544817351224
20260804_024555,results/simulation_llama3.1_8b_Full_scnldf_sh1_ldf1_seed2_26agents_30rounds_20260804_024555.json,21,23,developing,SFI,4000000.0,8835307.628571432,0.1,8835307.0,0.4527290014288675,40000000.0,0.4527290336374276,proportional columns are analyst-derived; stage1_cap uses end-of-round wealth (approx),5.0,0.0,25,0,0,0,0,0,0,0.4527290014288675
20260804_024555,results/simulation_llama3.1_8b_Full_scnldf_sh1_ldf1_seed2_26agents_30rounds_20260804_024555.json,22,23,developing,SFI,4417650.0,7695465.514285718,0.1,7695465.0,0.5740588391695287,44176500.0,0.5740588775337163,proportional columns are analyst-derived; stage1_cap uses end-of-round wealth (approx),5.0,0.0,25,0,0,0,0,0,0,0.5740588391695287
20260804_024555,results/simulation_llama3.1_8b_Full_scnldf_sh1_ldf1_seed2_26agents_30rounds_20260804_024555.json,23,23,developing,SFI,4000000.0,9472076.371428575,0.1,9472076.0,0.4222938923999323,40000000.0,0.4222939089593453,proportional columns are analyst-derived; stage1_cap uses end-of-round wealth (approx),4.64,-0.3600000000000003,25,0,0,0,0,0,0,0.4222938923999323
20260804_024555,results/simulation_llama3.1_8b_Full_scnldf_sh1_ldf1_seed2_26agents_30rounds_20260804_024555.json,24,23,developing,SFI,4417650.0,9323939.285714293,0.1,9323939.0,0.4737965214733347,44176500.0,0.4737965359919235,proportional columns are analyst-derived; stage1_cap uses end-of-round wealth (approx),6.44,1.8000000000000007,25,0,0,0,0,0,0,0.4737965214733347
20260804_024555,results/simulation_llama3.1_8b_Full_scnldf_sh1_ldf1_seed2_26agents_30rounds_20260804_024555.json,25,23,developing,SFI,4417650.0,9038476.828571437,0.1,9038476.0,0.4887604497735074,44176500.0,0.4887604945789534,proportional columns are analyst-derived; stage1_cap uses end-of-round wealth (approx),5.12,-1.3200000000000005,25,0,0,1,0,0,0,0.4887604497735074
20260804_024555,results/simulation_llama3.1_8b_Full_scnldf_sh1_ldf1_seed2_26agents_30rounds_20260804_024555.json,26,23,developing,SFI,4417650.0,12039935.285714293,0.1,12039935.0,0.3669164239812535,44176500.0,0.3669164326883825,proportional columns are analyst-derived; stage1_cap uses end-of-round wealth (approx),5.12,0.0,25,0,0,0,0,1,0,0.3669164239812535
20260804_024555,results/simulation_llama3.1_8b_Full_scnldf_sh1_ldf1_seed2_26agents_30rounds_20260804_024555.json,27,23,developing,SFI,4417650.0,17224090.885714293,0.1,17224090.0,0.2564808807217808,44176500.0,0.2564808939107958,proportional columns are analyst-derived; stage1_cap uses end-of-round wealth (approx),5.0,-0.1200000000000001,25,0,0,0,0,0,0,0.2564808807217808
20260804_024555,results/simulation_llama3.1_8b_Full_scnldf_sh1_ldf1_seed2_26agents_30rounds_20260804_024555.json,28,23,developing,SFI,4417650.0,17278827.057142865,0.1,17278827.0,0.2556683960890618,44176500.0,0.2556683969345836,proportional columns are analyst-derived; stage1_cap uses end-of-round wealth (approx),5.12,0.1200000000000001,25,0,0,0,0,0,0,0.2556683960890618
20260804_024555,results/simulation_llama3.1_8b_Full_scnldf_sh1_ldf1_seed2_26agents_30rounds_20260804_024555.json,29,23,developing,SFI,4417650.0,19683655.914285723,0.1,19683655.0,0.2244323930085478,44176500.0,0.2244324034332038,proportional columns are analyst-derived; stage1_cap uses end-of-round wealth (approx),5.0,-0.1200000000000001,25,0,0,0,0,0,0,0.2244323930085478
20260804_024555,results/simulation_llama3.1_8b_Full_scnldf_sh1_ldf1_seed2_26agents_30rounds_20260804_024555.json,30,23,developing,SFI,4417650.0,27738392.085714296,0.1,27738392.0,0.1592612140728647,44176500.0,0.1592612145649971,proportional columns are analyst-derived; stage1_cap uses end-of-round wealth (approx),5.0,0.0,25,0,0,0,0,0,0,0.1592612140728647
20260804_024555,results/simulation_llama3.1_8b_Full_scnldf_sh1_ldf1_seed2_26agents_30rounds_20260804_024555.json,1,24,developed,SI,4000000.0,4126440.0,1.0,4126440.0,0.9693585754306376,4000000.0,0.9693585754306376,proportional columns are analyst-derived; stage1_cap uses end-of-round wealth (approx),5.0,,0,0,0,0,0,0,0,0.9693585754306376
20260804_024555,results/simulation_llama3.1_8b_Full_scnldf_sh1_ldf1_seed2_26agents_30rounds_20260804_024555.json,2,24,developed,SI,2424596.0,4546004.066666666,1.0,4546004.0,0.5333466412355901,2424596.0,0.533346649057062,proportional columns are analyst-derived; stage1_cap uses end-of-round wealth (approx),5.0,0.0,25,0,0,0,0,0,0,0.5333466412355901
20260804_024555,results/simulation_llama3.1_8b_Full_scnldf_sh1_ldf1_seed2_26agents_30rounds_20260804_024555.json,3,24,developed,SI,2424596.0,7162395.133333334,1.0,7162395.0,0.3385174867993646,2424596.0,0.3385174931011205,proportional columns are analyst-derived; stage1_cap uses end-of-round wealth (approx),4.84,-0.1600000000000001,25,0,0,0,0,0,0,0.3385174867993646
20260804_024555,results/simulation_llama3.1_8b_Full_scnldf_sh1_ldf1_seed2_26agents_30rounds_20260804_024555.json,4,24,developed,SI,4000000.0,9319157.2,1.0,9319157.0,0.4292233636749898,4000000.0,0.4292233728866248,proportional columns are analyst-derived; stage1_cap uses end-of-round wealth (approx),5.48,0.6400000000000006,25,0,0,0,0,0,0,0.4292233636749898
20260804_024555,results/simulation_llama3.1_8b_Full_scnldf_sh1_ldf1_seed2_26agents_30rounds_20260804_024555.json,5,24,developed,SI,5000000.0,10865834.333333332,1.0,10865834.0,0.4601579452266636,5000000.0,0.4601579593430196,proportional columns are analyst-derived; stage1_cap uses end-of-round wealth (approx),3.72,-1.7600000000000002,25,0,1,1,0,0,0,0.4601579452266636
20260804_024555,results/simulation_llama3.1_8b_Full_scnldf_sh1_ldf1_seed2_26agents_30rounds_20260804_024555.json,6,24,developed,SI,4011955.0,14505149.266666666,1.0,14505149.0,0.2765883291680156,4011955.0,0.2765883342528918,proportional columns are analyst-derived; stage1_cap uses end-of-round wealth (approx),4.76,1.0399999999999996,25,0,0,0,1,1,0,0.2765883291680156
20260804_024555,results/simulation_llama3.1_8b_Full_scnldf_sh1_ldf1_seed2_26agents_30rounds_20260804_024555.json,7,24,developed,SI,10000000.0,16818876.733333334,1.0,16818876.0,0.5945700273895818,10000000.0,0.5945700533139076,proportional columns are analyst-derived; stage1_cap uses end-of-round wealth (approx),4.92,0.1600000000000001,25,0,0,0,0,0,0,0.5945700273895818
20260804_024555,results/simulation_llama3.1_8b_Full_scnldf_sh1_ldf1_seed2_26agents_30rounds_20260804_024555.json,8,24,developed,SI,12000000.0,25869108.066666663,1.0,25869108.0,0.4638737435042245,12000000.0,0.4638737446996626,proportional columns are analyst-derived; stage1_cap uses end-of-round wealth (approx),5.0,0.08,25,0,0,0,0,0,0,0.4638737435042245
20260804_024555,results/simulation_llama3.1_8b_Full_scnldf_sh1_ldf1_seed2_26agents_30rounds_20260804_024555.json,9,24,developed,SI,20000000.0,30059956.46666667,1.0,30059956.0,0.6653369582280633,20000000.0,0.6653369685571063,proportional columns are analyst-derived; stage1_cap uses end-of-round wealth (approx),3.2,-1.7999999999999998,25,0,1,1,0,0,0,0.6653369582280633
20260804_024555,results/simulation_llama3.1_8b_Full_scnldf_sh1_ldf1_seed2_26agents_30rounds_20260804_024555.json,10,24,developed,SI,15000000.0,42529021.86666668,1.0,42529021.0,0.352700328896035,15000000.0,0.3527003360834476,proportional columns are analyst-derived; stage1_cap uses end-of-round wealth (approx),4.92,1.7199999999999998,25,0,0,0,1,1,0,0.352700328896035
20260804_024555,results/simulation_llama3.1_8b_Full_scnldf_sh1_ldf1_seed2_26agents_30rounds_20260804_024555.json,11,24,developed,SI,12000000.0,60051651.86666668,1.0,60051651.0,0.1998279752011439,12000000.0,0.1998279780850654,proportional columns are analyst-derived; stage1_cap uses end-of-round wealth (approx),5.0,0.08,25,0,0,0,0,0,0,0.1998279752011439
20260804_024555,results/simulation_llama3.1_8b_Full_scnldf_sh1_ldf1_seed2_26agents_30rounds_20260804_024555.json,12,24,developed,SI,25000000.0,66725707.26666668,1.0,66725707.0,0.3746681904784985,25000000.0,0.3746681919758452,proportional columns are analyst-derived; stage1_cap uses end-of-round wealth (approx),5.0,0.0,25,0,0,0,0,0,0,0.3746681904784985
20260804_024555,results/simulation_llama3.1_8b_Full_scnldf_sh1_ldf1_seed2_26agents_30rounds_20260804_024555.json,13,24,developed,SI,30000000.0,67776522.40000002,1.0,67776522.0,0.4426311492193053,30000000.0,0.4426311518316033,proportional columns are analyst-derived; stage1_cap uses end-of-round wealth (approx),5.0,0.0,25,0,0,0,0,0,0,0.4426311492193053
20260804_024555,results/simulation_llama3.1_8b_Full_scnldf_sh1_ldf1_seed2_26agents_30rounds_20260804_024555.json,14,24,developed,SI,30000000.0,77238665.00000003,1.0,77238665.0,0.3884065059902316,30000000.0,0.3884065059902317,proportional columns are analyst-derived; stage1_cap uses end-of-round wealth (approx),5.12,0.1200000000000001,25,0,0,0,0,0,0,0.3884065059902316
20260804_024555,results/simulation_llama3.1_8b_Full_scnldf_sh1_ldf1_seed2_26agents_30rounds_20260804_024555.json,15,24,developed,SI,25000000.0,103557497.53333336,1.0,103557497.0,0.2414117818166949,25000000.0,0.2414117830599942,proportional columns are analyst-derived; stage1_cap uses end-of-round wealth (approx),2.6,-2.52,25,1,1,1,0,0,0,0.2414117818166949
20260804_024555,results/simulation_llama3.1_8b_Full_scnldf_sh1_ldf1_seed2_26agents_30rounds_20260804_024555.json,16,24,developed,SI,25000000.0,130492939.20000002,1.0,130492939.0,0.191581246872551,25000000.0,0.191581247166178,proportional columns are analyst-derived; stage1_cap uses end-of-round wealth (approx),5.0,2.4,25,0,0,0,1,1,1,0.191581246872551
20260804_024555,results/simulation_llama3.1_8b_Full_scnldf_sh1_ldf1_seed2_26agents_30rounds_20260804_024555.json,17,24,developed,SI,10000000.0,194592534.0666667,1.0,194592534.0,0.0513894330425546,10000000.0,0.0513894330601604,proportional columns are analyst-derived; stage1_cap uses end-of-round wealth (approx),5.72,0.7199999999999998,25,0,0,0,0,0,0,0.0513894330425546
20260804_024555,results/simulation_llama3.1_8b_Full_scnldf_sh1_ldf1_seed2_26agents_30rounds_20260804_024555.json,18,24,developed,SI,25000000.0,216167021.6,1.0,216167021.0,0.1156513135766866,25000000.0,0.115651313897692,proportional columns are analyst-derived; stage1_cap uses end-of-round wealth (approx),5.0,-0.7199999999999998,25,0,0,0,0,0,0,0.1156513135766866
20260804_024555,results/simulation_llama3.1_8b_Full_scnldf_sh1_ldf1_seed2_26agents_30rounds_20260804_024555.json,19,24,developed,SI,29482612.0,235907853.2,1.0,235907853.0,0.124975118886801,29482612.0,0.1249751189927535,proportional columns are analyst-derived; stage1_cap uses end-of-round wealth (approx),7.28,2.28,25,0,0,0,0,0,0,0.124975118886801
20260804_024555,results/simulation_llama3.1_8b_Full_scnldf_sh1_ldf1_seed2_26agents_30rounds_20260804_024555.json,20,24,developed,SI,20000000.0,243376779.9333333,1.0,243376779.0,0.0821771082906038,20000000.0,0.0821771086057474,proportional columns are analyst-derived; stage1_cap uses end-of-round wealth (approx),8.0,0.7199999999999998,25,0,0,0,0,0,0,0.0821771082906038
20260804_024555,results/simulation_llama3.1_8b_Full_scnldf_sh1_ldf1_seed2_26agents_30rounds_20260804_024555.json,21,24,developed,SI,123456789.0,177273475.46666667,1.0,177273475.0,0.6964199730106493,123456789.0,0.6964199748439522,proportional columns are analyst-derived; stage1_cap uses end-of-round wealth (approx),5.0,-3.0,25,0,0,1,0,0,0,0.6964199730106493
20260804_024555,results/simulation_llama3.1_8b_Full_scnldf_sh1_ldf1_seed2_26agents_30rounds_20260804_024555.json,22,24,developed,SI,0.0,219423727.73333332,1.0,219423727.0,0.0,0.0,0.0,proportional columns are analyst-derived; stage1_cap uses end-of-round wealth (approx),7.88,2.88,25,0,0,0,0,1,0,0.0
20260804_024555,results/simulation_llama3.1_8b_Full_scnldf_sh1_ldf1_seed2_26agents_30rounds_20260804_024555.json,23,24,developed,SI,219423727.0,101559300.93333337,1.0,101559300.0,2.160547827559748,219423727.0,2.1605478474152537,proportional columns are analyst-derived; stage1_cap uses end-of-round wealth (approx),1.0,-6.88,25,0,1,1,0,0,0,2.160547827559748
20260804_024555,results/simulation_llama3.1_8b_Full_scnldf_sh1_ldf1_seed2_26agents_30rounds_20260804_024555.json,24,24,developed,SI,10000000.0,124093095.20000002,1.0,124093095.0,0.0805846609264042,10000000.0,0.0805846610562819,proportional columns are analyst-derived; stage1_cap uses end-of-round wealth (approx),4.04,3.04,25,0,0,0,1,1,0,0.0805846609264042
20260804_024555,results/simulation_llama3.1_8b_Full_scnldf_sh1_ldf1_seed2_26agents_30rounds_20260804_024555.json,25,24,developed,SI,40000000.0,127643224.26666668,1.0,127643224.0,0.3133734691348264,40000000.0,0.3133734697895127,proportional columns are analyst-derived; stage1_cap uses end-of-round wealth (approx),5.0,0.96,25,0,0,0,0,0,0,0.3133734691348264
20260804_024555,results/simulation_llama3.1_8b_Full_scnldf_sh1_ldf1_seed2_26agents_30rounds_20260804_024555.json,26,24,developed,SI,20000000.0,179871000.8,1.0,179871000.0,0.1111907973550342,20000000.0,0.1111907978495699,proportional columns are analyst-derived; stage1_cap uses end-of-round wealth (approx),5.0,0.0,25,0,0,0,0,0,0,0.1111907973550342
20260804_024555,results/simulation_llama3.1_8b_Full_scnldf_sh1_ldf1_seed2_26agents_30rounds_20260804_024555.json,27,24,developed,SI,50000000.0,295209537.53333336,1.0,295209537.0,0.169371221600028,50000000.0,0.1693712219060185,proportional columns are analyst-derived; stage1_cap uses end-of-round wealth (approx),5.0,0.0,25,0,0,0,0,0,0,0.169371221600028
20260804_024555,results/simulation_llama3.1_8b_Full_scnldf_sh1_ldf1_seed2_26agents_30rounds_20260804_024555.json,28,24,developed,SI,50000000.0,344530877.93333334,1.0,344530877.0,0.1451248732767429,50000000.0,0.1451248736698859,proportional columns are analyst-derived; stage1_cap uses end-of-round wealth (approx),5.0,0.0,25,0,0,0,0,0,0,0.1451248732767429
20260804_024555,results/simulation_llama3.1_8b_Full_scnldf_sh1_ldf1_seed2_26agents_30rounds_20260804_024555.json,29,24,developed,SI,0.0,529187864.53333336,1.0,529187864.0,0.0,0.0,0.0,proportional columns are analyst-derived; stage1_cap uses end-of-round wealth (approx),5.84,0.8399999999999999,25,0,0,0,0,0,0,0.0
20260804_024555,results/simulation_llama3.1_8b_Full_scnldf_sh1_ldf1_seed2_26agents_30rounds_20260804_024555.json,30,24,developed,SI,125904365.0,686404075.0666667,1.0,686404075.0,0.1834260162103081,125904365.0,0.1834260162281233,proportional columns are analyst-derived; stage1_cap uses end-of-round wealth (approx),1.0,-4.84,25,1,1,1,0,0,0,0.1834260162103081
20260804_024555,results/simulation_llama3.1_8b_Full_scnldf_sh1_ldf1_seed2_26agents_30rounds_20260804_024555.json,1,25,developed,SI,0.0,8771939.0,1.0,8771939.0,0.0,0.0,0.0,proportional columns are analyst-derived; stage1_cap uses end-of-round wealth (approx),5.0,,0,0,0,0,0,0,0,0.0
20260804_024555,results/simulation_llama3.1_8b_Full_scnldf_sh1_ldf1_seed2_26agents_30rounds_20260804_024555.json,2,25,developed,SI,1000000.0,10608737.066666666,1.0,10608737.0,0.0942619270998867,1000000.0,0.0942619276922408,proportional columns are analyst-derived; stage1_cap uses end-of-round wealth (approx),1.0,-4.0,25,1,1,1,0,0,0,0.0942619270998867
20260804_024555,results/simulation_llama3.1_8b_Full_scnldf_sh1_ldf1_seed2_26agents_30rounds_20260804_024555.json,3,25,developed,SI,10608737.0,5038884.133333334,1.0,5038884.0,2.105374269239663,10608737.0,2.105374324949731,proportional columns are analyst-derived; stage1_cap uses end-of-round wealth (approx),5.0,4.0,25,0,0,0,1,1,1,2.105374269239663
20260804_024555,results/simulation_llama3.1_8b_Full_scnldf_sh1_ldf1_seed2_26agents_30rounds_20260804_024555.json,4,25,developed,SI,5000000.0,6194087.2,1.0,6194087.0,0.8072214417646558,5000000.0,0.8072214678289149,proportional columns are analyst-derived; stage1_cap uses end-of-round wealth (approx),5.36,0.3600000000000003,25,0,0,0,0,0,0,0.8072214417646558
20260804_024555,results/simulation_llama3.1_8b_Full_scnldf_sh1_ldf1_seed2_26agents_30rounds_20260804_024555.json,5,25,developed,SI,0.0,12737383.333333334,1.0,12737383.0,0.0,0.0,0.0,proportional columns are analyst-derived; stage1_cap uses end-of-round wealth (approx),5.12,-0.2400000000000002,25,0,0,0,0,0,0,0.0
20260804_024555,results/simulation_llama3.1_8b_Full_scnldf_sh1_ldf1_seed2_26agents_30rounds_20260804_024555.json,6,25,developed,SI,10000000.0,10381124.266666668,1.0,10381124.0,0.9632868023851288,10000000.0,0.963286827129702,proportional columns are analyst-derived; stage1_cap uses end-of-round wealth (approx),1.0,-4.12,25,1,1,1,0,0,0,0.9632868023851288
20260804_024555,results/simulation_llama3.1_8b_Full_scnldf_sh1_ldf1_seed2_26agents_30rounds_20260804_024555.json,7,25,developed,SI,10381124.0,12311376.733333334,1.0,12311376.0,0.8432139008379842,10381124.0,0.8432139510644464,proportional columns are analyst-derived; stage1_cap uses end-of-round wealth (approx),5.0,4.0,25,0,0,0,1,1,1,0.8432139008379842
20260804_024555,results/simulation_llama3.1_8b_Full_scnldf_sh1_ldf1_seed2_26agents_30rounds_20260804_024555.json,8,25,developed,SI,10000000.0,23607835.066666663,1.0,23607835.0,0.4235881846751634,10000000.0,0.4235881858713431,proportional columns are analyst-derived; stage1_cap uses end-of-round wealth (approx),5.0,0.0,25,0,0,0,0,0,0,0.4235881846751634
20260804_024555,results/simulation_llama3.1_8b_Full_scnldf_sh1_ldf1_seed2_26agents_30rounds_20260804_024555.json,9,25,developed,SI,20000000.0,27798680.46666667,1.0,27798680.0,0.7194586096984694,20000000.0,0.7194586217762858,proportional columns are analyst-derived; stage1_cap uses end-of-round wealth (approx),5.0,0.0,25,0,0,0,0,0,0,0.7194586096984694
20260804_024555,results/simulation_llama3.1_8b_Full_scnldf_sh1_ldf1_seed2_26agents_30rounds_20260804_024555.json,10,25,developed,SI,20000000.0,35266195.866666675,1.0,35266195.0,0.5671153213013213,20000000.0,0.5671153352381793,proportional columns are analyst-derived; stage1_cap uses end-of-round wealth (approx),5.0,0.0,25,0,0,0,0,0,0,0.5671153213013213
20260804_024555,results/simulation_llama3.1_8b_Full_scnldf_sh1_ldf1_seed2_26agents_30rounds_20260804_024555.json,11,25,developed,SI,10000000.0,54787035.86666668,1.0,54787035.0,0.1825249320721905,10000000.0,0.182524934959521,proportional columns are analyst-derived; stage1_cap uses end-of-round wealth (approx),5.0,0.0,25,0,0,0,0,0,0,0.1825249320721905
20260804_024555,results/simulation_llama3.1_8b_Full_scnldf_sh1_ldf1_seed2_26agents_30rounds_20260804_024555.json,12,25,developed,SI,19221479.0,67244542.26666668,1.0,67244542.0,0.2858444470299881,19221479.0,0.2858444481635401,proportional columns are analyst-derived; stage1_cap uses end-of-round wealth (approx),5.0,0.0,25,0,0,0,0,0,0,0.2858444470299881
20260804_024555,results/simulation_llama3.1_8b_Full_scnldf_sh1_ldf1_seed2_26agents_30rounds_20260804_024555.json,13,25,developed,SI,25000000.0,73288080.40000002,1.0,73288080.0,0.3411195908468629,25000000.0,0.3411195927086642,proportional columns are analyst-derived; stage1_cap uses end-of-round wealth (approx),5.0,0.0,25,0,0,0,0,0,0,0.3411195908468629
20260804_024555,results/simulation_llama3.1_8b_Full_scnldf_sh1_ldf1_seed2_26agents_30rounds_20260804_024555.json,14,25,developed,SI,25000000.0,87749891.00000003,1.0,87749891.0,0.2849006387939558,25000000.0,0.2849006387939559,proportional columns are analyst-derived; stage1_cap uses end-of-round wealth (approx),4.36,-0.6399999999999997,25,0,0,0,0,0,0,0.2849006387939558
20260804_024555,results/simulation_llama3.1_8b_Full_scnldf_sh1_ldf1_seed2_26agents_30rounds_20260804_024555.json,15,25,developed,SI,25000000.0,114071118.53333336,1.0,114071118.0,0.2191615224031892,25000000.0,0.2191615234278671,proportional columns are analyst-derived; stage1_cap uses end-of-round wealth (approx),5.0,0.6399999999999997,25,0,0,0,0,0,0,0.2191615224031892
20260804_024555,results/simulation_llama3.1_8b_Full_scnldf_sh1_ldf1_seed2_26agents_30rounds_20260804_024555.json,16,25,developed,SI,50000000.0,116006975.20000002,1.0,116006975.0,0.4310085657676901,50000000.0,0.4310085665107637,proportional columns are analyst-derived; stage1_cap uses end-of-round wealth (approx),5.0,0.0,25,0,0,0,0,0,0,0.4310085657676901
20260804_024555,results/simulation_llama3.1_8b_Full_scnldf_sh1_ldf1_seed2_26agents_30rounds_20260804_024555.json,17,25,developed,SI,42083069.0,148030686.0666667,1.0,148030686.0,0.2842861174138421,42083069.0,0.2842861175418724,proportional columns are analyst-derived; stage1_cap uses end-of-round wealth (approx),5.0,0.0,25,0,0,0,0,0,0,0.2842861174138421
20260804_024555,results/simulation_llama3.1_8b_Full_scnldf_sh1_ldf1_seed2_26agents_30rounds_20260804_024555.json,18,25,developed,SI,10000000.0,184604603.6,1.0,184604603.0,0.0541698300312593,10000000.0,0.0541698302073215,proportional columns are analyst-derived; stage1_cap uses end-of-round wealth (approx),5.0,0.0,25,0,0,0,0,0,0,0.0541698300312593
20260804_024555,results/simulation_llama3.1_8b_Full_scnldf_sh1_ldf1_seed2_26agents_30rounds_20260804_024555.json,19,25,developed,SI,30846249.0,202981682.2,1.0,202981682.0,0.1519656782113317,30846249.0,0.1519656783610651,proportional columns are analyst-derived; stage1_cap uses end-of-round wealth (approx),5.0,0.0,25,0,0,0,0,0,0,0.1519656782113317
20260804_024555,results/simulation_llama3.1_8b_Full_scnldf_sh1_ldf1_seed2_26agents_30rounds_20260804_024555.json,20,25,developed,SI,0.0,230430665.9333333,1.0,230430665.0,0.0,0.0,0.0,proportional columns are analyst-derived; stage1_cap uses end-of-round wealth (approx),5.0,0.0,25,0,0,0,0,0,0,0.0
20260804_024555,results/simulation_llama3.1_8b_Full_scnldf_sh1_ldf1_seed2_26agents_30rounds_20260804_024555.json,21,25,developed,SI,20000000.0,267751603.46666667,1.0,267751603.0,0.0746960979544231,20000000.0,0.0746960980846116,proportional columns are analyst-derived; stage1_cap uses end-of-round wealth (approx),1.0,-4.0,25,1,1,1,0,0,0,0.0746960979544231
20260804_024555,results/simulation_llama3.1_8b_Full_scnldf_sh1_ldf1_seed2_26agents_30rounds_20260804_024555.json,22,25,developed,SI,15000000.0,294951895.73333335,1.0,294951895.0,0.0508557504358661,15000000.0,0.0508557505623077,proportional columns are analyst-derived; stage1_cap uses end-of-round wealth (approx),5.0,4.0,25,0,0,0,1,1,1,0.0508557504358661
20260804_024555,results/simulation_llama3.1_8b_Full_scnldf_sh1_ldf1_seed2_26agents_30rounds_20260804_024555.json,23,25,developed,SI,294951895.0,101559297.93333334,1.0,101559297.0,2.904233300171251,294951895.0,2.9042333268612524,proportional columns are analyst-derived; stage1_cap uses end-of-round wealth (approx),5.24,0.2400000000000002,25,0,0,0,0,0,0,2.904233300171251
20260804_024555,results/simulation_llama3.1_8b_Full_scnldf_sh1_ldf1_seed2_26agents_30rounds_20260804_024555.json,24,25,developed,SI,30000000.0,104102982.2,1.0,104102982.0,0.2881761825263061,30000000.0,0.2881761830799429,proportional columns are analyst-derived; stage1_cap uses end-of-round wealth (approx),3.88,-1.3600000000000003,25,0,1,1,0,0,0,0.2881761825263061
20260804_024555,results/simulation_llama3.1_8b_Full_scnldf_sh1_ldf1_seed2_26agents_30rounds_20260804_024555.json,25,25,developed,SI,19459319.0,128193403.26666668,1.0,128193403.0,0.1517965706825094,19459319.0,0.1517965709982751,proportional columns are analyst-derived; stage1_cap uses end-of-round wealth (approx),5.0,1.12,25,0,0,0,1,1,0,0.1517965706825094
20260804_024555,results/simulation_llama3.1_8b_Full_scnldf_sh1_ldf1_seed2_26agents_30rounds_20260804_024555.json,26,25,developed,SI,27924126.0,172496109.8,1.0,172496109.0,0.1618826420629226,27924126.0,0.1618826428136996,proportional columns are analyst-derived; stage1_cap uses end-of-round wealth (approx),5.0,0.0,25,0,0,0,0,0,0,0.1618826420629226
20260804_024555,results/simulation_llama3.1_8b_Full_scnldf_sh1_ldf1_seed2_26agents_30rounds_20260804_024555.json,27,25,developed,SI,20000000.0,317829982.53333336,1.0,317829982.0,0.0629267252906274,20000000.0,0.0629267253962214,proportional columns are analyst-derived; stage1_cap uses end-of-round wealth (approx),5.96,0.96,25,0,0,0,0,0,0,0.0629267252906274
20260804_024555,results/simulation_llama3.1_8b_Full_scnldf_sh1_ldf1_seed2_26agents_30rounds_20260804_024555.json,28,25,developed,SI,10000000.0,407150631.9333333,1.0,407150631.0,0.0245609344937413,10000000.0,0.0245609345500437,proportional columns are analyst-derived; stage1_cap uses end-of-round wealth (approx),5.0,-0.96,25,0,0,0,0,0,0,0.0245609344937413
20260804_024555,results/simulation_llama3.1_8b_Full_scnldf_sh1_ldf1_seed2_26agents_30rounds_20260804_024555.json,29,25,developed,SI,0.0,591806765.5333333,1.0,591806765.0,0.0,0.0,0.0,proportional columns are analyst-derived; stage1_cap uses end-of-round wealth (approx),5.12,0.1200000000000001,25,0,0,0,0,0,0,0.0
20260804_024555,results/simulation_llama3.1_8b_Full_scnldf_sh1_ldf1_seed2_26agents_30rounds_20260804_024555.json,30,25,developed,SI,10000000.0,864923205.0666666,1.0,864923205.0,0.0115617200942472,10000000.0,0.0115617200951383,proportional columns are analyst-derived; stage1_cap uses end-of-round wealth (approx),1.0,-4.12,25,1,1,1,0,0,0,0.0115617200942472
