run,source_file,round_number,agent_id,agent_group,institution_choice,reputation,reputation_delta,tom_scores_count,record_id
20260804_024555,results/simulation_llama3.1_8b_Full_scnldf_sh1_ldf1_seed2_26agents_30rounds_20260804_024555.json,1,0,developed,SI,5.0,,0,REP-R01-A0
20260804_024555,results/simulation_llama3.1_8b_Full_scnldf_sh1_ldf1_seed2_26agents_30rounds_20260804_024555.json,1,1,developing,SFI,5.0,,0,REP-R01-A1
20260804_024555,results/simulation_llama3.1_8b_Full_scnldf_sh1_ldf1_seed2_26agents_30rounds_20260804_024555.json,1,2,developing,SFI,5.0,,0,REP-R01-A2
20260804_024555,results/simulation_llama3.1_8b_Full_scnldf_sh1_ldf1_seed2_26agents_30rounds_20260804_024555.json,1,3,developing,SFI,5.0,,0,REP-R01-A3
20260804_024555,results/simulation_llama3.1_8b_Full_scnldf_sh1_ldf1_seed2_26agents_30rounds_20260804_024555.json,1,4,developed,SI,5.0,,0,REP-R01-A4
20260804_024555,results/simulation_llama3.1_8b_Full_scnldf_sh1_ldf1_seed2_26agents_30rounds_20260804_024555.json,1,5,developing,SFI,5.0,,0,REP-R01-A5
20260804_024555,results/simulation_llama3.1_8b_Full_scnldf_sh1_ldf1_seed2_26agents_30rounds_20260804_024555.json,1,6,developed,SI,5.0,,0,REP-R01-A6
20260804_024555,results/simulation_llama3.1_8b_Full_scnldf_sh1_ldf1_seed2_26agents_30rounds_20260804_024555.json,1,7,developed,SI,5.0,,0,REP-R01-A7
20260804_024555,results/simulation_llama3.1_8b_Full_scnldf_sh1_ldf1_seed2_26agents_30rounds_20260804_024555.json,1,8,developing,SFI,5.0,,0,REP-R01-A8
20260804_024555,results/simulation_llama3.1_8b_Full_scnldf_sh1_ldf1_seed2_26agents_30rounds_20260804_024555.json,1,9,developing,SFI,5.0,,0,REP-R01-A9
20260804_024555,results/simulation_llama3.1_8b_Full_scnldf_sh1_ldf1_seed2_26agents_30rounds_20260804_024555.json,1,10,developing,SFI,5.0,,0,REP-R01-A10
20260804_024555,results/simulation_llama3.1_8b_Full_scnldf_sh1_ldf1_seed2_26agents_30rounds_20260804_024555.json,1,11,developing,SFI,5.0,,0,REP-R01-A11
20260804_024555,results/simulation_llama3.1_8b_Full_scnldf_sh1_ldf1_seed2_26agents_30rounds_20260804_024555.json,1,12,developing,SFI,5.0,,0,REP-R01-A12
20260804_024555,results/simulation_llama3.1_8b_Full_scnldf_sh1_ldf1_seed2_26agents_30rounds_20260804_024555.json,1,13,developing,SFI,5.0,,0,REP-R01-A13
20260804_024555,results/simulation_llama3.1_8b_Full_scnldf_sh1_ldf1_seed2_26agents_30rounds_20260804_024555.json,1,14,developed,SI,5.0,,0,REP-R01-A14
20260804_024555,results/simulation_llama3.1_8b_Full_scnldf_sh1_ldf1_seed2_26agents_30rounds_20260804_024555.json,1,15,developing,SFI,5.0,,0,REP-R01-A15
20260804_024555,results/simulation_llama3.1_8b_Full_scnldf_sh1_ldf1_seed2_26agents_30rounds_20260804_024555.json,1,16,developing,SFI,5.0,,0,REP-R01-A16
20260804_024555,results/simulation_llama3.1_8b_Full_scnldf_sh1_ldf1_seed2_26agents_30rounds_20260804_024555.json,1,17,developing,SFI,5.0,,0,REP-R01-A17
20260804_024555,results/simulation_llama3.1_8b_Full_scnldf_sh1_ldf1_seed2_26agents_30rounds_20260804_024555.json,1,18,developed,SI,5.0,,0,REP-R01-A18
20260804_024555,results/simulation_llama3.1_8b_Full_scnldf_sh1_ldf1_seed2_26agents_30rounds_20260804_024555.json,1,19,developed,SI,5.0,,0,REP-R01-A19
20260804_024555,results/simulation_llama3.1_8b_Full_scnldf_sh1_ldf1_seed2_26agents_30rounds_20260804_024555.json,1,20,developed,SI,5.0,,0,REP-R01-A20
20260804_024555,results/simulation_llama3.1_8b_Full_scnldf_sh1_ldf1_seed2_26agents_30rounds_20260804_024555.json,1,21,developed,SI,5.0,,0,REP-R01-A21
20260804_024555,results/simulation_llama3.1_8b_Full_scnldf_sh1_ldf1_seed2_26agents_30rounds_20260804_024555.json,1,22,developed,SI,5.0,,0,REP-R01-A22
20260804_024555,results/simulation_llama3.1_8b_Full_scnldf_sh1_ldf1_seed2_26agents_30rounds_20260804_024555.json,1,23,developing,SFI,5.0,,0,REP-R01-A23
20260804_024555,results/simulation_llama3.1_8b_Full_scnldf_sh1_ldf1_seed2_26agents_30rounds_20260804_024555.json,1,24,developed,SI,5.0,,0,REP-R01-A24
20260804_024555,results/simulation_llama3.1_8b_Full_scnldf_sh1_ldf1_seed2_26agents_30rounds_20260804_024555.json,1,25,developed,SI,5.0,,0,REP-R01-A25
20260804_024555,results/simulation_llama3.1_8b_Full_scnldf_sh1_ldf1_seed2_26agents_30rounds_20260804_024555.json,2,0,developed,SI,5.0,0.0,25,REP-R02-A0
20260804_024555,results/simulation_llama3.1_8b_Full_scnldf_sh1_ldf1_seed2_26agents_30rounds_20260804_024555.json,2,1,developing,SFI,5.0,0.0,25,REP-R02-A1
20260804_024555,results/simulation_llama3.1_8b_Full_scnldf_sh1_ldf1_seed2_26agents_30rounds_20260804_024555.json,2,2,developing,SFI,5.0,0.0,25,REP-R02-A2
20260804_024555,results/simulation_llama3.1_8b_Full_scnldf_sh1_ldf1_seed2_26agents_30rounds_20260804_024555.json,2,3,developing,SFI,5.0,0.0,25,REP-R02-A3
20260804_024555,results/simulation_llama3.1_8b_Full_scnldf_sh1_ldf1_seed2_26agents_30rounds_20260804_024555.json,2,4,developed,SI,5.0,0.0,25,REP-R02-A4
20260804_024555,results/simulation_llama3.1_8b_Full_scnldf_sh1_ldf1_seed2_26agents_30rounds_20260804_024555.json,2,5,developing,SFI,5.0,0.0,25,REP-R02-A5
20260804_024555,results/simulation_llama3.1_8b_Full_scnldf_sh1_ldf1_seed2_26agents_30rounds_20260804_024555.json,2,6,developed,SI,5.0,0.0,25,REP-R02-A6
20260804_024555,results/simulation_llama3.1_8b_Full_scnldf_sh1_ldf1_seed2_26agents_30rounds_20260804_024555.json,2,7,developed,SI,5.0,0.0,25,REP-R02-A7
20260804_024555,results/simulation_llama3.1_8b_Full_scnldf_sh1_ldf1_seed2_26agents_30rounds_20260804_024555.json,2,8,developing,SFI,5.0,0.0,25,REP-R02-A8
20260804_024555,results/simulation_llama3.1_8b_Full_scnldf_sh1_ldf1_seed2_26agents_30rounds_20260804_024555.json,2,9,developing,SFI,5.0,0.0,25,REP-R02-A9
20260804_024555,results/simulation_llama3.1_8b_Full_scnldf_sh1_ldf1_seed2_26agents_30rounds_20260804_024555.json,2,10,developing,SFI,5.0,0.0,25,REP-R02-A10
20260804_024555,results/simulation_llama3.1_8b_Full_scnldf_sh1_ldf1_seed2_26agents_30rounds_20260804_024555.json,2,11,developing,SFI,5.0,0.0,25,REP-R02-A11
20260804_024555,results/simulation_llama3.1_8b_Full_scnldf_sh1_ldf1_seed2_26agents_30rounds_20260804_024555.json,2,12,developing,SFI,5.0,0.0,25,REP-R02-A12
20260804_024555,results/simulation_llama3.1_8b_Full_scnldf_sh1_ldf1_seed2_26agents_30rounds_20260804_024555.json,2,13,developing,SFI,7.64,2.6399999999999997,25,REP-R02-A13
20260804_024555,results/simulation_llama3.1_8b_Full_scnldf_sh1_ldf1_seed2_26agents_30rounds_20260804_024555.json,2,14,developed,SI,1.0,-4.0,25,REP-R02-A14
20260804_024555,results/simulation_llama3.1_8b_Full_scnldf_sh1_ldf1_seed2_26agents_30rounds_20260804_024555.json,2,15,developing,SFI,5.0,0.0,25,REP-R02-A15
20260804_024555,results/simulation_llama3.1_8b_Full_scnldf_sh1_ldf1_seed2_26agents_30rounds_20260804_024555.json,2,16,developing,SFI,5.0,0.0,25,REP-R02-A16
20260804_024555,results/simulation_llama3.1_8b_Full_scnldf_sh1_ldf1_seed2_26agents_30rounds_20260804_024555.json,2,17,developing,SFI,5.0,0.0,25,REP-R02-A17
20260804_024555,results/simulation_llama3.1_8b_Full_scnldf_sh1_ldf1_seed2_26agents_30rounds_20260804_024555.json,2,18,developed,SI,5.0,0.0,25,REP-R02-A18
20260804_024555,results/simulation_llama3.1_8b_Full_scnldf_sh1_ldf1_seed2_26agents_30rounds_20260804_024555.json,2,19,developed,SI,1.0,-4.0,25,REP-R02-A19
20260804_024555,results/simulation_llama3.1_8b_Full_scnldf_sh1_ldf1_seed2_26agents_30rounds_20260804_024555.json,2,20,developed,SI,5.0,0.0,25,REP-R02-A20
20260804_024555,results/simulation_llama3.1_8b_Full_scnldf_sh1_ldf1_seed2_26agents_30rounds_20260804_024555.json,2,21,developed,SI,5.12,0.1200000000000001,25,REP-R02-A21
20260804_024555,results/simulation_llama3.1_8b_Full_scnldf_sh1_ldf1_seed2_26agents_30rounds_20260804_024555.json,2,22,developed,SI,5.0,0.0,25,REP-R02-A22
20260804_024555,results/simulation_llama3.1_8b_Full_scnldf_sh1_ldf1_seed2_26agents_30rounds_20260804_024555.json,2,23,developing,SFI,5.0,0.0,25,REP-R02-A23
20260804_024555,results/simulation_llama3.1_8b_Full_scnldf_sh1_ldf1_seed2_26agents_30rounds_20260804_024555.json,2,24,developed,SI,5.0,0.0,25,REP-R02-A24
20260804_024555,results/simulation_llama3.1_8b_Full_scnldf_sh1_ldf1_seed2_26agents_30rounds_20260804_024555.json,2,25,developed,SI,1.0,-4.0,25,REP-R02-A25
20260804_024555,results/simulation_llama3.1_8b_Full_scnldf_sh1_ldf1_seed2_26agents_30rounds_20260804_024555.json,3,0,developed,SI,5.0,0.0,25,REP-R03-A0
20260804_024555,results/simulation_llama3.1_8b_Full_scnldf_sh1_ldf1_seed2_26agents_30rounds_20260804_024555.json,3,1,developing,SFI,7.88,2.88,25,REP-R03-A1
20260804_024555,results/simulation_llama3.1_8b_Full_scnldf_sh1_ldf1_seed2_26agents_30rounds_20260804_024555.json,3,2,developing,SFI,1.0,-4.0,25,REP-R03-A2
20260804_024555,results/simulation_llama3.1_8b_Full_scnldf_sh1_ldf1_seed2_26agents_30rounds_20260804_024555.json,3,3,developing,SFI,1.0,-4.0,25,REP-R03-A3
20260804_024555,results/simulation_llama3.1_8b_Full_scnldf_sh1_ldf1_seed2_26agents_30rounds_20260804_024555.json,3,4,developed,SI,1.0,-4.0,25,REP-R03-A4
20260804_024555,results/simulation_llama3.1_8b_Full_scnldf_sh1_ldf1_seed2_26agents_30rounds_20260804_024555.json,3,5,developing,SFI,5.0,0.0,25,REP-R03-A5
20260804_024555,results/simulation_llama3.1_8b_Full_scnldf_sh1_ldf1_seed2_26agents_30rounds_20260804_024555.json,3,6,developed,SI,5.24,0.2400000000000002,25,REP-R03-A6
20260804_024555,results/simulation_llama3.1_8b_Full_scnldf_sh1_ldf1_seed2_26agents_30rounds_20260804_024555.json,3,7,developed,SI,5.0,0.0,25,REP-R03-A7
20260804_024555,results/simulation_llama3.1_8b_Full_scnldf_sh1_ldf1_seed2_26agents_30rounds_20260804_024555.json,3,8,developing,SFI,6.08,1.08,25,REP-R03-A8
20260804_024555,results/simulation_llama3.1_8b_Full_scnldf_sh1_ldf1_seed2_26agents_30rounds_20260804_024555.json,3,9,developing,SFI,6.08,1.08,25,REP-R03-A9
20260804_024555,results/simulation_llama3.1_8b_Full_scnldf_sh1_ldf1_seed2_26agents_30rounds_20260804_024555.json,3,10,developing,SFI,1.0,-4.0,25,REP-R03-A10
20260804_024555,results/simulation_llama3.1_8b_Full_scnldf_sh1_ldf1_seed2_26agents_30rounds_20260804_024555.json,3,11,developing,SFI,5.04,0.040000000000000036,25,REP-R03-A11
20260804_024555,results/simulation_llama3.1_8b_Full_scnldf_sh1_ldf1_seed2_26agents_30rounds_20260804_024555.json,3,12,developing,SFI,5.84,0.8399999999999999,25,REP-R03-A12
20260804_024555,results/simulation_llama3.1_8b_Full_scnldf_sh1_ldf1_seed2_26agents_30rounds_20260804_024555.json,3,13,developing,SFI,5.0,-2.6399999999999997,25,REP-R03-A13
20260804_024555,results/simulation_llama3.1_8b_Full_scnldf_sh1_ldf1_seed2_26agents_30rounds_20260804_024555.json,3,14,developed,SI,7.16,6.16,25,REP-R03-A14
20260804_024555,results/simulation_llama3.1_8b_Full_scnldf_sh1_ldf1_seed2_26agents_30rounds_20260804_024555.json,3,15,developing,SFI,8.0,3.0,25,REP-R03-A15
20260804_024555,results/simulation_llama3.1_8b_Full_scnldf_sh1_ldf1_seed2_26agents_30rounds_20260804_024555.json,3,16,developing,SFI,1.36,-3.6399999999999997,25,REP-R03-A16
20260804_024555,results/simulation_llama3.1_8b_Full_scnldf_sh1_ldf1_seed2_26agents_30rounds_20260804_024555.json,3,17,developing,SFI,5.72,0.7199999999999998,25,REP-R03-A17
20260804_024555,results/simulation_llama3.1_8b_Full_scnldf_sh1_ldf1_seed2_26agents_30rounds_20260804_024555.json,3,18,developed,SI,8.0,3.0,25,REP-R03-A18
20260804_024555,results/simulation_llama3.1_8b_Full_scnldf_sh1_ldf1_seed2_26agents_30rounds_20260804_024555.json,3,19,developed,SI,5.24,4.24,25,REP-R03-A19
20260804_024555,results/simulation_llama3.1_8b_Full_scnldf_sh1_ldf1_seed2_26agents_30rounds_20260804_024555.json,3,20,developed,SI,5.56,0.5599999999999996,25,REP-R03-A20
20260804_024555,results/simulation_llama3.1_8b_Full_scnldf_sh1_ldf1_seed2_26agents_30rounds_20260804_024555.json,3,21,developed,SI,4.52,-0.6000000000000005,25,REP-R03-A21
20260804_024555,results/simulation_llama3.1_8b_Full_scnldf_sh1_ldf1_seed2_26agents_30rounds_20260804_024555.json,3,22,developed,SI,8.0,3.0,25,REP-R03-A22
20260804_024555,results/simulation_llama3.1_8b_Full_scnldf_sh1_ldf1_seed2_26agents_30rounds_20260804_024555.json,3,23,developing,SFI,3.8,-1.2000000000000002,25,REP-R03-A23
20260804_024555,results/simulation_llama3.1_8b_Full_scnldf_sh1_ldf1_seed2_26agents_30rounds_20260804_024555.json,3,24,developed,SI,4.84,-0.16000000000000014,25,REP-R03-A24
20260804_024555,results/simulation_llama3.1_8b_Full_scnldf_sh1_ldf1_seed2_26agents_30rounds_20260804_024555.json,3,25,developed,SI,5.0,4.0,25,REP-R03-A25
20260804_024555,results/simulation_llama3.1_8b_Full_scnldf_sh1_ldf1_seed2_26agents_30rounds_20260804_024555.json,4,0,developed,SI,5.0,0.0,25,REP-R04-A0
20260804_024555,results/simulation_llama3.1_8b_Full_scnldf_sh1_ldf1_seed2_26agents_30rounds_20260804_024555.json,4,1,developing,SFI,5.12,-2.76,25,REP-R04-A1
20260804_024555,results/simulation_llama3.1_8b_Full_scnldf_sh1_ldf1_seed2_26agents_30rounds_20260804_024555.json,4,2,developing,SFI,5.24,4.24,25,REP-R04-A2
20260804_024555,results/simulation_llama3.1_8b_Full_scnldf_sh1_ldf1_seed2_26agents_30rounds_20260804_024555.json,4,3,developing,SFI,1.0,0.0,25,REP-R04-A3
20260804_024555,results/simulation_llama3.1_8b_Full_scnldf_sh1_ldf1_seed2_26agents_30rounds_20260804_024555.json,4,4,developed,SI,7.52,6.52,25,REP-R04-A4
20260804_024555,results/simulation_llama3.1_8b_Full_scnldf_sh1_ldf1_seed2_26agents_30rounds_20260804_024555.json,4,5,developing,SFI,5.48,0.4800000000000004,25,REP-R04-A5
20260804_024555,results/simulation_llama3.1_8b_Full_scnldf_sh1_ldf1_seed2_26agents_30rounds_20260804_024555.json,4,6,developed,SI,6.56,1.3199999999999994,25,REP-R04-A6
20260804_024555,results/simulation_llama3.1_8b_Full_scnldf_sh1_ldf1_seed2_26agents_30rounds_20260804_024555.json,4,7,developed,SI,1.0,-4.0,25,REP-R04-A7
20260804_024555,results/simulation_llama3.1_8b_Full_scnldf_sh1_ldf1_seed2_26agents_30rounds_20260804_024555.json,4,8,developing,SFI,1.0,-5.08,25,REP-R04-A8
20260804_024555,results/simulation_llama3.1_8b_Full_scnldf_sh1_ldf1_seed2_26agents_30rounds_20260804_024555.json,4,9,developing,SFI,5.0,-1.08,25,REP-R04-A9
20260804_024555,results/simulation_llama3.1_8b_Full_scnldf_sh1_ldf1_seed2_26agents_30rounds_20260804_024555.json,4,10,developing,SFI,1.0,0.0,25,REP-R04-A10
20260804_024555,results/simulation_llama3.1_8b_Full_scnldf_sh1_ldf1_seed2_26agents_30rounds_20260804_024555.json,4,11,developing,SFI,5.0,-0.040000000000000036,25,REP-R04-A11
20260804_024555,results/simulation_llama3.1_8b_Full_scnldf_sh1_ldf1_seed2_26agents_30rounds_20260804_024555.json,4,12,developing,SFI,1.52,-4.32,25,REP-R04-A12
20260804_024555,results/simulation_llama3.1_8b_Full_scnldf_sh1_ldf1_seed2_26agents_30rounds_20260804_024555.json,4,13,developing,SFI,5.0,0.0,25,REP-R04-A13
20260804_024555,results/simulation_llama3.1_8b_Full_scnldf_sh1_ldf1_seed2_26agents_30rounds_20260804_024555.json,4,14,developed,SI,5.36,-1.7999999999999998,25,REP-R04-A14
20260804_024555,results/simulation_llama3.1_8b_Full_scnldf_sh1_ldf1_seed2_26agents_30rounds_20260804_024555.json,4,15,developing,SFI,1.0,-7.0,25,REP-R04-A15
20260804_024555,results/simulation_llama3.1_8b_Full_scnldf_sh1_ldf1_seed2_26agents_30rounds_20260804_024555.json,4,16,developing,SFI,1.0,-0.3600000000000001,25,REP-R04-A16
20260804_024555,results/simulation_llama3.1_8b_Full_scnldf_sh1_ldf1_seed2_26agents_30rounds_20260804_024555.json,4,17,developing,SFI,7.12,1.4000000000000004,25,REP-R04-A17
20260804_024555,results/simulation_llama3.1_8b_Full_scnldf_sh1_ldf1_seed2_26agents_30rounds_20260804_024555.json,4,18,developed,SI,4.44,-3.5599999999999996,25,REP-R04-A18
20260804_024555,results/simulation_llama3.1_8b_Full_scnldf_sh1_ldf1_seed2_26agents_30rounds_20260804_024555.json,4,19,developed,SI,1.0,-4.24,25,REP-R04-A19
20260804_024555,results/simulation_llama3.1_8b_Full_scnldf_sh1_ldf1_seed2_26agents_30rounds_20260804_024555.json,4,20,developed,SI,5.24,-0.3199999999999994,25,REP-R04-A20
20260804_024555,results/simulation_llama3.1_8b_Full_scnldf_sh1_ldf1_seed2_26agents_30rounds_20260804_024555.json,4,21,developed,SI,1.0,-3.5199999999999996,25,REP-R04-A21
20260804_024555,results/simulation_llama3.1_8b_Full_scnldf_sh1_ldf1_seed2_26agents_30rounds_20260804_024555.json,4,22,developed,SI,1.0,-7.0,25,REP-R04-A22
20260804_024555,results/simulation_llama3.1_8b_Full_scnldf_sh1_ldf1_seed2_26agents_30rounds_20260804_024555.json,4,23,developing,SFI,5.0,1.2000000000000002,25,REP-R04-A23
20260804_024555,results/simulation_llama3.1_8b_Full_scnldf_sh1_ldf1_seed2_26agents_30rounds_20260804_024555.json,4,24,developed,SI,5.48,0.6400000000000006,25,REP-R04-A24
20260804_024555,results/simulation_llama3.1_8b_Full_scnldf_sh1_ldf1_seed2_26agents_30rounds_20260804_024555.json,4,25,developed,SI,5.36,0.3600000000000003,25,REP-R04-A25
20260804_024555,results/simulation_llama3.1_8b_Full_scnldf_sh1_ldf1_seed2_26agents_30rounds_20260804_024555.json,5,0,developed,SI,1.36,-3.6399999999999997,25,REP-R05-A0
20260804_024555,results/simulation_llama3.1_8b_Full_scnldf_sh1_ldf1_seed2_26agents_30rounds_20260804_024555.json,5,1,developing,SFI,1.0,-4.12,25,REP-R05-A1
20260804_024555,results/simulation_llama3.1_8b_Full_scnldf_sh1_ldf1_seed2_26agents_30rounds_20260804_024555.json,5,2,developing,SFI,1.0,-4.24,25,REP-R05-A2
20260804_024555,results/simulation_llama3.1_8b_Full_scnldf_sh1_ldf1_seed2_26agents_30rounds_20260804_024555.json,5,3,developing,SFI,7.76,6.76,25,REP-R05-A3
20260804_024555,results/simulation_llama3.1_8b_Full_scnldf_sh1_ldf1_seed2_26agents_30rounds_20260804_024555.json,5,4,developed,SI,3.16,-4.359999999999999,25,REP-R05-A4
20260804_024555,results/simulation_llama3.1_8b_Full_scnldf_sh1_ldf1_seed2_26agents_30rounds_20260804_024555.json,5,5,developing,SFI,1.0,-4.48,25,REP-R05-A5
20260804_024555,results/simulation_llama3.1_8b_Full_scnldf_sh1_ldf1_seed2_26agents_30rounds_20260804_024555.json,5,6,developed,SI,1.0,-5.56,25,REP-R05-A6
20260804_024555,results/simulation_llama3.1_8b_Full_scnldf_sh1_ldf1_seed2_26agents_30rounds_20260804_024555.json,5,7,developed,SI,5.72,4.72,25,REP-R05-A7
20260804_024555,results/simulation_llama3.1_8b_Full_scnldf_sh1_ldf1_seed2_26agents_30rounds_20260804_024555.json,5,8,developing,SFI,5.12,4.12,25,REP-R05-A8
20260804_024555,results/simulation_llama3.1_8b_Full_scnldf_sh1_ldf1_seed2_26agents_30rounds_20260804_024555.json,5,9,developing,SFI,5.0,0.0,25,REP-R05-A9
20260804_024555,results/simulation_llama3.1_8b_Full_scnldf_sh1_ldf1_seed2_26agents_30rounds_20260804_024555.json,5,10,developing,SFI,2.6,1.6,25,REP-R05-A10
20260804_024555,results/simulation_llama3.1_8b_Full_scnldf_sh1_ldf1_seed2_26agents_30rounds_20260804_024555.json,5,11,developing,SFI,5.12,0.1200000000000001,25,REP-R05-A11
20260804_024555,results/simulation_llama3.1_8b_Full_scnldf_sh1_ldf1_seed2_26agents_30rounds_20260804_024555.json,5,12,developing,SFI,3.2,1.6800000000000002,25,REP-R05-A12
20260804_024555,results/simulation_llama3.1_8b_Full_scnldf_sh1_ldf1_seed2_26agents_30rounds_20260804_024555.json,5,13,developing,SFI,5.72,0.7199999999999998,25,REP-R05-A13
20260804_024555,results/simulation_llama3.1_8b_Full_scnldf_sh1_ldf1_seed2_26agents_30rounds_20260804_024555.json,5,14,developed,SI,5.0,-0.3600000000000003,25,REP-R05-A14
20260804_024555,results/simulation_llama3.1_8b_Full_scnldf_sh1_ldf1_seed2_26agents_30rounds_20260804_024555.json,5,15,developing,SFI,5.0,4.0,25,REP-R05-A15
20260804_024555,results/simulation_llama3.1_8b_Full_scnldf_sh1_ldf1_seed2_26agents_30rounds_20260804_024555.json,5,16,developing,SFI,1.0,0.0,25,REP-R05-A16
20260804_024555,results/simulation_llama3.1_8b_Full_scnldf_sh1_ldf1_seed2_26agents_30rounds_20260804_024555.json,5,17,developing,SFI,5.0,-2.12,25,REP-R05-A17
20260804_024555,results/simulation_llama3.1_8b_Full_scnldf_sh1_ldf1_seed2_26agents_30rounds_20260804_024555.json,5,18,developed,SI,5.48,1.04,25,REP-R05-A18
20260804_024555,results/simulation_llama3.1_8b_Full_scnldf_sh1_ldf1_seed2_26agents_30rounds_20260804_024555.json,5,19,developed,SI,8.0,7.0,25,REP-R05-A19
20260804_024555,results/simulation_llama3.1_8b_Full_scnldf_sh1_ldf1_seed2_26agents_30rounds_20260804_024555.json,5,20,developed,SI,5.0,-0.2400000000000002,25,REP-R05-A20
20260804_024555,results/simulation_llama3.1_8b_Full_scnldf_sh1_ldf1_seed2_26agents_30rounds_20260804_024555.json,5,21,developed,SI,5.0,4.0,25,REP-R05-A21
20260804_024555,results/simulation_llama3.1_8b_Full_scnldf_sh1_ldf1_seed2_26agents_30rounds_20260804_024555.json,5,22,developed,SI,3.96,2.96,25,REP-R05-A22
20260804_024555,results/simulation_llama3.1_8b_Full_scnldf_sh1_ldf1_seed2_26agents_30rounds_20260804_024555.json,5,23,developing,SFI,7.52,2.5199999999999996,25,REP-R05-A23
20260804_024555,results/simulation_llama3.1_8b_Full_scnldf_sh1_ldf1_seed2_26agents_30rounds_20260804_024555.json,5,24,developed,SI,3.72,-1.7600000000000002,25,REP-R05-A24
20260804_024555,results/simulation_llama3.1_8b_Full_scnldf_sh1_ldf1_seed2_26agents_30rounds_20260804_024555.json,5,25,developed,SI,5.12,-0.2400000000000002,25,REP-R05-A25
20260804_024555,results/simulation_llama3.1_8b_Full_scnldf_sh1_ldf1_seed2_26agents_30rounds_20260804_024555.json,6,0,developed,SI,5.0,3.6399999999999997,25,REP-R06-A0
20260804_024555,results/simulation_llama3.1_8b_Full_scnldf_sh1_ldf1_seed2_26agents_30rounds_20260804_024555.json,6,1,developing,SFI,6.44,5.44,25,REP-R06-A1
20260804_024555,results/simulation_llama3.1_8b_Full_scnldf_sh1_ldf1_seed2_26agents_30rounds_20260804_024555.json,6,2,developing,SFI,5.12,4.12,25,REP-R06-A2
20260804_024555,results/simulation_llama3.1_8b_Full_scnldf_sh1_ldf1_seed2_26agents_30rounds_20260804_024555.json,6,3,developing,SFI,6.24,-1.5199999999999996,25,REP-R06-A3
20260804_024555,results/simulation_llama3.1_8b_Full_scnldf_sh1_ldf1_seed2_26agents_30rounds_20260804_024555.json,6,4,developed,SI,5.0,1.8399999999999999,25,REP-R06-A4
20260804_024555,results/simulation_llama3.1_8b_Full_scnldf_sh1_ldf1_seed2_26agents_30rounds_20260804_024555.json,6,5,developing,SFI,5.16,4.16,25,REP-R06-A5
20260804_024555,results/simulation_llama3.1_8b_Full_scnldf_sh1_ldf1_seed2_26agents_30rounds_20260804_024555.json,6,6,developed,SI,5.0,4.0,25,REP-R06-A6
20260804_024555,results/simulation_llama3.1_8b_Full_scnldf_sh1_ldf1_seed2_26agents_30rounds_20260804_024555.json,6,7,developed,SI,5.0,-0.7199999999999998,25,REP-R06-A7
20260804_024555,results/simulation_llama3.1_8b_Full_scnldf_sh1_ldf1_seed2_26agents_30rounds_20260804_024555.json,6,8,developing,SFI,5.0,-0.1200000000000001,25,REP-R06-A8
20260804_024555,results/simulation_llama3.1_8b_Full_scnldf_sh1_ldf1_seed2_26agents_30rounds_20260804_024555.json,6,9,developing,SFI,1.0,-4.0,25,REP-R06-A9
20260804_024555,results/simulation_llama3.1_8b_Full_scnldf_sh1_ldf1_seed2_26agents_30rounds_20260804_024555.json,6,10,developing,SFI,4.76,2.1599999999999997,25,REP-R06-A10
20260804_024555,results/simulation_llama3.1_8b_Full_scnldf_sh1_ldf1_seed2_26agents_30rounds_20260804_024555.json,6,11,developing,SFI,5.12,0.0,25,REP-R06-A11
20260804_024555,results/simulation_llama3.1_8b_Full_scnldf_sh1_ldf1_seed2_26agents_30rounds_20260804_024555.json,6,12,developing,SFI,5.0,1.7999999999999998,25,REP-R06-A12
20260804_024555,results/simulation_llama3.1_8b_Full_scnldf_sh1_ldf1_seed2_26agents_30rounds_20260804_024555.json,6,13,developing,SFI,5.0,-0.7199999999999998,25,REP-R06-A13
20260804_024555,results/simulation_llama3.1_8b_Full_scnldf_sh1_ldf1_seed2_26agents_30rounds_20260804_024555.json,6,14,developed,SI,4.76,-0.2400000000000002,25,REP-R06-A14
20260804_024555,results/simulation_llama3.1_8b_Full_scnldf_sh1_ldf1_seed2_26agents_30rounds_20260804_024555.json,6,15,developing,SFI,1.0,-4.0,25,REP-R06-A15
20260804_024555,results/simulation_llama3.1_8b_Full_scnldf_sh1_ldf1_seed2_26agents_30rounds_20260804_024555.json,6,16,developing,SFI,8.0,7.0,25,REP-R06-A16
20260804_024555,results/simulation_llama3.1_8b_Full_scnldf_sh1_ldf1_seed2_26agents_30rounds_20260804_024555.json,6,17,developing,SFI,5.0,0.0,25,REP-R06-A17
20260804_024555,results/simulation_llama3.1_8b_Full_scnldf_sh1_ldf1_seed2_26agents_30rounds_20260804_024555.json,6,18,developed,SI,5.12,-0.3600000000000003,25,REP-R06-A18
20260804_024555,results/simulation_llama3.1_8b_Full_scnldf_sh1_ldf1_seed2_26agents_30rounds_20260804_024555.json,6,19,developed,SI,1.0,-7.0,25,REP-R06-A19
20260804_024555,results/simulation_llama3.1_8b_Full_scnldf_sh1_ldf1_seed2_26agents_30rounds_20260804_024555.json,6,20,developed,SI,5.0,0.0,25,REP-R06-A20
20260804_024555,results/simulation_llama3.1_8b_Full_scnldf_sh1_ldf1_seed2_26agents_30rounds_20260804_024555.json,6,21,developed,SI,5.0,0.0,25,REP-R06-A21
20260804_024555,results/simulation_llama3.1_8b_Full_scnldf_sh1_ldf1_seed2_26agents_30rounds_20260804_024555.json,6,22,developed,SI,5.0,1.04,25,REP-R06-A22
20260804_024555,results/simulation_llama3.1_8b_Full_scnldf_sh1_ldf1_seed2_26agents_30rounds_20260804_024555.json,6,23,developing,SFI,5.0,-2.5199999999999996,25,REP-R06-A23
20260804_024555,results/simulation_llama3.1_8b_Full_scnldf_sh1_ldf1_seed2_26agents_30rounds_20260804_024555.json,6,24,developed,SI,4.76,1.0399999999999996,25,REP-R06-A24
20260804_024555,results/simulation_llama3.1_8b_Full_scnldf_sh1_ldf1_seed2_26agents_30rounds_20260804_024555.json,6,25,developed,SI,1.0,-4.12,25,REP-R06-A25
20260804_024555,results/simulation_llama3.1_8b_Full_scnldf_sh1_ldf1_seed2_26agents_30rounds_20260804_024555.json,7,0,developed,SI,1.0,-4.0,25,REP-R07-A0
20260804_024555,results/simulation_llama3.1_8b_Full_scnldf_sh1_ldf1_seed2_26agents_30rounds_20260804_024555.json,7,1,developing,SFI,5.0,-1.4400000000000004,25,REP-R07-A1
20260804_024555,results/simulation_llama3.1_8b_Full_scnldf_sh1_ldf1_seed2_26agents_30rounds_20260804_024555.json,7,2,developing,SFI,5.0,-0.1200000000000001,25,REP-R07-A2
20260804_024555,results/simulation_llama3.1_8b_Full_scnldf_sh1_ldf1_seed2_26agents_30rounds_20260804_024555.json,7,3,developing,SFI,7.64,1.3999999999999995,25,REP-R07-A3
20260804_024555,results/simulation_llama3.1_8b_Full_scnldf_sh1_ldf1_seed2_26agents_30rounds_20260804_024555.json,7,4,developed,SI,5.12,0.1200000000000001,25,REP-R07-A4
20260804_024555,results/simulation_llama3.1_8b_Full_scnldf_sh1_ldf1_seed2_26agents_30rounds_20260804_024555.json,7,5,developing,SFI,4.92,-0.2400000000000002,25,REP-R07-A5
20260804_024555,results/simulation_llama3.1_8b_Full_scnldf_sh1_ldf1_seed2_26agents_30rounds_20260804_024555.json,7,6,developed,SI,5.0,0.0,25,REP-R07-A6
20260804_024555,results/simulation_llama3.1_8b_Full_scnldf_sh1_ldf1_seed2_26agents_30rounds_20260804_024555.json,7,7,developed,SI,5.0,0.0,25,REP-R07-A7
20260804_024555,results/simulation_llama3.1_8b_Full_scnldf_sh1_ldf1_seed2_26agents_30rounds_20260804_024555.json,7,8,developing,SFI,7.04,2.04,25,REP-R07-A8
20260804_024555,results/simulation_llama3.1_8b_Full_scnldf_sh1_ldf1_seed2_26agents_30rounds_20260804_024555.json,7,9,developing,SFI,5.0,4.0,25,REP-R07-A9
20260804_024555,results/simulation_llama3.1_8b_Full_scnldf_sh1_ldf1_seed2_26agents_30rounds_20260804_024555.json,7,10,developing,SFI,5.12,0.3600000000000003,25,REP-R07-A10
20260804_024555,results/simulation_llama3.1_8b_Full_scnldf_sh1_ldf1_seed2_26agents_30rounds_20260804_024555.json,7,11,developing,SFI,5.12,0.0,25,REP-R07-A11
20260804_024555,results/simulation_llama3.1_8b_Full_scnldf_sh1_ldf1_seed2_26agents_30rounds_20260804_024555.json,7,12,developing,SFI,5.24,0.2400000000000002,25,REP-R07-A12
20260804_024555,results/simulation_llama3.1_8b_Full_scnldf_sh1_ldf1_seed2_26agents_30rounds_20260804_024555.json,7,13,developing,SFI,5.0,0.0,25,REP-R07-A13
20260804_024555,results/simulation_llama3.1_8b_Full_scnldf_sh1_ldf1_seed2_26agents_30rounds_20260804_024555.json,7,14,developed,SI,5.0,0.2400000000000002,25,REP-R07-A14
20260804_024555,results/simulation_llama3.1_8b_Full_scnldf_sh1_ldf1_seed2_26agents_30rounds_20260804_024555.json,7,15,developing,SFI,5.12,4.12,25,REP-R07-A15
20260804_024555,results/simulation_llama3.1_8b_Full_scnldf_sh1_ldf1_seed2_26agents_30rounds_20260804_024555.json,7,16,developing,SFI,5.16,-2.84,25,REP-R07-A16
20260804_024555,results/simulation_llama3.1_8b_Full_scnldf_sh1_ldf1_seed2_26agents_30rounds_20260804_024555.json,7,17,developing,SFI,5.0,0.0,25,REP-R07-A17
20260804_024555,results/simulation_llama3.1_8b_Full_scnldf_sh1_ldf1_seed2_26agents_30rounds_20260804_024555.json,7,18,developed,SI,5.0,-0.1200000000000001,25,REP-R07-A18
20260804_024555,results/simulation_llama3.1_8b_Full_scnldf_sh1_ldf1_seed2_26agents_30rounds_20260804_024555.json,7,19,developed,SI,1.0,0.0,25,REP-R07-A19
20260804_024555,results/simulation_llama3.1_8b_Full_scnldf_sh1_ldf1_seed2_26agents_30rounds_20260804_024555.json,7,20,developed,SI,5.0,0.0,25,REP-R07-A20
20260804_024555,results/simulation_llama3.1_8b_Full_scnldf_sh1_ldf1_seed2_26agents_30rounds_20260804_024555.json,7,21,developed,SI,5.0,0.0,25,REP-R07-A21
20260804_024555,results/simulation_llama3.1_8b_Full_scnldf_sh1_ldf1_seed2_26agents_30rounds_20260804_024555.json,7,22,developed,SI,7.04,2.04,25,REP-R07-A22
20260804_024555,results/simulation_llama3.1_8b_Full_scnldf_sh1_ldf1_seed2_26agents_30rounds_20260804_024555.json,7,23,developing,SFI,1.0,-4.0,25,REP-R07-A23
20260804_024555,results/simulation_llama3.1_8b_Full_scnldf_sh1_ldf1_seed2_26agents_30rounds_20260804_024555.json,7,24,developed,SI,4.92,0.16000000000000014,25,REP-R07-A24
20260804_024555,results/simulation_llama3.1_8b_Full_scnldf_sh1_ldf1_seed2_26agents_30rounds_20260804_024555.json,7,25,developed,SI,5.0,4.0,25,REP-R07-A25
20260804_024555,results/simulation_llama3.1_8b_Full_scnldf_sh1_ldf1_seed2_26agents_30rounds_20260804_024555.json,8,0,developed,SI,4.84,3.84,25,REP-R08-A0
20260804_024555,results/simulation_llama3.1_8b_Full_scnldf_sh1_ldf1_seed2_26agents_30rounds_20260804_024555.json,8,1,developing,SFI,5.0,0.0,25,REP-R08-A1
20260804_024555,results/simulation_llama3.1_8b_Full_scnldf_sh1_ldf1_seed2_26agents_30rounds_20260804_024555.json,8,2,developing,SFI,5.6,0.5999999999999996,25,REP-R08-A2
20260804_024555,results/simulation_llama3.1_8b_Full_scnldf_sh1_ldf1_seed2_26agents_30rounds_20260804_024555.json,8,3,developing,SFI,5.36,-2.2799999999999994,25,REP-R08-A3
20260804_024555,results/simulation_llama3.1_8b_Full_scnldf_sh1_ldf1_seed2_26agents_30rounds_20260804_024555.json,8,4,developed,SI,5.0,-0.1200000000000001,25,REP-R08-A4
20260804_024555,results/simulation_llama3.1_8b_Full_scnldf_sh1_ldf1_seed2_26agents_30rounds_20260804_024555.json,8,5,developing,SFI,5.84,0.9199999999999999,25,REP-R08-A5
20260804_024555,results/simulation_llama3.1_8b_Full_scnldf_sh1_ldf1_seed2_26agents_30rounds_20260804_024555.json,8,6,developed,SI,1.0,-4.0,25,REP-R08-A6
20260804_024555,results/simulation_llama3.1_8b_Full_scnldf_sh1_ldf1_seed2_26agents_30rounds_20260804_024555.json,8,7,developed,SI,5.6,0.5999999999999996,25,REP-R08-A7
20260804_024555,results/simulation_llama3.1_8b_Full_scnldf_sh1_ldf1_seed2_26agents_30rounds_20260804_024555.json,8,8,developing,SFI,1.0,-6.04,25,REP-R08-A8
20260804_024555,results/simulation_llama3.1_8b_Full_scnldf_sh1_ldf1_seed2_26agents_30rounds_20260804_024555.json,8,9,developing,SFI,5.12,0.1200000000000001,25,REP-R08-A9
20260804_024555,results/simulation_llama3.1_8b_Full_scnldf_sh1_ldf1_seed2_26agents_30rounds_20260804_024555.json,8,10,developing,SFI,5.0,-0.1200000000000001,25,REP-R08-A10
20260804_024555,results/simulation_llama3.1_8b_Full_scnldf_sh1_ldf1_seed2_26agents_30rounds_20260804_024555.json,8,11,developing,SFI,5.0,-0.1200000000000001,25,REP-R08-A11
20260804_024555,results/simulation_llama3.1_8b_Full_scnldf_sh1_ldf1_seed2_26agents_30rounds_20260804_024555.json,8,12,developing,SFI,7.04,1.7999999999999998,25,REP-R08-A12
20260804_024555,results/simulation_llama3.1_8b_Full_scnldf_sh1_ldf1_seed2_26agents_30rounds_20260804_024555.json,8,13,developing,SFI,3.24,-1.7599999999999998,25,REP-R08-A13
20260804_024555,results/simulation_llama3.1_8b_Full_scnldf_sh1_ldf1_seed2_26agents_30rounds_20260804_024555.json,8,14,developed,SI,5.0,0.0,25,REP-R08-A14
20260804_024555,results/simulation_llama3.1_8b_Full_scnldf_sh1_ldf1_seed2_26agents_30rounds_20260804_024555.json,8,15,developing,SFI,1.0,-4.12,25,REP-R08-A15
20260804_024555,results/simulation_llama3.1_8b_Full_scnldf_sh1_ldf1_seed2_26agents_30rounds_20260804_024555.json,8,16,developing,SFI,5.12,-0.040000000000000036,25,REP-R08-A16
20260804_024555,results/simulation_llama3.1_8b_Full_scnldf_sh1_ldf1_seed2_26agents_30rounds_20260804_024555.json,8,17,developing,SFI,5.0,0.0,25,REP-R08-A17
20260804_024555,results/simulation_llama3.1_8b_Full_scnldf_sh1_ldf1_seed2_26agents_30rounds_20260804_024555.json,8,18,developed,SI,1.0,-4.0,25,REP-R08-A18
20260804_024555,results/simulation_llama3.1_8b_Full_scnldf_sh1_ldf1_seed2_26agents_30rounds_20260804_024555.json,8,19,developed,SI,1.0,0.0,25,REP-R08-A19
20260804_024555,results/simulation_llama3.1_8b_Full_scnldf_sh1_ldf1_seed2_26agents_30rounds_20260804_024555.json,8,20,developed,SI,5.0,0.0,25,REP-R08-A20
20260804_024555,results/simulation_llama3.1_8b_Full_scnldf_sh1_ldf1_seed2_26agents_30rounds_20260804_024555.json,8,21,developed,SI,4.92,-0.08000000000000007,25,REP-R08-A21
20260804_024555,results/simulation_llama3.1_8b_Full_scnldf_sh1_ldf1_seed2_26agents_30rounds_20260804_024555.json,8,22,developed,SI,5.12,-1.92,25,REP-R08-A22
20260804_024555,results/simulation_llama3.1_8b_Full_scnldf_sh1_ldf1_seed2_26agents_30rounds_20260804_024555.json,8,23,developing,SFI,5.36,4.36,25,REP-R08-A23
20260804_024555,results/simulation_llama3.1_8b_Full_scnldf_sh1_ldf1_seed2_26agents_30rounds_20260804_024555.json,8,24,developed,SI,5.0,0.08000000000000007,25,REP-R08-A24
20260804_024555,results/simulation_llama3.1_8b_Full_scnldf_sh1_ldf1_seed2_26agents_30rounds_20260804_024555.json,8,25,developed,SI,5.0,0.0,25,REP-R08-A25
20260804_024555,results/simulation_llama3.1_8b_Full_scnldf_sh1_ldf1_seed2_26agents_30rounds_20260804_024555.json,9,0,developed,SI,5.0,0.16000000000000014,25,REP-R09-A0
20260804_024555,results/simulation_llama3.1_8b_Full_scnldf_sh1_ldf1_seed2_26agents_30rounds_20260804_024555.json,9,1,developing,SFI,6.68,1.6799999999999997,25,REP-R09-A1
20260804_024555,results/simulation_llama3.1_8b_Full_scnldf_sh1_ldf1_seed2_26agents_30rounds_20260804_024555.json,9,2,developing,SFI,5.0,-0.5999999999999996,25,REP-R09-A2
20260804_024555,results/simulation_llama3.1_8b_Full_scnldf_sh1_ldf1_seed2_26agents_30rounds_20260804_024555.json,9,3,developing,SFI,3.0,-2.3600000000000003,25,REP-R09-A3
20260804_024555,results/simulation_llama3.1_8b_Full_scnldf_sh1_ldf1_seed2_26agents_30rounds_20260804_024555.json,9,4,developed,SI,4.92,-0.08000000000000007,25,REP-R09-A4
20260804_024555,results/simulation_llama3.1_8b_Full_scnldf_sh1_ldf1_seed2_26agents_30rounds_20260804_024555.json,9,5,developing,SFI,5.0,-0.8399999999999999,25,REP-R09-A5
20260804_024555,results/simulation_llama3.1_8b_Full_scnldf_sh1_ldf1_seed2_26agents_30rounds_20260804_024555.json,9,6,developed,SI,8.0,7.0,25,REP-R09-A6
20260804_024555,results/simulation_llama3.1_8b_Full_scnldf_sh1_ldf1_seed2_26agents_30rounds_20260804_024555.json,9,7,developed,SI,5.0,-0.5999999999999996,25,REP-R09-A7
20260804_024555,results/simulation_llama3.1_8b_Full_scnldf_sh1_ldf1_seed2_26agents_30rounds_20260804_024555.json,9,8,developing,SFI,5.12,4.12,25,REP-R09-A8
20260804_024555,results/simulation_llama3.1_8b_Full_scnldf_sh1_ldf1_seed2_26agents_30rounds_20260804_024555.json,9,9,developing,SFI,7.04,1.92,25,REP-R09-A9
20260804_024555,results/simulation_llama3.1_8b_Full_scnldf_sh1_ldf1_seed2_26agents_30rounds_20260804_024555.json,9,10,developing,SFI,5.0,0.0,25,REP-R09-A10
20260804_024555,results/simulation_llama3.1_8b_Full_scnldf_sh1_ldf1_seed2_26agents_30rounds_20260804_024555.json,9,11,developing,SFI,7.4,2.4000000000000004,25,REP-R09-A11
20260804_024555,results/simulation_llama3.1_8b_Full_scnldf_sh1_ldf1_seed2_26agents_30rounds_20260804_024555.json,9,12,developing,SFI,1.0,-6.04,25,REP-R09-A12
20260804_024555,results/simulation_llama3.1_8b_Full_scnldf_sh1_ldf1_seed2_26agents_30rounds_20260804_024555.json,9,13,developing,SFI,5.36,2.12,25,REP-R09-A13
20260804_024555,results/simulation_llama3.1_8b_Full_scnldf_sh1_ldf1_seed2_26agents_30rounds_20260804_024555.json,9,14,developed,SI,3.0,-2.0,25,REP-R09-A14
20260804_024555,results/simulation_llama3.1_8b_Full_scnldf_sh1_ldf1_seed2_26agents_30rounds_20260804_024555.json,9,15,developing,SFI,5.0,4.0,25,REP-R09-A15
20260804_024555,results/simulation_llama3.1_8b_Full_scnldf_sh1_ldf1_seed2_26agents_30rounds_20260804_024555.json,9,16,developing,SFI,1.0,-4.12,25,REP-R09-A16
20260804_024555,results/simulation_llama3.1_8b_Full_scnldf_sh1_ldf1_seed2_26agents_30rounds_20260804_024555.json,9,17,developing,SFI,5.0,0.0,25,REP-R09-A17
20260804_024555,results/simulation_llama3.1_8b_Full_scnldf_sh1_ldf1_seed2_26agents_30rounds_20260804_024555.json,9,18,developed,SI,5.0,4.0,25,REP-R09-A18
20260804_024555,results/simulation_llama3.1_8b_Full_scnldf_sh1_ldf1_seed2_26agents_30rounds_20260804_024555.json,9,19,developed,SI,1.0,0.0,25,REP-R09-A19
20260804_024555,results/simulation_llama3.1_8b_Full_scnldf_sh1_ldf1_seed2_26agents_30rounds_20260804_024555.json,9,20,developed,SI,4.12,-0.8799999999999999,25,REP-R09-A20
20260804_024555,results/simulation_llama3.1_8b_Full_scnldf_sh1_ldf1_seed2_26agents_30rounds_20260804_024555.json,9,21,developed,SI,5.48,0.5600000000000005,25,REP-R09-A21
20260804_024555,results/simulation_llama3.1_8b_Full_scnldf_sh1_ldf1_seed2_26agents_30rounds_20260804_024555.json,9,22,developed,SI,5.0,-0.1200000000000001,25,REP-R09-A22
20260804_024555,results/simulation_llama3.1_8b_Full_scnldf_sh1_ldf1_seed2_26agents_30rounds_20260804_024555.json,9,23,developing,SFI,1.0,-4.36,25,REP-R09-A23
20260804_024555,results/simulation_llama3.1_8b_Full_scnldf_sh1_ldf1_seed2_26agents_30rounds_20260804_024555.json,9,24,developed,SI,3.2,-1.7999999999999998,25,REP-R09-A24
20260804_024555,results/simulation_llama3.1_8b_Full_scnldf_sh1_ldf1_seed2_26agents_30rounds_20260804_024555.json,9,25,developed,SI,5.0,0.0,25,REP-R09-A25
20260804_024555,results/simulation_llama3.1_8b_Full_scnldf_sh1_ldf1_seed2_26agents_30rounds_20260804_024555.json,10,0,developed,SI,5.0,0.0,25,REP-R10-A0
20260804_024555,results/simulation_llama3.1_8b_Full_scnldf_sh1_ldf1_seed2_26agents_30rounds_20260804_024555.json,10,1,developing,SFI,4.84,-1.8399999999999999,25,REP-R10-A1
20260804_024555,results/simulation_llama3.1_8b_Full_scnldf_sh1_ldf1_seed2_26agents_30rounds_20260804_024555.json,10,2,developing,SFI,5.36,0.3600000000000003,25,REP-R10-A2
20260804_024555,results/simulation_llama3.1_8b_Full_scnldf_sh1_ldf1_seed2_26agents_30rounds_20260804_024555.json,10,3,developing,SFI,5.12,2.12,25,REP-R10-A3
20260804_024555,results/simulation_llama3.1_8b_Full_scnldf_sh1_ldf1_seed2_26agents_30rounds_20260804_024555.json,10,4,developed,SI,8.0,3.08,25,REP-R10-A4
20260804_024555,results/simulation_llama3.1_8b_Full_scnldf_sh1_ldf1_seed2_26agents_30rounds_20260804_024555.json,10,5,developing,SFI,5.84,0.8399999999999999,25,REP-R10-A5
20260804_024555,results/simulation_llama3.1_8b_Full_scnldf_sh1_ldf1_seed2_26agents_30rounds_20260804_024555.json,10,6,developed,SI,5.24,-2.76,25,REP-R10-A6
20260804_024555,results/simulation_llama3.1_8b_Full_scnldf_sh1_ldf1_seed2_26agents_30rounds_20260804_024555.json,10,7,developed,SI,8.0,3.0,25,REP-R10-A7
20260804_024555,results/simulation_llama3.1_8b_Full_scnldf_sh1_ldf1_seed2_26agents_30rounds_20260804_024555.json,10,8,developing,SFI,3.0,-2.12,25,REP-R10-A8
20260804_024555,results/simulation_llama3.1_8b_Full_scnldf_sh1_ldf1_seed2_26agents_30rounds_20260804_024555.json,10,9,developing,SFI,5.0,-2.04,25,REP-R10-A9
20260804_024555,results/simulation_llama3.1_8b_Full_scnldf_sh1_ldf1_seed2_26agents_30rounds_20260804_024555.json,10,10,developing,SFI,5.0,0.0,25,REP-R10-A10
20260804_024555,results/simulation_llama3.1_8b_Full_scnldf_sh1_ldf1_seed2_26agents_30rounds_20260804_024555.json,10,11,developing,SFI,5.36,-2.04,25,REP-R10-A11
20260804_024555,results/simulation_llama3.1_8b_Full_scnldf_sh1_ldf1_seed2_26agents_30rounds_20260804_024555.json,10,12,developing,SFI,5.12,4.12,25,REP-R10-A12
20260804_024555,results/simulation_llama3.1_8b_Full_scnldf_sh1_ldf1_seed2_26agents_30rounds_20260804_024555.json,10,13,developing,SFI,6.44,1.08,25,REP-R10-A13
20260804_024555,results/simulation_llama3.1_8b_Full_scnldf_sh1_ldf1_seed2_26agents_30rounds_20260804_024555.json,10,14,developed,SI,5.36,2.3600000000000003,25,REP-R10-A14
20260804_024555,results/simulation_llama3.1_8b_Full_scnldf_sh1_ldf1_seed2_26agents_30rounds_20260804_024555.json,10,15,developing,SFI,1.0,-4.0,25,REP-R10-A15
20260804_024555,results/simulation_llama3.1_8b_Full_scnldf_sh1_ldf1_seed2_26agents_30rounds_20260804_024555.json,10,16,developing,SFI,3.48,2.48,25,REP-R10-A16
20260804_024555,results/simulation_llama3.1_8b_Full_scnldf_sh1_ldf1_seed2_26agents_30rounds_20260804_024555.json,10,17,developing,SFI,5.12,0.1200000000000001,25,REP-R10-A17
20260804_024555,results/simulation_llama3.1_8b_Full_scnldf_sh1_ldf1_seed2_26agents_30rounds_20260804_024555.json,10,18,developed,SI,5.0,0.0,25,REP-R10-A18
20260804_024555,results/simulation_llama3.1_8b_Full_scnldf_sh1_ldf1_seed2_26agents_30rounds_20260804_024555.json,10,19,developed,SI,5.0,4.0,25,REP-R10-A19
20260804_024555,results/simulation_llama3.1_8b_Full_scnldf_sh1_ldf1_seed2_26agents_30rounds_20260804_024555.json,10,20,developed,SI,5.0,0.8799999999999999,25,REP-R10-A20
20260804_024555,results/simulation_llama3.1_8b_Full_scnldf_sh1_ldf1_seed2_26agents_30rounds_20260804_024555.json,10,21,developed,SI,1.0,-4.48,25,REP-R10-A21
20260804_024555,results/simulation_llama3.1_8b_Full_scnldf_sh1_ldf1_seed2_26agents_30rounds_20260804_024555.json,10,22,developed,SI,5.12,0.1200000000000001,25,REP-R10-A22
20260804_024555,results/simulation_llama3.1_8b_Full_scnldf_sh1_ldf1_seed2_26agents_30rounds_20260804_024555.json,10,23,developing,SFI,7.4,6.4,25,REP-R10-A23
20260804_024555,results/simulation_llama3.1_8b_Full_scnldf_sh1_ldf1_seed2_26agents_30rounds_20260804_024555.json,10,24,developed,SI,4.92,1.7199999999999998,25,REP-R10-A24
20260804_024555,results/simulation_llama3.1_8b_Full_scnldf_sh1_ldf1_seed2_26agents_30rounds_20260804_024555.json,10,25,developed,SI,5.0,0.0,25,REP-R10-A25
20260804_024555,results/simulation_llama3.1_8b_Full_scnldf_sh1_ldf1_seed2_26agents_30rounds_20260804_024555.json,11,0,developed,SI,5.0,0.0,25,REP-R11-A0
20260804_024555,results/simulation_llama3.1_8b_Full_scnldf_sh1_ldf1_seed2_26agents_30rounds_20260804_024555.json,11,1,developing,SFI,5.0,0.16000000000000014,25,REP-R11-A1
20260804_024555,results/simulation_llama3.1_8b_Full_scnldf_sh1_ldf1_seed2_26agents_30rounds_20260804_024555.json,11,2,developing,SFI,5.0,-0.3600000000000003,25,REP-R11-A2
20260804_024555,results/simulation_llama3.1_8b_Full_scnldf_sh1_ldf1_seed2_26agents_30rounds_20260804_024555.json,11,3,developing,SFI,5.0,-0.1200000000000001,25,REP-R11-A3
20260804_024555,results/simulation_llama3.1_8b_Full_scnldf_sh1_ldf1_seed2_26agents_30rounds_20260804_024555.json,11,4,developed,SI,5.0,-3.0,25,REP-R11-A4
20260804_024555,results/simulation_llama3.1_8b_Full_scnldf_sh1_ldf1_seed2_26agents_30rounds_20260804_024555.json,11,5,developing,SFI,1.0,-4.84,25,REP-R11-A5
20260804_024555,results/simulation_llama3.1_8b_Full_scnldf_sh1_ldf1_seed2_26agents_30rounds_20260804_024555.json,11,6,developed,SI,5.72,0.47999999999999954,25,REP-R11-A6
20260804_024555,results/simulation_llama3.1_8b_Full_scnldf_sh1_ldf1_seed2_26agents_30rounds_20260804_024555.json,11,7,developed,SI,5.0,-3.0,25,REP-R11-A7
20260804_024555,results/simulation_llama3.1_8b_Full_scnldf_sh1_ldf1_seed2_26agents_30rounds_20260804_024555.json,11,8,developing,SFI,1.0,-2.0,25,REP-R11-A8
20260804_024555,results/simulation_llama3.1_8b_Full_scnldf_sh1_ldf1_seed2_26agents_30rounds_20260804_024555.json,11,9,developing,SFI,1.0,-4.0,25,REP-R11-A9
20260804_024555,results/simulation_llama3.1_8b_Full_scnldf_sh1_ldf1_seed2_26agents_30rounds_20260804_024555.json,11,10,developing,SFI,7.04,2.04,25,REP-R11-A10
20260804_024555,results/simulation_llama3.1_8b_Full_scnldf_sh1_ldf1_seed2_26agents_30rounds_20260804_024555.json,11,11,developing,SFI,5.0,-0.3600000000000003,25,REP-R11-A11
20260804_024555,results/simulation_llama3.1_8b_Full_scnldf_sh1_ldf1_seed2_26agents_30rounds_20260804_024555.json,11,12,developing,SFI,4.6,-0.5200000000000005,25,REP-R11-A12
20260804_024555,results/simulation_llama3.1_8b_Full_scnldf_sh1_ldf1_seed2_26agents_30rounds_20260804_024555.json,11,13,developing,SFI,5.0,-1.4400000000000004,25,REP-R11-A13
20260804_024555,results/simulation_llama3.1_8b_Full_scnldf_sh1_ldf1_seed2_26agents_30rounds_20260804_024555.json,11,14,developed,SI,5.0,-0.3600000000000003,25,REP-R11-A14
20260804_024555,results/simulation_llama3.1_8b_Full_scnldf_sh1_ldf1_seed2_26agents_30rounds_20260804_024555.json,11,15,developing,SFI,1.0,0.0,25,REP-R11-A15
20260804_024555,results/simulation_llama3.1_8b_Full_scnldf_sh1_ldf1_seed2_26agents_30rounds_20260804_024555.json,11,16,developing,SFI,1.0,-2.48,25,REP-R11-A16
20260804_024555,results/simulation_llama3.1_8b_Full_scnldf_sh1_ldf1_seed2_26agents_30rounds_20260804_024555.json,11,17,developing,SFI,5.0,-0.1200000000000001,25,REP-R11-A17
20260804_024555,results/simulation_llama3.1_8b_Full_scnldf_sh1_ldf1_seed2_26agents_30rounds_20260804_024555.json,11,18,developed,SI,5.0,0.0,25,REP-R11-A18
20260804_024555,results/simulation_llama3.1_8b_Full_scnldf_sh1_ldf1_seed2_26agents_30rounds_20260804_024555.json,11,19,developed,SI,5.0,0.0,25,REP-R11-A19
20260804_024555,results/simulation_llama3.1_8b_Full_scnldf_sh1_ldf1_seed2_26agents_30rounds_20260804_024555.json,11,20,developed,SI,5.12,0.1200000000000001,25,REP-R11-A20
20260804_024555,results/simulation_llama3.1_8b_Full_scnldf_sh1_ldf1_seed2_26agents_30rounds_20260804_024555.json,11,21,developed,SI,5.12,4.12,25,REP-R11-A21
20260804_024555,results/simulation_llama3.1_8b_Full_scnldf_sh1_ldf1_seed2_26agents_30rounds_20260804_024555.json,11,22,developed,SI,5.12,0.0,25,REP-R11-A22
20260804_024555,results/simulation_llama3.1_8b_Full_scnldf_sh1_ldf1_seed2_26agents_30rounds_20260804_024555.json,11,23,developing,SFI,5.0,-2.4000000000000004,25,REP-R11-A23
20260804_024555,results/simulation_llama3.1_8b_Full_scnldf_sh1_ldf1_seed2_26agents_30rounds_20260804_024555.json,11,24,developed,SI,5.0,0.08000000000000007,25,REP-R11-A24
20260804_024555,results/simulation_llama3.1_8b_Full_scnldf_sh1_ldf1_seed2_26agents_30rounds_20260804_024555.json,11,25,developed,SI,5.0,0.0,25,REP-R11-A25
20260804_024555,results/simulation_llama3.1_8b_Full_scnldf_sh1_ldf1_seed2_26agents_30rounds_20260804_024555.json,12,0,developed,SI,5.16,0.16000000000000014,25,REP-R12-A0
20260804_024555,results/simulation_llama3.1_8b_Full_scnldf_sh1_ldf1_seed2_26agents_30rounds_20260804_024555.json,12,1,developing,SFI,5.0,0.0,25,REP-R12-A1
20260804_024555,results/simulation_llama3.1_8b_Full_scnldf_sh1_ldf1_seed2_26agents_30rounds_20260804_024555.json,12,2,developing,SFI,5.0,0.0,25,REP-R12-A2
20260804_024555,results/simulation_llama3.1_8b_Full_scnldf_sh1_ldf1_seed2_26agents_30rounds_20260804_024555.json,12,3,developing,SFI,7.64,2.6399999999999997,25,REP-R12-A3
20260804_024555,results/simulation_llama3.1_8b_Full_scnldf_sh1_ldf1_seed2_26agents_30rounds_20260804_024555.json,12,4,developed,SI,5.0,0.0,25,REP-R12-A4
20260804_024555,results/simulation_llama3.1_8b_Full_scnldf_sh1_ldf1_seed2_26agents_30rounds_20260804_024555.json,12,5,developing,SFI,1.0,0.0,25,REP-R12-A5
20260804_024555,results/simulation_llama3.1_8b_Full_scnldf_sh1_ldf1_seed2_26agents_30rounds_20260804_024555.json,12,6,developed,SI,5.12,-0.5999999999999996,25,REP-R12-A6
20260804_024555,results/simulation_llama3.1_8b_Full_scnldf_sh1_ldf1_seed2_26agents_30rounds_20260804_024555.json,12,7,developed,SI,5.36,0.3600000000000003,25,REP-R12-A7
20260804_024555,results/simulation_llama3.1_8b_Full_scnldf_sh1_ldf1_seed2_26agents_30rounds_20260804_024555.json,12,8,developing,SFI,5.0,4.0,25,REP-R12-A8
20260804_024555,results/simulation_llama3.1_8b_Full_scnldf_sh1_ldf1_seed2_26agents_30rounds_20260804_024555.json,12,9,developing,SFI,5.12,4.12,25,REP-R12-A9
20260804_024555,results/simulation_llama3.1_8b_Full_scnldf_sh1_ldf1_seed2_26agents_30rounds_20260804_024555.json,12,10,developing,SFI,4.84,-2.2,25,REP-R12-A10
20260804_024555,results/simulation_llama3.1_8b_Full_scnldf_sh1_ldf1_seed2_26agents_30rounds_20260804_024555.json,12,11,developing,SFI,6.08,1.08,25,REP-R12-A11
20260804_024555,results/simulation_llama3.1_8b_Full_scnldf_sh1_ldf1_seed2_26agents_30rounds_20260804_024555.json,12,12,developing,SFI,1.0,-3.5999999999999996,25,REP-R12-A12
20260804_024555,results/simulation_llama3.1_8b_Full_scnldf_sh1_ldf1_seed2_26agents_30rounds_20260804_024555.json,12,13,developing,SFI,5.0,0.0,25,REP-R12-A13
20260804_024555,results/simulation_llama3.1_8b_Full_scnldf_sh1_ldf1_seed2_26agents_30rounds_20260804_024555.json,12,14,developed,SI,5.0,0.0,25,REP-R12-A14
20260804_024555,results/simulation_llama3.1_8b_Full_scnldf_sh1_ldf1_seed2_26agents_30rounds_20260804_024555.json,12,15,developing,SFI,1.0,0.0,25,REP-R12-A15
20260804_024555,results/simulation_llama3.1_8b_Full_scnldf_sh1_ldf1_seed2_26agents_30rounds_20260804_024555.json,12,16,developing,SFI,1.0,0.0,25,REP-R12-A16
20260804_024555,results/simulation_llama3.1_8b_Full_scnldf_sh1_ldf1_seed2_26agents_30rounds_20260804_024555.json,12,17,developing,SFI,5.16,0.16000000000000014,25,REP-R12-A17
20260804_024555,results/simulation_llama3.1_8b_Full_scnldf_sh1_ldf1_seed2_26agents_30rounds_20260804_024555.json,12,18,developed,SI,5.0,0.0,25,REP-R12-A18
20260804_024555,results/simulation_llama3.1_8b_Full_scnldf_sh1_ldf1_seed2_26agents_30rounds_20260804_024555.json,12,19,developed,SI,5.0,0.0,25,REP-R12-A19
20260804_024555,results/simulation_llama3.1_8b_Full_scnldf_sh1_ldf1_seed2_26agents_30rounds_20260804_024555.json,12,20,developed,SI,5.0,-0.1200000000000001,25,REP-R12-A20
20260804_024555,results/simulation_llama3.1_8b_Full_scnldf_sh1_ldf1_seed2_26agents_30rounds_20260804_024555.json,12,21,developed,SI,5.24,0.1200000000000001,25,REP-R12-A21
20260804_024555,results/simulation_llama3.1_8b_Full_scnldf_sh1_ldf1_seed2_26agents_30rounds_20260804_024555.json,12,22,developed,SI,5.0,-0.1200000000000001,25,REP-R12-A22
20260804_024555,results/simulation_llama3.1_8b_Full_scnldf_sh1_ldf1_seed2_26agents_30rounds_20260804_024555.json,12,23,developing,SFI,1.0,-4.0,25,REP-R12-A23
20260804_024555,results/simulation_llama3.1_8b_Full_scnldf_sh1_ldf1_seed2_26agents_30rounds_20260804_024555.json,12,24,developed,SI,5.0,0.0,25,REP-R12-A24
20260804_024555,results/simulation_llama3.1_8b_Full_scnldf_sh1_ldf1_seed2_26agents_30rounds_20260804_024555.json,12,25,developed,SI,5.0,0.0,25,REP-R12-A25
20260804_024555,results/simulation_llama3.1_8b_Full_scnldf_sh1_ldf1_seed2_26agents_30rounds_20260804_024555.json,13,0,developed,SI,1.0,-4.16,25,REP-R13-A0
20260804_024555,results/simulation_llama3.1_8b_Full_scnldf_sh1_ldf1_seed2_26agents_30rounds_20260804_024555.json,13,1,developing,SFI,5.0,0.0,25,REP-R13-A1
20260804_024555,results/simulation_llama3.1_8b_Full_scnldf_sh1_ldf1_seed2_26agents_30rounds_20260804_024555.json,13,2,developing,SFI,1.0,-4.0,25,REP-R13-A2
20260804_024555,results/simulation_llama3.1_8b_Full_scnldf_sh1_ldf1_seed2_26agents_30rounds_20260804_024555.json,13,3,developing,SFI,2.44,-5.199999999999999,25,REP-R13-A3
20260804_024555,results/simulation_llama3.1_8b_Full_scnldf_sh1_ldf1_seed2_26agents_30rounds_20260804_024555.json,13,4,developed,SI,5.0,0.0,25,REP-R13-A4
20260804_024555,results/simulation_llama3.1_8b_Full_scnldf_sh1_ldf1_seed2_26agents_30rounds_20260804_024555.json,13,5,developing,SFI,5.0,4.0,25,REP-R13-A5
20260804_024555,results/simulation_llama3.1_8b_Full_scnldf_sh1_ldf1_seed2_26agents_30rounds_20260804_024555.json,13,6,developed,SI,5.16,0.040000000000000036,25,REP-R13-A6
20260804_024555,results/simulation_llama3.1_8b_Full_scnldf_sh1_ldf1_seed2_26agents_30rounds_20260804_024555.json,13,7,developed,SI,6.92,1.5599999999999996,25,REP-R13-A7
20260804_024555,results/simulation_llama3.1_8b_Full_scnldf_sh1_ldf1_seed2_26agents_30rounds_20260804_024555.json,13,8,developing,SFI,4.92,-0.08000000000000007,25,REP-R13-A8
20260804_024555,results/simulation_llama3.1_8b_Full_scnldf_sh1_ldf1_seed2_26agents_30rounds_20260804_024555.json,13,9,developing,SFI,5.0,-0.1200000000000001,25,REP-R13-A9
20260804_024555,results/simulation_llama3.1_8b_Full_scnldf_sh1_ldf1_seed2_26agents_30rounds_20260804_024555.json,13,10,developing,SFI,4.84,0.0,25,REP-R13-A10
20260804_024555,results/simulation_llama3.1_8b_Full_scnldf_sh1_ldf1_seed2_26agents_30rounds_20260804_024555.json,13,11,developing,SFI,5.0,-1.08,25,REP-R13-A11
20260804_024555,results/simulation_llama3.1_8b_Full_scnldf_sh1_ldf1_seed2_26agents_30rounds_20260804_024555.json,13,12,developing,SFI,6.56,5.56,25,REP-R13-A12
20260804_024555,results/simulation_llama3.1_8b_Full_scnldf_sh1_ldf1_seed2_26agents_30rounds_20260804_024555.json,13,13,developing,SFI,8.0,3.0,25,REP-R13-A13
20260804_024555,results/simulation_llama3.1_8b_Full_scnldf_sh1_ldf1_seed2_26agents_30rounds_20260804_024555.json,13,14,developed,SI,5.0,0.0,25,REP-R13-A14
20260804_024555,results/simulation_llama3.1_8b_Full_scnldf_sh1_ldf1_seed2_26agents_30rounds_20260804_024555.json,13,15,developing,SFI,5.12,4.12,25,REP-R13-A15
20260804_024555,results/simulation_llama3.1_8b_Full_scnldf_sh1_ldf1_seed2_26agents_30rounds_20260804_024555.json,13,16,developing,SFI,5.24,4.24,25,REP-R13-A16
20260804_024555,results/simulation_llama3.1_8b_Full_scnldf_sh1_ldf1_seed2_26agents_30rounds_20260804_024555.json,13,17,developing,SFI,7.64,2.4799999999999995,25,REP-R13-A17
20260804_024555,results/simulation_llama3.1_8b_Full_scnldf_sh1_ldf1_seed2_26agents_30rounds_20260804_024555.json,13,18,developed,SI,4.92,-0.08000000000000007,25,REP-R13-A18
20260804_024555,results/simulation_llama3.1_8b_Full_scnldf_sh1_ldf1_seed2_26agents_30rounds_20260804_024555.json,13,19,developed,SI,5.12,0.1200000000000001,25,REP-R13-A19
20260804_024555,results/simulation_llama3.1_8b_Full_scnldf_sh1_ldf1_seed2_26agents_30rounds_20260804_024555.json,13,20,developed,SI,5.0,0.0,25,REP-R13-A20
20260804_024555,results/simulation_llama3.1_8b_Full_scnldf_sh1_ldf1_seed2_26agents_30rounds_20260804_024555.json,13,21,developed,SI,3.4,-1.8400000000000003,25,REP-R13-A21
20260804_024555,results/simulation_llama3.1_8b_Full_scnldf_sh1_ldf1_seed2_26agents_30rounds_20260804_024555.json,13,22,developed,SI,1.0,-4.0,25,REP-R13-A22
20260804_024555,results/simulation_llama3.1_8b_Full_scnldf_sh1_ldf1_seed2_26agents_30rounds_20260804_024555.json,13,23,developing,SFI,1.0,0.0,25,REP-R13-A23
20260804_024555,results/simulation_llama3.1_8b_Full_scnldf_sh1_ldf1_seed2_26agents_30rounds_20260804_024555.json,13,24,developed,SI,5.0,0.0,25,REP-R13-A24
20260804_024555,results/simulation_llama3.1_8b_Full_scnldf_sh1_ldf1_seed2_26agents_30rounds_20260804_024555.json,13,25,developed,SI,5.0,0.0,25,REP-R13-A25
20260804_024555,results/simulation_llama3.1_8b_Full_scnldf_sh1_ldf1_seed2_26agents_30rounds_20260804_024555.json,14,0,developed,SI,5.0,4.0,25,REP-R14-A0
20260804_024555,results/simulation_llama3.1_8b_Full_scnldf_sh1_ldf1_seed2_26agents_30rounds_20260804_024555.json,14,1,developing,SFI,1.0,-4.0,25,REP-R14-A1
20260804_024555,results/simulation_llama3.1_8b_Full_scnldf_sh1_ldf1_seed2_26agents_30rounds_20260804_024555.json,14,2,developing,SFI,1.36,0.3600000000000001,25,REP-R14-A2
20260804_024555,results/simulation_llama3.1_8b_Full_scnldf_sh1_ldf1_seed2_26agents_30rounds_20260804_024555.json,14,3,developing,SFI,4.04,1.6,25,REP-R14-A3
20260804_024555,results/simulation_llama3.1_8b_Full_scnldf_sh1_ldf1_seed2_26agents_30rounds_20260804_024555.json,14,4,developed,SI,5.0,0.0,25,REP-R14-A4
20260804_024555,results/simulation_llama3.1_8b_Full_scnldf_sh1_ldf1_seed2_26agents_30rounds_20260804_024555.json,14,5,developing,SFI,1.0,-4.0,25,REP-R14-A5
20260804_024555,results/simulation_llama3.1_8b_Full_scnldf_sh1_ldf1_seed2_26agents_30rounds_20260804_024555.json,14,6,developed,SI,5.0,-0.16000000000000014,25,REP-R14-A6
20260804_024555,results/simulation_llama3.1_8b_Full_scnldf_sh1_ldf1_seed2_26agents_30rounds_20260804_024555.json,14,7,developed,SI,3.0,-3.92,25,REP-R14-A7
20260804_024555,results/simulation_llama3.1_8b_Full_scnldf_sh1_ldf1_seed2_26agents_30rounds_20260804_024555.json,14,8,developing,SFI,5.12,0.20000000000000018,25,REP-R14-A8
20260804_024555,results/simulation_llama3.1_8b_Full_scnldf_sh1_ldf1_seed2_26agents_30rounds_20260804_024555.json,14,9,developing,SFI,5.0,0.0,25,REP-R14-A9
20260804_024555,results/simulation_llama3.1_8b_Full_scnldf_sh1_ldf1_seed2_26agents_30rounds_20260804_024555.json,14,10,developing,SFI,5.0,0.16000000000000014,25,REP-R14-A10
20260804_024555,results/simulation_llama3.1_8b_Full_scnldf_sh1_ldf1_seed2_26agents_30rounds_20260804_024555.json,14,11,developing,SFI,5.12,0.1200000000000001,25,REP-R14-A11
20260804_024555,results/simulation_llama3.1_8b_Full_scnldf_sh1_ldf1_seed2_26agents_30rounds_20260804_024555.json,14,12,developing,SFI,1.0,-5.56,25,REP-R14-A12
20260804_024555,results/simulation_llama3.1_8b_Full_scnldf_sh1_ldf1_seed2_26agents_30rounds_20260804_024555.json,14,13,developing,SFI,7.76,-0.2400000000000002,25,REP-R14-A13
20260804_024555,results/simulation_llama3.1_8b_Full_scnldf_sh1_ldf1_seed2_26agents_30rounds_20260804_024555.json,14,14,developed,SI,1.0,-4.0,25,REP-R14-A14
20260804_024555,results/simulation_llama3.1_8b_Full_scnldf_sh1_ldf1_seed2_26agents_30rounds_20260804_024555.json,14,15,developing,SFI,8.0,2.88,25,REP-R14-A15
20260804_024555,results/simulation_llama3.1_8b_Full_scnldf_sh1_ldf1_seed2_26agents_30rounds_20260804_024555.json,14,16,developing,SFI,5.0,-0.2400000000000002,25,REP-R14-A16
20260804_024555,results/simulation_llama3.1_8b_Full_scnldf_sh1_ldf1_seed2_26agents_30rounds_20260804_024555.json,14,17,developing,SFI,7.64,0.0,25,REP-R14-A17
20260804_024555,results/simulation_llama3.1_8b_Full_scnldf_sh1_ldf1_seed2_26agents_30rounds_20260804_024555.json,14,18,developed,SI,5.0,0.08000000000000007,25,REP-R14-A18
20260804_024555,results/simulation_llama3.1_8b_Full_scnldf_sh1_ldf1_seed2_26agents_30rounds_20260804_024555.json,14,19,developed,SI,4.12,-1.0,25,REP-R14-A19
20260804_024555,results/simulation_llama3.1_8b_Full_scnldf_sh1_ldf1_seed2_26agents_30rounds_20260804_024555.json,14,20,developed,SI,5.0,0.0,25,REP-R14-A20
20260804_024555,results/simulation_llama3.1_8b_Full_scnldf_sh1_ldf1_seed2_26agents_30rounds_20260804_024555.json,14,21,developed,SI,5.0,1.6,25,REP-R14-A21
20260804_024555,results/simulation_llama3.1_8b_Full_scnldf_sh1_ldf1_seed2_26agents_30rounds_20260804_024555.json,14,22,developed,SI,1.0,0.0,25,REP-R14-A22
20260804_024555,results/simulation_llama3.1_8b_Full_scnldf_sh1_ldf1_seed2_26agents_30rounds_20260804_024555.json,14,23,developing,SFI,7.76,6.76,25,REP-R14-A23
20260804_024555,results/simulation_llama3.1_8b_Full_scnldf_sh1_ldf1_seed2_26agents_30rounds_20260804_024555.json,14,24,developed,SI,5.12,0.1200000000000001,25,REP-R14-A24
20260804_024555,results/simulation_llama3.1_8b_Full_scnldf_sh1_ldf1_seed2_26agents_30rounds_20260804_024555.json,14,25,developed,SI,4.36,-0.6399999999999997,25,REP-R14-A25
20260804_024555,results/simulation_llama3.1_8b_Full_scnldf_sh1_ldf1_seed2_26agents_30rounds_20260804_024555.json,15,0,developed,SI,5.84,0.8399999999999999,25,REP-R15-A0
20260804_024555,results/simulation_llama3.1_8b_Full_scnldf_sh1_ldf1_seed2_26agents_30rounds_20260804_024555.json,15,1,developing,SFI,5.0,4.0,25,REP-R15-A1
20260804_024555,results/simulation_llama3.1_8b_Full_scnldf_sh1_ldf1_seed2_26agents_30rounds_20260804_024555.json,15,2,developing,SFI,5.0,3.6399999999999997,25,REP-R15-A2
20260804_024555,results/simulation_llama3.1_8b_Full_scnldf_sh1_ldf1_seed2_26agents_30rounds_20260804_024555.json,15,3,developing,SFI,7.64,3.5999999999999996,25,REP-R15-A3
20260804_024555,results/simulation_llama3.1_8b_Full_scnldf_sh1_ldf1_seed2_26agents_30rounds_20260804_024555.json,15,4,developed,SI,5.0,0.0,25,REP-R15-A4
20260804_024555,results/simulation_llama3.1_8b_Full_scnldf_sh1_ldf1_seed2_26agents_30rounds_20260804_024555.json,15,5,developing,SFI,4.96,3.96,25,REP-R15-A5
20260804_024555,results/simulation_llama3.1_8b_Full_scnldf_sh1_ldf1_seed2_26agents_30rounds_20260804_024555.json,15,6,developed,SI,5.0,0.0,25,REP-R15-A6
20260804_024555,results/simulation_llama3.1_8b_Full_scnldf_sh1_ldf1_seed2_26agents_30rounds_20260804_024555.json,15,7,developed,SI,5.0,2.0,25,REP-R15-A7
20260804_024555,results/simulation_llama3.1_8b_Full_scnldf_sh1_ldf1_seed2_26agents_30rounds_20260804_024555.json,15,8,developing,SFI,5.0,-0.1200000000000001,25,REP-R15-A8
20260804_024555,results/simulation_llama3.1_8b_Full_scnldf_sh1_ldf1_seed2_26agents_30rounds_20260804_024555.json,15,9,developing,SFI,5.48,0.4800000000000004,25,REP-R15-A9
20260804_024555,results/simulation_llama3.1_8b_Full_scnldf_sh1_ldf1_seed2_26agents_30rounds_20260804_024555.json,15,10,developing,SFI,5.0,0.0,25,REP-R15-A10
20260804_024555,results/simulation_llama3.1_8b_Full_scnldf_sh1_ldf1_seed2_26agents_30rounds_20260804_024555.json,15,11,developing,SFI,1.0,-4.12,25,REP-R15-A11
20260804_024555,results/simulation_llama3.1_8b_Full_scnldf_sh1_ldf1_seed2_26agents_30rounds_20260804_024555.json,15,12,developing,SFI,5.6,4.6,25,REP-R15-A12
20260804_024555,results/simulation_llama3.1_8b_Full_scnldf_sh1_ldf1_seed2_26agents_30rounds_20260804_024555.json,15,13,developing,SFI,8.0,0.2400000000000002,25,REP-R15-A13
20260804_024555,results/simulation_llama3.1_8b_Full_scnldf_sh1_ldf1_seed2_26agents_30rounds_20260804_024555.json,15,14,developed,SI,5.0,4.0,25,REP-R15-A14
20260804_024555,results/simulation_llama3.1_8b_Full_scnldf_sh1_ldf1_seed2_26agents_30rounds_20260804_024555.json,15,15,developing,SFI,5.0,-3.0,25,REP-R15-A15
20260804_024555,results/simulation_llama3.1_8b_Full_scnldf_sh1_ldf1_seed2_26agents_30rounds_20260804_024555.json,15,16,developing,SFI,7.64,2.6399999999999997,25,REP-R15-A16
20260804_024555,results/simulation_llama3.1_8b_Full_scnldf_sh1_ldf1_seed2_26agents_30rounds_20260804_024555.json,15,17,developing,SFI,5.12,-2.5199999999999996,25,REP-R15-A17
20260804_024555,results/simulation_llama3.1_8b_Full_scnldf_sh1_ldf1_seed2_26agents_30rounds_20260804_024555.json,15,18,developed,SI,5.0,0.0,25,REP-R15-A18
20260804_024555,results/simulation_llama3.1_8b_Full_scnldf_sh1_ldf1_seed2_26agents_30rounds_20260804_024555.json,15,19,developed,SI,5.0,0.8799999999999999,25,REP-R15-A19
20260804_024555,results/simulation_llama3.1_8b_Full_scnldf_sh1_ldf1_seed2_26agents_30rounds_20260804_024555.json,15,20,developed,SI,5.0,0.0,25,REP-R15-A20
20260804_024555,results/simulation_llama3.1_8b_Full_scnldf_sh1_ldf1_seed2_26agents_30rounds_20260804_024555.json,15,21,developed,SI,5.0,0.0,25,REP-R15-A21
20260804_024555,results/simulation_llama3.1_8b_Full_scnldf_sh1_ldf1_seed2_26agents_30rounds_20260804_024555.json,15,22,developed,SI,5.12,4.12,25,REP-R15-A22
20260804_024555,results/simulation_llama3.1_8b_Full_scnldf_sh1_ldf1_seed2_26agents_30rounds_20260804_024555.json,15,23,developing,SFI,5.0,-2.76,25,REP-R15-A23
20260804_024555,results/simulation_llama3.1_8b_Full_scnldf_sh1_ldf1_seed2_26agents_30rounds_20260804_024555.json,15,24,developed,SI,2.6,-2.52,25,REP-R15-A24
20260804_024555,results/simulation_llama3.1_8b_Full_scnldf_sh1_ldf1_seed2_26agents_30rounds_20260804_024555.json,15,25,developed,SI,5.0,0.6399999999999997,25,REP-R15-A25
20260804_024555,results/simulation_llama3.1_8b_Full_scnldf_sh1_ldf1_seed2_26agents_30rounds_20260804_024555.json,16,0,developed,SI,5.0,-0.8399999999999999,25,REP-R16-A0
20260804_024555,results/simulation_llama3.1_8b_Full_scnldf_sh1_ldf1_seed2_26agents_30rounds_20260804_024555.json,16,1,developing,SFI,5.12,0.1200000000000001,25,REP-R16-A1
20260804_024555,results/simulation_llama3.1_8b_Full_scnldf_sh1_ldf1_seed2_26agents_30rounds_20260804_024555.json,16,2,developing,SFI,1.36,-3.6399999999999997,25,REP-R16-A2
20260804_024555,results/simulation_llama3.1_8b_Full_scnldf_sh1_ldf1_seed2_26agents_30rounds_20260804_024555.json,16,3,developing,SFI,8.0,0.3600000000000003,25,REP-R16-A3
20260804_024555,results/simulation_llama3.1_8b_Full_scnldf_sh1_ldf1_seed2_26agents_30rounds_20260804_024555.json,16,4,developed,SI,3.24,-1.7599999999999998,25,REP-R16-A4
20260804_024555,results/simulation_llama3.1_8b_Full_scnldf_sh1_ldf1_seed2_26agents_30rounds_20260804_024555.json,16,5,developing,SFI,5.0,0.040000000000000036,25,REP-R16-A5
20260804_024555,results/simulation_llama3.1_8b_Full_scnldf_sh1_ldf1_seed2_26agents_30rounds_20260804_024555.json,16,6,developed,SI,5.0,0.0,25,REP-R16-A6
20260804_024555,results/simulation_llama3.1_8b_Full_scnldf_sh1_ldf1_seed2_26agents_30rounds_20260804_024555.json,16,7,developed,SI,5.0,0.0,25,REP-R16-A7
20260804_024555,results/simulation_llama3.1_8b_Full_scnldf_sh1_ldf1_seed2_26agents_30rounds_20260804_024555.json,16,8,developing,SFI,5.12,0.1200000000000001,25,REP-R16-A8
20260804_024555,results/simulation_llama3.1_8b_Full_scnldf_sh1_ldf1_seed2_26agents_30rounds_20260804_024555.json,16,9,developing,SFI,5.0,-0.4800000000000004,25,REP-R16-A9
20260804_024555,results/simulation_llama3.1_8b_Full_scnldf_sh1_ldf1_seed2_26agents_30rounds_20260804_024555.json,16,10,developing,SFI,1.0,-4.0,25,REP-R16-A10
20260804_024555,results/simulation_llama3.1_8b_Full_scnldf_sh1_ldf1_seed2_26agents_30rounds_20260804_024555.json,16,11,developing,SFI,1.0,0.0,25,REP-R16-A11
20260804_024555,results/simulation_llama3.1_8b_Full_scnldf_sh1_ldf1_seed2_26agents_30rounds_20260804_024555.json,16,12,developing,SFI,4.92,-0.6799999999999997,25,REP-R16-A12
20260804_024555,results/simulation_llama3.1_8b_Full_scnldf_sh1_ldf1_seed2_26agents_30rounds_20260804_024555.json,16,13,developing,SFI,5.24,-2.76,25,REP-R16-A13
20260804_024555,results/simulation_llama3.1_8b_Full_scnldf_sh1_ldf1_seed2_26agents_30rounds_20260804_024555.json,16,14,developed,SI,4.92,-0.08000000000000007,25,REP-R16-A14
20260804_024555,results/simulation_llama3.1_8b_Full_scnldf_sh1_ldf1_seed2_26agents_30rounds_20260804_024555.json,16,15,developing,SFI,5.0,0.0,25,REP-R16-A15
20260804_024555,results/simulation_llama3.1_8b_Full_scnldf_sh1_ldf1_seed2_26agents_30rounds_20260804_024555.json,16,16,developing,SFI,1.0,-6.64,25,REP-R16-A16
20260804_024555,results/simulation_llama3.1_8b_Full_scnldf_sh1_ldf1_seed2_26agents_30rounds_20260804_024555.json,16,17,developing,SFI,5.0,-0.1200000000000001,25,REP-R16-A17
20260804_024555,results/simulation_llama3.1_8b_Full_scnldf_sh1_ldf1_seed2_26agents_30rounds_20260804_024555.json,16,18,developed,SI,5.12,0.1200000000000001,25,REP-R16-A18
20260804_024555,results/simulation_llama3.1_8b_Full_scnldf_sh1_ldf1_seed2_26agents_30rounds_20260804_024555.json,16,19,developed,SI,5.0,0.0,25,REP-R16-A19
20260804_024555,results/simulation_llama3.1_8b_Full_scnldf_sh1_ldf1_seed2_26agents_30rounds_20260804_024555.json,16,20,developed,SI,5.0,0.0,25,REP-R16-A20
20260804_024555,results/simulation_llama3.1_8b_Full_scnldf_sh1_ldf1_seed2_26agents_30rounds_20260804_024555.json,16,21,developed,SI,5.48,0.4800000000000004,25,REP-R16-A21
20260804_024555,results/simulation_llama3.1_8b_Full_scnldf_sh1_ldf1_seed2_26agents_30rounds_20260804_024555.json,16,22,developed,SI,5.0,-0.1200000000000001,25,REP-R16-A22
20260804_024555,results/simulation_llama3.1_8b_Full_scnldf_sh1_ldf1_seed2_26agents_30rounds_20260804_024555.json,16,23,developing,SFI,5.0,0.0,25,REP-R16-A23
20260804_024555,results/simulation_llama3.1_8b_Full_scnldf_sh1_ldf1_seed2_26agents_30rounds_20260804_024555.json,16,24,developed,SI,5.0,2.4,25,REP-R16-A24
20260804_024555,results/simulation_llama3.1_8b_Full_scnldf_sh1_ldf1_seed2_26agents_30rounds_20260804_024555.json,16,25,developed,SI,5.0,0.0,25,REP-R16-A25
20260804_024555,results/simulation_llama3.1_8b_Full_scnldf_sh1_ldf1_seed2_26agents_30rounds_20260804_024555.json,17,0,developed,SI,4.84,-0.16000000000000014,25,REP-R17-A0
20260804_024555,results/simulation_llama3.1_8b_Full_scnldf_sh1_ldf1_seed2_26agents_30rounds_20260804_024555.json,17,1,developing,SFI,5.0,-0.1200000000000001,25,REP-R17-A1
20260804_024555,results/simulation_llama3.1_8b_Full_scnldf_sh1_ldf1_seed2_26agents_30rounds_20260804_024555.json,17,2,developing,SFI,5.0,3.6399999999999997,25,REP-R17-A2
20260804_024555,results/simulation_llama3.1_8b_Full_scnldf_sh1_ldf1_seed2_26agents_30rounds_20260804_024555.json,17,3,developing,SFI,5.48,-2.5199999999999996,25,REP-R17-A3
20260804_024555,results/simulation_llama3.1_8b_Full_scnldf_sh1_ldf1_seed2_26agents_30rounds_20260804_024555.json,17,4,developed,SI,5.6,2.3599999999999994,25,REP-R17-A4
20260804_024555,results/simulation_llama3.1_8b_Full_scnldf_sh1_ldf1_seed2_26agents_30rounds_20260804_024555.json,17,5,developing,SFI,1.36,-3.6399999999999997,25,REP-R17-A5
20260804_024555,results/simulation_llama3.1_8b_Full_scnldf_sh1_ldf1_seed2_26agents_30rounds_20260804_024555.json,17,6,developed,SI,5.0,0.0,25,REP-R17-A6
20260804_024555,results/simulation_llama3.1_8b_Full_scnldf_sh1_ldf1_seed2_26agents_30rounds_20260804_024555.json,17,7,developed,SI,6.92,1.92,25,REP-R17-A7
20260804_024555,results/simulation_llama3.1_8b_Full_scnldf_sh1_ldf1_seed2_26agents_30rounds_20260804_024555.json,17,8,developing,SFI,5.84,0.7199999999999998,25,REP-R17-A8
20260804_024555,results/simulation_llama3.1_8b_Full_scnldf_sh1_ldf1_seed2_26agents_30rounds_20260804_024555.json,17,9,developing,SFI,1.36,-3.6399999999999997,25,REP-R17-A9
20260804_024555,results/simulation_llama3.1_8b_Full_scnldf_sh1_ldf1_seed2_26agents_30rounds_20260804_024555.json,17,10,developing,SFI,5.0,4.0,25,REP-R17-A10
20260804_024555,results/simulation_llama3.1_8b_Full_scnldf_sh1_ldf1_seed2_26agents_30rounds_20260804_024555.json,17,11,developing,SFI,1.36,0.3600000000000001,25,REP-R17-A11
20260804_024555,results/simulation_llama3.1_8b_Full_scnldf_sh1_ldf1_seed2_26agents_30rounds_20260804_024555.json,17,12,developing,SFI,7.88,2.96,25,REP-R17-A12
20260804_024555,results/simulation_llama3.1_8b_Full_scnldf_sh1_ldf1_seed2_26agents_30rounds_20260804_024555.json,17,13,developing,SFI,5.36,0.1200000000000001,25,REP-R17-A13
20260804_024555,results/simulation_llama3.1_8b_Full_scnldf_sh1_ldf1_seed2_26agents_30rounds_20260804_024555.json,17,14,developed,SI,1.0,-3.92,25,REP-R17-A14
20260804_024555,results/simulation_llama3.1_8b_Full_scnldf_sh1_ldf1_seed2_26agents_30rounds_20260804_024555.json,17,15,developing,SFI,5.36,0.3600000000000003,25,REP-R17-A15
20260804_024555,results/simulation_llama3.1_8b_Full_scnldf_sh1_ldf1_seed2_26agents_30rounds_20260804_024555.json,17,16,developing,SFI,5.0,4.0,25,REP-R17-A16
20260804_024555,results/simulation_llama3.1_8b_Full_scnldf_sh1_ldf1_seed2_26agents_30rounds_20260804_024555.json,17,17,developing,SFI,5.0,0.0,25,REP-R17-A17
20260804_024555,results/simulation_llama3.1_8b_Full_scnldf_sh1_ldf1_seed2_26agents_30rounds_20260804_024555.json,17,18,developed,SI,5.0,-0.1200000000000001,25,REP-R17-A18
20260804_024555,results/simulation_llama3.1_8b_Full_scnldf_sh1_ldf1_seed2_26agents_30rounds_20260804_024555.json,17,19,developed,SI,5.12,0.1200000000000001,25,REP-R17-A19
20260804_024555,results/simulation_llama3.1_8b_Full_scnldf_sh1_ldf1_seed2_26agents_30rounds_20260804_024555.json,17,20,developed,SI,5.0,0.0,25,REP-R17-A20
20260804_024555,results/simulation_llama3.1_8b_Full_scnldf_sh1_ldf1_seed2_26agents_30rounds_20260804_024555.json,17,21,developed,SI,5.0,-0.4800000000000004,25,REP-R17-A21
20260804_024555,results/simulation_llama3.1_8b_Full_scnldf_sh1_ldf1_seed2_26agents_30rounds_20260804_024555.json,17,22,developed,SI,1.0,-4.0,25,REP-R17-A22
20260804_024555,results/simulation_llama3.1_8b_Full_scnldf_sh1_ldf1_seed2_26agents_30rounds_20260804_024555.json,17,23,developing,SFI,8.0,3.0,25,REP-R17-A23
20260804_024555,results/simulation_llama3.1_8b_Full_scnldf_sh1_ldf1_seed2_26agents_30rounds_20260804_024555.json,17,24,developed,SI,5.72,0.7199999999999998,25,REP-R17-A24
20260804_024555,results/simulation_llama3.1_8b_Full_scnldf_sh1_ldf1_seed2_26agents_30rounds_20260804_024555.json,17,25,developed,SI,5.0,0.0,25,REP-R17-A25
20260804_024555,results/simulation_llama3.1_8b_Full_scnldf_sh1_ldf1_seed2_26agents_30rounds_20260804_024555.json,18,0,developed,SI,5.0,0.16000000000000014,25,REP-R18-A0
20260804_024555,results/simulation_llama3.1_8b_Full_scnldf_sh1_ldf1_seed2_26agents_30rounds_20260804_024555.json,18,1,developing,SFI,5.64,0.6399999999999997,25,REP-R18-A1
20260804_024555,results/simulation_llama3.1_8b_Full_scnldf_sh1_ldf1_seed2_26agents_30rounds_20260804_024555.json,18,2,developing,SFI,1.0,-4.0,25,REP-R18-A2
20260804_024555,results/simulation_llama3.1_8b_Full_scnldf_sh1_ldf1_seed2_26agents_30rounds_20260804_024555.json,18,3,developing,SFI,6.12,0.6399999999999997,25,REP-R18-A3
20260804_024555,results/simulation_llama3.1_8b_Full_scnldf_sh1_ldf1_seed2_26agents_30rounds_20260804_024555.json,18,4,developed,SI,4.84,-0.7599999999999998,25,REP-R18-A4
20260804_024555,results/simulation_llama3.1_8b_Full_scnldf_sh1_ldf1_seed2_26agents_30rounds_20260804_024555.json,18,5,developing,SFI,5.0,3.6399999999999997,25,REP-R18-A5
20260804_024555,results/simulation_llama3.1_8b_Full_scnldf_sh1_ldf1_seed2_26agents_30rounds_20260804_024555.json,18,6,developed,SI,5.24,0.2400000000000002,25,REP-R18-A6
20260804_024555,results/simulation_llama3.1_8b_Full_scnldf_sh1_ldf1_seed2_26agents_30rounds_20260804_024555.json,18,7,developed,SI,5.0,-1.92,25,REP-R18-A7
20260804_024555,results/simulation_llama3.1_8b_Full_scnldf_sh1_ldf1_seed2_26agents_30rounds_20260804_024555.json,18,8,developing,SFI,5.12,-0.7199999999999998,25,REP-R18-A8
20260804_024555,results/simulation_llama3.1_8b_Full_scnldf_sh1_ldf1_seed2_26agents_30rounds_20260804_024555.json,18,9,developing,SFI,1.0,-0.3600000000000001,25,REP-R18-A9
20260804_024555,results/simulation_llama3.1_8b_Full_scnldf_sh1_ldf1_seed2_26agents_30rounds_20260804_024555.json,18,10,developing,SFI,5.0,0.0,25,REP-R18-A10
20260804_024555,results/simulation_llama3.1_8b_Full_scnldf_sh1_ldf1_seed2_26agents_30rounds_20260804_024555.json,18,11,developing,SFI,5.0,3.6399999999999997,25,REP-R18-A11
20260804_024555,results/simulation_llama3.1_8b_Full_scnldf_sh1_ldf1_seed2_26agents_30rounds_20260804_024555.json,18,12,developing,SFI,5.0,-2.88,25,REP-R18-A12
20260804_024555,results/simulation_llama3.1_8b_Full_scnldf_sh1_ldf1_seed2_26agents_30rounds_20260804_024555.json,18,13,developing,SFI,1.36,-4.0,25,REP-R18-A13
20260804_024555,results/simulation_llama3.1_8b_Full_scnldf_sh1_ldf1_seed2_26agents_30rounds_20260804_024555.json,18,14,developed,SI,5.0,4.0,25,REP-R18-A14
20260804_024555,results/simulation_llama3.1_8b_Full_scnldf_sh1_ldf1_seed2_26agents_30rounds_20260804_024555.json,18,15,developing,SFI,5.0,-0.3600000000000003,25,REP-R18-A15
20260804_024555,results/simulation_llama3.1_8b_Full_scnldf_sh1_ldf1_seed2_26agents_30rounds_20260804_024555.json,18,16,developing,SFI,6.08,1.08,25,REP-R18-A16
20260804_024555,results/simulation_llama3.1_8b_Full_scnldf_sh1_ldf1_seed2_26agents_30rounds_20260804_024555.json,18,17,developing,SFI,7.44,2.4400000000000004,25,REP-R18-A17
20260804_024555,results/simulation_llama3.1_8b_Full_scnldf_sh1_ldf1_seed2_26agents_30rounds_20260804_024555.json,18,18,developed,SI,5.0,0.0,25,REP-R18-A18
20260804_024555,results/simulation_llama3.1_8b_Full_scnldf_sh1_ldf1_seed2_26agents_30rounds_20260804_024555.json,18,19,developed,SI,5.0,-0.1200000000000001,25,REP-R18-A19
20260804_024555,results/simulation_llama3.1_8b_Full_scnldf_sh1_ldf1_seed2_26agents_30rounds_20260804_024555.json,18,20,developed,SI,4.36,-0.6399999999999997,25,REP-R18-A20
20260804_024555,results/simulation_llama3.1_8b_Full_scnldf_sh1_ldf1_seed2_26agents_30rounds_20260804_024555.json,18,21,developed,SI,5.0,0.0,25,REP-R18-A21
20260804_024555,results/simulation_llama3.1_8b_Full_scnldf_sh1_ldf1_seed2_26agents_30rounds_20260804_024555.json,18,22,developed,SI,1.0,0.0,25,REP-R18-A22
20260804_024555,results/simulation_llama3.1_8b_Full_scnldf_sh1_ldf1_seed2_26agents_30rounds_20260804_024555.json,18,23,developing,SFI,5.0,-3.0,25,REP-R18-A23
20260804_024555,results/simulation_llama3.1_8b_Full_scnldf_sh1_ldf1_seed2_26agents_30rounds_20260804_024555.json,18,24,developed,SI,5.0,-0.7199999999999998,25,REP-R18-A24
20260804_024555,results/simulation_llama3.1_8b_Full_scnldf_sh1_ldf1_seed2_26agents_30rounds_20260804_024555.json,18,25,developed,SI,5.0,0.0,25,REP-R18-A25
20260804_024555,results/simulation_llama3.1_8b_Full_scnldf_sh1_ldf1_seed2_26agents_30rounds_20260804_024555.json,19,0,developed,SI,5.12,0.1200000000000001,25,REP-R19-A0
20260804_024555,results/simulation_llama3.1_8b_Full_scnldf_sh1_ldf1_seed2_26agents_30rounds_20260804_024555.json,19,1,developing,SFI,5.0,-0.6399999999999997,25,REP-R19-A1
20260804_024555,results/simulation_llama3.1_8b_Full_scnldf_sh1_ldf1_seed2_26agents_30rounds_20260804_024555.json,19,2,developing,SFI,1.36,0.3600000000000001,25,REP-R19-A2
20260804_024555,results/simulation_llama3.1_8b_Full_scnldf_sh1_ldf1_seed2_26agents_30rounds_20260804_024555.json,19,3,developing,SFI,7.52,1.3999999999999995,25,REP-R19-A3
20260804_024555,results/simulation_llama3.1_8b_Full_scnldf_sh1_ldf1_seed2_26agents_30rounds_20260804_024555.json,19,4,developed,SI,5.0,0.16000000000000014,25,REP-R19-A4
20260804_024555,results/simulation_llama3.1_8b_Full_scnldf_sh1_ldf1_seed2_26agents_30rounds_20260804_024555.json,19,5,developing,SFI,1.36,-3.6399999999999997,25,REP-R19-A5
20260804_024555,results/simulation_llama3.1_8b_Full_scnldf_sh1_ldf1_seed2_26agents_30rounds_20260804_024555.json,19,6,developed,SI,5.0,-0.2400000000000002,25,REP-R19-A6
20260804_024555,results/simulation_llama3.1_8b_Full_scnldf_sh1_ldf1_seed2_26agents_30rounds_20260804_024555.json,19,7,developed,SI,5.24,0.2400000000000002,25,REP-R19-A7
20260804_024555,results/simulation_llama3.1_8b_Full_scnldf_sh1_ldf1_seed2_26agents_30rounds_20260804_024555.json,19,8,developing,SFI,5.0,-0.1200000000000001,25,REP-R19-A8
20260804_024555,results/simulation_llama3.1_8b_Full_scnldf_sh1_ldf1_seed2_26agents_30rounds_20260804_024555.json,19,9,developing,SFI,1.0,0.0,25,REP-R19-A9
20260804_024555,results/simulation_llama3.1_8b_Full_scnldf_sh1_ldf1_seed2_26agents_30rounds_20260804_024555.json,19,10,developing,SFI,5.0,0.0,25,REP-R19-A10
20260804_024555,results/simulation_llama3.1_8b_Full_scnldf_sh1_ldf1_seed2_26agents_30rounds_20260804_024555.json,19,11,developing,SFI,1.0,-4.0,25,REP-R19-A11
20260804_024555,results/simulation_llama3.1_8b_Full_scnldf_sh1_ldf1_seed2_26agents_30rounds_20260804_024555.json,19,12,developing,SFI,1.36,-3.6399999999999997,25,REP-R19-A12
20260804_024555,results/simulation_llama3.1_8b_Full_scnldf_sh1_ldf1_seed2_26agents_30rounds_20260804_024555.json,19,13,developing,SFI,5.0,3.6399999999999997,25,REP-R19-A13
20260804_024555,results/simulation_llama3.1_8b_Full_scnldf_sh1_ldf1_seed2_26agents_30rounds_20260804_024555.json,19,14,developed,SI,5.0,0.0,25,REP-R19-A14
20260804_024555,results/simulation_llama3.1_8b_Full_scnldf_sh1_ldf1_seed2_26agents_30rounds_20260804_024555.json,19,15,developing,SFI,5.0,0.0,25,REP-R19-A15
20260804_024555,results/simulation_llama3.1_8b_Full_scnldf_sh1_ldf1_seed2_26agents_30rounds_20260804_024555.json,19,16,developing,SFI,1.36,-4.72,25,REP-R19-A16
20260804_024555,results/simulation_llama3.1_8b_Full_scnldf_sh1_ldf1_seed2_26agents_30rounds_20260804_024555.json,19,17,developing,SFI,1.0,-6.44,25,REP-R19-A17
20260804_024555,results/simulation_llama3.1_8b_Full_scnldf_sh1_ldf1_seed2_26agents_30rounds_20260804_024555.json,19,18,developed,SI,1.0,-4.0,25,REP-R19-A18
20260804_024555,results/simulation_llama3.1_8b_Full_scnldf_sh1_ldf1_seed2_26agents_30rounds_20260804_024555.json,19,19,developed,SI,5.0,0.0,25,REP-R19-A19
20260804_024555,results/simulation_llama3.1_8b_Full_scnldf_sh1_ldf1_seed2_26agents_30rounds_20260804_024555.json,19,20,developed,SI,5.0,0.6399999999999997,25,REP-R19-A20
20260804_024555,results/simulation_llama3.1_8b_Full_scnldf_sh1_ldf1_seed2_26agents_30rounds_20260804_024555.json,19,21,developed,SI,5.0,0.0,25,REP-R19-A21
20260804_024555,results/simulation_llama3.1_8b_Full_scnldf_sh1_ldf1_seed2_26agents_30rounds_20260804_024555.json,19,22,developed,SI,5.0,4.0,25,REP-R19-A22
20260804_024555,results/simulation_llama3.1_8b_Full_scnldf_sh1_ldf1_seed2_26agents_30rounds_20260804_024555.json,19,23,developing,SFI,5.0,0.0,25,REP-R19-A23
20260804_024555,results/simulation_llama3.1_8b_Full_scnldf_sh1_ldf1_seed2_26agents_30rounds_20260804_024555.json,19,24,developed,SI,7.28,2.2800000000000002,25,REP-R19-A24
20260804_024555,results/simulation_llama3.1_8b_Full_scnldf_sh1_ldf1_seed2_26agents_30rounds_20260804_024555.json,19,25,developed,SI,5.0,0.0,25,REP-R19-A25
20260804_024555,results/simulation_llama3.1_8b_Full_scnldf_sh1_ldf1_seed2_26agents_30rounds_20260804_024555.json,20,0,developed,SI,4.2,-0.9199999999999999,25,REP-R20-A0
20260804_024555,results/simulation_llama3.1_8b_Full_scnldf_sh1_ldf1_seed2_26agents_30rounds_20260804_024555.json,20,1,developing,SFI,1.36,-3.6399999999999997,25,REP-R20-A1
20260804_024555,results/simulation_llama3.1_8b_Full_scnldf_sh1_ldf1_seed2_26agents_30rounds_20260804_024555.json,20,2,developing,SFI,1.0,-0.3600000000000001,25,REP-R20-A2
20260804_024555,results/simulation_llama3.1_8b_Full_scnldf_sh1_ldf1_seed2_26agents_30rounds_20260804_024555.json,20,3,developing,SFI,7.52,0.0,25,REP-R20-A3
20260804_024555,results/simulation_llama3.1_8b_Full_scnldf_sh1_ldf1_seed2_26agents_30rounds_20260804_024555.json,20,4,developed,SI,5.0,0.0,25,REP-R20-A4
20260804_024555,results/simulation_llama3.1_8b_Full_scnldf_sh1_ldf1_seed2_26agents_30rounds_20260804_024555.json,20,5,developing,SFI,1.0,-0.3600000000000001,25,REP-R20-A5
20260804_024555,results/simulation_llama3.1_8b_Full_scnldf_sh1_ldf1_seed2_26agents_30rounds_20260804_024555.json,20,6,developed,SI,5.0,0.0,25,REP-R20-A6
20260804_024555,results/simulation_llama3.1_8b_Full_scnldf_sh1_ldf1_seed2_26agents_30rounds_20260804_024555.json,20,7,developed,SI,5.0,-0.2400000000000002,25,REP-R20-A7
20260804_024555,results/simulation_llama3.1_8b_Full_scnldf_sh1_ldf1_seed2_26agents_30rounds_20260804_024555.json,20,8,developing,SFI,5.0,0.0,25,REP-R20-A8
20260804_024555,results/simulation_llama3.1_8b_Full_scnldf_sh1_ldf1_seed2_26agents_30rounds_20260804_024555.json,20,9,developing,SFI,1.0,0.0,25,REP-R20-A9
20260804_024555,results/simulation_llama3.1_8b_Full_scnldf_sh1_ldf1_seed2_26agents_30rounds_20260804_024555.json,20,10,developing,SFI,5.0,0.0,25,REP-R20-A10
20260804_024555,results/simulation_llama3.1_8b_Full_scnldf_sh1_ldf1_seed2_26agents_30rounds_20260804_024555.json,20,11,developing,SFI,1.0,0.0,25,REP-R20-A11
20260804_024555,results/simulation_llama3.1_8b_Full_scnldf_sh1_ldf1_seed2_26agents_30rounds_20260804_024555.json,20,12,developing,SFI,5.0,3.6399999999999997,25,REP-R20-A12
20260804_024555,results/simulation_llama3.1_8b_Full_scnldf_sh1_ldf1_seed2_26agents_30rounds_20260804_024555.json,20,13,developing,SFI,5.0,0.0,25,REP-R20-A13
20260804_024555,results/simulation_llama3.1_8b_Full_scnldf_sh1_ldf1_seed2_26agents_30rounds_20260804_024555.json,20,14,developed,SI,5.0,0.0,25,REP-R20-A14
20260804_024555,results/simulation_llama3.1_8b_Full_scnldf_sh1_ldf1_seed2_26agents_30rounds_20260804_024555.json,20,15,developing,SFI,6.56,1.5599999999999996,25,REP-R20-A15
20260804_024555,results/simulation_llama3.1_8b_Full_scnldf_sh1_ldf1_seed2_26agents_30rounds_20260804_024555.json,20,16,developing,SFI,5.0,3.6399999999999997,25,REP-R20-A16
20260804_024555,results/simulation_llama3.1_8b_Full_scnldf_sh1_ldf1_seed2_26agents_30rounds_20260804_024555.json,20,17,developing,SFI,5.0,4.0,25,REP-R20-A17
20260804_024555,results/simulation_llama3.1_8b_Full_scnldf_sh1_ldf1_seed2_26agents_30rounds_20260804_024555.json,20,18,developed,SI,5.96,4.96,25,REP-R20-A18
20260804_024555,results/simulation_llama3.1_8b_Full_scnldf_sh1_ldf1_seed2_26agents_30rounds_20260804_024555.json,20,19,developed,SI,5.84,0.8399999999999999,25,REP-R20-A19
20260804_024555,results/simulation_llama3.1_8b_Full_scnldf_sh1_ldf1_seed2_26agents_30rounds_20260804_024555.json,20,20,developed,SI,5.84,0.8399999999999999,25,REP-R20-A20
20260804_024555,results/simulation_llama3.1_8b_Full_scnldf_sh1_ldf1_seed2_26agents_30rounds_20260804_024555.json,20,21,developed,SI,1.0,-4.0,25,REP-R20-A21
20260804_024555,results/simulation_llama3.1_8b_Full_scnldf_sh1_ldf1_seed2_26agents_30rounds_20260804_024555.json,20,22,developed,SI,1.0,-4.0,25,REP-R20-A22
20260804_024555,results/simulation_llama3.1_8b_Full_scnldf_sh1_ldf1_seed2_26agents_30rounds_20260804_024555.json,20,23,developing,SFI,5.0,0.0,25,REP-R20-A23
20260804_024555,results/simulation_llama3.1_8b_Full_scnldf_sh1_ldf1_seed2_26agents_30rounds_20260804_024555.json,20,24,developed,SI,8.0,0.7199999999999998,25,REP-R20-A24
20260804_024555,results/simulation_llama3.1_8b_Full_scnldf_sh1_ldf1_seed2_26agents_30rounds_20260804_024555.json,20,25,developed,SI,5.0,0.0,25,REP-R20-A25
20260804_024555,results/simulation_llama3.1_8b_Full_scnldf_sh1_ldf1_seed2_26agents_30rounds_20260804_024555.json,21,0,developed,SI,5.0,0.7999999999999998,25,REP-R21-A0
20260804_024555,results/simulation_llama3.1_8b_Full_scnldf_sh1_ldf1_seed2_26agents_30rounds_20260804_024555.json,21,1,developing,SFI,5.0,3.6399999999999997,25,REP-R21-A1
20260804_024555,results/simulation_llama3.1_8b_Full_scnldf_sh1_ldf1_seed2_26agents_30rounds_20260804_024555.json,21,2,developing,SFI,5.16,4.16,25,REP-R21-A2
20260804_024555,results/simulation_llama3.1_8b_Full_scnldf_sh1_ldf1_seed2_26agents_30rounds_20260804_024555.json,21,3,developing,SFI,5.0,-2.5199999999999996,25,REP-R21-A3
20260804_024555,results/simulation_llama3.1_8b_Full_scnldf_sh1_ldf1_seed2_26agents_30rounds_20260804_024555.json,21,4,developed,SI,5.72,0.7199999999999998,25,REP-R21-A4
20260804_024555,results/simulation_llama3.1_8b_Full_scnldf_sh1_ldf1_seed2_26agents_30rounds_20260804_024555.json,21,5,developing,SFI,1.0,0.0,25,REP-R21-A5
20260804_024555,results/simulation_llama3.1_8b_Full_scnldf_sh1_ldf1_seed2_26agents_30rounds_20260804_024555.json,21,6,developed,SI,1.36,-3.6399999999999997,25,REP-R21-A6
20260804_024555,results/simulation_llama3.1_8b_Full_scnldf_sh1_ldf1_seed2_26agents_30rounds_20260804_024555.json,21,7,developed,SI,5.0,0.0,25,REP-R21-A7
20260804_024555,results/simulation_llama3.1_8b_Full_scnldf_sh1_ldf1_seed2_26agents_30rounds_20260804_024555.json,21,8,developing,SFI,5.0,0.0,25,REP-R21-A8
20260804_024555,results/simulation_llama3.1_8b_Full_scnldf_sh1_ldf1_seed2_26agents_30rounds_20260804_024555.json,21,9,developing,SFI,1.0,0.0,25,REP-R21-A9
20260804_024555,results/simulation_llama3.1_8b_Full_scnldf_sh1_ldf1_seed2_26agents_30rounds_20260804_024555.json,21,10,developing,SFI,5.0,0.0,25,REP-R21-A10
20260804_024555,results/simulation_llama3.1_8b_Full_scnldf_sh1_ldf1_seed2_26agents_30rounds_20260804_024555.json,21,11,developing,SFI,5.0,4.0,25,REP-R21-A11
20260804_024555,results/simulation_llama3.1_8b_Full_scnldf_sh1_ldf1_seed2_26agents_30rounds_20260804_024555.json,21,12,developing,SFI,5.0,0.0,25,REP-R21-A12
20260804_024555,results/simulation_llama3.1_8b_Full_scnldf_sh1_ldf1_seed2_26agents_30rounds_20260804_024555.json,21,13,developing,SFI,5.0,0.0,25,REP-R21-A13
20260804_024555,results/simulation_llama3.1_8b_Full_scnldf_sh1_ldf1_seed2_26agents_30rounds_20260804_024555.json,21,14,developed,SI,5.0,0.0,25,REP-R21-A14
20260804_024555,results/simulation_llama3.1_8b_Full_scnldf_sh1_ldf1_seed2_26agents_30rounds_20260804_024555.json,21,15,developing,SFI,5.6,-0.96,25,REP-R21-A15
20260804_024555,results/simulation_llama3.1_8b_Full_scnldf_sh1_ldf1_seed2_26agents_30rounds_20260804_024555.json,21,16,developing,SFI,1.36,-3.6399999999999997,25,REP-R21-A16
20260804_024555,results/simulation_llama3.1_8b_Full_scnldf_sh1_ldf1_seed2_26agents_30rounds_20260804_024555.json,21,17,developing,SFI,6.56,1.5599999999999996,25,REP-R21-A17
20260804_024555,results/simulation_llama3.1_8b_Full_scnldf_sh1_ldf1_seed2_26agents_30rounds_20260804_024555.json,21,18,developed,SI,5.0,-0.96,25,REP-R21-A18
20260804_024555,results/simulation_llama3.1_8b_Full_scnldf_sh1_ldf1_seed2_26agents_30rounds_20260804_024555.json,21,19,developed,SI,7.28,1.4400000000000004,25,REP-R21-A19
20260804_024555,results/simulation_llama3.1_8b_Full_scnldf_sh1_ldf1_seed2_26agents_30rounds_20260804_024555.json,21,20,developed,SI,5.0,-0.8399999999999999,25,REP-R21-A20
20260804_024555,results/simulation_llama3.1_8b_Full_scnldf_sh1_ldf1_seed2_26agents_30rounds_20260804_024555.json,21,21,developed,SI,5.48,4.48,25,REP-R21-A21
20260804_024555,results/simulation_llama3.1_8b_Full_scnldf_sh1_ldf1_seed2_26agents_30rounds_20260804_024555.json,21,22,developed,SI,5.0,4.0,25,REP-R21-A22
20260804_024555,results/simulation_llama3.1_8b_Full_scnldf_sh1_ldf1_seed2_26agents_30rounds_20260804_024555.json,21,23,developing,SFI,5.0,0.0,25,REP-R21-A23
20260804_024555,results/simulation_llama3.1_8b_Full_scnldf_sh1_ldf1_seed2_26agents_30rounds_20260804_024555.json,21,24,developed,SI,5.0,-3.0,25,REP-R21-A24
20260804_024555,results/simulation_llama3.1_8b_Full_scnldf_sh1_ldf1_seed2_26agents_30rounds_20260804_024555.json,21,25,developed,SI,1.0,-4.0,25,REP-R21-A25
20260804_024555,results/simulation_llama3.1_8b_Full_scnldf_sh1_ldf1_seed2_26agents_30rounds_20260804_024555.json,22,0,developed,SI,5.0,0.0,25,REP-R22-A0
20260804_024555,results/simulation_llama3.1_8b_Full_scnldf_sh1_ldf1_seed2_26agents_30rounds_20260804_024555.json,22,1,developing,SFI,5.0,0.0,25,REP-R22-A1
20260804_024555,results/simulation_llama3.1_8b_Full_scnldf_sh1_ldf1_seed2_26agents_30rounds_20260804_024555.json,22,2,developing,SFI,5.0,-0.16000000000000014,25,REP-R22-A2
20260804_024555,results/simulation_llama3.1_8b_Full_scnldf_sh1_ldf1_seed2_26agents_30rounds_20260804_024555.json,22,3,developing,SFI,7.04,2.04,25,REP-R22-A3
20260804_024555,results/simulation_llama3.1_8b_Full_scnldf_sh1_ldf1_seed2_26agents_30rounds_20260804_024555.json,22,4,developed,SI,5.0,-0.7199999999999998,25,REP-R22-A4
20260804_024555,results/simulation_llama3.1_8b_Full_scnldf_sh1_ldf1_seed2_26agents_30rounds_20260804_024555.json,22,5,developing,SFI,6.08,5.08,25,REP-R22-A5
20260804_024555,results/simulation_llama3.1_8b_Full_scnldf_sh1_ldf1_seed2_26agents_30rounds_20260804_024555.json,22,6,developed,SI,1.0,-0.3600000000000001,25,REP-R22-A6
20260804_024555,results/simulation_llama3.1_8b_Full_scnldf_sh1_ldf1_seed2_26agents_30rounds_20260804_024555.json,22,7,developed,SI,7.44,2.4400000000000004,25,REP-R22-A7
20260804_024555,results/simulation_llama3.1_8b_Full_scnldf_sh1_ldf1_seed2_26agents_30rounds_20260804_024555.json,22,8,developing,SFI,5.0,0.0,25,REP-R22-A8
20260804_024555,results/simulation_llama3.1_8b_Full_scnldf_sh1_ldf1_seed2_26agents_30rounds_20260804_024555.json,22,9,developing,SFI,5.6,4.6,25,REP-R22-A9
20260804_024555,results/simulation_llama3.1_8b_Full_scnldf_sh1_ldf1_seed2_26agents_30rounds_20260804_024555.json,22,10,developing,SFI,5.0,0.0,25,REP-R22-A10
20260804_024555,results/simulation_llama3.1_8b_Full_scnldf_sh1_ldf1_seed2_26agents_30rounds_20260804_024555.json,22,11,developing,SFI,5.0,0.0,25,REP-R22-A11
20260804_024555,results/simulation_llama3.1_8b_Full_scnldf_sh1_ldf1_seed2_26agents_30rounds_20260804_024555.json,22,12,developing,SFI,5.0,0.0,25,REP-R22-A12
20260804_024555,results/simulation_llama3.1_8b_Full_scnldf_sh1_ldf1_seed2_26agents_30rounds_20260804_024555.json,22,13,developing,SFI,5.24,0.2400000000000002,25,REP-R22-A13
20260804_024555,results/simulation_llama3.1_8b_Full_scnldf_sh1_ldf1_seed2_26agents_30rounds_20260804_024555.json,22,14,developed,SI,5.0,0.0,25,REP-R22-A14
20260804_024555,results/simulation_llama3.1_8b_Full_scnldf_sh1_ldf1_seed2_26agents_30rounds_20260804_024555.json,22,15,developing,SFI,5.0,-0.5999999999999996,25,REP-R22-A15
20260804_024555,results/simulation_llama3.1_8b_Full_scnldf_sh1_ldf1_seed2_26agents_30rounds_20260804_024555.json,22,16,developing,SFI,5.64,4.279999999999999,25,REP-R22-A16
20260804_024555,results/simulation_llama3.1_8b_Full_scnldf_sh1_ldf1_seed2_26agents_30rounds_20260804_024555.json,22,17,developing,SFI,6.56,0.0,25,REP-R22-A17
20260804_024555,results/simulation_llama3.1_8b_Full_scnldf_sh1_ldf1_seed2_26agents_30rounds_20260804_024555.json,22,18,developed,SI,5.0,0.0,25,REP-R22-A18
20260804_024555,results/simulation_llama3.1_8b_Full_scnldf_sh1_ldf1_seed2_26agents_30rounds_20260804_024555.json,22,19,developed,SI,5.0,-2.2800000000000002,25,REP-R22-A19
20260804_024555,results/simulation_llama3.1_8b_Full_scnldf_sh1_ldf1_seed2_26agents_30rounds_20260804_024555.json,22,20,developed,SI,5.0,0.0,25,REP-R22-A20
20260804_024555,results/simulation_llama3.1_8b_Full_scnldf_sh1_ldf1_seed2_26agents_30rounds_20260804_024555.json,22,21,developed,SI,5.12,-0.3600000000000003,25,REP-R22-A21
20260804_024555,results/simulation_llama3.1_8b_Full_scnldf_sh1_ldf1_seed2_26agents_30rounds_20260804_024555.json,22,22,developed,SI,7.88,2.88,25,REP-R22-A22
20260804_024555,results/simulation_llama3.1_8b_Full_scnldf_sh1_ldf1_seed2_26agents_30rounds_20260804_024555.json,22,23,developing,SFI,5.0,0.0,25,REP-R22-A23
20260804_024555,results/simulation_llama3.1_8b_Full_scnldf_sh1_ldf1_seed2_26agents_30rounds_20260804_024555.json,22,24,developed,SI,7.88,2.88,25,REP-R22-A24
20260804_024555,results/simulation_llama3.1_8b_Full_scnldf_sh1_ldf1_seed2_26agents_30rounds_20260804_024555.json,22,25,developed,SI,5.0,4.0,25,REP-R22-A25
20260804_024555,results/simulation_llama3.1_8b_Full_scnldf_sh1_ldf1_seed2_26agents_30rounds_20260804_024555.json,23,0,developed,SI,5.0,0.0,25,REP-R23-A0
20260804_024555,results/simulation_llama3.1_8b_Full_scnldf_sh1_ldf1_seed2_26agents_30rounds_20260804_024555.json,23,1,developing,SFI,5.12,0.1200000000000001,25,REP-R23-A1
20260804_024555,results/simulation_llama3.1_8b_Full_scnldf_sh1_ldf1_seed2_26agents_30rounds_20260804_024555.json,23,2,developing,SFI,5.0,0.0,25,REP-R23-A2
20260804_024555,results/simulation_llama3.1_8b_Full_scnldf_sh1_ldf1_seed2_26agents_30rounds_20260804_024555.json,23,3,developing,SFI,5.0,-2.04,25,REP-R23-A3
20260804_024555,results/simulation_llama3.1_8b_Full_scnldf_sh1_ldf1_seed2_26agents_30rounds_20260804_024555.json,23,4,developed,SI,6.2,1.2000000000000002,25,REP-R23-A4
20260804_024555,results/simulation_llama3.1_8b_Full_scnldf_sh1_ldf1_seed2_26agents_30rounds_20260804_024555.json,23,5,developing,SFI,1.36,-4.72,25,REP-R23-A5
20260804_024555,results/simulation_llama3.1_8b_Full_scnldf_sh1_ldf1_seed2_26agents_30rounds_20260804_024555.json,23,6,developed,SI,6.56,5.56,25,REP-R23-A6
20260804_024555,results/simulation_llama3.1_8b_Full_scnldf_sh1_ldf1_seed2_26agents_30rounds_20260804_024555.json,23,7,developed,SI,5.0,-2.4400000000000004,25,REP-R23-A7
20260804_024555,results/simulation_llama3.1_8b_Full_scnldf_sh1_ldf1_seed2_26agents_30rounds_20260804_024555.json,23,8,developing,SFI,5.0,0.0,25,REP-R23-A8
20260804_024555,results/simulation_llama3.1_8b_Full_scnldf_sh1_ldf1_seed2_26agents_30rounds_20260804_024555.json,23,9,developing,SFI,6.92,1.3200000000000003,25,REP-R23-A9
20260804_024555,results/simulation_llama3.1_8b_Full_scnldf_sh1_ldf1_seed2_26agents_30rounds_20260804_024555.json,23,10,developing,SFI,5.0,0.0,25,REP-R23-A10
20260804_024555,results/simulation_llama3.1_8b_Full_scnldf_sh1_ldf1_seed2_26agents_30rounds_20260804_024555.json,23,11,developing,SFI,1.0,-4.0,25,REP-R23-A11
20260804_024555,results/simulation_llama3.1_8b_Full_scnldf_sh1_ldf1_seed2_26agents_30rounds_20260804_024555.json,23,12,developing,SFI,1.0,-4.0,25,REP-R23-A12
20260804_024555,results/simulation_llama3.1_8b_Full_scnldf_sh1_ldf1_seed2_26agents_30rounds_20260804_024555.json,23,13,developing,SFI,1.0,-4.24,25,REP-R23-A13
20260804_024555,results/simulation_llama3.1_8b_Full_scnldf_sh1_ldf1_seed2_26agents_30rounds_20260804_024555.json,23,14,developed,SI,5.0,0.0,25,REP-R23-A14
20260804_024555,results/simulation_llama3.1_8b_Full_scnldf_sh1_ldf1_seed2_26agents_30rounds_20260804_024555.json,23,15,developing,SFI,5.0,0.0,25,REP-R23-A15
20260804_024555,results/simulation_llama3.1_8b_Full_scnldf_sh1_ldf1_seed2_26agents_30rounds_20260804_024555.json,23,16,developing,SFI,5.0,-0.6399999999999997,25,REP-R23-A16
20260804_024555,results/simulation_llama3.1_8b_Full_scnldf_sh1_ldf1_seed2_26agents_30rounds_20260804_024555.json,23,17,developing,SFI,5.24,-1.3199999999999994,25,REP-R23-A17
20260804_024555,results/simulation_llama3.1_8b_Full_scnldf_sh1_ldf1_seed2_26agents_30rounds_20260804_024555.json,23,18,developed,SI,5.84,0.8399999999999999,25,REP-R23-A18
20260804_024555,results/simulation_llama3.1_8b_Full_scnldf_sh1_ldf1_seed2_26agents_30rounds_20260804_024555.json,23,19,developed,SI,1.0,-4.0,25,REP-R23-A19
20260804_024555,results/simulation_llama3.1_8b_Full_scnldf_sh1_ldf1_seed2_26agents_30rounds_20260804_024555.json,23,20,developed,SI,6.92,1.92,25,REP-R23-A20
20260804_024555,results/simulation_llama3.1_8b_Full_scnldf_sh1_ldf1_seed2_26agents_30rounds_20260804_024555.json,23,21,developed,SI,5.0,-0.1200000000000001,25,REP-R23-A21
20260804_024555,results/simulation_llama3.1_8b_Full_scnldf_sh1_ldf1_seed2_26agents_30rounds_20260804_024555.json,23,22,developed,SI,6.2,-1.6799999999999997,25,REP-R23-A22
20260804_024555,results/simulation_llama3.1_8b_Full_scnldf_sh1_ldf1_seed2_26agents_30rounds_20260804_024555.json,23,23,developing,SFI,4.64,-0.3600000000000003,25,REP-R23-A23
20260804_024555,results/simulation_llama3.1_8b_Full_scnldf_sh1_ldf1_seed2_26agents_30rounds_20260804_024555.json,23,24,developed,SI,1.0,-6.88,25,REP-R23-A24
20260804_024555,results/simulation_llama3.1_8b_Full_scnldf_sh1_ldf1_seed2_26agents_30rounds_20260804_024555.json,23,25,developed,SI,5.24,0.2400000000000002,25,REP-R23-A25
20260804_024555,results/simulation_llama3.1_8b_Full_scnldf_sh1_ldf1_seed2_26agents_30rounds_20260804_024555.json,24,0,developed,SI,5.0,0.0,25,REP-R24-A0
20260804_024555,results/simulation_llama3.1_8b_Full_scnldf_sh1_ldf1_seed2_26agents_30rounds_20260804_024555.json,24,1,developing,SFI,5.0,-0.1200000000000001,25,REP-R24-A1
20260804_024555,results/simulation_llama3.1_8b_Full_scnldf_sh1_ldf1_seed2_26agents_30rounds_20260804_024555.json,24,2,developing,SFI,1.0,-4.0,25,REP-R24-A2
20260804_024555,results/simulation_llama3.1_8b_Full_scnldf_sh1_ldf1_seed2_26agents_30rounds_20260804_024555.json,24,3,developing,SFI,6.32,1.3200000000000003,25,REP-R24-A3
20260804_024555,results/simulation_llama3.1_8b_Full_scnldf_sh1_ldf1_seed2_26agents_30rounds_20260804_024555.json,24,4,developed,SI,5.0,-1.2000000000000002,25,REP-R24-A4
20260804_024555,results/simulation_llama3.1_8b_Full_scnldf_sh1_ldf1_seed2_26agents_30rounds_20260804_024555.json,24,5,developing,SFI,6.8,5.4399999999999995,25,REP-R24-A5
20260804_024555,results/simulation_llama3.1_8b_Full_scnldf_sh1_ldf1_seed2_26agents_30rounds_20260804_024555.json,24,6,developed,SI,5.0,-1.5599999999999996,25,REP-R24-A6
20260804_024555,results/simulation_llama3.1_8b_Full_scnldf_sh1_ldf1_seed2_26agents_30rounds_20260804_024555.json,24,7,developed,SI,5.6,0.5999999999999996,25,REP-R24-A7
20260804_024555,results/simulation_llama3.1_8b_Full_scnldf_sh1_ldf1_seed2_26agents_30rounds_20260804_024555.json,24,8,developing,SFI,5.0,0.0,25,REP-R24-A8
20260804_024555,results/simulation_llama3.1_8b_Full_scnldf_sh1_ldf1_seed2_26agents_30rounds_20260804_024555.json,24,9,developing,SFI,5.0,-1.92,25,REP-R24-A9
20260804_024555,results/simulation_llama3.1_8b_Full_scnldf_sh1_ldf1_seed2_26agents_30rounds_20260804_024555.json,24,10,developing,SFI,7.04,2.04,25,REP-R24-A10
20260804_024555,results/simulation_llama3.1_8b_Full_scnldf_sh1_ldf1_seed2_26agents_30rounds_20260804_024555.json,24,11,developing,SFI,1.0,0.0,25,REP-R24-A11
20260804_024555,results/simulation_llama3.1_8b_Full_scnldf_sh1_ldf1_seed2_26agents_30rounds_20260804_024555.json,24,12,developing,SFI,5.0,4.0,25,REP-R24-A12
20260804_024555,results/simulation_llama3.1_8b_Full_scnldf_sh1_ldf1_seed2_26agents_30rounds_20260804_024555.json,24,13,developing,SFI,4.68,3.6799999999999997,25,REP-R24-A13
20260804_024555,results/simulation_llama3.1_8b_Full_scnldf_sh1_ldf1_seed2_26agents_30rounds_20260804_024555.json,24,14,developed,SI,5.0,0.0,25,REP-R24-A14
20260804_024555,results/simulation_llama3.1_8b_Full_scnldf_sh1_ldf1_seed2_26agents_30rounds_20260804_024555.json,24,15,developing,SFI,5.0,0.0,25,REP-R24-A15
20260804_024555,results/simulation_llama3.1_8b_Full_scnldf_sh1_ldf1_seed2_26agents_30rounds_20260804_024555.json,24,16,developing,SFI,3.08,-1.92,25,REP-R24-A16
20260804_024555,results/simulation_llama3.1_8b_Full_scnldf_sh1_ldf1_seed2_26agents_30rounds_20260804_024555.json,24,17,developing,SFI,1.0,-4.24,25,REP-R24-A17
20260804_024555,results/simulation_llama3.1_8b_Full_scnldf_sh1_ldf1_seed2_26agents_30rounds_20260804_024555.json,24,18,developed,SI,5.0,-0.8399999999999999,25,REP-R24-A18
20260804_024555,results/simulation_llama3.1_8b_Full_scnldf_sh1_ldf1_seed2_26agents_30rounds_20260804_024555.json,24,19,developed,SI,5.12,4.12,25,REP-R24-A19
20260804_024555,results/simulation_llama3.1_8b_Full_scnldf_sh1_ldf1_seed2_26agents_30rounds_20260804_024555.json,24,20,developed,SI,5.0,-1.92,25,REP-R24-A20
20260804_024555,results/simulation_llama3.1_8b_Full_scnldf_sh1_ldf1_seed2_26agents_30rounds_20260804_024555.json,24,21,developed,SI,5.0,0.0,25,REP-R24-A21
20260804_024555,results/simulation_llama3.1_8b_Full_scnldf_sh1_ldf1_seed2_26agents_30rounds_20260804_024555.json,24,22,developed,SI,5.0,-1.2000000000000002,25,REP-R24-A22
20260804_024555,results/simulation_llama3.1_8b_Full_scnldf_sh1_ldf1_seed2_26agents_30rounds_20260804_024555.json,24,23,developing,SFI,6.44,1.8000000000000007,25,REP-R24-A23
20260804_024555,results/simulation_llama3.1_8b_Full_scnldf_sh1_ldf1_seed2_26agents_30rounds_20260804_024555.json,24,24,developed,SI,4.04,3.04,25,REP-R24-A24
20260804_024555,results/simulation_llama3.1_8b_Full_scnldf_sh1_ldf1_seed2_26agents_30rounds_20260804_024555.json,24,25,developed,SI,3.88,-1.3600000000000003,25,REP-R24-A25
20260804_024555,results/simulation_llama3.1_8b_Full_scnldf_sh1_ldf1_seed2_26agents_30rounds_20260804_024555.json,25,0,developed,SI,5.0,0.0,25,REP-R25-A0
20260804_024555,results/simulation_llama3.1_8b_Full_scnldf_sh1_ldf1_seed2_26agents_30rounds_20260804_024555.json,25,1,developing,SFI,7.92,2.92,25,REP-R25-A1
20260804_024555,results/simulation_llama3.1_8b_Full_scnldf_sh1_ldf1_seed2_26agents_30rounds_20260804_024555.json,25,2,developing,SFI,1.0,0.0,25,REP-R25-A2
20260804_024555,results/simulation_llama3.1_8b_Full_scnldf_sh1_ldf1_seed2_26agents_30rounds_20260804_024555.json,25,3,developing,SFI,5.0,-1.3200000000000003,25,REP-R25-A3
20260804_024555,results/simulation_llama3.1_8b_Full_scnldf_sh1_ldf1_seed2_26agents_30rounds_20260804_024555.json,25,4,developed,SI,1.0,-4.0,25,REP-R25-A4
20260804_024555,results/simulation_llama3.1_8b_Full_scnldf_sh1_ldf1_seed2_26agents_30rounds_20260804_024555.json,25,5,developing,SFI,1.36,-5.4399999999999995,25,REP-R25-A5
20260804_024555,results/simulation_llama3.1_8b_Full_scnldf_sh1_ldf1_seed2_26agents_30rounds_20260804_024555.json,25,6,developed,SI,5.0,0.0,25,REP-R25-A6
20260804_024555,results/simulation_llama3.1_8b_Full_scnldf_sh1_ldf1_seed2_26agents_30rounds_20260804_024555.json,25,7,developed,SI,5.0,-0.5999999999999996,25,REP-R25-A7
20260804_024555,results/simulation_llama3.1_8b_Full_scnldf_sh1_ldf1_seed2_26agents_30rounds_20260804_024555.json,25,8,developing,SFI,5.0,0.0,25,REP-R25-A8
20260804_024555,results/simulation_llama3.1_8b_Full_scnldf_sh1_ldf1_seed2_26agents_30rounds_20260804_024555.json,25,9,developing,SFI,6.68,1.6799999999999997,25,REP-R25-A9
20260804_024555,results/simulation_llama3.1_8b_Full_scnldf_sh1_ldf1_seed2_26agents_30rounds_20260804_024555.json,25,10,developing,SFI,5.0,-2.04,25,REP-R25-A10
20260804_024555,results/simulation_llama3.1_8b_Full_scnldf_sh1_ldf1_seed2_26agents_30rounds_20260804_024555.json,25,11,developing,SFI,1.0,0.0,25,REP-R25-A11
20260804_024555,results/simulation_llama3.1_8b_Full_scnldf_sh1_ldf1_seed2_26agents_30rounds_20260804_024555.json,25,12,developing,SFI,5.0,0.0,25,REP-R25-A12
20260804_024555,results/simulation_llama3.1_8b_Full_scnldf_sh1_ldf1_seed2_26agents_30rounds_20260804_024555.json,25,13,developing,SFI,5.0,0.3200000000000003,25,REP-R25-A13
20260804_024555,results/simulation_llama3.1_8b_Full_scnldf_sh1_ldf1_seed2_26agents_30rounds_20260804_024555.json,25,14,developed,SI,5.72,0.7199999999999998,25,REP-R25-A14
20260804_024555,results/simulation_llama3.1_8b_Full_scnldf_sh1_ldf1_seed2_26agents_30rounds_20260804_024555.json,25,15,developing,SFI,5.0,0.0,25,REP-R25-A15
20260804_024555,results/simulation_llama3.1_8b_Full_scnldf_sh1_ldf1_seed2_26agents_30rounds_20260804_024555.json,25,16,developing,SFI,1.0,-2.08,25,REP-R25-A16
20260804_024555,results/simulation_llama3.1_8b_Full_scnldf_sh1_ldf1_seed2_26agents_30rounds_20260804_024555.json,25,17,developing,SFI,5.0,4.0,25,REP-R25-A17
20260804_024555,results/simulation_llama3.1_8b_Full_scnldf_sh1_ldf1_seed2_26agents_30rounds_20260804_024555.json,25,18,developed,SI,5.24,0.2400000000000002,25,REP-R25-A18
20260804_024555,results/simulation_llama3.1_8b_Full_scnldf_sh1_ldf1_seed2_26agents_30rounds_20260804_024555.json,25,19,developed,SI,5.0,-0.1200000000000001,25,REP-R25-A19
20260804_024555,results/simulation_llama3.1_8b_Full_scnldf_sh1_ldf1_seed2_26agents_30rounds_20260804_024555.json,25,20,developed,SI,1.0,-4.0,25,REP-R25-A20
20260804_024555,results/simulation_llama3.1_8b_Full_scnldf_sh1_ldf1_seed2_26agents_30rounds_20260804_024555.json,25,21,developed,SI,5.0,0.0,25,REP-R25-A21
20260804_024555,results/simulation_llama3.1_8b_Full_scnldf_sh1_ldf1_seed2_26agents_30rounds_20260804_024555.json,25,22,developed,SI,5.0,0.0,25,REP-R25-A22
20260804_024555,results/simulation_llama3.1_8b_Full_scnldf_sh1_ldf1_seed2_26agents_30rounds_20260804_024555.json,25,23,developing,SFI,5.12,-1.3200000000000003,25,REP-R25-A23
20260804_024555,results/simulation_llama3.1_8b_Full_scnldf_sh1_ldf1_seed2_26agents_30rounds_20260804_024555.json,25,24,developed,SI,5.0,0.96,25,REP-R25-A24
20260804_024555,results/simulation_llama3.1_8b_Full_scnldf_sh1_ldf1_seed2_26agents_30rounds_20260804_024555.json,25,25,developed,SI,5.0,1.12,25,REP-R25-A25
20260804_024555,results/simulation_llama3.1_8b_Full_scnldf_sh1_ldf1_seed2_26agents_30rounds_20260804_024555.json,26,0,developed,SI,5.0,0.0,25,REP-R26-A0
20260804_024555,results/simulation_llama3.1_8b_Full_scnldf_sh1_ldf1_seed2_26agents_30rounds_20260804_024555.json,26,1,developing,SFI,5.04,-2.88,25,REP-R26-A1
20260804_024555,results/simulation_llama3.1_8b_Full_scnldf_sh1_ldf1_seed2_26agents_30rounds_20260804_024555.json,26,2,developing,SFI,1.0,0.0,25,REP-R26-A2
20260804_024555,results/simulation_llama3.1_8b_Full_scnldf_sh1_ldf1_seed2_26agents_30rounds_20260804_024555.json,26,3,developing,SFI,5.0,0.0,25,REP-R26-A3
20260804_024555,results/simulation_llama3.1_8b_Full_scnldf_sh1_ldf1_seed2_26agents_30rounds_20260804_024555.json,26,4,developed,SI,5.12,4.12,25,REP-R26-A4
20260804_024555,results/simulation_llama3.1_8b_Full_scnldf_sh1_ldf1_seed2_26agents_30rounds_20260804_024555.json,26,5,developing,SFI,5.0,3.6399999999999997,25,REP-R26-A5
20260804_024555,results/simulation_llama3.1_8b_Full_scnldf_sh1_ldf1_seed2_26agents_30rounds_20260804_024555.json,26,6,developed,SI,5.0,0.0,25,REP-R26-A6
20260804_024555,results/simulation_llama3.1_8b_Full_scnldf_sh1_ldf1_seed2_26agents_30rounds_20260804_024555.json,26,7,developed,SI,5.0,0.0,25,REP-R26-A7
20260804_024555,results/simulation_llama3.1_8b_Full_scnldf_sh1_ldf1_seed2_26agents_30rounds_20260804_024555.json,26,8,developing,SFI,5.0,0.0,25,REP-R26-A8
20260804_024555,results/simulation_llama3.1_8b_Full_scnldf_sh1_ldf1_seed2_26agents_30rounds_20260804_024555.json,26,9,developing,SFI,5.0,-1.6799999999999997,25,REP-R26-A9
20260804_024555,results/simulation_llama3.1_8b_Full_scnldf_sh1_ldf1_seed2_26agents_30rounds_20260804_024555.json,26,10,developing,SFI,1.0,-4.0,25,REP-R26-A10
20260804_024555,results/simulation_llama3.1_8b_Full_scnldf_sh1_ldf1_seed2_26agents_30rounds_20260804_024555.json,26,11,developing,SFI,5.0,4.0,25,REP-R26-A11
20260804_024555,results/simulation_llama3.1_8b_Full_scnldf_sh1_ldf1_seed2_26agents_30rounds_20260804_024555.json,26,12,developing,SFI,1.0,-4.0,25,REP-R26-A12
20260804_024555,results/simulation_llama3.1_8b_Full_scnldf_sh1_ldf1_seed2_26agents_30rounds_20260804_024555.json,26,13,developing,SFI,1.0,-4.0,25,REP-R26-A13
20260804_024555,results/simulation_llama3.1_8b_Full_scnldf_sh1_ldf1_seed2_26agents_30rounds_20260804_024555.json,26,14,developed,SI,5.0,-0.7199999999999998,25,REP-R26-A14
20260804_024555,results/simulation_llama3.1_8b_Full_scnldf_sh1_ldf1_seed2_26agents_30rounds_20260804_024555.json,26,15,developing,SFI,5.0,0.0,25,REP-R26-A15
20260804_024555,results/simulation_llama3.1_8b_Full_scnldf_sh1_ldf1_seed2_26agents_30rounds_20260804_024555.json,26,16,developing,SFI,5.0,4.0,25,REP-R26-A16
20260804_024555,results/simulation_llama3.1_8b_Full_scnldf_sh1_ldf1_seed2_26agents_30rounds_20260804_024555.json,26,17,developing,SFI,5.0,0.0,25,REP-R26-A17
20260804_024555,results/simulation_llama3.1_8b_Full_scnldf_sh1_ldf1_seed2_26agents_30rounds_20260804_024555.json,26,18,developed,SI,5.0,-0.2400000000000002,25,REP-R26-A18
20260804_024555,results/simulation_llama3.1_8b_Full_scnldf_sh1_ldf1_seed2_26agents_30rounds_20260804_024555.json,26,19,developed,SI,5.0,0.0,25,REP-R26-A19
20260804_024555,results/simulation_llama3.1_8b_Full_scnldf_sh1_ldf1_seed2_26agents_30rounds_20260804_024555.json,26,20,developed,SI,5.0,4.0,25,REP-R26-A20
20260804_024555,results/simulation_llama3.1_8b_Full_scnldf_sh1_ldf1_seed2_26agents_30rounds_20260804_024555.json,26,21,developed,SI,5.0,0.0,25,REP-R26-A21
20260804_024555,results/simulation_llama3.1_8b_Full_scnldf_sh1_ldf1_seed2_26agents_30rounds_20260804_024555.json,26,22,developed,SI,6.32,1.3200000000000003,25,REP-R26-A22
20260804_024555,results/simulation_llama3.1_8b_Full_scnldf_sh1_ldf1_seed2_26agents_30rounds_20260804_024555.json,26,23,developing,SFI,5.12,0.0,25,REP-R26-A23
20260804_024555,results/simulation_llama3.1_8b_Full_scnldf_sh1_ldf1_seed2_26agents_30rounds_20260804_024555.json,26,24,developed,SI,5.0,0.0,25,REP-R26-A24
20260804_024555,results/simulation_llama3.1_8b_Full_scnldf_sh1_ldf1_seed2_26agents_30rounds_20260804_024555.json,26,25,developed,SI,5.0,0.0,25,REP-R26-A25
20260804_024555,results/simulation_llama3.1_8b_Full_scnldf_sh1_ldf1_seed2_26agents_30rounds_20260804_024555.json,27,0,developed,SI,5.0,0.0,25,REP-R27-A0
20260804_024555,results/simulation_llama3.1_8b_Full_scnldf_sh1_ldf1_seed2_26agents_30rounds_20260804_024555.json,27,1,developing,SFI,5.0,-0.040000000000000036,25,REP-R27-A1
20260804_024555,results/simulation_llama3.1_8b_Full_scnldf_sh1_ldf1_seed2_26agents_30rounds_20260804_024555.json,27,2,developing,SFI,5.0,4.0,25,REP-R27-A2
20260804_024555,results/simulation_llama3.1_8b_Full_scnldf_sh1_ldf1_seed2_26agents_30rounds_20260804_024555.json,27,3,developing,SFI,5.0,0.0,25,REP-R27-A3
20260804_024555,results/simulation_llama3.1_8b_Full_scnldf_sh1_ldf1_seed2_26agents_30rounds_20260804_024555.json,27,4,developed,SI,4.84,-0.28000000000000025,25,REP-R27-A4
20260804_024555,results/simulation_llama3.1_8b_Full_scnldf_sh1_ldf1_seed2_26agents_30rounds_20260804_024555.json,27,5,developing,SFI,4.28,-0.7199999999999998,25,REP-R27-A5
20260804_024555,results/simulation_llama3.1_8b_Full_scnldf_sh1_ldf1_seed2_26agents_30rounds_20260804_024555.json,27,6,developed,SI,7.04,2.04,25,REP-R27-A6
20260804_024555,results/simulation_llama3.1_8b_Full_scnldf_sh1_ldf1_seed2_26agents_30rounds_20260804_024555.json,27,7,developed,SI,5.0,0.0,25,REP-R27-A7
20260804_024555,results/simulation_llama3.1_8b_Full_scnldf_sh1_ldf1_seed2_26agents_30rounds_20260804_024555.json,27,8,developing,SFI,5.0,0.0,25,REP-R27-A8
20260804_024555,results/simulation_llama3.1_8b_Full_scnldf_sh1_ldf1_seed2_26agents_30rounds_20260804_024555.json,27,9,developing,SFI,3.08,-1.92,25,REP-R27-A9
20260804_024555,results/simulation_llama3.1_8b_Full_scnldf_sh1_ldf1_seed2_26agents_30rounds_20260804_024555.json,27,10,developing,SFI,5.0,4.0,25,REP-R27-A10
20260804_024555,results/simulation_llama3.1_8b_Full_scnldf_sh1_ldf1_seed2_26agents_30rounds_20260804_024555.json,27,11,developing,SFI,1.0,-4.0,25,REP-R27-A11
20260804_024555,results/simulation_llama3.1_8b_Full_scnldf_sh1_ldf1_seed2_26agents_30rounds_20260804_024555.json,27,12,developing,SFI,6.32,5.32,25,REP-R27-A12
20260804_024555,results/simulation_llama3.1_8b_Full_scnldf_sh1_ldf1_seed2_26agents_30rounds_20260804_024555.json,27,13,developing,SFI,5.0,4.0,25,REP-R27-A13
20260804_024555,results/simulation_llama3.1_8b_Full_scnldf_sh1_ldf1_seed2_26agents_30rounds_20260804_024555.json,27,14,developed,SI,5.0,0.0,25,REP-R27-A14
20260804_024555,results/simulation_llama3.1_8b_Full_scnldf_sh1_ldf1_seed2_26agents_30rounds_20260804_024555.json,27,15,developing,SFI,5.0,0.0,25,REP-R27-A15
20260804_024555,results/simulation_llama3.1_8b_Full_scnldf_sh1_ldf1_seed2_26agents_30rounds_20260804_024555.json,27,16,developing,SFI,5.0,0.0,25,REP-R27-A16
20260804_024555,results/simulation_llama3.1_8b_Full_scnldf_sh1_ldf1_seed2_26agents_30rounds_20260804_024555.json,27,17,developing,SFI,5.0,0.0,25,REP-R27-A17
20260804_024555,results/simulation_llama3.1_8b_Full_scnldf_sh1_ldf1_seed2_26agents_30rounds_20260804_024555.json,27,18,developed,SI,5.0,0.0,25,REP-R27-A18
20260804_024555,results/simulation_llama3.1_8b_Full_scnldf_sh1_ldf1_seed2_26agents_30rounds_20260804_024555.json,27,19,developed,SI,5.0,0.0,25,REP-R27-A19
20260804_024555,results/simulation_llama3.1_8b_Full_scnldf_sh1_ldf1_seed2_26agents_30rounds_20260804_024555.json,27,20,developed,SI,1.0,-4.0,25,REP-R27-A20
20260804_024555,results/simulation_llama3.1_8b_Full_scnldf_sh1_ldf1_seed2_26agents_30rounds_20260804_024555.json,27,21,developed,SI,5.0,0.0,25,REP-R27-A21
20260804_024555,results/simulation_llama3.1_8b_Full_scnldf_sh1_ldf1_seed2_26agents_30rounds_20260804_024555.json,27,22,developed,SI,6.44,0.1200000000000001,25,REP-R27-A22
20260804_024555,results/simulation_llama3.1_8b_Full_scnldf_sh1_ldf1_seed2_26agents_30rounds_20260804_024555.json,27,23,developing,SFI,5.0,-0.1200000000000001,25,REP-R27-A23
20260804_024555,results/simulation_llama3.1_8b_Full_scnldf_sh1_ldf1_seed2_26agents_30rounds_20260804_024555.json,27,24,developed,SI,5.0,0.0,25,REP-R27-A24
20260804_024555,results/simulation_llama3.1_8b_Full_scnldf_sh1_ldf1_seed2_26agents_30rounds_20260804_024555.json,27,25,developed,SI,5.96,0.96,25,REP-R27-A25
20260804_024555,results/simulation_llama3.1_8b_Full_scnldf_sh1_ldf1_seed2_26agents_30rounds_20260804_024555.json,28,0,developed,SI,5.0,0.0,25,REP-R28-A0
20260804_024555,results/simulation_llama3.1_8b_Full_scnldf_sh1_ldf1_seed2_26agents_30rounds_20260804_024555.json,28,1,developing,SFI,1.0,-4.0,25,REP-R28-A1
20260804_024555,results/simulation_llama3.1_8b_Full_scnldf_sh1_ldf1_seed2_26agents_30rounds_20260804_024555.json,28,2,developing,SFI,1.0,-4.0,25,REP-R28-A2
20260804_024555,results/simulation_llama3.1_8b_Full_scnldf_sh1_ldf1_seed2_26agents_30rounds_20260804_024555.json,28,3,developing,SFI,5.0,0.0,25,REP-R28-A3
20260804_024555,results/simulation_llama3.1_8b_Full_scnldf_sh1_ldf1_seed2_26agents_30rounds_20260804_024555.json,28,4,developed,SI,5.0,0.16000000000000014,25,REP-R28-A4
20260804_024555,results/simulation_llama3.1_8b_Full_scnldf_sh1_ldf1_seed2_26agents_30rounds_20260804_024555.json,28,5,developing,SFI,1.0,-3.2800000000000002,25,REP-R28-A5
20260804_024555,results/simulation_llama3.1_8b_Full_scnldf_sh1_ldf1_seed2_26agents_30rounds_20260804_024555.json,28,6,developed,SI,5.2,-1.8399999999999999,25,REP-R28-A6
20260804_024555,results/simulation_llama3.1_8b_Full_scnldf_sh1_ldf1_seed2_26agents_30rounds_20260804_024555.json,28,7,developed,SI,5.0,0.0,25,REP-R28-A7
20260804_024555,results/simulation_llama3.1_8b_Full_scnldf_sh1_ldf1_seed2_26agents_30rounds_20260804_024555.json,28,8,developing,SFI,5.12,0.1200000000000001,25,REP-R28-A8
20260804_024555,results/simulation_llama3.1_8b_Full_scnldf_sh1_ldf1_seed2_26agents_30rounds_20260804_024555.json,28,9,developing,SFI,5.0,1.92,25,REP-R28-A9
20260804_024555,results/simulation_llama3.1_8b_Full_scnldf_sh1_ldf1_seed2_26agents_30rounds_20260804_024555.json,28,10,developing,SFI,5.0,0.0,25,REP-R28-A10
20260804_024555,results/simulation_llama3.1_8b_Full_scnldf_sh1_ldf1_seed2_26agents_30rounds_20260804_024555.json,28,11,developing,SFI,5.16,4.16,25,REP-R28-A11
20260804_024555,results/simulation_llama3.1_8b_Full_scnldf_sh1_ldf1_seed2_26agents_30rounds_20260804_024555.json,28,12,developing,SFI,1.0,-5.32,25,REP-R28-A12
20260804_024555,results/simulation_llama3.1_8b_Full_scnldf_sh1_ldf1_seed2_26agents_30rounds_20260804_024555.json,28,13,developing,SFI,5.48,0.4800000000000004,25,REP-R28-A13
20260804_024555,results/simulation_llama3.1_8b_Full_scnldf_sh1_ldf1_seed2_26agents_30rounds_20260804_024555.json,28,14,developed,SI,5.0,0.0,25,REP-R28-A14
20260804_024555,results/simulation_llama3.1_8b_Full_scnldf_sh1_ldf1_seed2_26agents_30rounds_20260804_024555.json,28,15,developing,SFI,5.12,0.1200000000000001,25,REP-R28-A15
20260804_024555,results/simulation_llama3.1_8b_Full_scnldf_sh1_ldf1_seed2_26agents_30rounds_20260804_024555.json,28,16,developing,SFI,5.0,0.0,25,REP-R28-A16
20260804_024555,results/simulation_llama3.1_8b_Full_scnldf_sh1_ldf1_seed2_26agents_30rounds_20260804_024555.json,28,17,developing,SFI,5.0,0.0,25,REP-R28-A17
20260804_024555,results/simulation_llama3.1_8b_Full_scnldf_sh1_ldf1_seed2_26agents_30rounds_20260804_024555.json,28,18,developed,SI,5.0,0.0,25,REP-R28-A18
20260804_024555,results/simulation_llama3.1_8b_Full_scnldf_sh1_ldf1_seed2_26agents_30rounds_20260804_024555.json,28,19,developed,SI,5.84,0.8399999999999999,25,REP-R28-A19
20260804_024555,results/simulation_llama3.1_8b_Full_scnldf_sh1_ldf1_seed2_26agents_30rounds_20260804_024555.json,28,20,developed,SI,5.0,4.0,25,REP-R28-A20
20260804_024555,results/simulation_llama3.1_8b_Full_scnldf_sh1_ldf1_seed2_26agents_30rounds_20260804_024555.json,28,21,developed,SI,5.0,0.0,25,REP-R28-A21
20260804_024555,results/simulation_llama3.1_8b_Full_scnldf_sh1_ldf1_seed2_26agents_30rounds_20260804_024555.json,28,22,developed,SI,5.36,-1.08,25,REP-R28-A22
20260804_024555,results/simulation_llama3.1_8b_Full_scnldf_sh1_ldf1_seed2_26agents_30rounds_20260804_024555.json,28,23,developing,SFI,5.12,0.1200000000000001,25,REP-R28-A23
20260804_024555,results/simulation_llama3.1_8b_Full_scnldf_sh1_ldf1_seed2_26agents_30rounds_20260804_024555.json,28,24,developed,SI,5.0,0.0,25,REP-R28-A24
20260804_024555,results/simulation_llama3.1_8b_Full_scnldf_sh1_ldf1_seed2_26agents_30rounds_20260804_024555.json,28,25,developed,SI,5.0,-0.96,25,REP-R28-A25
20260804_024555,results/simulation_llama3.1_8b_Full_scnldf_sh1_ldf1_seed2_26agents_30rounds_20260804_024555.json,29,0,developed,SI,5.12,0.1200000000000001,25,REP-R29-A0
20260804_024555,results/simulation_llama3.1_8b_Full_scnldf_sh1_ldf1_seed2_26agents_30rounds_20260804_024555.json,29,1,developing,SFI,5.0,4.0,25,REP-R29-A1
20260804_024555,results/simulation_llama3.1_8b_Full_scnldf_sh1_ldf1_seed2_26agents_30rounds_20260804_024555.json,29,2,developing,SFI,1.0,0.0,25,REP-R29-A2
20260804_024555,results/simulation_llama3.1_8b_Full_scnldf_sh1_ldf1_seed2_26agents_30rounds_20260804_024555.json,29,3,developing,SFI,5.0,0.0,25,REP-R29-A3
20260804_024555,results/simulation_llama3.1_8b_Full_scnldf_sh1_ldf1_seed2_26agents_30rounds_20260804_024555.json,29,4,developed,SI,5.0,0.0,25,REP-R29-A4
20260804_024555,results/simulation_llama3.1_8b_Full_scnldf_sh1_ldf1_seed2_26agents_30rounds_20260804_024555.json,29,5,developing,SFI,4.68,3.6799999999999997,25,REP-R29-A5
20260804_024555,results/simulation_llama3.1_8b_Full_scnldf_sh1_ldf1_seed2_26agents_30rounds_20260804_024555.json,29,6,developed,SI,5.0,-0.20000000000000018,25,REP-R29-A6
20260804_024555,results/simulation_llama3.1_8b_Full_scnldf_sh1_ldf1_seed2_26agents_30rounds_20260804_024555.json,29,7,developed,SI,5.0,0.0,25,REP-R29-A7
20260804_024555,results/simulation_llama3.1_8b_Full_scnldf_sh1_ldf1_seed2_26agents_30rounds_20260804_024555.json,29,8,developing,SFI,5.0,-0.1200000000000001,25,REP-R29-A8
20260804_024555,results/simulation_llama3.1_8b_Full_scnldf_sh1_ldf1_seed2_26agents_30rounds_20260804_024555.json,29,9,developing,SFI,5.0,0.0,25,REP-R29-A9
20260804_024555,results/simulation_llama3.1_8b_Full_scnldf_sh1_ldf1_seed2_26agents_30rounds_20260804_024555.json,29,10,developing,SFI,5.0,0.0,25,REP-R29-A10
20260804_024555,results/simulation_llama3.1_8b_Full_scnldf_sh1_ldf1_seed2_26agents_30rounds_20260804_024555.json,29,11,developing,SFI,4.76,-0.40000000000000036,25,REP-R29-A11
20260804_024555,results/simulation_llama3.1_8b_Full_scnldf_sh1_ldf1_seed2_26agents_30rounds_20260804_024555.json,29,12,developing,SFI,1.0,0.0,25,REP-R29-A12
20260804_024555,results/simulation_llama3.1_8b_Full_scnldf_sh1_ldf1_seed2_26agents_30rounds_20260804_024555.json,29,13,developing,SFI,5.0,-0.4800000000000004,25,REP-R29-A13
20260804_024555,results/simulation_llama3.1_8b_Full_scnldf_sh1_ldf1_seed2_26agents_30rounds_20260804_024555.json,29,14,developed,SI,5.0,0.0,25,REP-R29-A14
20260804_024555,results/simulation_llama3.1_8b_Full_scnldf_sh1_ldf1_seed2_26agents_30rounds_20260804_024555.json,29,15,developing,SFI,1.0,-4.12,25,REP-R29-A15
20260804_024555,results/simulation_llama3.1_8b_Full_scnldf_sh1_ldf1_seed2_26agents_30rounds_20260804_024555.json,29,16,developing,SFI,5.0,0.0,25,REP-R29-A16
20260804_024555,results/simulation_llama3.1_8b_Full_scnldf_sh1_ldf1_seed2_26agents_30rounds_20260804_024555.json,29,17,developing,SFI,5.0,0.0,25,REP-R29-A17
20260804_024555,results/simulation_llama3.1_8b_Full_scnldf_sh1_ldf1_seed2_26agents_30rounds_20260804_024555.json,29,18,developed,SI,5.0,0.0,25,REP-R29-A18
20260804_024555,results/simulation_llama3.1_8b_Full_scnldf_sh1_ldf1_seed2_26agents_30rounds_20260804_024555.json,29,19,developed,SI,5.12,-0.7199999999999998,25,REP-R29-A19
20260804_024555,results/simulation_llama3.1_8b_Full_scnldf_sh1_ldf1_seed2_26agents_30rounds_20260804_024555.json,29,20,developed,SI,5.12,0.1200000000000001,25,REP-R29-A20
20260804_024555,results/simulation_llama3.1_8b_Full_scnldf_sh1_ldf1_seed2_26agents_30rounds_20260804_024555.json,29,21,developed,SI,1.0,-4.0,25,REP-R29-A21
20260804_024555,results/simulation_llama3.1_8b_Full_scnldf_sh1_ldf1_seed2_26agents_30rounds_20260804_024555.json,29,22,developed,SI,5.0,-0.3600000000000003,25,REP-R29-A22
20260804_024555,results/simulation_llama3.1_8b_Full_scnldf_sh1_ldf1_seed2_26agents_30rounds_20260804_024555.json,29,23,developing,SFI,5.0,-0.1200000000000001,25,REP-R29-A23
20260804_024555,results/simulation_llama3.1_8b_Full_scnldf_sh1_ldf1_seed2_26agents_30rounds_20260804_024555.json,29,24,developed,SI,5.84,0.8399999999999999,25,REP-R29-A24
20260804_024555,results/simulation_llama3.1_8b_Full_scnldf_sh1_ldf1_seed2_26agents_30rounds_20260804_024555.json,29,25,developed,SI,5.12,0.1200000000000001,25,REP-R29-A25
20260804_024555,results/simulation_llama3.1_8b_Full_scnldf_sh1_ldf1_seed2_26agents_30rounds_20260804_024555.json,30,0,developed,SI,5.0,-0.1200000000000001,25,REP-R30-A0
20260804_024555,results/simulation_llama3.1_8b_Full_scnldf_sh1_ldf1_seed2_26agents_30rounds_20260804_024555.json,30,1,developing,SFI,5.0,0.0,25,REP-R30-A1
20260804_024555,results/simulation_llama3.1_8b_Full_scnldf_sh1_ldf1_seed2_26agents_30rounds_20260804_024555.json,30,2,developing,SFI,5.0,4.0,25,REP-R30-A2
20260804_024555,results/simulation_llama3.1_8b_Full_scnldf_sh1_ldf1_seed2_26agents_30rounds_20260804_024555.json,30,3,developing,SFI,5.0,0.0,25,REP-R30-A3
20260804_024555,results/simulation_llama3.1_8b_Full_scnldf_sh1_ldf1_seed2_26agents_30rounds_20260804_024555.json,30,4,developed,SI,5.0,0.0,25,REP-R30-A4
20260804_024555,results/simulation_llama3.1_8b_Full_scnldf_sh1_ldf1_seed2_26agents_30rounds_20260804_024555.json,30,5,developing,SFI,5.0,0.3200000000000003,25,REP-R30-A5
20260804_024555,results/simulation_llama3.1_8b_Full_scnldf_sh1_ldf1_seed2_26agents_30rounds_20260804_024555.json,30,6,developed,SI,5.0,0.0,25,REP-R30-A6
20260804_024555,results/simulation_llama3.1_8b_Full_scnldf_sh1_ldf1_seed2_26agents_30rounds_20260804_024555.json,30,7,developed,SI,5.12,0.1200000000000001,25,REP-R30-A7
20260804_024555,results/simulation_llama3.1_8b_Full_scnldf_sh1_ldf1_seed2_26agents_30rounds_20260804_024555.json,30,8,developing,SFI,5.0,0.0,25,REP-R30-A8
20260804_024555,results/simulation_llama3.1_8b_Full_scnldf_sh1_ldf1_seed2_26agents_30rounds_20260804_024555.json,30,9,developing,SFI,1.36,-3.6399999999999997,25,REP-R30-A9
20260804_024555,results/simulation_llama3.1_8b_Full_scnldf_sh1_ldf1_seed2_26agents_30rounds_20260804_024555.json,30,10,developing,SFI,5.0,0.0,25,REP-R30-A10
20260804_024555,results/simulation_llama3.1_8b_Full_scnldf_sh1_ldf1_seed2_26agents_30rounds_20260804_024555.json,30,11,developing,SFI,5.24,0.4800000000000004,25,REP-R30-A11
20260804_024555,results/simulation_llama3.1_8b_Full_scnldf_sh1_ldf1_seed2_26agents_30rounds_20260804_024555.json,30,12,developing,SFI,1.36,0.3600000000000001,25,REP-R30-A12
20260804_024555,results/simulation_llama3.1_8b_Full_scnldf_sh1_ldf1_seed2_26agents_30rounds_20260804_024555.json,30,13,developing,SFI,5.0,0.0,25,REP-R30-A13
20260804_024555,results/simulation_llama3.1_8b_Full_scnldf_sh1_ldf1_seed2_26agents_30rounds_20260804_024555.json,30,14,developed,SI,5.0,0.0,25,REP-R30-A14
20260804_024555,results/simulation_llama3.1_8b_Full_scnldf_sh1_ldf1_seed2_26agents_30rounds_20260804_024555.json,30,15,developing,SFI,1.0,0.0,25,REP-R30-A15
20260804_024555,results/simulation_llama3.1_8b_Full_scnldf_sh1_ldf1_seed2_26agents_30rounds_20260804_024555.json,30,16,developing,SFI,5.12,0.1200000000000001,25,REP-R30-A16
20260804_024555,results/simulation_llama3.1_8b_Full_scnldf_sh1_ldf1_seed2_26agents_30rounds_20260804_024555.json,30,17,developing,SFI,5.0,0.0,25,REP-R30-A17
20260804_024555,results/simulation_llama3.1_8b_Full_scnldf_sh1_ldf1_seed2_26agents_30rounds_20260804_024555.json,30,18,developed,SI,5.0,0.0,25,REP-R30-A18
20260804_024555,results/simulation_llama3.1_8b_Full_scnldf_sh1_ldf1_seed2_26agents_30rounds_20260804_024555.json,30,19,developed,SI,5.0,-0.1200000000000001,25,REP-R30-A19
20260804_024555,results/simulation_llama3.1_8b_Full_scnldf_sh1_ldf1_seed2_26agents_30rounds_20260804_024555.json,30,20,developed,SI,5.0,-0.1200000000000001,25,REP-R30-A20
20260804_024555,results/simulation_llama3.1_8b_Full_scnldf_sh1_ldf1_seed2_26agents_30rounds_20260804_024555.json,30,21,developed,SI,5.36,4.36,25,REP-R30-A21
20260804_024555,results/simulation_llama3.1_8b_Full_scnldf_sh1_ldf1_seed2_26agents_30rounds_20260804_024555.json,30,22,developed,SI,5.0,0.0,25,REP-R30-A22
20260804_024555,results/simulation_llama3.1_8b_Full_scnldf_sh1_ldf1_seed2_26agents_30rounds_20260804_024555.json,30,23,developing,SFI,5.0,0.0,25,REP-R30-A23
20260804_024555,results/simulation_llama3.1_8b_Full_scnldf_sh1_ldf1_seed2_26agents_30rounds_20260804_024555.json,30,24,developed,SI,1.0,-4.84,25,REP-R30-A24
20260804_024555,results/simulation_llama3.1_8b_Full_scnldf_sh1_ldf1_seed2_26agents_30rounds_20260804_024555.json,30,25,developed,SI,1.0,-4.12,25,REP-R30-A25
